lot,internal_id,title,description,category,snapshot_bid_usd,photo_count,close_utc,indicative_resale_low_usd,indicative_resale_high_usd,conditional_max_hammer_usd,risk_flags,review_note,review_status,first_photo_url,photo_review_status,photo_findings,photo_review_sheet,historical_unverified_resale_low_usd,historical_unverified_resale_high_usd,historical_unverified_max_hammer_usd,market_research_status,market_evidence_urls,market_research_notes,market_research_date_utc,priority
10020,1761159,"(1) 2011 New Holland L223, rubber tire skid steer, 716 hours showing, enclosed cab, A/C, heat, Siriu...",,equipment/attachment,7050,33,2026-10-06T23:30:00Z,,,,operation unverified unless catalog says otherwise; DOT age/fitment,"Review sheet shows a complete, presentable New Holland L223 with enclosed cab, bucket, tires and panels visible; interior shows normal work wear. Hours/operation still unverified.",screened,,review-sheet-screened,"Review sheet shows a complete, presentable New Holland L223 with enclosed cab, bucket, tires and panels visible; interior shows normal work wear. Hours/operation still unverified.",artifact: orbitbid-1920-review-sheets / 10020/review.jpg,,,,queued,,,,High
10021,1761160,"(1) set of 48"" skid steer, quick attach forks. DELAYED REMOVAL, please contact auction manager for ...",,equipment/attachment,5,4,2026-10-06T23:30:00Z,,,,operation unverified unless catalog says otherwise,48-inch skid-steer quick-attach forks appear complete and straight; delayed removal noted.,screened,,review-sheet-screened,48-inch skid-steer quick-attach forks appear complete and straight; delayed removal noted.,artifact: orbitbid-1920-review-sheets / 10021/review.jpg,,,,queued,,,,High
10023,1761162,"(1) Road Boss 76"", 3 pt./skid steer quick attach grater attachment.",,equipment/attachment,130,6,2026-10-06T23:30:00Z,,,,operation unverified unless catalog says otherwise,Road Boss grader/land-plane attachment appears structurally complete with surface rust; dual 3-point/skid-steer utility is especially relevant to the farm.,screened,,review-sheet-screened,Road Boss grader/land-plane attachment appears structurally complete with surface rust; dual 3-point/skid-steer utility is especially relevant to the farm.,artifact: orbitbid-1920-review-sheets / 10023/review.jpg,,,,queued,,,,High
10024,1761163,"(1) Jib boom attachment with 78"" arm.",,equipment/attachment,5,4,2026-10-06T23:30:00Z,,,,operation unverified unless catalog says otherwise,Quick-attach jib boom appears complete and straight; high farm/shop utility if interface fits available equipment.,screened,,review-sheet-screened,Quick-attach jib boom appears complete and straight; high farm/shop utility if interface fits available equipment.,artifact: orbitbid-1920-review-sheets / 10024/review.jpg,,,,queued,,,,High
17125,1779931,Ariens 2-Stage electric start,,miscellaneous,45,4,2026-10-07T00:30:00Z,,,,operation unverified unless catalog says otherwise,Ariens two-stage snowblower appears unusually clean and complete; strong personal replacement/resale candidate if confirmed running.,screened,,review-sheet-screened,Ariens two-stage snowblower appears unusually clean and complete; strong personal replacement/resale candidate if confirmed running.,artifact: orbitbid-1920-review-sheets / 17125/review.jpg,,,,queued,,,,High
17856,1761253,"(2) metal parts bins with assorted hex head bolts, various sizes, lower cabinet is 35.5"" x 12"" x 42""...",,shop/farm,105,10,2026-10-06T23:30:00Z,,,,operation unverified unless catalog says otherwise,Two substantial steel parts bins visibly contain a large quantity of mixed fasteners; strong shop consumable/storage value but heavy to move.,screened,,review-sheet-screened,Two substantial steel parts bins visibly contain a large quantity of mixed fasteners; strong shop consumable/storage value but heavy to move.,artifact: orbitbid-1920-review-sheets / 17856/review.jpg,,,,queued,,,,High
17857,1761254,"(1) metal parts storage rack, with assorted bolts, nuts, washers, screws, cap screws, carriage bolts...",,shop/farm,5,10,2026-10-06T23:30:00Z,,,,operation unverified unless catalog says otherwise,"Large steel fastener rack is substantially stocked with bolts, nuts, washers and hardware; strong farm-shop utility with moving burden.",screened,,review-sheet-screened,"Large steel fastener rack is substantially stocked with bolts, nuts, washers and hardware; strong farm-shop utility with moving burden.",artifact: orbitbid-1920-review-sheets / 17857/review.jpg,,,,queued,,,,High
17859,1761256,"(1) Dayton table top bench grinder, model 42183C, 120V, single phase, includes steel table, 61"" x 27...",,shop/farm,5,10,2026-10-06T23:30:00Z,,,,operation unverified unless catalog says otherwise,Older Dayton bench grinder on a heavy steel table appears complete; surface age/wear but no obvious gross damage.,screened,,review-sheet-screened,Older Dayton bench grinder on a heavy steel table appears complete; surface age/wear but no obvious gross damage.,artifact: orbitbid-1920-review-sheets / 17859/review.jpg,,,,queued,,,,High
17863,1761260,(1) Matco hydraulic porta power.,,miscellaneous,5,5,2026-10-06T23:30:00Z,,,,operation unverified unless catalog says otherwise,"Matco porta-power set appears to include pump, hose and multiple rams/extensions in case; operation unverified.",screened,,review-sheet-screened,"Matco porta-power set appears to include pump, hose and multiple rams/extensions in case; operation unverified.",artifact: orbitbid-1920-review-sheets / 17863/review.jpg,,,,queued,,,,High
17875,1761274,"(1) Lincoln Electric AC/DC arc welder, model AC/DC225/125, S/N 9221-507, constant current AC/DC weld...",,shop/farm,10,6,2026-10-07T00:00:00Z,,,,operation unverified unless catalog says otherwise,Lincoln AC/DC 225/125 stick welder appears complete with leads and ordinary shop wear; strong future-shop fit.,screened,,review-sheet-screened,Lincoln AC/DC 225/125 stick welder appears complete with leads and ordinary shop wear; strong future-shop fit.,artifact: orbitbid-1920-review-sheets / 17875/review.jpg,,,,queued,,,,High
17878,1761277,"(1) 3-ton lever lock ratcheting chain hoist, and (1) 1-ton chain fall.",,shop/farm,5,7,2026-10-07T00:00:00Z,,,,operation unverified unless catalog says otherwise,3-ton lever hoist and 1-ton chain fall appear complete but rusty/used; very useful farm lifting/rigging lot if mechanisms are sound.,screened,,review-sheet-screened,3-ton lever hoist and 1-ton chain fall appear complete but rusty/used; very useful farm lifting/rigging lot if mechanisms are sound.,artifact: orbitbid-1920-review-sheets / 17878/review.jpg,,,,queued,,,,High
17879,1761278,"(1) Hein-Werner 2-ton, portable engine crane.",,shop/farm,5,7,2026-10-07T00:00:00Z,,,,operation unverified unless catalog says otherwise,"Hein-Werner 2-ton engine crane appears complete, rolling and structurally intact; strong shop utility.",screened,,review-sheet-screened,"Hein-Werner 2-ton engine crane appears complete, rolling and structurally intact; strong shop utility.",artifact: orbitbid-1920-review-sheets / 17879/review.jpg,,,,queued,,,,High
17880,1761279,"(1) OTC low lift transmission jack, 2200 lb. capacity, model 5019A.",,shop/farm,155,4,2026-10-07T00:00:00Z,,,,operation unverified unless catalog says otherwise,OTC 2200-lb low-lift transmission jack appears complete and relatively clean; useful auto/shop equipment if hydraulics hold.,screened,,review-sheet-screened,OTC 2200-lb low-lift transmission jack appears complete and relatively clean; useful auto/shop equipment if hydraulics hold.,artifact: orbitbid-1920-review-sheets / 17880/review.jpg,,,,queued,,,,High
17884,1761283,"Large lot of assorted hardware, includes nuts, bolts, 16"" x 32"" x 1 1/4"", Tapcons, 1/4"" x 14"" x 1.5""...",,shop/farm,5,11,2026-10-07T00:00:00Z,,,,operation unverified unless catalog says otherwise,Large mixed hardware lot visibly includes bins/boxes of new and loose fasteners plus hand tools; strong consumable value.,screened,,review-sheet-screened,Large mixed hardware lot visibly includes bins/boxes of new and loose fasteners plus hand tools; strong consumable value.,artifact: orbitbid-1920-review-sheets / 17884/review.jpg,,,,queued,,,,High
17886,1761285,"(1) Bessey 6"" vise with 72"" x 30"" deep metal shop table, does not include contents, table and vise o...",,shop/farm,5,6,2026-10-07T00:00:00Z,,,,operation unverified unless catalog says otherwise,Heavy steel table with Bessey 6-inch vise appears structurally sound and practical; vise visibly intact.,screened,,review-sheet-screened,Heavy steel table with Bessey 6-inch vise appears structurally sound and practical; vise visibly intact.,artifact: orbitbid-1920-review-sheets / 17886/review.jpg,,,,queued,,,,High
17887,1761286,"(1) Delta/Rockwell table top mounted drill press, belt driven, 120V, includes Huot drill index with ...",,shop/farm,5,11,2026-10-07T00:00:00Z,,,,operation unverified unless catalog says otherwise,Older Delta/Rockwell drill press appears complete and includes a Huot drill index with bits; strong shop candidate despite age.,screened,,review-sheet-screened,Older Delta/Rockwell drill press appears complete and includes a Huot drill index with bits; strong shop candidate despite age.,artifact: orbitbid-1920-review-sheets / 17887/review.jpg,,,,queued,,,,High
17903,1761304,"(1) Dake manual, heavy duty H-frame press with attachments, in working condition, winning bidder res...",,shop/farm,255,7,2026-10-07T00:00:00Z,,,,operation unverified unless catalog says otherwise,Dake H-frame press appears complete with multiple bed pins/attachments and catalog states working; strong farm/shop candidate.,screened,,review-sheet-screened,Dake H-frame press appears complete with multiple bed pins/attachments and catalog states working; strong farm/shop candidate.,artifact: orbitbid-1920-review-sheets / 17903/review.jpg,,,,queued,,,,High
17905,1761306,"(2) Kimball Midwest 4-drawer parts organizers, with assorted contents including Grit disc, washers, ...",,shop/farm,5,10,2026-10-07T00:00:00Z,,,,operation unverified unless catalog says otherwise,Two Kimball Midwest drawer organizers hold a meaningful assortment of hardware/consumables; useful shop storage plus contents.,screened,,review-sheet-screened,Two Kimball Midwest drawer organizers hold a meaningful assortment of hardware/consumables; useful shop storage plus contents.,artifact: orbitbid-1920-review-sheets / 17905/review.jpg,,,,queued,,,,High
17906,1761307,"(2) Kimball Midwest 4-drawer parts organizers, with assorted contents including head lamps, air fitt...",,shop/farm,105,14,2026-10-07T00:00:00Z,,,,operation unverified unless catalog says otherwise,"Two Kimball Midwest organizers visibly contain fittings, electrical/hardware and consumables; strong shop utility.",screened,,review-sheet-screened,"Two Kimball Midwest organizers visibly contain fittings, electrical/hardware and consumables; strong shop utility.",artifact: orbitbid-1920-review-sheets / 17906/review.jpg,,,,queued,,,,High
17908,1761309,"(1) 6-drawer Kimball parts organizer stand with pull out drawers, includes vinyl terminals, black zi...",,shop/farm,5,13,2026-10-07T00:00:00Z,,,,operation unverified unless catalog says otherwise,"Six-drawer Kimball organizer/stand contains terminals, fittings and assorted small parts; useful but mixed contents.",screened,,review-sheet-screened,"Six-drawer Kimball organizer/stand contains terminals, fittings and assorted small parts; useful but mixed contents.",artifact: orbitbid-1920-review-sheets / 17908/review.jpg,,,,queued,,,,High
18661,1761176,"(1) Aurora all steel, 2-door metal storage cabinet, 36"" wide, includes assorted heavy duty sockets, ...",,shop/farm,5,9,2026-10-06T23:30:00Z,,,,operation unverified unless catalog says otherwise,"Steel cabinet contains numerous heavy-duty sockets/adapters; substantial specialty-tool inventory, mostly truck-size.",screened,,review-sheet-screened,"Steel cabinet contains numerous heavy-duty sockets/adapters; substantial specialty-tool inventory, mostly truck-size.",artifact: orbitbid-1920-review-sheets / 18661/review.jpg,,,,queued,,,,High
18669,1761184,Lot of (2) approx. 20' long chains with hooks.,,shop/farm,5,4,2026-10-06T23:30:00Z,,,,operation unverified unless catalog says otherwise,Two long heavy chains with hooks appear serviceable; strong farm/towing utility subject to grade/capacity verification.,screened,,review-sheet-screened,Two long heavy chains with hooks appear serviceable; strong farm/towing utility subject to grade/capacity verification.,artifact: orbitbid-1920-review-sheets / 18669/review.jpg,,,,queued,,,,High
18671,1761186,(1) heavy duty Associated 100/75 amp charger with 375 amp engine start.,,shop/farm,10,6,2026-10-06T23:30:00Z,,,,operation unverified unless catalog says otherwise,"Associated heavy-duty charger/engine-start unit appears complete with cables; older commercial unit, operation unverified.",screened,,review-sheet-screened,"Associated heavy-duty charger/engine-start unit appears complete with cables; older commercial unit, operation unverified.",artifact: orbitbid-1920-review-sheets / 18671/review.jpg,,,,queued,,,,High
18679,1761195,"Lot of (4) steel shop carts, 36"" x 24"".",,shop/farm,5,4,2026-10-06T23:30:00Z,,,,operation unverified unless catalog says otherwise,Four welded steel rolling shop carts appear robust and usable; strong practical shop/farm value if transport space allows.,screened,,review-sheet-screened,Four welded steel rolling shop carts appear robust and usable; strong practical shop/farm value if transport space allows.,artifact: orbitbid-1920-review-sheets / 18679/review.jpg,,,,queued,,,,High
18682,1761198,"Lot of (2) 10-ton, heavy duty pin style jack stands.",,shop/farm,5,5,2026-10-06T23:30:00Z,,,,operation unverified unless catalog says otherwise,Pair of 10-ton pin-style stands appear complete and compact; directly useful for heavy truck/trailer work.,screened,,review-sheet-screened,Pair of 10-ton pin-style stands appear complete and compact; directly useful for heavy truck/trailer work.,artifact: orbitbid-1920-review-sheets / 18682/review.jpg,,,,queued,,,,High
18689,1761205,"(1) TSI Cheetah bead sealer, and (1) set of heavy duty 6-ton jack stands.",,shop/farm,55,6,2026-10-07T00:00:00Z,,,,operation unverified unless catalog says otherwise,TSI Cheetah bead seater plus pair of heavy-duty jack stands appear complete; unusually good fit for tire/truck work.,screened,,review-sheet-screened,TSI Cheetah bead seater plus pair of heavy-duty jack stands appear complete; unusually good fit for tire/truck work.,artifact: orbitbid-1920-review-sheets / 18689/review.jpg,,,,queued,,,,High
18693,1761209,(1) ATD-Blast pneumatic sandblaster.,,shop/farm,5,6,2026-10-07T00:00:00Z,,,,operation unverified unless catalog says otherwise,ATD pressure-pot sandblaster appears complete with hose/gun; used with surface wear but relevant to restoration/paint prep.,screened,,review-sheet-screened,ATD pressure-pot sandblaster appears complete with hose/gun; used with surface wear but relevant to restoration/paint prep.,artifact: orbitbid-1920-review-sheets / 18693/review.jpg,,,,queued,,,,High
18726,1761241,"(1) DeWalt, model D28715, 14"" abrasive cut off saw, and (3) new 14"" blades.",,miscellaneous,5,6,2026-10-07T00:00:00Z,,,,operation unverified unless catalog says otherwise,DeWalt 14-inch abrasive cutoff saw with three new blades appears complete and used; useful shop tool if motor checks out.,screened,,review-sheet-screened,DeWalt 14-inch abrasive cutoff saw with three new blades appears complete and used; useful shop tool if motor checks out.,artifact: orbitbid-1920-review-sheets / 18726/review.jpg,,,,queued,,,,High
18728,1761243,"(1) 5"" bench mounted vise, includes (2) steel tables, total of 133"" (tables are welded together), in...",,shop/farm,5,5,2026-10-07T00:00:00Z,,,,operation unverified unless catalog says otherwise,Large welded steel workbench setup with bench vise appears extremely stout; good future-shop utility but awkward/heavy removal.,screened,,review-sheet-screened,Large welded steel workbench setup with bench vise appears extremely stout; good future-shop utility but awkward/heavy removal.,artifact: orbitbid-1920-review-sheets / 18728/review.jpg,,,,queued,,,,High
10022,1761161,"(1) Snow Wolf Ultra 96"" skid steer, 4-way snow plow blade, S/N 9490.",,equipment/attachment,5,6,2026-10-06T23:30:00Z,,,,operation unverified unless catalog says otherwise,Snow Wolf 96-inch hydraulic plow appears complete with mount and hoses; fit/hydraulic requirements need checking.,screened,,review-sheet-screened,Snow Wolf 96-inch hydraulic plow appears complete with mount and hoses; fit/hydraulic requirements need checking.,artifact: orbitbid-1920-review-sheets / 10022/review.jpg,,,,secondary queue,,,,Medium
10025,1761164,"(1) Sweep EX Pro 480, 48"" sweeper attachment.",,equipment/attachment,5,5,2026-10-06T23:30:00Z,,,,operation unverified unless catalog says otherwise,SweepEx 48-inch sweeper appears used but substantially complete; attachment/interface and drive method need verification.,screened,,review-sheet-screened,SweepEx 48-inch sweeper appears used but substantially complete; attachment/interface and drive method need verification.,artifact: orbitbid-1920-review-sheets / 10025/review.jpg,,,,secondary queue,,,,Medium
17851,1761248,"Large lot of assorted hand tools, includes post hole digger, pickaxe, assorted brushes, spring tooth...",,shop/farm,5,7,2026-10-06T23:30:00Z,,,,operation unverified unless catalog says otherwise,"Mostly long-handle yard/shop tools, brooms and rakes; useful filler but low individual value.",screened,,review-sheet-screened,"Mostly long-handle yard/shop tools, brooms and rakes; useful filler but low individual value.",artifact: orbitbid-1920-review-sheets / 17851/review.jpg,,,,secondary queue,,,,Medium
17852,1761249,"Lot of (2) new Firestone FS591, 11R225, 16PR semi truck tires.",,commercial vehicle,205,7,2026-10-06T23:30:00Z,,,,operation unverified unless catalog says otherwise; DOT age/fitment,Secondary opportunity; investigate if price remains low or pickup can be combined with stronger wins.,screened,,catalog-screened; originals not inspected,,artifact: orbitbid-1920-review-sheets / 17852/review.jpg,,,,secondary queue,,,,Medium
17853,1761250,"Lot of (4) new Firestone FS591, 29575R225 tires, 16 PR.",,parts/consumables,1250,7,2026-10-06T23:30:00Z,,,,operation unverified unless catalog says otherwise; DOT age/fitment,Secondary opportunity; investigate if price remains low or pickup can be combined with stronger wins.,screened,,catalog-screened; originals not inspected,,artifact: orbitbid-1920-review-sheets / 17853/review.jpg,,,,secondary queue,,,,Medium
17855,1761252,"(1) Landa Gold Series commercial pressure washer, model UHW4-20021A, S/N P1295-9543, 230V, single ph...",,shop/farm,5,11,2026-10-06T23:30:00Z,,,,operation unverified unless catalog says otherwise,Older Landa commercial pressure washer appears complete but well-used; 230V single-phase and operation need verification.,screened,,review-sheet-screened,Older Landa commercial pressure washer appears complete but well-used; 230V single-phase and operation need verification.,artifact: orbitbid-1920-review-sheets / 17855/review.jpg,,,,secondary queue,,,,Medium
17858,1761255,"(1) KM metal parts organizer, includes assorted galvanized black pipe fittings, joint unions, elbows...",,shop/farm,10,11,2026-10-06T23:30:00Z,,,,operation unverified unless catalog says otherwise,Metal organizer contains many pipe fittings/unions/elbows; useful but more specialized than the fastener lots.,screened,,review-sheet-screened,Metal organizer contains many pipe fittings/unions/elbows; useful but more specialized than the fastener lots.,artifact: orbitbid-1920-review-sheets / 17858/review.jpg,,,,secondary queue,,,,Medium
17860,1761257,"(1) Enerpac Porta Power pump with Enerpac hydraulic bottle, 2"" diameter, pump may need repair.",,miscellaneous,5,5,2026-10-06T23:30:00Z,,,,operation unverified unless catalog says otherwise,Enerpac hydraulic components are present but catalog warns pump may need repair; high function risk.,screened,,review-sheet-screened,Enerpac hydraulic components are present but catalog warns pump may need repair; high function risk.,artifact: orbitbid-1920-review-sheets / 17860/review.jpg,,,,secondary queue,,,,Medium
17861,1761258,"(1) OTC King Pin wall mount with OTC 400 stage hand pump, with accessories.",,miscellaneous,5,7,2026-10-06T23:30:00Z,,,,operation unverified unless catalog says otherwise,"OTC king-pin press tooling, hydraulic hand pump and multiple adapters appear present; valuable specialty tooling but limited personal-use fit.",screened,,review-sheet-screened,"OTC king-pin press tooling, hydraulic hand pump and multiple adapters appear present; valuable specialty tooling but limited personal-use fit.",artifact: orbitbid-1920-review-sheets / 17861/review.jpg,,,,secondary queue,,,,Medium
17864,1761262,(1) Ridgid 16-gallon shop vac.,,shop/farm,5,5,2026-10-06T23:30:00Z,,,,operation unverified unless catalog says otherwise,Ridgid 16-gallon shop vac appears intact but heavily used; low-dollar utility item.,screened,,review-sheet-screened,Ridgid 16-gallon shop vac appears intact but heavily used; low-dollar utility item.,artifact: orbitbid-1920-review-sheets / 17864/review.jpg,,,,secondary queue,,,,Medium
17874,1761273,(1) single stage vacuum pump with AC gauges.,,miscellaneous,5,4,2026-10-07T00:00:00Z,,,,operation unverified unless catalog says otherwise,Secondary opportunity; investigate if price remains low or pickup can be combined with stronger wins.,screened,,catalog-screened; originals not inspected,,artifact: orbitbid-1920-review-sheets / 17874/review.jpg,,,,secondary queue,,,,Medium
17883,1761282,"Lot of assorted tools, includes banding ratchet tool, crimper with clamps, cutter, partial tap and d...",,shop/farm,5,5,2026-10-07T00:00:00Z,,,,operation unverified unless catalog says otherwise,Secondary opportunity; investigate if price remains low or pickup can be combined with stronger wins.,screened,,catalog-screened; originals not inspected,,artifact: orbitbid-1920-review-sheets / 17883/review.jpg,,,,secondary queue,,,,Medium
17893,1761293,"(1) Black Hawk 5-ton pneumatic jack, model SJ-65, in working condition.",,shop/farm,5,7,2026-10-07T00:00:00Z,,,,operation unverified unless catalog says otherwise,Black Hawk 5-ton pneumatic jack appears complete and catalog states working; relevant heavy-vehicle shop tool.,screened,,review-sheet-screened,Black Hawk 5-ton pneumatic jack appears complete and catalog states working; relevant heavy-vehicle shop tool.,artifact: orbitbid-1920-review-sheets / 17893/review.jpg,,,,secondary queue,,,,Medium
17900,1761300,"(1) tire inflator safety cage, and (2) tire dollies.",,parts/consumables,5,6,2026-10-07T00:00:00Z,,,,operation unverified unless catalog says otherwise; DOT age/fitment,Secondary opportunity; investigate if price remains low or pickup can be combined with stronger wins.,screened,,catalog-screened; originals not inspected,,artifact: orbitbid-1920-review-sheets / 17900/review.jpg,,,,secondary queue,,,,Medium
17901,1761301,"Large lot of assorted tire valves and parts, includes (52) bags of Equal, 1 gallon of bead breakers,...",,parts/consumables,5,9,2026-10-07T00:00:00Z,,,,operation unverified unless catalog says otherwise; DOT age/fitment,Secondary opportunity; investigate if price remains low or pickup can be combined with stronger wins.,screened,,catalog-screened; originals not inspected,,artifact: orbitbid-1920-review-sheets / 17901/review.jpg,,,,secondary queue,,,,Medium
17907,1761308,"(2) Kimball Midwest 4-drawer parts organizers, with assorted contents including assorted screws, she...",,shop/farm,105,10,2026-10-07T00:00:00Z,,,,operation unverified unless catalog says otherwise,Secondary opportunity; investigate if price remains low or pickup can be combined with stronger wins.,screened,,catalog-screened; originals not inspected,,artifact: orbitbid-1920-review-sheets / 17907/review.jpg,,,,secondary queue,,,,Medium
17926,1761103,"(1) Sentry gun safe, 21"" wide x 16"" deep x 59"" tall, combination is available, winning bidder respon...",,shop/farm,5,9,2026-10-06T23:30:00Z,,,,operation unverified unless catalog says otherwise,"Tall Sentry safe appears complete with combination available; basic/narrow interior, useful storage but not a primary target.",screened,,review-sheet-screened,"Tall Sentry safe appears complete with combination available; basic/narrow interior, useful storage but not a primary target.",artifact: orbitbid-1920-review-sheets / 17926/review.jpg,,,,secondary queue,,,,Medium
18654,1761169,"Large lot of assorted hand tools, includes (6) Cobalt magnetic socket rails, drill drivers, (1) Cent...",,shop/farm,5,10,2026-10-06T23:30:00Z,,,,operation unverified unless catalog says otherwise,"Mixed hand-tool lot contains socket rails, impact, hammers and assorted used tools; useful filler but uneven condition/brand mix.",screened,,review-sheet-screened,"Mixed hand-tool lot contains socket rails, impact, hammers and assorted used tools; useful filler but uneven condition/brand mix.",artifact: orbitbid-1920-review-sheets / 18654/review.jpg,,,,secondary queue,,,,Medium
18657,1761172,"(1) Eagle, model 2310, 24-gallon capacity safety storage cabinet, 23 1/4"" wide x approx. 18"" deep x ...",,shop/farm,5,7,2026-10-06T23:30:00Z,,,,operation unverified unless catalog says otherwise,24-gallon flammable cabinet includes miscellaneous chemicals; cabinet is useful but contents add handling/disposal risk.,screened,,review-sheet-screened,24-gallon flammable cabinet includes miscellaneous chemicals; cabinet is useful but contents add handling/disposal risk.,artifact: orbitbid-1920-review-sheets / 18657/review.jpg,,,,secondary queue,,,,Medium
18660,1761175,"Lot of (51) Samsung Tab Active3 tablets, with Samsara VG34 electronic log/camera for trucking, inclu...",,miscellaneous,40,18,2026-10-06T23:30:00Z,,,,operation unverified unless catalog says otherwise,Large tablet/telematics lot includes many Samsung Tab Active3 units and Samsara hardware; resale potential offset by MDM/account-lock and testing risk.,screened,,review-sheet-screened,Large tablet/telematics lot includes many Samsung Tab Active3 units and Samsara hardware; resale potential offset by MDM/account-lock and testing risk.,artifact: orbitbid-1920-review-sheets / 18660/review.jpg,,,,secondary queue,,,,Medium
18663,1761178,"(1) Uline, model H-1564M-Y, flammable storage cabinet, 45-gallon capacity, 43"" wide x 18"" deep x 65....",,shop/farm,5,14,2026-10-06T23:30:00Z,,,,operation unverified unless catalog says otherwise; transport/disposal,45-gallon Uline flammable cabinet appears structurally decent and full of aerosols/fluids; useful but contents create transport/disposal burden.,screened,,review-sheet-screened,45-gallon Uline flammable cabinet appears structurally decent and full of aerosols/fluids; useful but contents create transport/disposal burden.,artifact: orbitbid-1920-review-sheets / 18663/review.jpg,,,,secondary queue,,,,Medium
18670,1761185,(1) 9-step warehouse safety ladder.,,shop/farm,5,4,2026-10-06T23:30:00Z,,,,operation unverified unless catalog says otherwise,Secondary opportunity; investigate if price remains low or pickup can be combined with stronger wins.,screened,,catalog-screened; originals not inspected,,artifact: orbitbid-1920-review-sheets / 18670/review.jpg,,,,secondary queue,,,,Medium
18672,1761187,"(1) Auto Specialties, model D8200, heavy duty hydraulic transmission jack, in working condition.",,shop/farm,5,5,2026-10-06T23:30:00Z,,,,operation unverified unless catalog says otherwise,Large commercial transmission jack appears complete and catalog states working; valuable but truck-shop specialized.,screened,,review-sheet-screened,Large commercial transmission jack appears complete and catalog states working; valuable but truck-shop specialized.,artifact: orbitbid-1920-review-sheets / 18672/review.jpg,,,,secondary queue,,,,Medium
18674,1761189,"(1) Sunex 1"" pneumatic impact, and (1) Chicago Pneumatic 1/2"" pneumatic impact gun.",,miscellaneous,5,5,2026-10-06T23:30:00Z,,,,operation unverified unless catalog says otherwise,Sunex 1-inch and Chicago Pneumatic 1/2-inch air impacts appear complete but well-used.,screened,,review-sheet-screened,Sunex 1-inch and Chicago Pneumatic 1/2-inch air impacts appear complete but well-used.,artifact: orbitbid-1920-review-sheets / 18674/review.jpg,,,,secondary queue,,,,Medium
18678,1761194,Large lot of assorted extension cords with Halogen lights and extra bulbs.,,shop/farm,5,5,2026-10-06T23:30:00Z,,,,operation unverified unless catalog says otherwise,"Large pile of extension cords plus two halogen work lights; useful farm/shop consumables, cord condition needs checking.",screened,,review-sheet-screened,"Large pile of extension cords plus two halogen work lights; useful farm/shop consumables, cord condition needs checking.",artifact: orbitbid-1920-review-sheets / 18678/review.jpg,,,,secondary queue,,,,Medium
18680,1761196,"(1) set of heavy duty semi jack stands, pin style.",,shop/farm,5,4,2026-10-06T23:30:00Z,,,,operation unverified unless catalog says otherwise,Secondary opportunity; investigate if price remains low or pickup can be combined with stronger wins.,screened,,catalog-screened; originals not inspected,,artifact: orbitbid-1920-review-sheets / 18680/review.jpg,,,,secondary queue,,,,Medium
18681,1761197,"(1) set of heavy duty semi jack stands, pin style.",,shop/farm,10,4,2026-10-06T23:30:00Z,,,,operation unverified unless catalog says otherwise,Secondary opportunity; investigate if price remains low or pickup can be combined with stronger wins.,screened,,catalog-screened; originals not inspected,,artifact: orbitbid-1920-review-sheets / 18681/review.jpg,,,,secondary queue,,,,Medium
18683,1761199,"(1) Barrett, #1A, jack stand.",,shop/farm,5,6,2026-10-06T23:30:00Z,,,,operation unverified unless catalog says otherwise,Secondary opportunity; investigate if price remains low or pickup can be combined with stronger wins.,screened,,catalog-screened; originals not inspected,,artifact: orbitbid-1920-review-sheets / 18683/review.jpg,,,,secondary queue,,,,Medium
18685,1761201,Lot of approx. (42) new Global rubber wheel chocks.,,miscellaneous,5,6,2026-10-07T00:00:00Z,,,,operation unverified unless catalog says otherwise,Approx. 42 new rubber wheel chocks appear genuinely new/unused; resale-only unless essentially giveaway.,screened,,review-sheet-screened,Approx. 42 new rubber wheel chocks appear genuinely new/unused; resale-only unless essentially giveaway.,artifact: orbitbid-1920-review-sheets / 18685/review.jpg,,,,secondary queue,,,,Medium
18690,1761206,(1) heavy duty pneumatic bottle jack.,,shop/farm,105,6,2026-10-07T00:00:00Z,,,,operation unverified unless catalog says otherwise,Secondary opportunity; investigate if price remains low or pickup can be combined with stronger wins.,screened,,catalog-screened; originals not inspected,,artifact: orbitbid-1920-review-sheets / 18690/review.jpg,,,,secondary queue,,,,Medium
18691,1761207,(1) heavy duty pneumatic bottle jack.,,shop/farm,5,5,2026-10-07T00:00:00Z,,,,operation unverified unless catalog says otherwise,Secondary opportunity; investigate if price remains low or pickup can be combined with stronger wins.,screened,,catalog-screened; originals not inspected,,artifact: orbitbid-1920-review-sheets / 18691/review.jpg,,,,secondary queue,,,,Medium
18692,1761208,(1) Sunex Tools pneumatic bottle jack lift.,,shop/farm,5,7,2026-10-07T00:00:00Z,,,,operation unverified unless catalog says otherwise,Secondary opportunity; investigate if price remains low or pickup can be combined with stronger wins.,screened,,catalog-screened; originals not inspected,,artifact: orbitbid-1920-review-sheets / 18692/review.jpg,,,,secondary queue,,,,Medium
18700,1761216,(1) 12' aluminum extension ladder.,,shop/farm,5,4,2026-10-07T00:00:00Z,,,,operation unverified unless catalog says otherwise,Secondary opportunity; investigate if price remains low or pickup can be combined with stronger wins.,screened,,catalog-screened; originals not inspected,,artifact: orbitbid-1920-review-sheets / 18700/review.jpg,,,,secondary queue,,,,Medium
18702,1761218,Lot of (5) new Fleetrite Gold 950 cranking amp batteries.,,miscellaneous,405,5,2026-10-07T00:00:00Z,,,,operation unverified unless catalog says otherwise,Five new Fleetrite commercial batteries appear unused; age/state-of-charge and fitment are decisive.,screened,,review-sheet-screened,Five new Fleetrite commercial batteries appear unused; age/state-of-charge and fitment are decisive.,artifact: orbitbid-1920-review-sheets / 18702/review.jpg,,,,secondary queue,,,,Medium
18703,1761219,"Lot of (2) new Fleetrite Gold 950 cranking amp batteries, includes battery rack, 69"" x 13.5"" deep x ...",,parts/consumables,55,5,2026-10-07T00:00:00Z,,,,operation unverified unless catalog says otherwise; age/state-of-charge,Two new Fleetrite commercial batteries plus steel rack; age/fitment risk remains.,screened,,review-sheet-screened,Two new Fleetrite commercial batteries plus steel rack; age/fitment risk remains.,artifact: orbitbid-1920-review-sheets / 18703/review.jpg,,,,secondary queue,,,,Medium
18708,1761223,(1) 28' fiberglass extension ladder.,,shop/farm,5,4,2026-10-06T23:30:00Z,,,,operation unverified unless catalog says otherwise,28-foot fiberglass extension ladder appears used with visible wear; practical only if price stays low.,screened,,review-sheet-screened,28-foot fiberglass extension ladder appears used with visible wear; practical only if price stays low.,artifact: orbitbid-1920-review-sheets / 18708/review.jpg,,,,secondary queue,,,,Medium
18711,1761226,(1) Werner 10' fiberglass step ladder.,,shop/farm,5,5,2026-10-06T23:30:00Z,,,,operation unverified unless catalog says otherwise,10-foot fiberglass stepladder appears complete and used; useful farm/shop filler.,screened,,review-sheet-screened,10-foot fiberglass stepladder appears complete and used; useful farm/shop filler.,artifact: orbitbid-1920-review-sheets / 18711/review.jpg,,,,secondary queue,,,,Medium
18713,1761228,"(1) torch cart, includes gun, (2) Radnor, 1 acetylene, 1 oxygen regulator, hose, and more.",,shop/farm,5,5,2026-10-06T23:30:00Z,,,,operation unverified unless catalog says otherwise,"Torch cart includes regulators, hose and torch equipment; cylinders do not appear included. Condition untested.",screened,,review-sheet-screened,"Torch cart includes regulators, hose and torch equipment; cylinders do not appear included. Condition untested.",artifact: orbitbid-1920-review-sheets / 18713/review.jpg,,,,secondary queue,,,,Medium
18714,1761229,"(1) torch cart, includes gun, (2) Radnor, 1 acetylene, 1 oxygen regulator, hose, and more.",,shop/farm,5,6,2026-10-06T23:30:00Z,,,,operation unverified unless catalog says otherwise,"Second torch-cart set similarly includes regulators/hose/torch equipment; visibly used and tangled, operation untested.",screened,,review-sheet-screened,"Second torch-cart set similarly includes regulators/hose/torch equipment; visibly used and tangled, operation untested.",artifact: orbitbid-1920-review-sheets / 18714/review.jpg,,,,secondary queue,,,,Medium
18715,1761230,"Lot of (2) metal hand truck dollies with solid tires, 1 with 14"" wide plate, 1 with 12"" wide plate.",,parts/consumables,5,4,2026-10-06T23:30:00Z,,,,operation unverified unless catalog says otherwise; DOT age/fitment,Secondary opportunity; investigate if price remains low or pickup can be combined with stronger wins.,screened,,catalog-screened; originals not inspected,,artifact: orbitbid-1920-review-sheets / 18715/review.jpg,,,,secondary queue,,,,Medium
18719,1761234,"(1) Graco Fireball 300 pneumatic grease pump, with Graco digital grease gun dispenser, and partial b...",,shop/farm,5,4,2026-10-06T23:30:00Z,,,,operation unverified unless catalog says otherwise; transport/disposal,"Another Graco Fireball 300 grease pump appears present; duplicate personal utility, resale only if very cheap.",screened,,review-sheet-screened,"Another Graco Fireball 300 grease pump appears present; duplicate personal utility, resale only if very cheap.",artifact: orbitbid-1920-review-sheets / 18719/review.jpg,,,,secondary queue,,,,Medium
18722,1761237,"(1) Craftsman 4.5"" bench mounted vise, winning bidder responsible for proper removal.",,shop/farm,55,3,2026-10-07T00:00:00Z,,,,operation unverified unless catalog says otherwise,Small Craftsman bench vise appears ordinary and used; low-value filler.,screened,,review-sheet-screened,Small Craftsman bench vise appears ordinary and used; low-value filler.,artifact: orbitbid-1920-review-sheets / 18722/review.jpg,,,,secondary queue,,,,Medium
18723,1761238,(1) ADT 8696 ball joint puller.,,miscellaneous,5,4,2026-10-07T00:00:00Z,,,,operation unverified unless catalog says otherwise,Secondary opportunity; investigate if price remains low or pickup can be combined with stronger wins.,screened,,catalog-screened; originals not inspected,,artifact: orbitbid-1920-review-sheets / 18723/review.jpg,,,,secondary queue,,,,Medium
18724,1761239,"(1) pressure tester, and (1) partial Snap-On 8.2 liter diesel tune up set.",,shop/farm,5,5,2026-10-07T00:00:00Z,,,,operation unverified unless catalog says otherwise,Secondary opportunity; investigate if price remains low or pickup can be combined with stronger wins.,screened,,catalog-screened; originals not inspected,,artifact: orbitbid-1920-review-sheets / 18724/review.jpg,,,,secondary queue,,,,Medium
18725,1761240,"Large assortment of clamps, filter clamps, pipe clamps, and (2) wall mounted Stemco clamp display ho...",,miscellaneous,5,6,2026-10-07T00:00:00Z,,,,operation unverified unless catalog says otherwise,Secondary opportunity; investigate if price remains low or pickup can be combined with stronger wins.,screened,,catalog-screened; originals not inspected,,artifact: orbitbid-1920-review-sheets / 18725/review.jpg,,,,secondary queue,,,,Medium
18729,1761244,"(1) SKF portable, low-profile oil coolant collection cart with electric pump.",,shop/farm,5,5,2026-10-07T00:00:00Z,,,,operation unverified unless catalog says otherwise; transport/disposal,Secondary opportunity; investigate if price remains low or pickup can be combined with stronger wins.,screened,,catalog-screened; originals not inspected,,artifact: orbitbid-1920-review-sheets / 18729/review.jpg,,,,secondary queue,,,,Medium
18730,1761245,"(1) SKF portable, low-profile oil coolant collection cart with electric pump.",,shop/farm,5,4,2026-10-07T00:00:00Z,,,,operation unverified unless catalog says otherwise; transport/disposal,Secondary opportunity; investigate if price remains low or pickup can be combined with stronger wins.,screened,,catalog-screened; originals not inspected,,artifact: orbitbid-1920-review-sheets / 18730/review.jpg,,,,secondary queue,,,,Medium
18731,1761246,"(1) ZEP Dyna Clean parts washer cleaning station, flip top, 120V.",,shop/farm,5,5,2026-10-07T00:00:00Z,,,,operation unverified unless catalog says otherwise,Secondary opportunity; investigate if price remains low or pickup can be combined with stronger wins.,screened,,catalog-screened; originals not inspected,,artifact: orbitbid-1920-review-sheets / 18731/review.jpg,,,,secondary queue,,,,Medium
10000,1761139,"2006 Volvo VNM Day Cab tandem axle, Eaton Fuller 10-speed transmission, Volvo D12 diesel engine, 52,...",,commercial vehicle,105,51,2026-10-06T22:00:00Z,,,,,"Screened out for current goals: commercial-vehicle capital, title, transport and resale burden outweigh personal-use-first fit.",screened,,catalog-screened; originals not inspected,,artifact: orbitbid-1920-review-sheets / 10000/review.jpg,,,,not planned,,,,Low
10001,1761140,"2006 Volvo VNM Day Cab tandem axle, VNL, Eaton Fuller 10-speed transmission, Volvo D12 diesel engine...",,commercial vehicle,100,48,2026-10-06T22:00:00Z,,,,,"Screened out for current goals: commercial-vehicle capital, title, transport and resale burden outweigh personal-use-first fit.",screened,,catalog-screened; originals not inspected,,artifact: orbitbid-1920-review-sheets / 10001/review.jpg,,,,not planned,,,,Low
10002,1761141,"2007 Volvo VNM Day Cab tandem axle, Eaton Fuller 10-speed transmission, Volvo D12, 365 HP diesel eng...",,commercial vehicle,100,46,2026-10-06T22:00:00Z,,,,,"Screened out for current goals: commercial-vehicle capital, title, transport and resale burden outweigh personal-use-first fit.",screened,,catalog-screened; originals not inspected,,artifact: orbitbid-1920-review-sheets / 10002/review.jpg,,,,not planned,,,,Low
10003,1761142,"2010 Volvo VNL Sleeper Truck tandem axle, Eaton Fuller push button, RTO-16910B-AS3, 10-speed automat...",,commercial vehicle,100,53,2026-10-06T22:00:00Z,,,,capital/title/transport burden,"Screened out for current goals: commercial-vehicle capital, title, transport and resale burden outweigh personal-use-first fit.",screened,,catalog-screened; originals not inspected,,artifact: orbitbid-1920-review-sheets / 10003/review.jpg,,,,not planned,,,,Low
10004,1761143,"2013 Mack 613CXU613 Sleeper Semi Truck tandem axle, Eaton Fuller 13-speed transmission, MAC MP8 dies...",,commercial vehicle,1525,75,2026-10-06T22:00:00Z,,,,capital/title/transport burden,"Screened out for current goals: commercial-vehicle capital, title, transport and resale burden outweigh personal-use-first fit.",screened,,catalog-screened; originals not inspected,,artifact: orbitbid-1920-review-sheets / 10004/review.jpg,,,,not planned,,,,Low
10005,1761144,"2013 Volvo VNL Sleeper Semi Truck tandem axle, with bunk, Eaton Fuller 10-speed transmission, Volvo ...",,commercial vehicle,2550,70,2026-10-06T22:00:00Z,,,,capital/title/transport burden,"Screened out for current goals: commercial-vehicle capital, title, transport and resale burden outweigh personal-use-first fit.",screened,,catalog-screened; originals not inspected,,artifact: orbitbid-1920-review-sheets / 10005/review.jpg,,,,not planned,,,,Low
10006,1761145,"2013 Volvo VNL Semi Truck tandem axle, 50,000 lb. GVWR, 12,000 lb. front axle, 19,000 lb. rear axles...",,commercial vehicle,115,64,2026-10-06T22:00:00Z,,,,capital/title/transport burden,"Screened out for current goals: commercial-vehicle capital, title, transport and resale burden outweigh personal-use-first fit.",screened,,catalog-screened; originals not inspected,,artifact: orbitbid-1920-review-sheets / 10006/review.jpg,,,,not planned,,,,Low
10007,1761146,"2009 Volvo VNL Sleeper Semi Truck tandem axle, Eaton Fuller 9-speed transmission, model RTOC16909A, ...",,commercial vehicle,105,80,2026-10-06T22:00:00Z,,,,capital/title/transport burden,"Screened out for current goals: commercial-vehicle capital, title, transport and resale burden outweigh personal-use-first fit.",screened,,catalog-screened; originals not inspected,,artifact: orbitbid-1920-review-sheets / 10007/review.jpg,,,,not planned,,,,Low
10008,1761147,"2015 Volvo VNVNL Sleeper Semi Truck tandem axle, Eaton Fuller 10-speed transmission, Volvo D13, 475 ...",,commercial vehicle,7550,85,2026-10-06T22:00:00Z,,,,capital/title/transport burden,"Screened out for current goals: commercial-vehicle capital, title, transport and resale burden outweigh personal-use-first fit.",screened,,catalog-screened; originals not inspected,,artifact: orbitbid-1920-review-sheets / 10008/review.jpg,,,,not planned,,,,Low
10009,1761148,"2020 Volvo VNL Semi Truck tandem axle, Eaton FAOM15810C automatic transmission, Volvo X15, 400 HP di...",,commercial vehicle,25600,76,2026-10-06T22:00:00Z,,,,capital/title/transport burden,"Screened out for current goals: commercial-vehicle capital, title, transport and resale burden outweigh personal-use-first fit.",screened,,catalog-screened; originals not inspected,,artifact: orbitbid-1920-review-sheets / 10009/review.jpg,,,,not planned,,,,Low
10010,1761149,"2020 Volvo VNL Day Cab tandem axle semi tractor, Eaton Fuller FAOM-15810C automatic transmission, Vo...",,commercial vehicle,3050,68,2026-10-06T22:00:00Z,,,,,"Screened out for current goals: commercial-vehicle capital, title, transport and resale burden outweigh personal-use-first fit.",screened,,catalog-screened; originals not inspected,,artifact: orbitbid-1920-review-sheets / 10010/review.jpg,,,,not planned,,,,Low
10011,1761150,"2020 Volvo VNL Day Cab tandem axle semi tractor, Eaton Fuller FAOM-15810C automatic transmission, Vo...",,commercial vehicle,11100,71,2026-10-06T22:00:00Z,,,,,"Screened out for current goals: commercial-vehicle capital, title, transport and resale burden outweigh personal-use-first fit.",screened,,catalog-screened; originals not inspected,,artifact: orbitbid-1920-review-sheets / 10011/review.jpg,,,,not planned,,,,Low
10012,1761151,"2020 Volvo VNL Day Cab tandem axle, Eaton Fuller FAOM-15810C automatic transmission, Volvo X15, 400 ...",,commercial vehicle,15050,72,2026-10-06T22:00:00Z,,,,,"Screened out for current goals: commercial-vehicle capital, title, transport and resale burden outweigh personal-use-first fit.",screened,,catalog-screened; originals not inspected,,artifact: orbitbid-1920-review-sheets / 10012/review.jpg,,,,not planned,,,,Low
10013,1761152,"2021 Volvo VNL760 Sleeper Semi Truck tandem axle, Volvo ATO2612F, 12-speed automatic transmission, D...",,commercial vehicle,42250,63,2026-10-06T22:00:00Z,,,,capital/title/transport burden,"Screened out for current goals: commercial-vehicle capital, title, transport and resale burden outweigh personal-use-first fit.",screened,,catalog-screened; originals not inspected,,artifact: orbitbid-1920-review-sheets / 10013/review.jpg,,,,not planned,,,,Low
10014,1761153,"2024 International LT625 Day Cab tandem axle, Eaton-Fuller automatic transmission, Cummins X15 diese...",,commercial vehicle,18100,66,2026-10-06T22:00:00Z,,,,,"Screened out for current goals: commercial-vehicle capital, title, transport and resale burden outweigh personal-use-first fit.",screened,,catalog-screened; originals not inspected,,artifact: orbitbid-1920-review-sheets / 10014/review.jpg,,,,not planned,,,,Low
10015,1761154,"2023 International LT625 Day Cab tandem axle, Eaton-Fuller automatic transmission, Cummins X15 diese...",,commercial vehicle,16600,45,2026-10-06T22:00:00Z,,,,,"Screened out for current goals: commercial-vehicle capital, title, transport and resale burden outweigh personal-use-first fit.",screened,,catalog-screened; originals not inspected,,artifact: orbitbid-1920-review-sheets / 10015/review.jpg,,,,not planned,,,,Low
10016,1761155,"2020 International LT625 Day Cab tandem axle, Eaton-Fuller automatic transmission, Cummins X15 diese...",,commercial vehicle,10600,62,2026-10-06T22:00:00Z,,,,,"Screened out for current goals: commercial-vehicle capital, title, transport and resale burden outweigh personal-use-first fit.",screened,,catalog-screened; originals not inspected,,artifact: orbitbid-1920-review-sheets / 10016/review.jpg,,,,not planned,,,,Low
10017,1761156,"2021 Volvo VNL760 Sleeper Semi Truck tandem axle, Eaton Fuller ATO2612F, 12-speed automatic transmis...",,commercial vehicle,42000,65,2026-10-06T22:00:00Z,,,,capital/title/transport burden,"Screened out for current goals: commercial-vehicle capital, title, transport and resale burden outweigh personal-use-first fit.",screened,,catalog-screened; originals not inspected,,artifact: orbitbid-1920-review-sheets / 10017/review.jpg,,,,not planned,,,,Low
10018,1761157,"2006 Volvo VNL Sleeper Semi Truck tandem axle, sleeper cab with bunk, Eaton Fuller 10-speed transmis...",,commercial vehicle,1005,49,2026-10-06T22:00:00Z,,,,capital/title/transport burden,"Screened out for current goals: commercial-vehicle capital, title, transport and resale burden outweigh personal-use-first fit.",screened,,catalog-screened; originals not inspected,,artifact: orbitbid-1920-review-sheets / 10018/review.jpg,,,,not planned,,,,Low
10019,1761158,"2009 Volvo VNL Sleeper Semi Truck tandem axle, Eaton Fuller, RTOC16909A, 9-speed transmission, Cummi...",,commercial vehicle,100,62,2026-10-06T22:00:00Z,,,,capital/title/transport burden,"Screened out for current goals: commercial-vehicle capital, title, transport and resale burden outweigh personal-use-first fit.",screened,,catalog-screened; originals not inspected,,artifact: orbitbid-1920-review-sheets / 10019/review.jpg,,,,not planned,,,,Low
10050,1761119,"2020 Hino 268A 24' Box Truck Allison automatic transmission, power windows/locks, CD player, Air rid...",,commercial vehicle,1950,43,2026-10-06T22:30:00Z,,,,capital/title/transport burden,"Screened out for current goals: commercial-vehicle capital, title, transport and resale burden outweigh personal-use-first fit.",screened,,catalog-screened; originals not inspected,,artifact: orbitbid-1920-review-sheets / 10050/review.jpg,,,,not planned,,,,Low
10051,1761120,"2007 International 4300SBA4X2 24' Box Truck Allison International DT466E transmission, 25,999 lb. GV...",,commercial vehicle,100,43,2026-10-06T22:30:00Z,,,,capital/title/transport burden,"Screened out for current goals: commercial-vehicle capital, title, transport and resale burden outweigh personal-use-first fit.",screened,,catalog-screened; originals not inspected,,artifact: orbitbid-1920-review-sheets / 10051/review.jpg,,,,not planned,,,,Low
10052,1761121,"2014 Chevrolet 16' Box Truck Supreme 16' box body, automatic transmission, 6.0 liter gas engine, AM/...",,commercial vehicle,100,39,2026-10-06T22:30:00Z,,,,capital/title/transport burden,"Screened out for current goals: commercial-vehicle capital, title, transport and resale burden outweigh personal-use-first fit.",screened,,catalog-screened; originals not inspected,,artifact: orbitbid-1920-review-sheets / 10052/review.jpg,,,,not planned,,,,Low
10053,1761122,"2020 Hino 195-20 12' Box Truck with lift gate, Seiki Toyota automatic transmission, Hino J05E-TP die...",,commercial vehicle,1005,35,2026-10-06T22:30:00Z,,,,capital/title/transport burden,"Screened out for current goals: commercial-vehicle capital, title, transport and resale burden outweigh personal-use-first fit.",screened,,catalog-screened; originals not inspected,,artifact: orbitbid-1920-review-sheets / 10053/review.jpg,,,,not planned,,,,Low
10054,1761123,"2008 Freightliner M2106 24' Box Truck Allison 2000 automatic transmission, Cummins ISB diesel motor,...",,commercial vehicle,510,45,2026-10-06T22:30:00Z,,,,capital/title/transport burden,"Screened out for current goals: commercial-vehicle capital, title, transport and resale burden outweigh personal-use-first fit.",screened,,catalog-screened; originals not inspected,,artifact: orbitbid-1920-review-sheets / 10054/review.jpg,,,,not planned,,,,Low
10055,1761124,"2005 International 4300 SBA4X2 24' Box Truck Allison automatic transmission, International 466 E die...",,commercial vehicle,100,46,2026-10-06T22:30:00Z,,,,capital/title/transport burden,"Screened out for current goals: commercial-vehicle capital, title, transport and resale burden outweigh personal-use-first fit.",screened,,catalog-screened; originals not inspected,,artifact: orbitbid-1920-review-sheets / 10055/review.jpg,,,,not planned,,,,Low
10056,1761125,"2006 International 4300 SBA4X2 24' Box Truck Allison automatic transmission, International DT466E di...",,commercial vehicle,100,47,2026-10-06T22:30:00Z,,,,capital/title/transport burden,"Screened out for current goals: commercial-vehicle capital, title, transport and resale burden outweigh personal-use-first fit.",screened,,catalog-screened; originals not inspected,,artifact: orbitbid-1920-review-sheets / 10056/review.jpg,,,,not planned,,,,Low
10057,1761126,"2006 International 4300 SBA4X2 24' Box Truck Allison 2000 automatic transmission, International DT46...",,commercial vehicle,100,49,2026-10-06T22:30:00Z,,,,capital/title/transport burden,"Screened out for current goals: commercial-vehicle capital, title, transport and resale burden outweigh personal-use-first fit.",screened,,catalog-screened; originals not inspected,,artifact: orbitbid-1920-review-sheets / 10057/review.jpg,,,,not planned,,,,Low
10058,1761127,"2006 International 4300 SBA4X2 24' Box Truck Allison automatic transmission, International DT466 E d...",,commercial vehicle,100,43,2026-10-06T22:30:00Z,,,,capital/title/transport burden,"Screened out for current goals: commercial-vehicle capital, title, transport and resale burden outweigh personal-use-first fit.",screened,,catalog-screened; originals not inspected,,artifact: orbitbid-1920-review-sheets / 10058/review.jpg,,,,not planned,,,,Low
10059,1761128,"2016 Hino 268A 24' Box Truck Allison automatic transmission, Hino, model J05E-WU diesel engine, 24' ...",,commercial vehicle,1025,49,2026-10-06T22:30:00Z,,,,capital/title/transport burden,"Screened out for current goals: commercial-vehicle capital, title, transport and resale burden outweigh personal-use-first fit.",screened,,catalog-screened; originals not inspected,,artifact: orbitbid-1920-review-sheets / 10059/review.jpg,,,,not planned,,,,Low
10060,1761129,"2020 Hino 268A 24' Box Truck Allison automatic transmission, Hino, model J05E-TP diesel engine, rear...",,commercial vehicle,7800,46,2026-10-06T22:30:00Z,,,,capital/title/transport burden,"Screened out for current goals: commercial-vehicle capital, title, transport and resale burden outweigh personal-use-first fit.",screened,,catalog-screened; originals not inspected,,artifact: orbitbid-1920-review-sheets / 10060/review.jpg,,,,not planned,,,,Low
10061,1761130,"2012 International 4300 SBA4X2 24' Box Truck with lift gate, Allison automatic transmission, Max For...",,commercial vehicle,100,52,2026-10-06T22:30:00Z,,,,capital/title/transport burden,"Screened out for current goals: commercial-vehicle capital, title, transport and resale burden outweigh personal-use-first fit.",screened,,catalog-screened; originals not inspected,,artifact: orbitbid-1920-review-sheets / 10061/review.jpg,,,,not planned,,,,Low
10062,1761131,"2020 Hino 268A 24' Box Truck with lift gate, Allison automatic transmission, Hino, model J05E-TP die...",,commercial vehicle,5100,57,2026-10-06T22:30:00Z,,,,capital/title/transport burden,"Screened out for current goals: commercial-vehicle capital, title, transport and resale burden outweigh personal-use-first fit.",screened,,catalog-screened; originals not inspected,,artifact: orbitbid-1920-review-sheets / 10062/review.jpg,,,,not planned,,,,Low
10063,1761132,"2018 International 4300 SBA4X2 24' Box Truck with lift gate, Allison automatic transmission, Cummins...",,commercial vehicle,675,48,2026-10-06T22:30:00Z,,,,capital/title/transport burden,"Screened out for current goals: commercial-vehicle capital, title, transport and resale burden outweigh personal-use-first fit.",screened,,catalog-screened; originals not inspected,,artifact: orbitbid-1920-review-sheets / 10063/review.jpg,,,,not planned,,,,Low
10064,1761133,"2018 International 4300 SBA4X2 24' Box Truck with lift gate, Allison automatic transmission, Cummins...",,commercial vehicle,100,123,2026-10-06T22:30:00Z,,,,capital/title/transport burden,"Screened out for current goals: commercial-vehicle capital, title, transport and resale burden outweigh personal-use-first fit.",screened,,catalog-screened; originals not inspected,,artifact: orbitbid-1920-review-sheets / 10064/review.jpg,,,,not planned,,,,Low
10065,1761134,"2018 International 4300 SBA4X2 24' Box Truck with lift gate, Allison automatic transmission, Cummins...",,commercial vehicle,100,47,2026-10-06T22:30:00Z,,,,capital/title/transport burden,"Screened out for current goals: commercial-vehicle capital, title, transport and resale burden outweigh personal-use-first fit.",screened,,catalog-screened; originals not inspected,,artifact: orbitbid-1920-review-sheets / 10065/review.jpg,,,,not planned,,,,Low
10066,1761135,"2017 International 4300 SBA4X2 24' Box Truck with lift gate, Allison automatic transmission, Cummins...",,commercial vehicle,100,49,2026-10-06T22:30:00Z,,,,capital/title/transport burden,"Screened out for current goals: commercial-vehicle capital, title, transport and resale burden outweigh personal-use-first fit.",screened,,catalog-screened; originals not inspected,,artifact: orbitbid-1920-review-sheets / 10066/review.jpg,,,,not planned,,,,Low
10067,1761136,"2017 International 4300 SBA4X2 24' Box Truck with lift gate, Allison automatic transmission, Cummins...",,commercial vehicle,100,58,2026-10-06T22:30:00Z,,,,capital/title/transport burden,"Screened out for current goals: commercial-vehicle capital, title, transport and resale burden outweigh personal-use-first fit.",screened,,catalog-screened; originals not inspected,,artifact: orbitbid-1920-review-sheets / 10067/review.jpg,,,,not planned,,,,Low
10068,1761137,"2017 International 4300 SBA4X2 24' Box Truck with lift gate, Allison automatic transmission, Cummins...",,commercial vehicle,100,52,2026-10-06T22:30:00Z,,,,capital/title/transport burden,"Screened out for current goals: commercial-vehicle capital, title, transport and resale burden outweigh personal-use-first fit.",screened,,catalog-screened; originals not inspected,,artifact: orbitbid-1920-review-sheets / 10068/review.jpg,,,,not planned,,,,Low
10069,1761138,"2001 International 4900 4X2 24' Box Truck 15,778 hours, 6-speed transmission, DT466E diesel engine, ...",,commercial vehicle,100,44,2026-10-06T22:30:00Z,,,,capital/title/transport burden,"Screened out for current goals: commercial-vehicle capital, title, transport and resale burden outweigh personal-use-first fit.",screened,,catalog-screened; originals not inspected,,artifact: orbitbid-1920-review-sheets / 10069/review.jpg,,,,not planned,,,,Low
17100,1761063,"2005 Wabash 53' Dry Van Trailer tandem axle with roll door, air suspension, scattered scratches and ...",,commercial trailer,100,58,2026-10-06T23:00:00Z,,,,capital/title/transport burden,"Screened out for current goals: commercial-vehicle capital, title, transport and resale burden outweigh personal-use-first fit.",screened,,catalog-screened; originals not inspected,,artifact: orbitbid-1920-review-sheets / 17100/review.jpg,,,,not planned,,,,Low
17101,1761064,"2002 Great Dane Dry Van Trailer tandem axle, rear roll up door, spring suspension. Unit #726.",,commercial trailer,100,26,2026-10-06T23:00:00Z,,,,capital/title/transport burden,"Screened out for current goals: commercial-vehicle capital, title, transport and resale burden outweigh personal-use-first fit.",screened,,catalog-screened; originals not inspected,,artifact: orbitbid-1920-review-sheets / 17101/review.jpg,,,,not planned,,,,Low
17102,1761065,"2005 Wabash 53' Dry Van Trailer rear roll up door, air ride suspension. Unit 738.",,commercial trailer,100,25,2026-10-06T23:00:00Z,,,,capital/title/transport burden,"Screened out for current goals: commercial-vehicle capital, title, transport and resale burden outweigh personal-use-first fit.",screened,,catalog-screened; originals not inspected,,artifact: orbitbid-1920-review-sheets / 17102/review.jpg,,,,not planned,,,,Low
17103,1761066,"2015 Stoughton 53' Dry Van Trailer rear roll up door, air ride suspension, tandem axle. Unit 751.",,commercial trailer,100,20,2026-10-06T23:00:00Z,,,,capital/title/transport burden,"Screened out for current goals: commercial-vehicle capital, title, transport and resale burden outweigh personal-use-first fit.",screened,,catalog-screened; originals not inspected,,artifact: orbitbid-1920-review-sheets / 17103/review.jpg,,,,not planned,,,,Low
17104,1761067,"2015 Stoughton Dry Van Trailer rear roll up door, air ride suspension, tandem axle. Unit 744.",,commercial trailer,100,37,2026-10-06T23:00:00Z,,,,capital/title/transport burden,"Screened out for current goals: commercial-vehicle capital, title, transport and resale burden outweigh personal-use-first fit.",screened,,catalog-screened; originals not inspected,,artifact: orbitbid-1920-review-sheets / 17104/review.jpg,,,,not planned,,,,Low
17105,1761068,"2005 Wabash 53' Dry Van Trailer rear roll up door, air ride suspension, tandem axle. Unit 734.",,commercial trailer,100,43,2026-10-06T23:00:00Z,,,,capital/title/transport burden,"Screened out for current goals: commercial-vehicle capital, title, transport and resale burden outweigh personal-use-first fit.",screened,,catalog-screened; originals not inspected,,artifact: orbitbid-1920-review-sheets / 17105/review.jpg,,,,not planned,,,,Low
17106,1761069,"2005 Wabash 53' Dry Van Trailer rear roll up door, air ride suspension, tandem axle. Unit 732.",,commercial trailer,100,37,2026-10-06T23:00:00Z,,,,capital/title/transport burden,"Screened out for current goals: commercial-vehicle capital, title, transport and resale burden outweigh personal-use-first fit.",screened,,catalog-screened; originals not inspected,,artifact: orbitbid-1920-review-sheets / 17106/review.jpg,,,,not planned,,,,Low
17107,1761070,"2015 Stoughton 53' Dry Van Trailer rear roll up door, air ride suspension, tandem axle, model ZGPVW-...",,commercial trailer,100,39,2026-10-06T23:00:00Z,,,,capital/title/transport burden,"Screened out for current goals: commercial-vehicle capital, title, transport and resale burden outweigh personal-use-first fit.",screened,,catalog-screened; originals not inspected,,artifact: orbitbid-1920-review-sheets / 17107/review.jpg,,,,not planned,,,,Low
17108,1761071,"2010 Great Dane 45' Dry Van Trailer tandem axle, rear roll up door, air suspension. Unit #745.",,commercial trailer,100,36,2026-10-06T23:00:00Z,,,,capital/title/transport burden,"Screened out for current goals: commercial-vehicle capital, title, transport and resale burden outweigh personal-use-first fit.",screened,,catalog-screened; originals not inspected,,artifact: orbitbid-1920-review-sheets / 17108/review.jpg,,,,not planned,,,,Low
17109,1761072,"2015 Stoughton 53' Dry Van Trailer rear roll up door, air ride suspension, tandem axle, model ZGPVW-...",,commercial trailer,100,38,2026-10-06T23:00:00Z,,,,capital/title/transport burden,"Screened out for current goals: commercial-vehicle capital, title, transport and resale burden outweigh personal-use-first fit.",screened,,catalog-screened; originals not inspected,,artifact: orbitbid-1920-review-sheets / 17109/review.jpg,,,,not planned,,,,Low
17110,1761073,"2007 Wabash 53' Dry Van Trailer rear roll up door, air ride suspension, tandem axle, 68,000 lb. GVWR...",,commercial trailer,100,39,2026-10-06T23:00:00Z,,,,capital/title/transport burden,"Screened out for current goals: commercial-vehicle capital, title, transport and resale burden outweigh personal-use-first fit.",screened,,catalog-screened; originals not inspected,,artifact: orbitbid-1920-review-sheets / 17110/review.jpg,,,,not planned,,,,Low
17111,1761074,"2008 Stoughton 53' Dry Van Trailer rear roll up door, air ride suspension, tandem axle, 70,000 lb. G...",,commercial trailer,100,41,2026-10-06T23:00:00Z,,,,capital/title/transport burden,"Screened out for current goals: commercial-vehicle capital, title, transport and resale burden outweigh personal-use-first fit.",screened,,catalog-screened; originals not inspected,,artifact: orbitbid-1920-review-sheets / 17111/review.jpg,,,,not planned,,,,Low
17112,1761075,"2015 Stoughton 53' Dry Van Trailer model ZGPVW-535T-S-C-AR, air ride suspension, tandem axle, 70,000...",,commercial trailer,100,35,2026-10-06T23:00:00Z,,,,capital/title/transport burden,"Screened out for current goals: commercial-vehicle capital, title, transport and resale burden outweigh personal-use-first fit.",screened,,catalog-screened; originals not inspected,,artifact: orbitbid-1920-review-sheets / 17112/review.jpg,,,,not planned,,,,Low
17113,1761076,"2006 Wabash 53' Dry Van Trailer air ride suspension, rear roll up door, tandem axle, 68,000 lb. GVWR...",,commercial trailer,100,40,2026-10-06T23:00:00Z,,,,capital/title/transport burden,"Screened out for current goals: commercial-vehicle capital, title, transport and resale burden outweigh personal-use-first fit.",screened,,catalog-screened; originals not inspected,,artifact: orbitbid-1920-review-sheets / 17113/review.jpg,,,,not planned,,,,Low
17114,1761077,"2015 Stoughton 53' Dry Van Trailer model ZGPVW-535T-S-C-AR, air ride suspension, rear roll up door, ...",,commercial trailer,100,31,2026-10-06T23:00:00Z,,,,capital/title/transport burden,"Screened out for current goals: commercial-vehicle capital, title, transport and resale burden outweigh personal-use-first fit.",screened,,catalog-screened; originals not inspected,,artifact: orbitbid-1920-review-sheets / 17114/review.jpg,,,,not planned,,,,Low
17115,1761078,"2015 Stoughton 53' Dry Van Trailer model ZGPVW-535T-S-C-AR, air ride suspension, rear roll up door, ...",,commercial trailer,100,28,2026-10-06T23:00:00Z,,,,capital/title/transport burden,"Screened out for current goals: commercial-vehicle capital, title, transport and resale burden outweigh personal-use-first fit.",screened,,catalog-screened; originals not inspected,,artifact: orbitbid-1920-review-sheets / 17115/review.jpg,,,,not planned,,,,Low
17116,1761079,"2015 Stoughton 53' Dry Van Trailer model ZGPVW-535T-S-C-AR, rear roll up door, rear tandem axle, 70,...",,commercial trailer,100,31,2026-10-06T23:00:00Z,,,,capital/title/transport burden,"Screened out for current goals: commercial-vehicle capital, title, transport and resale burden outweigh personal-use-first fit.",screened,,catalog-screened; originals not inspected,,artifact: orbitbid-1920-review-sheets / 17116/review.jpg,,,,not planned,,,,Low
17117,1761080,"2001 Utility 53' Dry Van Trailer air ride suspension, rear roll up door, tandem axle. Unit 741.",,commercial trailer,100,32,2026-10-06T23:00:00Z,,,,capital/title/transport burden,"Screened out for current goals: commercial-vehicle capital, title, transport and resale burden outweigh personal-use-first fit.",screened,,catalog-screened; originals not inspected,,artifact: orbitbid-1920-review-sheets / 17117/review.jpg,,,,not planned,,,,Low
17118,1761081,"1999 Trailmobile 53' Dry Van Trailer rear roll up door, tandem axle. Unit 727.",,commercial trailer,100,29,2026-10-06T23:00:00Z,,,,capital/title/transport burden,"Screened out for current goals: commercial-vehicle capital, title, transport and resale burden outweigh personal-use-first fit.",screened,,catalog-screened; originals not inspected,,artifact: orbitbid-1920-review-sheets / 17118/review.jpg,,,,not planned,,,,Low
17119,1761082,"2005 Wabash 53' Dry Van Trailer air ride suspension, rear roll up door, tandem axle. Unit 737.",,commercial trailer,100,25,2026-10-06T23:00:00Z,,,,capital/title/transport burden,"Screened out for current goals: commercial-vehicle capital, title, transport and resale burden outweigh personal-use-first fit.",screened,,catalog-screened; originals not inspected,,artifact: orbitbid-1920-review-sheets / 17119/review.jpg,,,,not planned,,,,Low
17120,1761083,"2005 Wabash 53' Dry Van Trailer air ride suspension, rear roll up door, 68,000 lb. GVWR. Unit 733.",,commercial trailer,100,34,2026-10-06T23:00:00Z,,,,capital/title/transport burden,"Screened out for current goals: commercial-vehicle capital, title, transport and resale burden outweigh personal-use-first fit.",screened,,catalog-screened; originals not inspected,,artifact: orbitbid-1920-review-sheets / 17120/review.jpg,,,,not planned,,,,Low
17121,1761084,"2005 Wabash 53' Dry Van Trailer tandem axle, air ride suspension, rear roll up door, 68,000 lb. GVWR...",,commercial trailer,100,36,2026-10-06T23:00:00Z,,,,capital/title/transport burden,"Screened out for current goals: commercial-vehicle capital, title, transport and resale burden outweigh personal-use-first fit.",screened,,catalog-screened; originals not inspected,,artifact: orbitbid-1920-review-sheets / 17121/review.jpg,,,,not planned,,,,Low
17122,1761085,"2005 Wabash 53' Dry Van Trailer tandem axle, air ride suspension, rear roll up door, 68,000 lb. GVWR...",,commercial trailer,100,33,2026-10-06T23:00:00Z,,,,capital/title/transport burden,"Screened out for current goals: commercial-vehicle capital, title, transport and resale burden outweigh personal-use-first fit.",screened,,catalog-screened; originals not inspected,,artifact: orbitbid-1920-review-sheets / 17122/review.jpg,,,,not planned,,,,Low
17850,1761247,"(1) Vintage candy vending machine, pull type, includes keys, approx. 34"" wide x 11"" deep x 61"" tall.",,miscellaneous,5,7,2026-10-06T23:30:00Z,,,,,Screened out on first pass: limited personal-use fit or insufficient apparent value relative to pickup/handling burden.,screened,,catalog-screened; originals not inspected,,artifact: orbitbid-1920-review-sheets / 17850/review.jpg,,,,not planned,,,,Low
17854,1761251,"(1) Bridgestone M890, 27580R225, tire, and (1) Sailun 29575R225 tire with rim.",,parts/consumables,105,10,2026-10-06T23:30:00Z,,,,DOT age/fitment,Screened out for now: specialized truck-part/consumable inventory with uncertain local resale and handling burden.,screened,,catalog-screened; originals not inspected,,artifact: orbitbid-1920-review-sheets / 17854/review.jpg,,,,not planned,,,,Low
17862,1761259,(1) hydraulic frame and body tool.,,shop/farm,5,5,2026-10-06T23:30:00Z,,,,,Screened out on first pass: limited personal-use fit or insufficient apparent value relative to pickup/handling burden.,screened,,catalog-screened; originals not inspected,,artifact: orbitbid-1920-review-sheets / 17862/review.jpg,,,,not planned,,,,Low
17865,1761263,"Lot of (4) TS, 15' nylon coiled air hoses for semi truck.",,commercial vehicle,5,6,2026-10-06T23:30:00Z,,,,transport/disposal; capital/title/transport burden,"Screened out for current goals: commercial-vehicle capital, title, transport and resale burden outweigh personal-use-first fit.",screened,,catalog-screened; originals not inspected,,artifact: orbitbid-1920-review-sheets / 17865/review.jpg,,,,not planned,,,,Low
17866,1761264,(1) Imperial 3-in-1 electrical and air assemblies for semi.,,miscellaneous,5,5,2026-10-07T00:00:00Z,,,,,Screened out on first pass: limited personal-use fit or insufficient apparent value relative to pickup/handling burden.,screened,,catalog-screened; originals not inspected,,artifact: orbitbid-1920-review-sheets / 17866/review.jpg,,,,not planned,,,,Low
17867,1761265,"(1) clutch actuator cylinder, pneumatic clutch.",,miscellaneous,5,3,2026-10-07T00:00:00Z,,,,,Screened out on first pass: limited personal-use fit or insufficient apparent value relative to pickup/handling burden.,screened,,catalog-screened; originals not inspected,,artifact: orbitbid-1920-review-sheets / 17867/review.jpg,,,,not planned,,,,Low
17868,1761266,"(1) Delco Remy 8200433, 39MT semi truck starter.",,commercial vehicle,5,5,2026-10-07T00:00:00Z,,,,capital/title/transport burden,"Screened out for current goals: commercial-vehicle capital, title, transport and resale burden outweigh personal-use-first fit.",screened,,catalog-screened; originals not inspected,,artifact: orbitbid-1920-review-sheets / 17868/review.jpg,,,,not planned,,,,Low
17869,1761268,Lot of (2) model 8075917 air tanks.,,miscellaneous,5,5,2026-10-07T00:00:00Z,,,,,Screened out on first pass: limited personal-use fit or insufficient apparent value relative to pickup/handling burden.,screened,,catalog-screened; originals not inspected,,artifact: orbitbid-1920-review-sheets / 17869/review.jpg,,,,not planned,,,,Low
17870,1761269,"(1) Power brake and spring assembly, item #2376, 93"" shaft.",,parts/consumables,5,3,2026-10-07T00:00:00Z,,,,,Screened out for now: specialized truck-part/consumable inventory with uncertain local resale and handling burden.,screened,,catalog-screened; originals not inspected,,artifact: orbitbid-1920-review-sheets / 17870/review.jpg,,,,not planned,,,,Low
17871,1761270,"Lot of assorted storage items, includes 36"" plastic shelf, (2) Durabilt Extreme Storage 27-gallon to...",,miscellaneous,5,6,2026-10-07T00:00:00Z,,,,,Screened out on first pass: limited personal-use fit or insufficient apparent value relative to pickup/handling burden.,screened,,catalog-screened; originals not inspected,,artifact: orbitbid-1920-review-sheets / 17871/review.jpg,,,,not planned,,,,Low
17872,1761271,"Large lot of assorted hoses, air hoses, heater hoses, gas hoses, and more.",,shop/farm,5,9,2026-10-07T00:00:00Z,,,,,Screened out on first pass: limited personal-use fit or insufficient apparent value relative to pickup/handling burden.,screened,,catalog-screened; originals not inspected,,artifact: orbitbid-1920-review-sheets / 17872/review.jpg,,,,not planned,,,,Low
17873,1761272,"(1) Goodyear 1R13-038, air bag, includes Garrett oil cooler, and (1) Drag Link, model 463DS4615.",,miscellaneous,5,7,2026-10-07T00:00:00Z,,,,transport/disposal,Screened out on first pass: limited personal-use fit or insufficient apparent value relative to pickup/handling burden.,screened,,catalog-screened; originals not inspected,,artifact: orbitbid-1920-review-sheets / 17873/review.jpg,,,,not planned,,,,Low
17876,1761275,"(1) Dayton portable oil-fire eater, 125,000 BTU.",,miscellaneous,5,4,2026-10-07T00:00:00Z,,,,transport/disposal,Screened out on first pass: limited personal-use fit or insufficient apparent value relative to pickup/handling burden.,screened,,catalog-screened; originals not inspected,,artifact: orbitbid-1920-review-sheets / 17876/review.jpg,,,,not planned,,,,Low
17877,1761276,"(1) Rubbermaid plastic parts cart, 36"" x 18"" with pull out drawers.",,shop/farm,5,8,2026-10-07T00:00:00Z,,,,,Screened out on first pass: limited personal-use fit or insufficient apparent value relative to pickup/handling burden.,screened,,catalog-screened; originals not inspected,,artifact: orbitbid-1920-review-sheets / 17877/review.jpg,,,,not planned,,,,Low
17881,1761280,"Large lot of assorted truck parts, includes belt, Red Dot filter drier receiver, Sensor clip kits, s...",,parts/consumables,5,10,2026-10-07T00:00:00Z,,,,capital/title/transport burden,Screened out for now: specialized truck-part/consumable inventory with uncertain local resale and handling burden.,screened,,catalog-screened; originals not inspected,,artifact: orbitbid-1920-review-sheets / 17881/review.jpg,,,,not planned,,,,Low
17882,1761281,"Lot of assorted Hino box truck parts, includes heater hose, pins, belts, U-joints, and radiator hose...",,commercial vehicle,5,10,2026-10-07T00:00:00Z,,,,capital/title/transport burden,"Screened out for current goals: commercial-vehicle capital, title, transport and resale burden outweigh personal-use-first fit.",screened,,catalog-screened; originals not inspected,,artifact: orbitbid-1920-review-sheets / 17882/review.jpg,,,,not planned,,,,Low
17885,1761284,"Large lot of assorted light bulbs, includes (6) Sylvania 9003, (6) 9005, (5) 9006, (5) 9007, include...",,miscellaneous,5,10,2026-10-07T00:00:00Z,,,,,Screened out on first pass: limited personal-use fit or insufficient apparent value relative to pickup/handling burden.,screened,,catalog-screened; originals not inspected,,artifact: orbitbid-1920-review-sheets / 17885/review.jpg,,,,not planned,,,,Low
17888,1761287,"(1) 34.5"" wide steel foreman's desk.",,office/misc,5,6,2026-10-07T00:00:00Z,,,,,Screened out: low farm/shop fit and insufficient resale edge to justify pickup effort.,screened,,catalog-screened; originals not inspected,,artifact: orbitbid-1920-review-sheets / 17888/review.jpg,,,,not planned,,,,Low
17889,1761288,"(1) shelf with contents, includes (4) bottles of ZEP Shell Shock hand cleaner, Ecolab Oasis floor cl...",,miscellaneous,100,7,2026-10-07T00:00:00Z,,,,,Screened out on first pass: limited personal-use fit or insufficient apparent value relative to pickup/handling burden.,screened,,catalog-screened; originals not inspected,,artifact: orbitbid-1920-review-sheets / 17889/review.jpg,,,,not planned,,,,Low
17890,1761289,"Large lot of assorted International truck parts, new/old stock, includes Eaton Fuller brand, SKF, Ga...",,parts/consumables,5,18,2026-10-07T00:00:00Z,,,,capital/title/transport burden,Screened out for now: specialized truck-part/consumable inventory with uncertain local resale and handling burden.,screened,,catalog-screened; originals not inspected,,artifact: orbitbid-1920-review-sheets / 17890/review.jpg,,,,not planned,,,,Low
17891,1761291,Large lot of new/old stock Volvo truck parts. Refer to list.,,parts/consumables,510,13,2026-10-07T00:00:00Z,,,,capital/title/transport burden,Screened out for now: specialized truck-part/consumable inventory with uncertain local resale and handling burden.,screened,,catalog-screened; originals not inspected,,artifact: orbitbid-1920-review-sheets / 17891/review.jpg,,,,not planned,,,,Low
17892,1761292,"Large lot of assorted truck lights, includes tail lights, marker lights, clearance lights, 31"" stain...",,miscellaneous,255,16,2026-10-07T00:00:00Z,,,,capital/title/transport burden,Screened out on first pass: limited personal-use fit or insufficient apparent value relative to pickup/handling burden.,screened,,catalog-screened; originals not inspected,,artifact: orbitbid-1920-review-sheets / 17892/review.jpg,,,,not planned,,,,Low
17894,1761294,"(1) Bosch AL9961LH alternator from Mercedes Benz diesel engine, Delco Remy 29MT starter from same en...",,parts/consumables,5,6,2026-10-07T00:00:00Z,,,,,Screened out for now: specialized truck-part/consumable inventory with uncertain local resale and handling burden.,screened,,catalog-screened; originals not inspected,,artifact: orbitbid-1920-review-sheets / 17894/review.jpg,,,,not planned,,,,Low
17895,1761295,"(1) rack with contents, includes assorted Timken bearings, SKF bearings, wheel seals, tapered roller...",,parts/consumables,5,15,2026-10-07T00:00:00Z,,,,,Screened out for now: specialized truck-part/consumable inventory with uncertain local resale and handling burden.,screened,,catalog-screened; originals not inspected,,artifact: orbitbid-1920-review-sheets / 17895/review.jpg,,,,not planned,,,,Low
17896,1761296,"(1) set of ASL calipers, model HSG kits, part #0204719661.",,miscellaneous,5,4,2026-10-07T00:00:00Z,,,,,Screened out on first pass: limited personal-use fit or insufficient apparent value relative to pickup/handling burden.,screened,,catalog-screened; originals not inspected,,artifact: orbitbid-1920-review-sheets / 17896/review.jpg,,,,not planned,,,,Low
17897,1761297,"Lot of assorted new and used glad hands, leveling valves, electric light cord pins, plugs, cord adap...",,miscellaneous,55,6,2026-10-07T00:00:00Z,,,,,Screened out on first pass: limited personal-use fit or insufficient apparent value relative to pickup/handling burden.,screened,,catalog-screened; originals not inspected,,artifact: orbitbid-1920-review-sheets / 17897/review.jpg,,,,not planned,,,,Low
17898,1761298,(1) new set of arms for a Palfinger lift gate.,,parts/consumables,5,3,2026-10-07T00:00:00Z,,,,,Screened out for now: specialized truck-part/consumable inventory with uncertain local resale and handling burden.,screened,,catalog-screened; originals not inspected,,artifact: orbitbid-1920-review-sheets / 17898/review.jpg,,,,not planned,,,,Low
17899,1761299,"Parts for a Waltco lift gate, and other miscellaneous lift gate parts.",,parts/consumables,5,6,2026-10-07T00:00:00Z,,,,,Screened out for now: specialized truck-part/consumable inventory with uncertain local resale and handling burden.,screened,,catalog-screened; originals not inspected,,artifact: orbitbid-1920-review-sheets / 17899/review.jpg,,,,not planned,,,,Low
17902,1761303,"Lot of assorted Whiting semi trailer rear door boards, approx. 98.5"" long, and (3) Todco boards, win...",,miscellaneous,5,5,2026-10-07T00:00:00Z,,,,capital/title/transport burden,Screened out on first pass: limited personal-use fit or insufficient apparent value relative to pickup/handling burden.,screened,,catalog-screened; originals not inspected,,artifact: orbitbid-1920-review-sheets / 17902/review.jpg,,,,not planned,,,,Low
17904,1761305,"Lot of (4) semi tires, 1 with rim, 3 are 11R225, and 1 is 295/75R225 tire, 10-lug steel rim.",,parts/consumables,5,12,2026-10-07T00:00:00Z,,,,DOT age/fitment,Screened out for now: specialized truck-part/consumable inventory with uncertain local resale and handling burden.,screened,,catalog-screened; originals not inspected,,artifact: orbitbid-1920-review-sheets / 17904/review.jpg,,,,not planned,,,,Low
17909,1761086,"(1) Metro Sales Company wall map of Gary and Calumet areas, 64"" wide x 52"" tall (map is ripped on bo...",,office/misc,5,5,2026-10-06T23:30:00Z,,,,,Screened out: low farm/shop fit and insufficient resale edge to justify pickup effort.,screened,,catalog-screened; originals not inspected,,artifact: orbitbid-1920-review-sheets / 17909/review.jpg,,,,not planned,,,,Low
17910,1761314,"(1) White/Westinghouse refrigerator/freezer, model MRT15CPEW4.",,miscellaneous,5,5,2026-10-07T00:00:00Z,,,,,Screened out on first pass: limited personal-use fit or insufficient apparent value relative to pickup/handling burden.,screened,,catalog-screened; originals not inspected,,artifact: orbitbid-1920-review-sheets / 17910/review.jpg,,,,not planned,,,,Low
17911,1761088,"(3) Ansel Adams wall mount pictures, each measures 24"" wide x 36"" tall, pictures include Yosemite an...",,office/misc,5,6,2026-10-06T23:30:00Z,,,,,Screened out: low farm/shop fit and insufficient resale edge to justify pickup effort.,screened,,catalog-screened; originals not inspected,,artifact: orbitbid-1920-review-sheets / 17911/review.jpg,,,,not planned,,,,Low
17912,1761089,"(1) abstract color print, with wood frame, 45.5"" x approx. 32.5"", artist is possibly Bailey, and (1)...",,office/misc,5,3,2026-10-06T23:30:00Z,,,,,Screened out: low farm/shop fit and insufficient resale edge to justify pickup effort.,screened,,catalog-screened; originals not inspected,,artifact: orbitbid-1920-review-sheets / 17912/review.jpg,,,,not planned,,,,Low
17913,1761090,"Lot of (2) Expresso print pictures, artist is S. Vassileva, 20.5"" x 24.5"".",,office/misc,5,7,2026-10-06T23:30:00Z,,,,,Screened out: low farm/shop fit and insufficient resale edge to justify pickup effort.,screened,,catalog-screened; originals not inspected,,artifact: orbitbid-1920-review-sheets / 17913/review.jpg,,,,not planned,,,,Low
17914,1761091,"(1) sailboat print with wood frame, 31"" wide x approx. 38"" tall.",,office/misc,5,4,2026-10-06T23:30:00Z,,,,,Screened out: low farm/shop fit and insufficient resale edge to justify pickup effort.,screened,,catalog-screened; originals not inspected,,artifact: orbitbid-1920-review-sheets / 17914/review.jpg,,,,not planned,,,,Low
17915,1761092,"Lot of 4 framed abstract color pictures, (2) 17"" x 17"", (1) 16"" x 26"", (1) 25"" x 25"", and (1) wall m...",,office/misc,5,7,2026-10-06T23:30:00Z,,,,,Screened out: low farm/shop fit and insufficient resale edge to justify pickup effort.,screened,,catalog-screened; originals not inspected,,artifact: orbitbid-1920-review-sheets / 17915/review.jpg,,,,not planned,,,,Low
17916,1761093,"(1) sailboat print with wood frame, 47"" wide x approx. 40"" tall.",,office/misc,5,4,2026-10-06T23:30:00Z,,,,,Screened out: low farm/shop fit and insufficient resale edge to justify pickup effort.,screened,,catalog-screened; originals not inspected,,artifact: orbitbid-1920-review-sheets / 17916/review.jpg,,,,not planned,,,,Low
17917,1761094,"(1) Panasonic Center 1250 watt microwave oven, (1) Breville toaster oven, both in working condition.",,miscellaneous,5,6,2026-10-06T23:30:00Z,,,,,Screened out on first pass: limited personal-use fit or insufficient apparent value relative to pickup/handling burden.,screened,,catalog-screened; originals not inspected,,artifact: orbitbid-1920-review-sheets / 17917/review.jpg,,,,not planned,,,,Low
17918,1761095,"(1) Royal heavy duty commercial vacuum cleaner, (1) Oreck vacuum cleaner, and assorted vacuum bags.",,miscellaneous,5,7,2026-10-06T23:30:00Z,,,,,Screened out on first pass: limited personal-use fit or insufficient apparent value relative to pickup/handling burden.,screened,,catalog-screened; originals not inspected,,artifact: orbitbid-1920-review-sheets / 17918/review.jpg,,,,not planned,,,,Low
17919,1761096,"(1) wooden office desk, 72"" length x 36"" depth x 29"" height, (1) wood credenza, 66"" width x 20"" dept...",,office/misc,5,9,2026-10-06T23:30:00Z,,,,,Screened out: low farm/shop fit and insufficient resale edge to justify pickup effort.,screened,,catalog-screened; originals not inspected,,artifact: orbitbid-1920-review-sheets / 17919/review.jpg,,,,not planned,,,,Low
17920,1761097,"Lot of (4) Steelcase 4-drawer vertical file cabinet, each measures 14 3/4"" width x 28.5"" depth x 52""...",,office/misc,5,4,2026-10-06T23:30:00Z,,,,,Screened out: low farm/shop fit and insufficient resale edge to justify pickup effort.,screened,,catalog-screened; originals not inspected,,artifact: orbitbid-1920-review-sheets / 17920/review.jpg,,,,not planned,,,,Low
17921,1761098,"Lot of (2) 4-drawer file cabinets, 17 7/8"" width x 28.5"" depth x 52 1/4"" height, (2) Hon 4-drawer ve...",,office/misc,5,5,2026-10-06T23:30:00Z,,,,,Screened out: low farm/shop fit and insufficient resale edge to justify pickup effort.,screened,,catalog-screened; originals not inspected,,artifact: orbitbid-1920-review-sheets / 17921/review.jpg,,,,not planned,,,,Low
17922,1761099,"Contents of office, includes (1) wood office desk, approx. 72"" x 104"" table, 30"" x 30"" x 17.5"" tall,...",,office/misc,5,6,2026-10-06T23:30:00Z,,,,,Screened out: low farm/shop fit and insufficient resale edge to justify pickup effort.,screened,,catalog-screened; originals not inspected,,artifact: orbitbid-1920-review-sheets / 17922/review.jpg,,,,not planned,,,,Low
17923,1761100,"Contents of office, includes (1) U-shaped desk with upper shelf, 70"" x 104"" x 64.5"" overall height, ...",,office/misc,5,9,2026-10-06T23:30:00Z,,,,,Screened out: low farm/shop fit and insufficient resale edge to justify pickup effort.,screened,,catalog-screened; originals not inspected,,artifact: orbitbid-1920-review-sheets / 17923/review.jpg,,,,not planned,,,,Low
17924,1761101,"(1) Bungalow, #121, cast iron wood stove, approx. 22"" wide x 21"" deep x 26"" tall, winning bidder res...",,miscellaneous,5,7,2026-10-06T23:30:00Z,,,,,Screened out on first pass: limited personal-use fit or insufficient apparent value relative to pickup/handling burden.,screened,,catalog-screened; originals not inspected,,artifact: orbitbid-1920-review-sheets / 17924/review.jpg,,,,not planned,,,,Low
17925,1761102,"(1) plastic rack, 36"" wide x 18"" deep x 72.5"" tall, includes contents of assorted corded keyboards, ...",,miscellaneous,5,10,2026-10-06T23:30:00Z,,,,,Screened out on first pass: limited personal-use fit or insufficient apparent value relative to pickup/handling burden.,screened,,catalog-screened; originals not inspected,,artifact: orbitbid-1920-review-sheets / 17925/review.jpg,,,,not planned,,,,Low
17927,1761104,"(1) metal 2-door cabinet, 36"" wide x approx. 17"" deep x 78"" tall, with contents including assorted o...",,shop/farm,5,10,2026-10-06T23:30:00Z,,,,,Screened out on first pass: limited personal-use fit or insufficient apparent value relative to pickup/handling burden.,screened,,catalog-screened; originals not inspected,,artifact: orbitbid-1920-review-sheets / 17927/review.jpg,,,,not planned,,,,Low
17928,1761105,"(1) rack, 36"" x 17.5"" deep x 72"" tall, with contents of assorted paper driver's log books, inspectio...",,miscellaneous,5,8,2026-10-06T23:30:00Z,,,,,Screened out on first pass: limited personal-use fit or insufficient apparent value relative to pickup/handling burden.,screened,,catalog-screened; originals not inspected,,artifact: orbitbid-1920-review-sheets / 17928/review.jpg,,,,not planned,,,,Low
17929,1761106,"(1) plastic rack, approx. 36"" x 17"" x 72"" tall, with contents of seat cushions, (6) snow brushes, as...",,miscellaneous,5,11,2026-10-06T23:30:00Z,,,,,Screened out on first pass: limited personal-use fit or insufficient apparent value relative to pickup/handling burden.,screened,,catalog-screened; originals not inspected,,artifact: orbitbid-1920-review-sheets / 17929/review.jpg,,,,not planned,,,,Low
17930,1761107,"(1) Duet, portable 80"" projection screen, (1) Epson LCD projector, model H309A, with case and cords,...",,office/misc,5,8,2026-10-06T23:30:00Z,,,,,Screened out: low farm/shop fit and insufficient resale edge to justify pickup effort.,screened,,catalog-screened; originals not inspected,,artifact: orbitbid-1920-review-sheets / 17930/review.jpg,,,,not planned,,,,Low
17931,1761108,"(1) 2-in-1, 2-wheel dolly cart.",,shop/farm,5,5,2026-10-06T23:30:00Z,,,,,Screened out on first pass: limited personal-use fit or insufficient apparent value relative to pickup/handling burden.,screened,,catalog-screened; originals not inspected,,artifact: orbitbid-1920-review-sheets / 17931/review.jpg,,,,not planned,,,,Low
17932,1761109,"Lot of assorted Ricoh printer ink cartridges, colors include yellow, blue, and pink, and (1) Hewlett...",,office/misc,5,5,2026-10-06T23:30:00Z,,,,,Screened out: low farm/shop fit and insufficient resale edge to justify pickup effort.,screened,,catalog-screened; originals not inspected,,artifact: orbitbid-1920-review-sheets / 17932/review.jpg,,,,not planned,,,,Low
17933,1761110,"Lot of (2) Capture IR Bullet camera with varifocal lens, model BLIR30VF46TVL, new in package.",,miscellaneous,5,5,2026-10-06T23:30:00Z,,,,,Screened out on first pass: limited personal-use fit or insufficient apparent value relative to pickup/handling burden.,screened,,catalog-screened; originals not inspected,,artifact: orbitbid-1920-review-sheets / 17933/review.jpg,,,,not planned,,,,Low
17934,1761111,"Lot of Atomictime time clock, model 1500E, with time cards.",,office/misc,5,7,2026-10-06T23:30:00Z,,,,,Screened out: low farm/shop fit and insufficient resale edge to justify pickup effort.,screened,,catalog-screened; originals not inspected,,artifact: orbitbid-1920-review-sheets / 17934/review.jpg,,,,not planned,,,,Low
17935,1761112,"(1) Brother P-Touch label printer, model D610BT, with assorted ink cartridges, and (1) Ingenico cred...",,office/misc,5,8,2026-10-06T23:30:00Z,,,,,Screened out: low farm/shop fit and insufficient resale edge to justify pickup effort.,screened,,catalog-screened; originals not inspected,,artifact: orbitbid-1920-review-sheets / 17935/review.jpg,,,,not planned,,,,Low
17936,1761113,"(1) Steelcase, 6-drawer wooden office desk, 72"" length x 36"" depth x 29"" height.",,office/misc,5,5,2026-10-06T23:30:00Z,,,,,Screened out: low farm/shop fit and insufficient resale edge to justify pickup effort.,screened,,catalog-screened; originals not inspected,,artifact: orbitbid-1920-review-sheets / 17936/review.jpg,,,,not planned,,,,Low
17937,1761114,"(1) wood table, 84"" length x 40"" width x 30"" height, includes (6) padded chairs, and includes an 18""...",,office/misc,5,8,2026-10-06T23:30:00Z,,,,,Screened out: low farm/shop fit and insufficient resale edge to justify pickup effort.,screened,,catalog-screened; originals not inspected,,artifact: orbitbid-1920-review-sheets / 17937/review.jpg,,,,not planned,,,,Low
17938,1761115,"Lot of (2) Sandusky, 2-drawer horizontal file cabinets, 30"" wide x 18"" deep x 27"" tall, does not inc...",,office/misc,5,6,2026-10-06T23:30:00Z,,,,,Screened out: low farm/shop fit and insufficient resale edge to justify pickup effort.,screened,,catalog-screened; originals not inspected,,artifact: orbitbid-1920-review-sheets / 17938/review.jpg,,,,not planned,,,,Low
17939,1761116,"(1) BBF office desk, 72"" width x 30"" depth x 30"" height, includes chair and plastic chair mat, does ...",,office/misc,5,6,2026-10-06T23:30:00Z,,,,,Screened out: low farm/shop fit and insufficient resale edge to justify pickup effort.,screened,,catalog-screened; originals not inspected,,artifact: orbitbid-1920-review-sheets / 17939/review.jpg,,,,not planned,,,,Low
17940,1761117,(1) plastic tote with approx. 160 gallons of DEF fluid.,,miscellaneous,5,4,2026-10-06T23:30:00Z,,,,transport/disposal,Screened out on first pass: limited personal-use fit or insufficient apparent value relative to pickup/handling burden.,screened,,catalog-screened; originals not inspected,,artifact: orbitbid-1920-review-sheets / 17940/review.jpg,,,,not planned,,,,Low
17941,1761118,Approx. 250 gallons of Armor Trac antifreeze ELC50/50 with plastic tote.,,miscellaneous,310,3,2026-10-06T23:30:00Z,,,,transport/disposal,Screened out on first pass: limited personal-use fit or insufficient apparent value relative to pickup/handling burden.,screened,,catalog-screened; originals not inspected,,artifact: orbitbid-1920-review-sheets / 17941/review.jpg,,,,not planned,,,,Low
18650,1761165,"Lot of (2) manual grease guns, (6) assorted caulk guns, and weather stripping.",,shop/farm,5,2,2026-10-06T23:30:00Z,,,,transport/disposal,Screened out on first pass: limited personal-use fit or insufficient apparent value relative to pickup/handling burden.,screened,,catalog-screened; originals not inspected,,artifact: orbitbid-1920-review-sheets / 18650/review.jpg,,,,not planned,,,,Low
18651,1761166,"(1) Milwaukee 7 1/4"" tilt lock circular saw with case, 120V.",,miscellaneous,5,4,2026-10-06T23:30:00Z,,,,,Screened out on first pass: limited personal-use fit or insufficient apparent value relative to pickup/handling burden.,screened,,catalog-screened; originals not inspected,,artifact: orbitbid-1920-review-sheets / 18651/review.jpg,,,,not planned,,,,Low
18652,1761167,"(1) Milwaukee 18-gauge shear, 120V.",,miscellaneous,5,5,2026-10-06T23:30:00Z,,,,,Screened out on first pass: limited personal-use fit or insufficient apparent value relative to pickup/handling burden.,screened,,catalog-screened; originals not inspected,,artifact: orbitbid-1920-review-sheets / 18652/review.jpg,,,,not planned,,,,Low
18653,1761168,"(1) DeWalt DCD790, 1/2"" cordless drill driver charger, no battery, and (1) Sioux heavy duty polisher...",,parts/consumables,5,4,2026-10-06T23:30:00Z,,,,age/state-of-charge,Screened out for now: specialized truck-part/consumable inventory with uncertain local resale and handling burden.,screened,,catalog-screened; originals not inspected,,artifact: orbitbid-1920-review-sheets / 18653/review.jpg,,,,not planned,,,,Low
18655,1761170,"Lot of (1) Ace Hardware 48"" T-square, (1) Marshall Town 48"" T-square, (1) right angle, and (1) 24"" b...",,shop/farm,5,4,2026-10-06T23:30:00Z,,,,,Screened out on first pass: limited personal-use fit or insufficient apparent value relative to pickup/handling burden.,screened,,catalog-screened; originals not inspected,,artifact: orbitbid-1920-review-sheets / 18655/review.jpg,,,,not planned,,,,Low
18656,1761171,"(3) sets of bolt cutters, 18"", 24"", and 36"".",,shop/farm,5,4,2026-10-06T23:30:00Z,,,,,Screened out on first pass: limited personal-use fit or insufficient apparent value relative to pickup/handling burden.,screened,,catalog-screened; originals not inspected,,artifact: orbitbid-1920-review-sheets / 18656/review.jpg,,,,not planned,,,,Low
18658,1761173,"(1) Safe Manufacturing National Association F2ND fire-proof file safe, 4-drawer with assorted conten...",,shop/farm,5,8,2026-10-06T23:30:00Z,,,,,Screened out on first pass: limited personal-use fit or insufficient apparent value relative to pickup/handling burden.,screened,,catalog-screened; originals not inspected,,artifact: orbitbid-1920-review-sheets / 18658/review.jpg,,,,not planned,,,,Low
18659,1761174,"Large lot of assorted roller hinges, center hinges, approx. 151"" door rollers, screws, hardware, and...",,shop/farm,5,13,2026-10-06T23:30:00Z,,,,,Screened out on first pass: limited personal-use fit or insufficient apparent value relative to pickup/handling burden.,screened,,catalog-screened; originals not inspected,,artifact: orbitbid-1920-review-sheets / 18659/review.jpg,,,,not planned,,,,Low
18662,1761177,"Large lot of assorted windshield wipers, includes brands (6) ANCO 26"", (6) Fleetrite 26"", (4) ANCO 1...",,parts/consumables,5,7,2026-10-06T23:30:00Z,,,,,Screened out for now: specialized truck-part/consumable inventory with uncertain local resale and handling burden.,screened,,catalog-screened; originals not inspected,,artifact: orbitbid-1920-review-sheets / 18662/review.jpg,,,,not planned,,,,Low
18664,1761179,"(2) cases of Diesel 911, and (1) case of 32 oz. bottles of Diesel Fuel Supplement Octane Boost.",,miscellaneous,155,5,2026-10-06T23:30:00Z,,,,,Screened out on first pass: limited personal-use fit or insufficient apparent value relative to pickup/handling burden.,screened,,catalog-screened; originals not inspected,,artifact: orbitbid-1920-review-sheets / 18664/review.jpg,,,,not planned,,,,Low
18665,1761180,"Rack with contents, includes (12) bottles of Diesel Fuel Supplement, (27) bottles of Diesel 911, DEF...",,miscellaneous,115,8,2026-10-06T23:30:00Z,,,,transport/disposal,Screened out on first pass: limited personal-use fit or insufficient apparent value relative to pickup/handling burden.,screened,,catalog-screened; originals not inspected,,artifact: orbitbid-1920-review-sheets / 18665/review.jpg,,,,not planned,,,,Low
18666,1761181,"Rack with contents, includes assorted Hino Filters, assorted WIX filters, Volvo filters, and much mo...",,commercial vehicle,5,8,2026-10-06T23:30:00Z,,,,,"Screened out for current goals: commercial-vehicle capital, title, transport and resale burden outweigh personal-use-first fit.",screened,,catalog-screened; originals not inspected,,artifact: orbitbid-1920-review-sheets / 18666/review.jpg,,,,not planned,,,,Low
18667,1761182,Lot of (4) assorted aluminum load bars.,,miscellaneous,5,4,2026-10-06T23:30:00Z,,,,,Screened out on first pass: limited personal-use fit or insufficient apparent value relative to pickup/handling burden.,screened,,catalog-screened; originals not inspected,,artifact: orbitbid-1920-review-sheets / 18667/review.jpg,,,,not planned,,,,Low
18668,1761183,"(1) Kimball Midwest 4-drawer pull out cabinet with assorted contents, and assorted grinding wheels a...",,shop/farm,5,6,2026-10-06T23:30:00Z,,,,,Screened out on first pass: limited personal-use fit or insufficient apparent value relative to pickup/handling burden.,screened,,catalog-screened; originals not inspected,,artifact: orbitbid-1920-review-sheets / 18668/review.jpg,,,,not planned,,,,Low
18673,1761188,"Lot of (2) sledgehammers with wood handles, 10 lb. and 6 lb., tire beader, and tire iron.",,parts/consumables,5,4,2026-10-06T23:30:00Z,,,,DOT age/fitment,Screened out for now: specialized truck-part/consumable inventory with uncertain local resale and handling burden.,screened,,catalog-screened; originals not inspected,,artifact: orbitbid-1920-review-sheets / 18673/review.jpg,,,,not planned,,,,Low
18675,1761190,"(1) pulley puller, (1) custom built jaw puller, (1) 8"", and (1) 6"" C-clamp.",,miscellaneous,5,4,2026-10-06T23:30:00Z,,,,,Screened out on first pass: limited personal-use fit or insufficient apparent value relative to pickup/handling burden.,screened,,catalog-screened; originals not inspected,,artifact: orbitbid-1920-review-sheets / 18675/review.jpg,,,,not planned,,,,Low
18676,1761191,Lot of (2) heavy duty air hoses.,,shop/farm,5,4,2026-10-06T23:30:00Z,,,,,Screened out on first pass: limited personal-use fit or insufficient apparent value relative to pickup/handling burden.,screened,,catalog-screened; originals not inspected,,artifact: orbitbid-1920-review-sheets / 18676/review.jpg,,,,not planned,,,,Low
18677,1761192,Lot of (3) heavy duty air hoses.,,shop/farm,5,4,2026-10-06T23:30:00Z,,,,,Screened out on first pass: limited personal-use fit or insufficient apparent value relative to pickup/handling burden.,screened,,catalog-screened; originals not inspected,,artifact: orbitbid-1920-review-sheets / 18677/review.jpg,,,,not planned,,,,Low
18684,1761200,"Lot of (2) 36"" x 24"" steel shop carts.",,shop/farm,5,4,2026-10-07T00:00:00Z,,,,,Screened out on first pass: limited personal-use fit or insufficient apparent value relative to pickup/handling burden.,screened,,catalog-screened; originals not inspected,,artifact: orbitbid-1920-review-sheets / 18684/review.jpg,,,,not planned,,,,Low
18686,1761202,Approx. (35) 50 lb. bags of Vaporizer rock salt.,,miscellaneous,5,3,2026-10-07T00:00:00Z,,,,,Screened out on first pass: limited personal-use fit or insufficient apparent value relative to pickup/handling burden.,screened,,catalog-screened; originals not inspected,,artifact: orbitbid-1920-review-sheets / 18686/review.jpg,,,,not planned,,,,Low
18687,1761203,"Lot of assorted mud flaps, and steel 36"" x 24"" cart.",,shop/farm,5,6,2026-10-07T00:00:00Z,,,,,Screened out on first pass: limited personal-use fit or insufficient apparent value relative to pickup/handling burden.,screened,,catalog-screened; originals not inspected,,artifact: orbitbid-1920-review-sheets / 18687/review.jpg,,,,not planned,,,,Low
18688,1761204,"(1) cart with assorted brakes, includes Meritor A42288, brake shoes, brake drums, brake disc pads, s...",,parts/consumables,5,12,2026-10-07T00:00:00Z,,,,,Screened out for now: specialized truck-part/consumable inventory with uncertain local resale and handling burden.,screened,,catalog-screened; originals not inspected,,artifact: orbitbid-1920-review-sheets / 18688/review.jpg,,,,not planned,,,,Low
18694,1761210,(1) new 15-gallon can of Sitgear synthetic HD gear lubricant SAE 50.,,miscellaneous,5,4,2026-10-07T00:00:00Z,,,,,Screened out on first pass: limited personal-use fit or insufficient apparent value relative to pickup/handling burden.,screened,,catalog-screened; originals not inspected,,artifact: orbitbid-1920-review-sheets / 18694/review.jpg,,,,not planned,,,,Low
18695,1761211,(1) new 15-gallon can of Sitgear synthetic HD gear lubricant SAE 50.,,miscellaneous,5,3,2026-10-07T00:00:00Z,,,,,Screened out on first pass: limited personal-use fit or insufficient apparent value relative to pickup/handling burden.,screened,,catalog-screened; originals not inspected,,artifact: orbitbid-1920-review-sheets / 18695/review.jpg,,,,not planned,,,,Low
18696,1761212,(1) new 15-gallon can of Sitgear synthetic HD gear lubricant SAE 50.,,miscellaneous,5,4,2026-10-07T00:00:00Z,,,,,Screened out on first pass: limited personal-use fit or insufficient apparent value relative to pickup/handling burden.,screened,,catalog-screened; originals not inspected,,artifact: orbitbid-1920-review-sheets / 18696/review.jpg,,,,not planned,,,,Low
18697,1761213,(1) new 15-gallon can of Sitgear synthetic HD gear lubricant SAE 50.,,miscellaneous,5,4,2026-10-07T00:00:00Z,,,,,Screened out on first pass: limited personal-use fit or insufficient apparent value relative to pickup/handling burden.,screened,,catalog-screened; originals not inspected,,artifact: orbitbid-1920-review-sheets / 18697/review.jpg,,,,not planned,,,,Low
18698,1761214,(1) new 15-gallon can of Sitgear synthetic HD gear lubricant SAE 50.,,miscellaneous,5,4,2026-10-07T00:00:00Z,,,,,Screened out on first pass: limited personal-use fit or insufficient apparent value relative to pickup/handling burden.,screened,,catalog-screened; originals not inspected,,artifact: orbitbid-1920-review-sheets / 18698/review.jpg,,,,not planned,,,,Low
18699,1761215,(1) new 15-gallon can of Sitgear synthetic HD gear lubricant SAE 50.,,miscellaneous,5,4,2026-10-07T00:00:00Z,,,,,Screened out on first pass: limited personal-use fit or insufficient apparent value relative to pickup/handling burden.,screened,,catalog-screened; originals not inspected,,artifact: orbitbid-1920-review-sheets / 18699/review.jpg,,,,not planned,,,,Low
18701,1761217,"Lot of (5) Fleetrite semi batteries, 4 are 950 cold cranking amp, and 1 is 925 cold cranking amp.",,miscellaneous,105,6,2026-10-07T00:00:00Z,,,,,Screened out on first pass: limited personal-use fit or insufficient apparent value relative to pickup/handling burden.,screened,,catalog-screened; originals not inspected,,artifact: orbitbid-1920-review-sheets / 18701/review.jpg,,,,not planned,,,,Low
18705,1761220,"(1) steel shop table, 72"" x 30"", includes (3) rolling office chairs, and desk lamp.",,office/misc,5,6,2026-10-06T23:30:00Z,,,,,Screened out: low farm/shop fit and insufficient resale edge to justify pickup effort.,screened,,catalog-screened; originals not inspected,,artifact: orbitbid-1920-review-sheets / 18705/review.jpg,,,,not planned,,,,Low
18706,1761221,"Contents of furniture in office, includes (2) 60"" desks, (1) 42"" desk, (1) 32"" wide entertainment st...",,office/misc,5,6,2026-10-06T23:30:00Z,,,,,Screened out: low farm/shop fit and insufficient resale edge to justify pickup effort.,screened,,catalog-screened; originals not inspected,,artifact: orbitbid-1920-review-sheets / 18706/review.jpg,,,,not planned,,,,Low
18707,1761222,"Frigidaire FFTR18140WD Refrigerator (1) Frigidaire refrigerator, model FFTR18140WD, with freezer, (1...",,miscellaneous,5,7,2026-10-06T23:30:00Z,,,,,Screened out on first pass: limited personal-use fit or insufficient apparent value relative to pickup/handling burden.,screened,,catalog-screened; originals not inspected,,artifact: orbitbid-1920-review-sheets / 18707/review.jpg,,,,not planned,,,,Low
18709,1761224,(1) Amano Cincinnati digital time card clock with card holder.,,miscellaneous,5,4,2026-10-06T23:30:00Z,,,,,Screened out on first pass: limited personal-use fit or insufficient apparent value relative to pickup/handling burden.,screened,,catalog-screened; originals not inspected,,artifact: orbitbid-1920-review-sheets / 18709/review.jpg,,,,not planned,,,,Low
18710,1761225,(1) Werner 6' fiberglass step ladder.,,shop/farm,5,5,2026-10-06T23:30:00Z,,,,,Screened out on first pass: limited personal-use fit or insufficient apparent value relative to pickup/handling burden.,screened,,catalog-screened; originals not inspected,,artifact: orbitbid-1920-review-sheets / 18710/review.jpg,,,,not planned,,,,Low
18712,1761227,"Approx. 3/4 of a drum of Duramax Liquid Armor NC brake clean fluid, winning bidder responsible for p...",,parts/consumables,5,3,2026-10-06T23:30:00Z,,,,transport/disposal,Screened out for now: specialized truck-part/consumable inventory with uncertain local resale and handling burden.,screened,,catalog-screened; originals not inspected,,artifact: orbitbid-1920-review-sheets / 18712/review.jpg,,,,not planned,,,,Low
18716,1761231,"(1) Graco pneumatic grease pump dispenser with a partial barrel of Lithoplex Industrial #2 Grease, w...",,shop/farm,155,5,2026-10-06T23:30:00Z,,,,transport/disposal,Graco pneumatic grease setup includes partial grease barrel; useful commercial equipment but duplicates equipment already on hand.,screened,,review-sheet-screened,Graco pneumatic grease setup includes partial grease barrel; useful commercial equipment but duplicates equipment already on hand.,artifact: orbitbid-1920-review-sheets / 18716/review.jpg,,,,not planned,,,,Low
18717,1761232,"(1) Graco Fireball 300 air powered grease dispensing pump, with Graco digital pump display, and part...",,shop/farm,205,6,2026-10-06T23:30:00Z,,,,transport/disposal,Graco Fireball 300 with digital meter and partial fluid drum appears complete; good equipment but specialized/duplicate need.,screened,,review-sheet-screened,Graco Fireball 300 with digital meter and partial fluid drum appears complete; good equipment but specialized/duplicate need.,artifact: orbitbid-1920-review-sheets / 18717/review.jpg,,,,not planned,,,,Low
18718,1761233,"(1) Graco pneumatic pump dispenser with a partial 16-gallon drum of automotive gear oil, SAE 85W-140...",,miscellaneous,5,5,2026-10-06T23:30:00Z,,,,transport/disposal,Screened out on first pass: limited personal-use fit or insufficient apparent value relative to pickup/handling burden.,screened,,catalog-screened; originals not inspected,,artifact: orbitbid-1920-review-sheets / 18718/review.jpg,,,,not planned,,,,Low
18720,1761235,"(1) steel foreman's desk, 34.5"" wide.",,office/misc,5,5,2026-10-06T23:30:00Z,,,,,Screened out: low farm/shop fit and insufficient resale edge to justify pickup effort.,screened,,catalog-screened; originals not inspected,,artifact: orbitbid-1920-review-sheets / 18720/review.jpg,,,,not planned,,,,Low
18721,1761236,"(2) boxes of Cummins parts, includes Pilot cam shaft, and Cummins 15X cam gear puller.",,miscellaneous,5,6,2026-10-07T00:00:00Z,,,,,Screened out on first pass: limited personal-use fit or insufficient apparent value relative to pickup/handling burden.,screened,,catalog-screened; originals not inspected,,artifact: orbitbid-1920-review-sheets / 18721/review.jpg,,,,not planned,,,,Low
18727,1761242,"Lot of (8) assorted Type 30, 30 piggyback air chamber kits.",,parts/consumables,5,10,2026-10-07T00:00:00Z,,,,,Screened out for now: specialized truck-part/consumable inventory with uncertain local resale and handling burden.,screened,,catalog-screened; originals not inspected,,artifact: orbitbid-1920-review-sheets / 18727/review.jpg,,,,not planned,,,,Low
18732,1761310,"(1) Ricoh Super G3, commercial multi-function printer, item #415473-U2, S/N C84046114.",,office/misc,5,4,2026-10-07T00:00:00Z,,,,,Screened out: low farm/shop fit and insufficient resale edge to justify pickup effort.,screened,,catalog-screened; originals not inspected,,artifact: orbitbid-1920-review-sheets / 18732/review.jpg,,,,not planned,,,,Low
18733,1761311,"(1) Meritor, part #R955065225X, Reman, model 9, dryer.",,miscellaneous,5,3,2026-10-07T00:00:00Z,,,,,Screened out on first pass: limited personal-use fit or insufficient apparent value relative to pickup/handling burden.,screened,,catalog-screened; originals not inspected,,artifact: orbitbid-1920-review-sheets / 18733/review.jpg,,,,not planned,,,,Low
18734,1761312,"(2) Morgan, model 62C6520, trailer corners, 1 left/1 right side.",,miscellaneous,5,5,2026-10-07T00:00:00Z,,,,capital/title/transport burden,Screened out on first pass: limited personal-use fit or insufficient apparent value relative to pickup/handling burden.,screened,,catalog-screened; originals not inspected,,artifact: orbitbid-1920-review-sheets / 18734/review.jpg,,,,not planned,,,,Low
18735,1761313,"Lot of assorted Caterpillar parts, includes gaskets, hose, fittings, wiring, clamps, and more.",,miscellaneous,5,8,2026-10-07T00:00:00Z,,,,,Screened out on first pass: limited personal-use fit or insufficient apparent value relative to pickup/handling burden.,screened,,catalog-screened; originals not inspected,,artifact: orbitbid-1920-review-sheets / 18735/review.jpg,,,,not planned,,,,Low
