snapshot_at,snapshot_type,lot,internal_id,current_bid,bid_count,status,live_status,end_time,end_time_utc
2026-10-05T14:58:19.263559Z,export,10000,1761139,105,2,1,0,1791324000,2026-10-06T22:00:00Z
2026-10-05T14:58:19.263559Z,export,10001,1761140,100,0,1,0,1791324000,2026-10-06T22:00:00Z
2026-10-05T14:58:19.263559Z,export,10002,1761141,100,0,1,0,1791324000,2026-10-06T22:00:00Z
2026-10-05T14:58:19.263559Z,export,10003,1761142,100,1,1,0,1791324000,2026-10-06T22:00:00Z
2026-10-05T14:58:19.263559Z,export,10004,1761143,1525,8,1,0,1791324000,2026-10-06T22:00:00Z
2026-10-05T14:58:19.263559Z,export,10005,1761144,2550,8,1,0,1791324000,2026-10-06T22:00:00Z
2026-10-05T14:58:19.263559Z,export,10006,1761145,115,4,1,0,1791324000,2026-10-06T22:00:00Z
2026-10-05T14:58:19.263559Z,export,10007,1761146,105,2,1,0,1791324000,2026-10-06T22:00:00Z
2026-10-05T14:58:19.263559Z,export,10008,1761147,7550,12,1,0,1791324000,2026-10-06T22:00:00Z
2026-10-05T14:58:19.263559Z,export,10009,1761148,25600,31,1,0,1791324000,2026-10-06T22:00:00Z
2026-10-05T14:58:19.263559Z,export,10010,1761149,3050,7,1,0,1791324000,2026-10-06T22:00:00Z
2026-10-05T14:58:19.263559Z,export,10011,1761150,11100,101,1,0,1791324000,2026-10-06T22:00:00Z
2026-10-05T14:58:19.263559Z,export,10012,1761151,15050,8,1,0,1791324000,2026-10-06T22:00:00Z
2026-10-05T14:58:19.263559Z,export,10013,1761152,42250,72,1,0,1791324000,2026-10-06T22:00:00Z
2026-10-05T14:58:19.263559Z,export,10014,1761153,18100,38,1,0,1791324000,2026-10-06T22:00:00Z
2026-10-05T14:58:19.263559Z,export,10015,1761154,15400,26,1,0,1791324000,2026-10-06T22:00:00Z
2026-10-05T14:58:19.263559Z,export,10016,1761155,7850,12,1,0,1791324000,2026-10-06T22:00:00Z
2026-10-05T14:58:19.263559Z,export,10017,1761156,41250,50,1,0,1791324000,2026-10-06T22:00:00Z
2026-10-05T14:58:19.263559Z,export,10018,1761157,1005,3,1,0,1791324000,2026-10-06T22:00:00Z
2026-10-05T14:58:19.263559Z,export,10019,1761158,100,1,1,0,1791324000,2026-10-06T22:00:00Z
2026-10-05T14:58:19.263559Z,export,10050,1761119,1950,13,1,0,1791325800,2026-10-06T22:30:00Z
2026-10-05T14:58:19.263559Z,export,10051,1761120,100,1,1,0,1791325800,2026-10-06T22:30:00Z
2026-10-05T14:58:19.263559Z,export,10052,1761121,100,1,1,0,1791325800,2026-10-06T22:30:00Z
2026-10-05T14:58:19.263559Z,export,10053,1761122,1005,12,1,0,1791325800,2026-10-06T22:30:00Z
2026-10-05T14:58:19.263559Z,export,10054,1761123,510,7,1,0,1791325800,2026-10-06T22:30:00Z
2026-10-05T14:58:19.263559Z,export,10055,1761124,100,0,1,0,1791325800,2026-10-06T22:30:00Z
2026-10-05T14:58:19.263559Z,export,10056,1761125,100,0,1,0,1791325800,2026-10-06T22:30:00Z
2026-10-05T14:58:19.263559Z,export,10057,1761126,100,1,1,0,1791325800,2026-10-06T22:30:00Z
2026-10-05T14:58:19.263559Z,export,10058,1761127,100,1,1,0,1791325800,2026-10-06T22:30:00Z
2026-10-05T14:58:19.263559Z,export,10059,1761128,1025,14,1,0,1791325800,2026-10-06T22:30:00Z
2026-10-05T14:58:19.263559Z,export,10060,1761129,7450,56,1,0,1791325800,2026-10-06T22:30:00Z
2026-10-05T14:58:19.263559Z,export,10061,1761130,100,0,1,0,1791325800,2026-10-06T22:30:00Z
2026-10-05T14:58:19.263559Z,export,10062,1761131,3050,74,1,0,1791325800,2026-10-06T22:30:00Z
2026-10-05T14:58:19.263559Z,export,10063,1761132,625,5,1,0,1791325800,2026-10-06T22:30:00Z
2026-10-05T14:58:19.263559Z,export,10064,1761133,100,1,1,0,1791325800,2026-10-06T22:30:00Z
2026-10-05T14:58:19.263559Z,export,10065,1761134,100,0,1,0,1791325800,2026-10-06T22:30:00Z
2026-10-05T14:58:19.263559Z,export,10066,1761135,100,1,1,0,1791325800,2026-10-06T22:30:00Z
2026-10-05T14:58:19.263559Z,export,10067,1761136,100,1,1,0,1791325800,2026-10-06T22:30:00Z
2026-10-05T14:58:19.263559Z,export,10068,1761137,100,1,1,0,1791325800,2026-10-06T22:30:00Z
2026-10-05T14:58:19.263559Z,export,10069,1761138,100,0,1,0,1791325800,2026-10-06T22:30:00Z
2026-10-05T14:58:19.263559Z,export,17100,1761063,100,0,1,0,1791327600,2026-10-06T23:00:00Z
2026-10-05T14:58:19.263559Z,export,17101,1761064,100,1,1,0,1791327600,2026-10-06T23:00:00Z
2026-10-05T14:58:19.263559Z,export,17102,1761065,100,0,1,0,1791327600,2026-10-06T23:00:00Z
2026-10-05T14:58:19.263559Z,export,17103,1761066,100,0,1,0,1791327600,2026-10-06T23:00:00Z
2026-10-05T14:58:19.263559Z,export,17104,1761067,100,0,1,0,1791327600,2026-10-06T23:00:00Z
2026-10-05T14:58:19.263559Z,export,17105,1761068,100,0,1,0,1791327600,2026-10-06T23:00:00Z
2026-10-05T14:58:19.263559Z,export,17106,1761069,100,0,1,0,1791327600,2026-10-06T23:00:00Z
2026-10-05T14:58:19.263559Z,export,17107,1761070,100,0,1,0,1791327600,2026-10-06T23:00:00Z
2026-10-05T14:58:19.263559Z,export,17108,1761071,100,1,1,0,1791327600,2026-10-06T23:00:00Z
2026-10-05T14:58:19.263559Z,export,17109,1761072,100,0,1,0,1791327600,2026-10-06T23:00:00Z
2026-10-05T14:58:19.263559Z,export,17110,1761073,100,0,1,0,1791327600,2026-10-06T23:00:00Z
2026-10-05T14:58:19.263559Z,export,17111,1761074,100,0,1,0,1791327600,2026-10-06T23:00:00Z
2026-10-05T14:58:19.263559Z,export,17112,1761075,100,0,1,0,1791327600,2026-10-06T23:00:00Z
2026-10-05T14:58:19.263559Z,export,17113,1761076,100,0,1,0,1791327600,2026-10-06T23:00:00Z
2026-10-05T14:58:19.263559Z,export,17114,1761077,100,0,1,0,1791327600,2026-10-06T23:00:00Z
2026-10-05T14:58:19.263559Z,export,17115,1761078,100,0,1,0,1791327600,2026-10-06T23:00:00Z
2026-10-05T14:58:19.263559Z,export,17116,1761079,100,0,1,0,1791327600,2026-10-06T23:00:00Z
2026-10-05T14:58:19.263559Z,export,17117,1761080,100,0,1,0,1791327600,2026-10-06T23:00:00Z
2026-10-05T14:58:19.263559Z,export,17118,1761081,100,1,1,0,1791327600,2026-10-06T23:00:00Z
2026-10-05T14:58:19.263559Z,export,17119,1761082,100,0,1,0,1791327600,2026-10-06T23:00:00Z
2026-10-05T14:58:19.263559Z,export,17120,1761083,100,0,1,0,1791327600,2026-10-06T23:00:00Z
2026-10-05T14:58:19.263559Z,export,17121,1761084,100,0,1,0,1791327600,2026-10-06T23:00:00Z
2026-10-05T14:58:19.263559Z,export,17122,1761085,100,0,1,0,1791327600,2026-10-06T23:00:00Z
2026-10-05T14:58:19.263559Z,export,10020,1761159,7050,26,1,0,1791329400,2026-10-06T23:30:00Z
2026-10-05T14:58:19.263559Z,export,10021,1761160,5,0,1,0,1791329400,2026-10-06T23:30:00Z
2026-10-05T14:58:19.263559Z,export,10022,1761161,5,1,1,0,1791329400,2026-10-06T23:30:00Z
2026-10-05T14:58:19.263559Z,export,10023,1761162,130,3,1,0,1791329400,2026-10-06T23:30:00Z
2026-10-05T14:58:19.263559Z,export,10024,1761163,5,0,1,0,1791329400,2026-10-06T23:30:00Z
2026-10-05T14:58:19.263559Z,export,10025,1761164,5,0,1,0,1791329400,2026-10-06T23:30:00Z
2026-10-05T14:58:19.263559Z,export,17850,1761247,5,0,1,0,1791329400,2026-10-06T23:30:00Z
2026-10-05T14:58:19.263559Z,export,17851,1761248,5,0,1,0,1791329400,2026-10-06T23:30:00Z
2026-10-05T14:58:19.263559Z,export,17852,1761249,205,7,1,0,1791329400,2026-10-06T23:30:00Z
2026-10-05T14:58:19.263559Z,export,17853,1761250,1025,39,1,0,1791329400,2026-10-06T23:30:00Z
2026-10-05T14:58:19.263559Z,export,17854,1761251,5,1,1,0,1791329400,2026-10-06T23:30:00Z
2026-10-05T14:58:19.263559Z,export,17855,1761252,5,0,1,0,1791329400,2026-10-06T23:30:00Z
2026-10-05T14:58:19.263559Z,export,17856,1761253,5,1,1,0,1791329400,2026-10-06T23:30:00Z
2026-10-05T14:58:19.263559Z,export,17857,1761254,5,0,1,0,1791329400,2026-10-06T23:30:00Z
2026-10-05T14:58:19.263559Z,export,17858,1761255,5,1,1,0,1791329400,2026-10-06T23:30:00Z
2026-10-05T14:58:19.263559Z,export,17859,1761256,5,0,1,0,1791329400,2026-10-06T23:30:00Z
2026-10-05T14:58:19.263559Z,export,17860,1761257,5,0,1,0,1791329400,2026-10-06T23:30:00Z
2026-10-05T14:58:19.263559Z,export,17861,1761258,5,0,1,0,1791329400,2026-10-06T23:30:00Z
2026-10-05T14:58:19.263559Z,export,17862,1761259,5,0,1,0,1791329400,2026-10-06T23:30:00Z
2026-10-05T14:58:19.263559Z,export,17863,1761260,5,0,1,0,1791329400,2026-10-06T23:30:00Z
2026-10-05T14:58:19.263559Z,export,17864,1761262,5,1,1,0,1791329400,2026-10-06T23:30:00Z
2026-10-05T14:58:19.263559Z,export,17865,1761263,5,0,1,0,1791329400,2026-10-06T23:30:00Z
2026-10-05T14:58:19.263559Z,export,17909,1761086,5,0,1,0,1791329400,2026-10-06T23:30:00Z
2026-10-05T14:58:19.263559Z,export,17911,1761088,5,0,1,0,1791329400,2026-10-06T23:30:00Z
2026-10-05T14:58:19.263559Z,export,17912,1761089,5,0,1,0,1791329400,2026-10-06T23:30:00Z
2026-10-05T14:58:19.263559Z,export,17913,1761090,5,0,1,0,1791329400,2026-10-06T23:30:00Z
2026-10-05T14:58:19.263559Z,export,17914,1761091,5,0,1,0,1791329400,2026-10-06T23:30:00Z
2026-10-05T14:58:19.263559Z,export,17915,1761092,5,0,1,0,1791329400,2026-10-06T23:30:00Z
2026-10-05T14:58:19.263559Z,export,17916,1761093,5,0,1,0,1791329400,2026-10-06T23:30:00Z
2026-10-05T14:58:19.263559Z,export,17917,1761094,5,1,1,0,1791329400,2026-10-06T23:30:00Z
2026-10-05T14:58:19.263559Z,export,17918,1761095,5,0,1,0,1791329400,2026-10-06T23:30:00Z
2026-10-05T14:58:19.263559Z,export,17919,1761096,5,0,1,0,1791329400,2026-10-06T23:30:00Z
2026-10-05T14:58:19.263559Z,export,17920,1761097,5,0,1,0,1791329400,2026-10-06T23:30:00Z
2026-10-05T14:58:19.263559Z,export,17921,1761098,5,0,1,0,1791329400,2026-10-06T23:30:00Z
2026-10-05T14:58:19.263559Z,export,17922,1761099,5,0,1,0,1791329400,2026-10-06T23:30:00Z
2026-10-05T14:58:19.263559Z,export,17923,1761100,5,0,1,0,1791329400,2026-10-06T23:30:00Z
2026-10-05T14:58:19.263559Z,export,17924,1761101,5,1,1,0,1791329400,2026-10-06T23:30:00Z
2026-10-05T14:58:19.263559Z,export,17925,1761102,5,0,1,0,1791329400,2026-10-06T23:30:00Z
2026-10-05T14:58:19.263559Z,export,17926,1761103,5,0,1,0,1791329400,2026-10-06T23:30:00Z
2026-10-05T14:58:19.263559Z,export,17927,1761104,5,1,1,0,1791329400,2026-10-06T23:30:00Z
2026-10-05T14:58:19.263559Z,export,17928,1761105,5,0,1,0,1791329400,2026-10-06T23:30:00Z
2026-10-05T14:58:19.263559Z,export,17929,1761106,5,0,1,0,1791329400,2026-10-06T23:30:00Z
2026-10-05T14:58:19.263559Z,export,17930,1761107,5,0,1,0,1791329400,2026-10-06T23:30:00Z
2026-10-05T14:58:19.263559Z,export,17931,1761108,5,1,1,0,1791329400,2026-10-06T23:30:00Z
2026-10-05T14:58:19.263559Z,export,17932,1761109,5,0,1,0,1791329400,2026-10-06T23:30:00Z
2026-10-05T14:58:19.263559Z,export,17933,1761110,5,0,1,0,1791329400,2026-10-06T23:30:00Z
2026-10-05T14:58:19.263559Z,export,17934,1761111,5,0,1,0,1791329400,2026-10-06T23:30:00Z
2026-10-05T14:58:19.263559Z,export,17935,1761112,5,0,1,0,1791329400,2026-10-06T23:30:00Z
2026-10-05T14:58:19.263559Z,export,17936,1761113,5,0,1,0,1791329400,2026-10-06T23:30:00Z
2026-10-05T14:58:19.263559Z,export,17937,1761114,5,0,1,0,1791329400,2026-10-06T23:30:00Z
2026-10-05T14:58:19.263559Z,export,17938,1761115,5,0,1,0,1791329400,2026-10-06T23:30:00Z
2026-10-05T14:58:19.263559Z,export,17939,1761116,5,0,1,0,1791329400,2026-10-06T23:30:00Z
2026-10-05T14:58:19.263559Z,export,17940,1761117,5,0,1,0,1791329400,2026-10-06T23:30:00Z
2026-10-05T14:58:19.263559Z,export,17941,1761118,310,7,1,0,1791329400,2026-10-06T23:30:00Z
2026-10-05T14:58:19.263559Z,export,18650,1761165,5,0,1,0,1791329400,2026-10-06T23:30:00Z
2026-10-05T14:58:19.263559Z,export,18651,1761166,5,0,1,0,1791329400,2026-10-06T23:30:00Z
2026-10-05T14:58:19.263559Z,export,18652,1761167,5,0,1,0,1791329400,2026-10-06T23:30:00Z
2026-10-05T14:58:19.263559Z,export,18653,1761168,5,0,1,0,1791329400,2026-10-06T23:30:00Z
2026-10-05T14:58:19.263559Z,export,18654,1761169,5,0,1,0,1791329400,2026-10-06T23:30:00Z
2026-10-05T14:58:19.263559Z,export,18655,1761170,5,0,1,0,1791329400,2026-10-06T23:30:00Z
2026-10-05T14:58:19.263559Z,export,18656,1761171,5,0,1,0,1791329400,2026-10-06T23:30:00Z
2026-10-05T14:58:19.263559Z,export,18657,1761172,5,0,1,0,1791329400,2026-10-06T23:30:00Z
2026-10-05T14:58:19.263559Z,export,18658,1761173,5,0,1,0,1791329400,2026-10-06T23:30:00Z
2026-10-05T14:58:19.263559Z,export,18659,1761174,5,0,1,0,1791329400,2026-10-06T23:30:00Z
2026-10-05T14:58:19.263559Z,export,18660,1761175,40,8,1,0,1791329400,2026-10-06T23:30:00Z
2026-10-05T14:58:19.263559Z,export,18661,1761176,5,0,1,0,1791329400,2026-10-06T23:30:00Z
2026-10-05T14:58:19.263559Z,export,18662,1761177,5,0,1,0,1791329400,2026-10-06T23:30:00Z
2026-10-05T14:58:19.263559Z,export,18663,1761178,5,0,1,0,1791329400,2026-10-06T23:30:00Z
2026-10-05T14:58:19.263559Z,export,18664,1761179,155,14,1,0,1791329400,2026-10-06T23:30:00Z
2026-10-05T14:58:19.263559Z,export,18665,1761180,115,14,1,0,1791329400,2026-10-06T23:30:00Z
2026-10-05T14:58:19.263559Z,export,18666,1761181,5,0,1,0,1791329400,2026-10-06T23:30:00Z
2026-10-05T14:58:19.263559Z,export,18667,1761182,5,0,1,0,1791329400,2026-10-06T23:30:00Z
2026-10-05T14:58:19.263559Z,export,18668,1761183,5,0,1,0,1791329400,2026-10-06T23:30:00Z
2026-10-05T14:58:19.263559Z,export,18669,1761184,5,1,1,0,1791329400,2026-10-06T23:30:00Z
2026-10-05T14:58:19.263559Z,export,18670,1761185,5,1,1,0,1791329400,2026-10-06T23:30:00Z
2026-10-05T14:58:19.263559Z,export,18671,1761186,10,2,1,0,1791329400,2026-10-06T23:30:00Z
2026-10-05T14:58:19.263559Z,export,18672,1761187,5,1,1,0,1791329400,2026-10-06T23:30:00Z
2026-10-05T14:58:19.263559Z,export,18673,1761188,5,1,1,0,1791329400,2026-10-06T23:30:00Z
2026-10-05T14:58:19.263559Z,export,18674,1761189,5,1,1,0,1791329400,2026-10-06T23:30:00Z
2026-10-05T14:58:19.263559Z,export,18675,1761190,5,1,1,0,1791329400,2026-10-06T23:30:00Z
2026-10-05T14:58:19.263559Z,export,18676,1761191,5,0,1,0,1791329400,2026-10-06T23:30:00Z
2026-10-05T14:58:19.263559Z,export,18677,1761192,5,0,1,0,1791329400,2026-10-06T23:30:00Z
2026-10-05T14:58:19.263559Z,export,18678,1761194,5,1,1,0,1791329400,2026-10-06T23:30:00Z
2026-10-05T14:58:19.263559Z,export,18679,1761195,5,1,1,0,1791329400,2026-10-06T23:30:00Z
2026-10-05T14:58:19.263559Z,export,18680,1761196,5,0,1,0,1791329400,2026-10-06T23:30:00Z
2026-10-05T14:58:19.263559Z,export,18681,1761197,10,2,1,0,1791329400,2026-10-06T23:30:00Z
2026-10-05T14:58:19.263559Z,export,18682,1761198,5,1,1,0,1791329400,2026-10-06T23:30:00Z
2026-10-05T14:58:19.263559Z,export,18683,1761199,5,0,1,0,1791329400,2026-10-06T23:30:00Z
2026-10-05T14:58:19.263559Z,export,18705,1761220,5,0,1,0,1791329400,2026-10-06T23:30:00Z
2026-10-05T14:58:19.263559Z,export,18706,1761221,5,0,1,0,1791329400,2026-10-06T23:30:00Z
2026-10-05T14:58:19.263559Z,export,18707,1761222,5,1,1,0,1791329400,2026-10-06T23:30:00Z
2026-10-05T14:58:19.263559Z,export,18708,1761223,5,1,1,0,1791329400,2026-10-06T23:30:00Z
2026-10-05T14:58:19.263559Z,export,18709,1761224,5,0,1,0,1791329400,2026-10-06T23:30:00Z
2026-10-05T14:58:19.263559Z,export,18710,1761225,5,0,1,0,1791329400,2026-10-06T23:30:00Z
2026-10-05T14:58:19.263559Z,export,18711,1761226,5,0,1,0,1791329400,2026-10-06T23:30:00Z
2026-10-05T14:58:19.263559Z,export,18712,1761227,5,0,1,0,1791329400,2026-10-06T23:30:00Z
2026-10-05T14:58:19.263559Z,export,18713,1761228,5,0,1,0,1791329400,2026-10-06T23:30:00Z
2026-10-05T14:58:19.263559Z,export,18714,1761229,5,1,1,0,1791329400,2026-10-06T23:30:00Z
2026-10-05T14:58:19.263559Z,export,18715,1761230,5,0,1,0,1791329400,2026-10-06T23:30:00Z
2026-10-05T14:58:19.263559Z,export,18716,1761231,155,5,1,0,1791329400,2026-10-06T23:30:00Z
2026-10-05T14:58:19.263559Z,export,18717,1761232,205,6,1,0,1791329400,2026-10-06T23:30:00Z
2026-10-05T14:58:19.263559Z,export,18718,1761233,5,1,1,0,1791329400,2026-10-06T23:30:00Z
2026-10-05T14:58:19.263559Z,export,18719,1761234,5,0,1,0,1791329400,2026-10-06T23:30:00Z
2026-10-05T14:58:19.263559Z,export,18720,1761235,5,0,1,0,1791329400,2026-10-06T23:30:00Z
2026-10-05T14:58:19.263559Z,export,17866,1761264,5,0,1,0,1791331200,2026-10-07T00:00:00Z
2026-10-05T14:58:19.263559Z,export,17867,1761265,5,0,1,0,1791331200,2026-10-07T00:00:00Z
2026-10-05T14:58:19.263559Z,export,17868,1761266,5,0,1,0,1791331200,2026-10-07T00:00:00Z
2026-10-05T14:58:19.263559Z,export,17869,1761268,5,0,1,0,1791331200,2026-10-07T00:00:00Z
2026-10-05T14:58:19.263559Z,export,17870,1761269,5,0,1,0,1791331200,2026-10-07T00:00:00Z
2026-10-05T14:58:19.263559Z,export,17871,1761270,5,0,1,0,1791331200,2026-10-07T00:00:00Z
2026-10-05T14:58:19.263559Z,export,17872,1761271,5,0,1,0,1791331200,2026-10-07T00:00:00Z
2026-10-05T14:58:19.263559Z,export,17873,1761272,5,0,1,0,1791331200,2026-10-07T00:00:00Z
2026-10-05T14:58:19.263559Z,export,17874,1761273,5,0,1,0,1791331200,2026-10-07T00:00:00Z
2026-10-05T14:58:19.263559Z,export,17875,1761274,10,2,1,0,1791331200,2026-10-07T00:00:00Z
2026-10-05T14:58:19.263559Z,export,17876,1761275,5,1,1,0,1791331200,2026-10-07T00:00:00Z
2026-10-05T14:58:19.263559Z,export,17877,1761276,5,0,1,0,1791331200,2026-10-07T00:00:00Z
2026-10-05T14:58:19.263559Z,export,17878,1761277,5,0,1,0,1791331200,2026-10-07T00:00:00Z
2026-10-05T14:58:19.263559Z,export,17879,1761278,5,1,1,0,1791331200,2026-10-07T00:00:00Z
2026-10-05T14:58:19.263559Z,export,17880,1761279,5,1,1,0,1791331200,2026-10-07T00:00:00Z
2026-10-05T14:58:19.263559Z,export,17881,1761280,5,0,1,0,1791331200,2026-10-07T00:00:00Z
2026-10-05T14:58:19.263559Z,export,17882,1761281,5,0,1,0,1791331200,2026-10-07T00:00:00Z
2026-10-05T14:58:19.263559Z,export,17883,1761282,5,0,1,0,1791331200,2026-10-07T00:00:00Z
2026-10-05T14:58:19.263559Z,export,17884,1761283,5,0,1,0,1791331200,2026-10-07T00:00:00Z
2026-10-05T14:58:19.263559Z,export,17885,1761284,5,0,1,0,1791331200,2026-10-07T00:00:00Z
2026-10-05T14:58:19.263559Z,export,17886,1761285,5,0,1,0,1791331200,2026-10-07T00:00:00Z
2026-10-05T14:58:19.263559Z,export,17887,1761286,5,0,1,0,1791331200,2026-10-07T00:00:00Z
2026-10-05T14:58:19.263559Z,export,17888,1761287,5,0,1,0,1791331200,2026-10-07T00:00:00Z
2026-10-05T14:58:19.263559Z,export,17889,1761288,5,1,1,0,1791331200,2026-10-07T00:00:00Z
2026-10-05T14:58:19.263559Z,export,17890,1761289,5,0,1,0,1791331200,2026-10-07T00:00:00Z
2026-10-05T14:58:19.263559Z,export,17891,1761291,5,1,1,0,1791331200,2026-10-07T00:00:00Z
2026-10-05T14:58:19.263559Z,export,17892,1761292,5,1,1,0,1791331200,2026-10-07T00:00:00Z
2026-10-05T14:58:19.263559Z,export,17893,1761293,5,0,1,0,1791331200,2026-10-07T00:00:00Z
2026-10-05T14:58:19.263559Z,export,17894,1761294,5,0,1,0,1791331200,2026-10-07T00:00:00Z
2026-10-05T14:58:19.263559Z,export,17895,1761295,5,0,1,0,1791331200,2026-10-07T00:00:00Z
2026-10-05T14:58:19.263559Z,export,17896,1761296,5,0,1,0,1791331200,2026-10-07T00:00:00Z
2026-10-05T14:58:19.263559Z,export,17897,1761297,5,1,1,0,1791331200,2026-10-07T00:00:00Z
2026-10-05T14:58:19.263559Z,export,17898,1761298,5,0,1,0,1791331200,2026-10-07T00:00:00Z
2026-10-05T14:58:19.263559Z,export,17899,1761299,5,0,1,0,1791331200,2026-10-07T00:00:00Z
2026-10-05T14:58:19.263559Z,export,17900,1761300,5,0,1,0,1791331200,2026-10-07T00:00:00Z
2026-10-05T14:58:19.263559Z,export,17901,1761301,5,0,1,0,1791331200,2026-10-07T00:00:00Z
2026-10-05T14:58:19.263559Z,export,17902,1761303,5,0,1,0,1791331200,2026-10-07T00:00:00Z
2026-10-05T14:58:19.263559Z,export,17903,1761304,30,3,1,0,1791331200,2026-10-07T00:00:00Z
2026-10-05T14:58:19.263559Z,export,17904,1761305,5,0,1,0,1791331200,2026-10-07T00:00:00Z
2026-10-05T14:58:19.263559Z,export,17905,1761306,5,0,1,0,1791331200,2026-10-07T00:00:00Z
2026-10-05T14:58:19.263559Z,export,17906,1761307,5,1,1,0,1791331200,2026-10-07T00:00:00Z
2026-10-05T14:58:19.263559Z,export,17907,1761308,100,3,1,0,1791331200,2026-10-07T00:00:00Z
2026-10-05T14:58:19.263559Z,export,17908,1761309,5,0,1,0,1791331200,2026-10-07T00:00:00Z
2026-10-05T14:58:19.263559Z,export,17910,1761314,5,0,1,0,1791331200,2026-10-07T00:00:00Z
2026-10-05T14:58:19.263559Z,export,18684,1761200,5,0,1,0,1791331200,2026-10-07T00:00:00Z
2026-10-05T14:58:19.263559Z,export,18685,1761201,5,0,1,0,1791331200,2026-10-07T00:00:00Z
2026-10-05T14:58:19.263559Z,export,18686,1761202,5,0,1,0,1791331200,2026-10-07T00:00:00Z
2026-10-05T14:58:19.263559Z,export,18687,1761203,5,0,1,0,1791331200,2026-10-07T00:00:00Z
2026-10-05T14:58:19.263559Z,export,18688,1761204,5,0,1,0,1791331200,2026-10-07T00:00:00Z
2026-10-05T14:58:19.263559Z,export,18689,1761205,5,1,1,0,1791331200,2026-10-07T00:00:00Z
2026-10-05T14:58:19.263559Z,export,18690,1761206,5,1,1,0,1791331200,2026-10-07T00:00:00Z
2026-10-05T14:58:19.263559Z,export,18691,1761207,5,0,1,0,1791331200,2026-10-07T00:00:00Z
2026-10-05T14:58:19.263559Z,export,18692,1761208,5,0,1,0,1791331200,2026-10-07T00:00:00Z
2026-10-05T14:58:19.263559Z,export,18693,1761209,5,0,1,0,1791331200,2026-10-07T00:00:00Z
2026-10-05T14:58:19.263559Z,export,18694,1761210,5,0,1,0,1791331200,2026-10-07T00:00:00Z
2026-10-05T14:58:19.263559Z,export,18695,1761211,5,0,1,0,1791331200,2026-10-07T00:00:00Z
2026-10-05T14:58:19.263559Z,export,18696,1761212,5,0,1,0,1791331200,2026-10-07T00:00:00Z
2026-10-05T14:58:19.263559Z,export,18697,1761213,5,0,1,0,1791331200,2026-10-07T00:00:00Z
2026-10-05T14:58:19.263559Z,export,18698,1761214,5,0,1,0,1791331200,2026-10-07T00:00:00Z
2026-10-05T14:58:19.263559Z,export,18699,1761215,5,0,1,0,1791331200,2026-10-07T00:00:00Z
2026-10-05T14:58:19.263559Z,export,18700,1761216,5,1,1,0,1791331200,2026-10-07T00:00:00Z
2026-10-05T14:58:19.263559Z,export,18701,1761217,105,5,1,0,1791331200,2026-10-07T00:00:00Z
2026-10-05T14:58:19.263559Z,export,18702,1761218,155,9,1,0,1791331200,2026-10-07T00:00:00Z
2026-10-05T14:58:19.263559Z,export,18703,1761219,55,5,1,0,1791331200,2026-10-07T00:00:00Z
2026-10-05T14:58:19.263559Z,export,18721,1761236,5,0,1,0,1791331200,2026-10-07T00:00:00Z
2026-10-05T14:58:19.263559Z,export,18722,1761237,5,1,1,0,1791331200,2026-10-07T00:00:00Z
2026-10-05T14:58:19.263559Z,export,18723,1761238,5,0,1,0,1791331200,2026-10-07T00:00:00Z
2026-10-05T14:58:19.263559Z,export,18724,1761239,5,0,1,0,1791331200,2026-10-07T00:00:00Z
2026-10-05T14:58:19.263559Z,export,18725,1761240,5,0,1,0,1791331200,2026-10-07T00:00:00Z
2026-10-05T14:58:19.263559Z,export,18726,1761241,5,0,1,0,1791331200,2026-10-07T00:00:00Z
2026-10-05T14:58:19.263559Z,export,18727,1761242,5,1,1,0,1791331200,2026-10-07T00:00:00Z
2026-10-05T14:58:19.263559Z,export,18728,1761243,5,0,1,0,1791331200,2026-10-07T00:00:00Z
2026-10-05T14:58:19.263559Z,export,18729,1761244,5,0,1,0,1791331200,2026-10-07T00:00:00Z
2026-10-05T14:58:19.263559Z,export,18730,1761245,5,0,1,0,1791331200,2026-10-07T00:00:00Z
2026-10-05T14:58:19.263559Z,export,18731,1761246,5,0,1,0,1791331200,2026-10-07T00:00:00Z
2026-10-05T14:58:19.263559Z,export,18732,1761310,5,1,1,0,1791331200,2026-10-07T00:00:00Z
2026-10-05T14:58:19.263559Z,export,18733,1761311,5,0,1,0,1791331200,2026-10-07T00:00:00Z
2026-10-05T14:58:19.263559Z,export,18734,1761312,5,0,1,0,1791331200,2026-10-07T00:00:00Z
2026-10-05T14:58:19.263559Z,export,18735,1761313,5,1,1,0,1791331200,2026-10-07T00:00:00Z
2026-10-05T14:58:19.263559Z,export,17125,1779931,5,1,1,0,1791333000,2026-10-07T00:30:00Z
2026-10-05T15:09:44.458190Z,export,10000,1761139,105,2,1,0,1791324000,2026-10-06T22:00:00Z
2026-10-05T15:09:44.458190Z,export,10001,1761140,100,0,1,0,1791324000,2026-10-06T22:00:00Z
2026-10-05T15:09:44.458190Z,export,10002,1761141,100,0,1,0,1791324000,2026-10-06T22:00:00Z
2026-10-05T15:09:44.458190Z,export,10003,1761142,100,1,1,0,1791324000,2026-10-06T22:00:00Z
2026-10-05T15:09:44.458190Z,export,10004,1761143,1525,8,1,0,1791324000,2026-10-06T22:00:00Z
2026-10-05T15:09:44.458190Z,export,10005,1761144,2550,8,1,0,1791324000,2026-10-06T22:00:00Z
2026-10-05T15:09:44.458190Z,export,10006,1761145,115,4,1,0,1791324000,2026-10-06T22:00:00Z
2026-10-05T15:09:44.458190Z,export,10007,1761146,105,2,1,0,1791324000,2026-10-06T22:00:00Z
2026-10-05T15:09:44.458190Z,export,10008,1761147,7550,12,1,0,1791324000,2026-10-06T22:00:00Z
2026-10-05T15:09:44.458190Z,export,10009,1761148,25600,31,1,0,1791324000,2026-10-06T22:00:00Z
2026-10-05T15:09:44.458190Z,export,10010,1761149,3050,7,1,0,1791324000,2026-10-06T22:00:00Z
2026-10-05T15:09:44.458190Z,export,10011,1761150,11100,101,1,0,1791324000,2026-10-06T22:00:00Z
2026-10-05T15:09:44.458190Z,export,10012,1761151,15050,8,1,0,1791324000,2026-10-06T22:00:00Z
2026-10-05T15:09:44.458190Z,export,10013,1761152,42250,72,1,0,1791324000,2026-10-06T22:00:00Z
2026-10-05T15:09:44.458190Z,export,10014,1761153,18100,38,1,0,1791324000,2026-10-06T22:00:00Z
2026-10-05T15:09:44.458190Z,export,10015,1761154,15400,26,1,0,1791324000,2026-10-06T22:00:00Z
2026-10-05T15:09:44.458190Z,export,10016,1761155,7850,12,1,0,1791324000,2026-10-06T22:00:00Z
2026-10-05T15:09:44.458190Z,export,10017,1761156,41250,50,1,0,1791324000,2026-10-06T22:00:00Z
2026-10-05T15:09:44.458190Z,export,10018,1761157,1005,3,1,0,1791324000,2026-10-06T22:00:00Z
2026-10-05T15:09:44.458190Z,export,10019,1761158,100,1,1,0,1791324000,2026-10-06T22:00:00Z
2026-10-05T15:09:44.458190Z,export,10050,1761119,1950,13,1,0,1791325800,2026-10-06T22:30:00Z
2026-10-05T15:09:44.458190Z,export,10051,1761120,100,1,1,0,1791325800,2026-10-06T22:30:00Z
2026-10-05T15:09:44.458190Z,export,10052,1761121,100,1,1,0,1791325800,2026-10-06T22:30:00Z
2026-10-05T15:09:44.458190Z,export,10053,1761122,1005,12,1,0,1791325800,2026-10-06T22:30:00Z
2026-10-05T15:09:44.458190Z,export,10054,1761123,510,7,1,0,1791325800,2026-10-06T22:30:00Z
2026-10-05T15:09:44.458190Z,export,10055,1761124,100,0,1,0,1791325800,2026-10-06T22:30:00Z
2026-10-05T15:09:44.458190Z,export,10056,1761125,100,0,1,0,1791325800,2026-10-06T22:30:00Z
2026-10-05T15:09:44.458190Z,export,10057,1761126,100,1,1,0,1791325800,2026-10-06T22:30:00Z
2026-10-05T15:09:44.458190Z,export,10058,1761127,100,1,1,0,1791325800,2026-10-06T22:30:00Z
2026-10-05T15:09:44.458190Z,export,10059,1761128,1025,14,1,0,1791325800,2026-10-06T22:30:00Z
2026-10-05T15:09:44.458190Z,export,10060,1761129,7800,63,1,0,1791325800,2026-10-06T22:30:00Z
2026-10-05T15:09:44.458190Z,export,10061,1761130,100,0,1,0,1791325800,2026-10-06T22:30:00Z
2026-10-05T15:09:44.458190Z,export,10062,1761131,3050,74,1,0,1791325800,2026-10-06T22:30:00Z
2026-10-05T15:09:44.458190Z,export,10063,1761132,625,5,1,0,1791325800,2026-10-06T22:30:00Z
2026-10-05T15:09:44.458190Z,export,10064,1761133,100,1,1,0,1791325800,2026-10-06T22:30:00Z
2026-10-05T15:09:44.458190Z,export,10065,1761134,100,0,1,0,1791325800,2026-10-06T22:30:00Z
2026-10-05T15:09:44.458190Z,export,10066,1761135,100,1,1,0,1791325800,2026-10-06T22:30:00Z
2026-10-05T15:09:44.458190Z,export,10067,1761136,100,1,1,0,1791325800,2026-10-06T22:30:00Z
2026-10-05T15:09:44.458190Z,export,10068,1761137,100,1,1,0,1791325800,2026-10-06T22:30:00Z
2026-10-05T15:09:44.458190Z,export,10069,1761138,100,0,1,0,1791325800,2026-10-06T22:30:00Z
2026-10-05T15:09:44.458190Z,export,17100,1761063,100,0,1,0,1791327600,2026-10-06T23:00:00Z
2026-10-05T15:09:44.458190Z,export,17101,1761064,100,1,1,0,1791327600,2026-10-06T23:00:00Z
2026-10-05T15:09:44.458190Z,export,17102,1761065,100,0,1,0,1791327600,2026-10-06T23:00:00Z
2026-10-05T15:09:44.458190Z,export,17103,1761066,100,0,1,0,1791327600,2026-10-06T23:00:00Z
2026-10-05T15:09:44.458190Z,export,17104,1761067,100,0,1,0,1791327600,2026-10-06T23:00:00Z
2026-10-05T15:09:44.458190Z,export,17105,1761068,100,0,1,0,1791327600,2026-10-06T23:00:00Z
2026-10-05T15:09:44.458190Z,export,17106,1761069,100,0,1,0,1791327600,2026-10-06T23:00:00Z
2026-10-05T15:09:44.458190Z,export,17107,1761070,100,0,1,0,1791327600,2026-10-06T23:00:00Z
2026-10-05T15:09:44.458190Z,export,17108,1761071,100,1,1,0,1791327600,2026-10-06T23:00:00Z
2026-10-05T15:09:44.458190Z,export,17109,1761072,100,0,1,0,1791327600,2026-10-06T23:00:00Z
2026-10-05T15:09:44.458190Z,export,17110,1761073,100,0,1,0,1791327600,2026-10-06T23:00:00Z
2026-10-05T15:09:44.458190Z,export,17111,1761074,100,0,1,0,1791327600,2026-10-06T23:00:00Z
2026-10-05T15:09:44.458190Z,export,17112,1761075,100,0,1,0,1791327600,2026-10-06T23:00:00Z
2026-10-05T15:09:44.458190Z,export,17113,1761076,100,0,1,0,1791327600,2026-10-06T23:00:00Z
2026-10-05T15:09:44.458190Z,export,17114,1761077,100,0,1,0,1791327600,2026-10-06T23:00:00Z
2026-10-05T15:09:44.458190Z,export,17115,1761078,100,0,1,0,1791327600,2026-10-06T23:00:00Z
2026-10-05T15:09:44.458190Z,export,17116,1761079,100,0,1,0,1791327600,2026-10-06T23:00:00Z
2026-10-05T15:09:44.458190Z,export,17117,1761080,100,0,1,0,1791327600,2026-10-06T23:00:00Z
2026-10-05T15:09:44.458190Z,export,17118,1761081,100,1,1,0,1791327600,2026-10-06T23:00:00Z
2026-10-05T15:09:44.458190Z,export,17119,1761082,100,0,1,0,1791327600,2026-10-06T23:00:00Z
2026-10-05T15:09:44.458190Z,export,17120,1761083,100,0,1,0,1791327600,2026-10-06T23:00:00Z
2026-10-05T15:09:44.458190Z,export,17121,1761084,100,0,1,0,1791327600,2026-10-06T23:00:00Z
2026-10-05T15:09:44.458190Z,export,17122,1761085,100,0,1,0,1791327600,2026-10-06T23:00:00Z
2026-10-05T15:09:44.458190Z,export,10020,1761159,7050,26,1,0,1791329400,2026-10-06T23:30:00Z
2026-10-05T15:09:44.458190Z,export,10021,1761160,5,0,1,0,1791329400,2026-10-06T23:30:00Z
2026-10-05T15:09:44.458190Z,export,10022,1761161,5,1,1,0,1791329400,2026-10-06T23:30:00Z
2026-10-05T15:09:44.458190Z,export,10023,1761162,130,3,1,0,1791329400,2026-10-06T23:30:00Z
2026-10-05T15:09:44.458190Z,export,10024,1761163,5,0,1,0,1791329400,2026-10-06T23:30:00Z
2026-10-05T15:09:44.458190Z,export,10025,1761164,5,0,1,0,1791329400,2026-10-06T23:30:00Z
2026-10-05T15:09:44.458190Z,export,17850,1761247,5,0,1,0,1791329400,2026-10-06T23:30:00Z
2026-10-05T15:09:44.458190Z,export,17851,1761248,5,0,1,0,1791329400,2026-10-06T23:30:00Z
2026-10-05T15:09:44.458190Z,export,17852,1761249,205,7,1,0,1791329400,2026-10-06T23:30:00Z
2026-10-05T15:09:44.458190Z,export,17853,1761250,1025,39,1,0,1791329400,2026-10-06T23:30:00Z
2026-10-05T15:09:44.458190Z,export,17854,1761251,5,1,1,0,1791329400,2026-10-06T23:30:00Z
2026-10-05T15:09:44.458190Z,export,17855,1761252,5,0,1,0,1791329400,2026-10-06T23:30:00Z
2026-10-05T15:09:44.458190Z,export,17856,1761253,5,1,1,0,1791329400,2026-10-06T23:30:00Z
2026-10-05T15:09:44.458190Z,export,17857,1761254,5,0,1,0,1791329400,2026-10-06T23:30:00Z
2026-10-05T15:09:44.458190Z,export,17858,1761255,5,1,1,0,1791329400,2026-10-06T23:30:00Z
2026-10-05T15:09:44.458190Z,export,17859,1761256,5,0,1,0,1791329400,2026-10-06T23:30:00Z
2026-10-05T15:09:44.458190Z,export,17860,1761257,5,0,1,0,1791329400,2026-10-06T23:30:00Z
2026-10-05T15:09:44.458190Z,export,17861,1761258,5,0,1,0,1791329400,2026-10-06T23:30:00Z
2026-10-05T15:09:44.458190Z,export,17862,1761259,5,0,1,0,1791329400,2026-10-06T23:30:00Z
2026-10-05T15:09:44.458190Z,export,17863,1761260,5,0,1,0,1791329400,2026-10-06T23:30:00Z
2026-10-05T15:09:44.458190Z,export,17864,1761262,5,1,1,0,1791329400,2026-10-06T23:30:00Z
2026-10-05T15:09:44.458190Z,export,17865,1761263,5,0,1,0,1791329400,2026-10-06T23:30:00Z
2026-10-05T15:09:44.458190Z,export,17909,1761086,5,0,1,0,1791329400,2026-10-06T23:30:00Z
2026-10-05T15:09:44.458190Z,export,17911,1761088,5,0,1,0,1791329400,2026-10-06T23:30:00Z
2026-10-05T15:09:44.458190Z,export,17912,1761089,5,0,1,0,1791329400,2026-10-06T23:30:00Z
2026-10-05T15:09:44.458190Z,export,17913,1761090,5,0,1,0,1791329400,2026-10-06T23:30:00Z
2026-10-05T15:09:44.458190Z,export,17914,1761091,5,0,1,0,1791329400,2026-10-06T23:30:00Z
2026-10-05T15:09:44.458190Z,export,17915,1761092,5,0,1,0,1791329400,2026-10-06T23:30:00Z
2026-10-05T15:09:44.458190Z,export,17916,1761093,5,0,1,0,1791329400,2026-10-06T23:30:00Z
2026-10-05T15:09:44.458190Z,export,17917,1761094,5,1,1,0,1791329400,2026-10-06T23:30:00Z
2026-10-05T15:09:44.458190Z,export,17918,1761095,5,0,1,0,1791329400,2026-10-06T23:30:00Z
2026-10-05T15:09:44.458190Z,export,17919,1761096,5,0,1,0,1791329400,2026-10-06T23:30:00Z
2026-10-05T15:09:44.458190Z,export,17920,1761097,5,0,1,0,1791329400,2026-10-06T23:30:00Z
2026-10-05T15:09:44.458190Z,export,17921,1761098,5,0,1,0,1791329400,2026-10-06T23:30:00Z
2026-10-05T15:09:44.458190Z,export,17922,1761099,5,0,1,0,1791329400,2026-10-06T23:30:00Z
2026-10-05T15:09:44.458190Z,export,17923,1761100,5,0,1,0,1791329400,2026-10-06T23:30:00Z
2026-10-05T15:09:44.458190Z,export,17924,1761101,5,1,1,0,1791329400,2026-10-06T23:30:00Z
2026-10-05T15:09:44.458190Z,export,17925,1761102,5,0,1,0,1791329400,2026-10-06T23:30:00Z
2026-10-05T15:09:44.458190Z,export,17926,1761103,5,0,1,0,1791329400,2026-10-06T23:30:00Z
2026-10-05T15:09:44.458190Z,export,17927,1761104,5,1,1,0,1791329400,2026-10-06T23:30:00Z
2026-10-05T15:09:44.458190Z,export,17928,1761105,5,0,1,0,1791329400,2026-10-06T23:30:00Z
2026-10-05T15:09:44.458190Z,export,17929,1761106,5,0,1,0,1791329400,2026-10-06T23:30:00Z
2026-10-05T15:09:44.458190Z,export,17930,1761107,5,0,1,0,1791329400,2026-10-06T23:30:00Z
2026-10-05T15:09:44.458190Z,export,17931,1761108,5,1,1,0,1791329400,2026-10-06T23:30:00Z
2026-10-05T15:09:44.458190Z,export,17932,1761109,5,0,1,0,1791329400,2026-10-06T23:30:00Z
2026-10-05T15:09:44.458190Z,export,17933,1761110,5,0,1,0,1791329400,2026-10-06T23:30:00Z
2026-10-05T15:09:44.458190Z,export,17934,1761111,5,0,1,0,1791329400,2026-10-06T23:30:00Z
2026-10-05T15:09:44.458190Z,export,17935,1761112,5,0,1,0,1791329400,2026-10-06T23:30:00Z
2026-10-05T15:09:44.458190Z,export,17936,1761113,5,0,1,0,1791329400,2026-10-06T23:30:00Z
2026-10-05T15:09:44.458190Z,export,17937,1761114,5,0,1,0,1791329400,2026-10-06T23:30:00Z
2026-10-05T15:09:44.458190Z,export,17938,1761115,5,0,1,0,1791329400,2026-10-06T23:30:00Z
2026-10-05T15:09:44.458190Z,export,17939,1761116,5,0,1,0,1791329400,2026-10-06T23:30:00Z
2026-10-05T15:09:44.458190Z,export,17940,1761117,5,0,1,0,1791329400,2026-10-06T23:30:00Z
2026-10-05T15:09:44.458190Z,export,17941,1761118,310,7,1,0,1791329400,2026-10-06T23:30:00Z
2026-10-05T15:09:44.458190Z,export,18650,1761165,5,0,1,0,1791329400,2026-10-06T23:30:00Z
2026-10-05T15:09:44.458190Z,export,18651,1761166,5,0,1,0,1791329400,2026-10-06T23:30:00Z
2026-10-05T15:09:44.458190Z,export,18652,1761167,5,0,1,0,1791329400,2026-10-06T23:30:00Z
2026-10-05T15:09:44.458190Z,export,18653,1761168,5,0,1,0,1791329400,2026-10-06T23:30:00Z
2026-10-05T15:09:44.458190Z,export,18654,1761169,5,0,1,0,1791329400,2026-10-06T23:30:00Z
2026-10-05T15:09:44.458190Z,export,18655,1761170,5,0,1,0,1791329400,2026-10-06T23:30:00Z
2026-10-05T15:09:44.458190Z,export,18656,1761171,5,0,1,0,1791329400,2026-10-06T23:30:00Z
2026-10-05T15:09:44.458190Z,export,18657,1761172,5,0,1,0,1791329400,2026-10-06T23:30:00Z
2026-10-05T15:09:44.458190Z,export,18658,1761173,5,0,1,0,1791329400,2026-10-06T23:30:00Z
2026-10-05T15:09:44.458190Z,export,18659,1761174,5,0,1,0,1791329400,2026-10-06T23:30:00Z
2026-10-05T15:09:44.458190Z,export,18660,1761175,40,8,1,0,1791329400,2026-10-06T23:30:00Z
2026-10-05T15:09:44.458190Z,export,18661,1761176,5,0,1,0,1791329400,2026-10-06T23:30:00Z
2026-10-05T15:09:44.458190Z,export,18662,1761177,5,0,1,0,1791329400,2026-10-06T23:30:00Z
2026-10-05T15:09:44.458190Z,export,18663,1761178,5,0,1,0,1791329400,2026-10-06T23:30:00Z
2026-10-05T15:09:44.458190Z,export,18664,1761179,155,14,1,0,1791329400,2026-10-06T23:30:00Z
2026-10-05T15:09:44.458190Z,export,18665,1761180,115,14,1,0,1791329400,2026-10-06T23:30:00Z
2026-10-05T15:09:44.458190Z,export,18666,1761181,5,0,1,0,1791329400,2026-10-06T23:30:00Z
2026-10-05T15:09:44.458190Z,export,18667,1761182,5,0,1,0,1791329400,2026-10-06T23:30:00Z
2026-10-05T15:09:44.458190Z,export,18668,1761183,5,0,1,0,1791329400,2026-10-06T23:30:00Z
2026-10-05T15:09:44.458190Z,export,18669,1761184,5,1,1,0,1791329400,2026-10-06T23:30:00Z
2026-10-05T15:09:44.458190Z,export,18670,1761185,5,1,1,0,1791329400,2026-10-06T23:30:00Z
2026-10-05T15:09:44.458190Z,export,18671,1761186,10,2,1,0,1791329400,2026-10-06T23:30:00Z
2026-10-05T15:09:44.458190Z,export,18672,1761187,5,1,1,0,1791329400,2026-10-06T23:30:00Z
2026-10-05T15:09:44.458190Z,export,18673,1761188,5,1,1,0,1791329400,2026-10-06T23:30:00Z
2026-10-05T15:09:44.458190Z,export,18674,1761189,5,1,1,0,1791329400,2026-10-06T23:30:00Z
2026-10-05T15:09:44.458190Z,export,18675,1761190,5,1,1,0,1791329400,2026-10-06T23:30:00Z
2026-10-05T15:09:44.458190Z,export,18676,1761191,5,0,1,0,1791329400,2026-10-06T23:30:00Z
2026-10-05T15:09:44.458190Z,export,18677,1761192,5,0,1,0,1791329400,2026-10-06T23:30:00Z
2026-10-05T15:09:44.458190Z,export,18678,1761194,5,1,1,0,1791329400,2026-10-06T23:30:00Z
2026-10-05T15:09:44.458190Z,export,18679,1761195,5,1,1,0,1791329400,2026-10-06T23:30:00Z
2026-10-05T15:09:44.458190Z,export,18680,1761196,5,0,1,0,1791329400,2026-10-06T23:30:00Z
2026-10-05T15:09:44.458190Z,export,18681,1761197,10,2,1,0,1791329400,2026-10-06T23:30:00Z
2026-10-05T15:09:44.458190Z,export,18682,1761198,5,1,1,0,1791329400,2026-10-06T23:30:00Z
2026-10-05T15:09:44.458190Z,export,18683,1761199,5,0,1,0,1791329400,2026-10-06T23:30:00Z
2026-10-05T15:09:44.458190Z,export,18705,1761220,5,0,1,0,1791329400,2026-10-06T23:30:00Z
2026-10-05T15:09:44.458190Z,export,18706,1761221,5,0,1,0,1791329400,2026-10-06T23:30:00Z
2026-10-05T15:09:44.458190Z,export,18707,1761222,5,1,1,0,1791329400,2026-10-06T23:30:00Z
2026-10-05T15:09:44.458190Z,export,18708,1761223,5,1,1,0,1791329400,2026-10-06T23:30:00Z
2026-10-05T15:09:44.458190Z,export,18709,1761224,5,0,1,0,1791329400,2026-10-06T23:30:00Z
2026-10-05T15:09:44.458190Z,export,18710,1761225,5,0,1,0,1791329400,2026-10-06T23:30:00Z
2026-10-05T15:09:44.458190Z,export,18711,1761226,5,0,1,0,1791329400,2026-10-06T23:30:00Z
2026-10-05T15:09:44.458190Z,export,18712,1761227,5,0,1,0,1791329400,2026-10-06T23:30:00Z
2026-10-05T15:09:44.458190Z,export,18713,1761228,5,0,1,0,1791329400,2026-10-06T23:30:00Z
2026-10-05T15:09:44.458190Z,export,18714,1761229,5,1,1,0,1791329400,2026-10-06T23:30:00Z
2026-10-05T15:09:44.458190Z,export,18715,1761230,5,0,1,0,1791329400,2026-10-06T23:30:00Z
2026-10-05T15:09:44.458190Z,export,18716,1761231,155,5,1,0,1791329400,2026-10-06T23:30:00Z
2026-10-05T15:09:44.458190Z,export,18717,1761232,205,6,1,0,1791329400,2026-10-06T23:30:00Z
2026-10-05T15:09:44.458190Z,export,18718,1761233,5,1,1,0,1791329400,2026-10-06T23:30:00Z
2026-10-05T15:09:44.458190Z,export,18719,1761234,5,0,1,0,1791329400,2026-10-06T23:30:00Z
2026-10-05T15:09:44.458190Z,export,18720,1761235,5,0,1,0,1791329400,2026-10-06T23:30:00Z
2026-10-05T15:09:44.458190Z,export,17866,1761264,5,0,1,0,1791331200,2026-10-07T00:00:00Z
2026-10-05T15:09:44.458190Z,export,17867,1761265,5,0,1,0,1791331200,2026-10-07T00:00:00Z
2026-10-05T15:09:44.458190Z,export,17868,1761266,5,0,1,0,1791331200,2026-10-07T00:00:00Z
2026-10-05T15:09:44.458190Z,export,17869,1761268,5,0,1,0,1791331200,2026-10-07T00:00:00Z
2026-10-05T15:09:44.458190Z,export,17870,1761269,5,0,1,0,1791331200,2026-10-07T00:00:00Z
2026-10-05T15:09:44.458190Z,export,17871,1761270,5,0,1,0,1791331200,2026-10-07T00:00:00Z
2026-10-05T15:09:44.458190Z,export,17872,1761271,5,0,1,0,1791331200,2026-10-07T00:00:00Z
2026-10-05T15:09:44.458190Z,export,17873,1761272,5,0,1,0,1791331200,2026-10-07T00:00:00Z
2026-10-05T15:09:44.458190Z,export,17874,1761273,5,0,1,0,1791331200,2026-10-07T00:00:00Z
2026-10-05T15:09:44.458190Z,export,17875,1761274,10,2,1,0,1791331200,2026-10-07T00:00:00Z
2026-10-05T15:09:44.458190Z,export,17876,1761275,5,1,1,0,1791331200,2026-10-07T00:00:00Z
2026-10-05T15:09:44.458190Z,export,17877,1761276,5,0,1,0,1791331200,2026-10-07T00:00:00Z
2026-10-05T15:09:44.458190Z,export,17878,1761277,5,0,1,0,1791331200,2026-10-07T00:00:00Z
2026-10-05T15:09:44.458190Z,export,17879,1761278,5,1,1,0,1791331200,2026-10-07T00:00:00Z
2026-10-05T15:09:44.458190Z,export,17880,1761279,5,1,1,0,1791331200,2026-10-07T00:00:00Z
2026-10-05T15:09:44.458190Z,export,17881,1761280,5,0,1,0,1791331200,2026-10-07T00:00:00Z
2026-10-05T15:09:44.458190Z,export,17882,1761281,5,0,1,0,1791331200,2026-10-07T00:00:00Z
2026-10-05T15:09:44.458190Z,export,17883,1761282,5,0,1,0,1791331200,2026-10-07T00:00:00Z
2026-10-05T15:09:44.458190Z,export,17884,1761283,5,0,1,0,1791331200,2026-10-07T00:00:00Z
2026-10-05T15:09:44.458190Z,export,17885,1761284,5,0,1,0,1791331200,2026-10-07T00:00:00Z
2026-10-05T15:09:44.458190Z,export,17886,1761285,5,0,1,0,1791331200,2026-10-07T00:00:00Z
2026-10-05T15:09:44.458190Z,export,17887,1761286,5,0,1,0,1791331200,2026-10-07T00:00:00Z
2026-10-05T15:09:44.458190Z,export,17888,1761287,5,0,1,0,1791331200,2026-10-07T00:00:00Z
2026-10-05T15:09:44.458190Z,export,17889,1761288,5,1,1,0,1791331200,2026-10-07T00:00:00Z
2026-10-05T15:09:44.458190Z,export,17890,1761289,5,0,1,0,1791331200,2026-10-07T00:00:00Z
2026-10-05T15:09:44.458190Z,export,17891,1761291,5,1,1,0,1791331200,2026-10-07T00:00:00Z
2026-10-05T15:09:44.458190Z,export,17892,1761292,5,1,1,0,1791331200,2026-10-07T00:00:00Z
2026-10-05T15:09:44.458190Z,export,17893,1761293,5,0,1,0,1791331200,2026-10-07T00:00:00Z
2026-10-05T15:09:44.458190Z,export,17894,1761294,5,0,1,0,1791331200,2026-10-07T00:00:00Z
2026-10-05T15:09:44.458190Z,export,17895,1761295,5,0,1,0,1791331200,2026-10-07T00:00:00Z
2026-10-05T15:09:44.458190Z,export,17896,1761296,5,0,1,0,1791331200,2026-10-07T00:00:00Z
2026-10-05T15:09:44.458190Z,export,17897,1761297,5,1,1,0,1791331200,2026-10-07T00:00:00Z
2026-10-05T15:09:44.458190Z,export,17898,1761298,5,0,1,0,1791331200,2026-10-07T00:00:00Z
2026-10-05T15:09:44.458190Z,export,17899,1761299,5,0,1,0,1791331200,2026-10-07T00:00:00Z
2026-10-05T15:09:44.458190Z,export,17900,1761300,5,0,1,0,1791331200,2026-10-07T00:00:00Z
2026-10-05T15:09:44.458190Z,export,17901,1761301,5,0,1,0,1791331200,2026-10-07T00:00:00Z
2026-10-05T15:09:44.458190Z,export,17902,1761303,5,0,1,0,1791331200,2026-10-07T00:00:00Z
2026-10-05T15:09:44.458190Z,export,17903,1761304,30,3,1,0,1791331200,2026-10-07T00:00:00Z
2026-10-05T15:09:44.458190Z,export,17904,1761305,5,0,1,0,1791331200,2026-10-07T00:00:00Z
2026-10-05T15:09:44.458190Z,export,17905,1761306,5,0,1,0,1791331200,2026-10-07T00:00:00Z
2026-10-05T15:09:44.458190Z,export,17906,1761307,5,1,1,0,1791331200,2026-10-07T00:00:00Z
2026-10-05T15:09:44.458190Z,export,17907,1761308,100,3,1,0,1791331200,2026-10-07T00:00:00Z
2026-10-05T15:09:44.458190Z,export,17908,1761309,5,0,1,0,1791331200,2026-10-07T00:00:00Z
2026-10-05T15:09:44.458190Z,export,17910,1761314,5,0,1,0,1791331200,2026-10-07T00:00:00Z
2026-10-05T15:09:44.458190Z,export,18684,1761200,5,0,1,0,1791331200,2026-10-07T00:00:00Z
2026-10-05T15:09:44.458190Z,export,18685,1761201,5,0,1,0,1791331200,2026-10-07T00:00:00Z
2026-10-05T15:09:44.458190Z,export,18686,1761202,5,0,1,0,1791331200,2026-10-07T00:00:00Z
2026-10-05T15:09:44.458190Z,export,18687,1761203,5,0,1,0,1791331200,2026-10-07T00:00:00Z
2026-10-05T15:09:44.458190Z,export,18688,1761204,5,0,1,0,1791331200,2026-10-07T00:00:00Z
2026-10-05T15:09:44.458190Z,export,18689,1761205,5,1,1,0,1791331200,2026-10-07T00:00:00Z
2026-10-05T15:09:44.458190Z,export,18690,1761206,5,1,1,0,1791331200,2026-10-07T00:00:00Z
2026-10-05T15:09:44.458190Z,export,18691,1761207,5,0,1,0,1791331200,2026-10-07T00:00:00Z
2026-10-05T15:09:44.458190Z,export,18692,1761208,5,0,1,0,1791331200,2026-10-07T00:00:00Z
2026-10-05T15:09:44.458190Z,export,18693,1761209,5,0,1,0,1791331200,2026-10-07T00:00:00Z
2026-10-05T15:09:44.458190Z,export,18694,1761210,5,0,1,0,1791331200,2026-10-07T00:00:00Z
2026-10-05T15:09:44.458190Z,export,18695,1761211,5,0,1,0,1791331200,2026-10-07T00:00:00Z
2026-10-05T15:09:44.458190Z,export,18696,1761212,5,0,1,0,1791331200,2026-10-07T00:00:00Z
2026-10-05T15:09:44.458190Z,export,18697,1761213,5,0,1,0,1791331200,2026-10-07T00:00:00Z
2026-10-05T15:09:44.458190Z,export,18698,1761214,5,0,1,0,1791331200,2026-10-07T00:00:00Z
2026-10-05T15:09:44.458190Z,export,18699,1761215,5,0,1,0,1791331200,2026-10-07T00:00:00Z
2026-10-05T15:09:44.458190Z,export,18700,1761216,5,1,1,0,1791331200,2026-10-07T00:00:00Z
2026-10-05T15:09:44.458190Z,export,18701,1761217,105,5,1,0,1791331200,2026-10-07T00:00:00Z
2026-10-05T15:09:44.458190Z,export,18702,1761218,155,9,1,0,1791331200,2026-10-07T00:00:00Z
2026-10-05T15:09:44.458190Z,export,18703,1761219,55,5,1,0,1791331200,2026-10-07T00:00:00Z
2026-10-05T15:09:44.458190Z,export,18721,1761236,5,0,1,0,1791331200,2026-10-07T00:00:00Z
2026-10-05T15:09:44.458190Z,export,18722,1761237,5,1,1,0,1791331200,2026-10-07T00:00:00Z
2026-10-05T15:09:44.458190Z,export,18723,1761238,5,0,1,0,1791331200,2026-10-07T00:00:00Z
2026-10-05T15:09:44.458190Z,export,18724,1761239,5,0,1,0,1791331200,2026-10-07T00:00:00Z
2026-10-05T15:09:44.458190Z,export,18725,1761240,5,0,1,0,1791331200,2026-10-07T00:00:00Z
2026-10-05T15:09:44.458190Z,export,18726,1761241,5,0,1,0,1791331200,2026-10-07T00:00:00Z
2026-10-05T15:09:44.458190Z,export,18727,1761242,5,1,1,0,1791331200,2026-10-07T00:00:00Z
2026-10-05T15:09:44.458190Z,export,18728,1761243,5,0,1,0,1791331200,2026-10-07T00:00:00Z
2026-10-05T15:09:44.458190Z,export,18729,1761244,5,0,1,0,1791331200,2026-10-07T00:00:00Z
2026-10-05T15:09:44.458190Z,export,18730,1761245,5,0,1,0,1791331200,2026-10-07T00:00:00Z
2026-10-05T15:09:44.458190Z,export,18731,1761246,5,0,1,0,1791331200,2026-10-07T00:00:00Z
2026-10-05T15:09:44.458190Z,export,18732,1761310,5,1,1,0,1791331200,2026-10-07T00:00:00Z
2026-10-05T15:09:44.458190Z,export,18733,1761311,5,0,1,0,1791331200,2026-10-07T00:00:00Z
2026-10-05T15:09:44.458190Z,export,18734,1761312,5,0,1,0,1791331200,2026-10-07T00:00:00Z
2026-10-05T15:09:44.458190Z,export,18735,1761313,5,1,1,0,1791331200,2026-10-07T00:00:00Z
2026-10-05T15:09:44.458190Z,export,17125,1779931,5,1,1,0,1791333000,2026-10-07T00:30:00Z
2026-10-05T15:28:59.581483Z,refresh,10000,1761139,105,2,1,0,1791324000,2026-10-06T22:00:00Z
2026-10-05T15:28:59.581483Z,refresh,10001,1761140,100,0,1,0,1791324000,2026-10-06T22:00:00Z
2026-10-05T15:28:59.581483Z,refresh,10002,1761141,100,0,1,0,1791324000,2026-10-06T22:00:00Z
2026-10-05T15:28:59.581483Z,refresh,10003,1761142,100,1,1,0,1791324000,2026-10-06T22:00:00Z
2026-10-05T15:28:59.581483Z,refresh,10004,1761143,1525,8,1,0,1791324000,2026-10-06T22:00:00Z
2026-10-05T15:28:59.581483Z,refresh,10005,1761144,2550,8,1,0,1791324000,2026-10-06T22:00:00Z
2026-10-05T15:28:59.581483Z,refresh,10006,1761145,115,4,1,0,1791324000,2026-10-06T22:00:00Z
2026-10-05T15:28:59.581483Z,refresh,10007,1761146,105,2,1,0,1791324000,2026-10-06T22:00:00Z
2026-10-05T15:28:59.581483Z,refresh,10008,1761147,7550,12,1,0,1791324000,2026-10-06T22:00:00Z
2026-10-05T15:28:59.581483Z,refresh,10009,1761148,25600,31,1,0,1791324000,2026-10-06T22:00:00Z
2026-10-05T15:28:59.581483Z,refresh,10010,1761149,3050,7,1,0,1791324000,2026-10-06T22:00:00Z
2026-10-05T15:28:59.581483Z,refresh,10011,1761150,11100,101,1,0,1791324000,2026-10-06T22:00:00Z
2026-10-05T15:28:59.581483Z,refresh,10012,1761151,15050,8,1,0,1791324000,2026-10-06T22:00:00Z
2026-10-05T15:28:59.581483Z,refresh,10013,1761152,42250,72,1,0,1791324000,2026-10-06T22:00:00Z
2026-10-05T15:28:59.581483Z,refresh,10014,1761153,18100,38,1,0,1791324000,2026-10-06T22:00:00Z
2026-10-05T15:28:59.581483Z,refresh,10015,1761154,16600,28,1,0,1791324000,2026-10-06T22:00:00Z
2026-10-05T15:28:59.581483Z,refresh,10016,1761155,7850,12,1,0,1791324000,2026-10-06T22:00:00Z
2026-10-05T15:28:59.581483Z,refresh,10017,1761156,41250,50,1,0,1791324000,2026-10-06T22:00:00Z
2026-10-05T15:28:59.581483Z,refresh,10018,1761157,1005,3,1,0,1791324000,2026-10-06T22:00:00Z
2026-10-05T15:28:59.581483Z,refresh,10019,1761158,100,1,1,0,1791324000,2026-10-06T22:00:00Z
2026-10-05T15:28:59.581483Z,refresh,10050,1761119,1950,13,1,0,1791325800,2026-10-06T22:30:00Z
2026-10-05T15:28:59.581483Z,refresh,10051,1761120,100,1,1,0,1791325800,2026-10-06T22:30:00Z
2026-10-05T15:28:59.581483Z,refresh,10052,1761121,100,1,1,0,1791325800,2026-10-06T22:30:00Z
2026-10-05T15:28:59.581483Z,refresh,10053,1761122,1005,12,1,0,1791325800,2026-10-06T22:30:00Z
2026-10-05T15:28:59.581483Z,refresh,10054,1761123,510,7,1,0,1791325800,2026-10-06T22:30:00Z
2026-10-05T15:28:59.581483Z,refresh,10055,1761124,100,0,1,0,1791325800,2026-10-06T22:30:00Z
2026-10-05T15:28:59.581483Z,refresh,10056,1761125,100,0,1,0,1791325800,2026-10-06T22:30:00Z
2026-10-05T15:28:59.581483Z,refresh,10057,1761126,100,1,1,0,1791325800,2026-10-06T22:30:00Z
2026-10-05T15:28:59.581483Z,refresh,10058,1761127,100,1,1,0,1791325800,2026-10-06T22:30:00Z
2026-10-05T15:28:59.581483Z,refresh,10059,1761128,1025,14,1,0,1791325800,2026-10-06T22:30:00Z
2026-10-05T15:28:59.581483Z,refresh,10060,1761129,7800,63,1,0,1791325800,2026-10-06T22:30:00Z
2026-10-05T15:28:59.581483Z,refresh,10061,1761130,100,0,1,0,1791325800,2026-10-06T22:30:00Z
2026-10-05T15:28:59.581483Z,refresh,10062,1761131,3100,75,1,0,1791325800,2026-10-06T22:30:00Z
2026-10-05T15:28:59.581483Z,refresh,10063,1761132,650,7,1,0,1791325800,2026-10-06T22:30:00Z
2026-10-05T15:28:59.581483Z,refresh,10064,1761133,100,1,1,0,1791325800,2026-10-06T22:30:00Z
2026-10-05T15:28:59.581483Z,refresh,10065,1761134,100,0,1,0,1791325800,2026-10-06T22:30:00Z
2026-10-05T15:28:59.581483Z,refresh,10066,1761135,100,1,1,0,1791325800,2026-10-06T22:30:00Z
2026-10-05T15:28:59.581483Z,refresh,10067,1761136,100,1,1,0,1791325800,2026-10-06T22:30:00Z
2026-10-05T15:28:59.581483Z,refresh,10068,1761137,100,1,1,0,1791325800,2026-10-06T22:30:00Z
2026-10-05T15:28:59.581483Z,refresh,10069,1761138,100,0,1,0,1791325800,2026-10-06T22:30:00Z
2026-10-05T15:28:59.581483Z,refresh,17100,1761063,100,0,1,0,1791327600,2026-10-06T23:00:00Z
2026-10-05T15:28:59.581483Z,refresh,17101,1761064,100,1,1,0,1791327600,2026-10-06T23:00:00Z
2026-10-05T15:28:59.581483Z,refresh,17102,1761065,100,0,1,0,1791327600,2026-10-06T23:00:00Z
2026-10-05T15:28:59.581483Z,refresh,17103,1761066,100,0,1,0,1791327600,2026-10-06T23:00:00Z
2026-10-05T15:28:59.581483Z,refresh,17104,1761067,100,0,1,0,1791327600,2026-10-06T23:00:00Z
2026-10-05T15:28:59.581483Z,refresh,17105,1761068,100,0,1,0,1791327600,2026-10-06T23:00:00Z
2026-10-05T15:28:59.581483Z,refresh,17106,1761069,100,0,1,0,1791327600,2026-10-06T23:00:00Z
2026-10-05T15:28:59.581483Z,refresh,17107,1761070,100,0,1,0,1791327600,2026-10-06T23:00:00Z
2026-10-05T15:28:59.581483Z,refresh,17108,1761071,100,1,1,0,1791327600,2026-10-06T23:00:00Z
2026-10-05T15:28:59.581483Z,refresh,17109,1761072,100,0,1,0,1791327600,2026-10-06T23:00:00Z
2026-10-05T15:28:59.581483Z,refresh,17110,1761073,100,0,1,0,1791327600,2026-10-06T23:00:00Z
2026-10-05T15:28:59.581483Z,refresh,17111,1761074,100,0,1,0,1791327600,2026-10-06T23:00:00Z
2026-10-05T15:28:59.581483Z,refresh,17112,1761075,100,0,1,0,1791327600,2026-10-06T23:00:00Z
2026-10-05T15:28:59.581483Z,refresh,17113,1761076,100,0,1,0,1791327600,2026-10-06T23:00:00Z
2026-10-05T15:28:59.581483Z,refresh,17114,1761077,100,0,1,0,1791327600,2026-10-06T23:00:00Z
2026-10-05T15:28:59.581483Z,refresh,17115,1761078,100,0,1,0,1791327600,2026-10-06T23:00:00Z
2026-10-05T15:28:59.581483Z,refresh,17116,1761079,100,0,1,0,1791327600,2026-10-06T23:00:00Z
2026-10-05T15:28:59.581483Z,refresh,17117,1761080,100,0,1,0,1791327600,2026-10-06T23:00:00Z
2026-10-05T15:28:59.581483Z,refresh,17118,1761081,100,1,1,0,1791327600,2026-10-06T23:00:00Z
2026-10-05T15:28:59.581483Z,refresh,17119,1761082,100,0,1,0,1791327600,2026-10-06T23:00:00Z
2026-10-05T15:28:59.581483Z,refresh,17120,1761083,100,0,1,0,1791327600,2026-10-06T23:00:00Z
2026-10-05T15:28:59.581483Z,refresh,17121,1761084,100,0,1,0,1791327600,2026-10-06T23:00:00Z
2026-10-05T15:28:59.581483Z,refresh,17122,1761085,100,0,1,0,1791327600,2026-10-06T23:00:00Z
2026-10-05T15:28:59.581483Z,refresh,10020,1761159,7050,26,1,0,1791329400,2026-10-06T23:30:00Z
2026-10-05T15:28:59.581483Z,refresh,10021,1761160,5,0,1,0,1791329400,2026-10-06T23:30:00Z
2026-10-05T15:28:59.581483Z,refresh,10022,1761161,5,1,1,0,1791329400,2026-10-06T23:30:00Z
2026-10-05T15:28:59.581483Z,refresh,10023,1761162,130,3,1,0,1791329400,2026-10-06T23:30:00Z
2026-10-05T15:28:59.581483Z,refresh,10024,1761163,5,0,1,0,1791329400,2026-10-06T23:30:00Z
2026-10-05T15:28:59.581483Z,refresh,10025,1761164,5,0,1,0,1791329400,2026-10-06T23:30:00Z
2026-10-05T15:28:59.581483Z,refresh,17850,1761247,5,0,1,0,1791329400,2026-10-06T23:30:00Z
2026-10-05T15:28:59.581483Z,refresh,17851,1761248,5,0,1,0,1791329400,2026-10-06T23:30:00Z
2026-10-05T15:28:59.581483Z,refresh,17852,1761249,205,7,1,0,1791329400,2026-10-06T23:30:00Z
2026-10-05T15:28:59.581483Z,refresh,17853,1761250,1025,39,1,0,1791329400,2026-10-06T23:30:00Z
2026-10-05T15:28:59.581483Z,refresh,17854,1761251,5,1,1,0,1791329400,2026-10-06T23:30:00Z
2026-10-05T15:28:59.581483Z,refresh,17855,1761252,5,0,1,0,1791329400,2026-10-06T23:30:00Z
2026-10-05T15:28:59.581483Z,refresh,17856,1761253,5,1,1,0,1791329400,2026-10-06T23:30:00Z
2026-10-05T15:28:59.581483Z,refresh,17857,1761254,5,0,1,0,1791329400,2026-10-06T23:30:00Z
2026-10-05T15:28:59.581483Z,refresh,17858,1761255,5,1,1,0,1791329400,2026-10-06T23:30:00Z
2026-10-05T15:28:59.581483Z,refresh,17859,1761256,5,0,1,0,1791329400,2026-10-06T23:30:00Z
2026-10-05T15:28:59.581483Z,refresh,17860,1761257,5,0,1,0,1791329400,2026-10-06T23:30:00Z
2026-10-05T15:28:59.581483Z,refresh,17861,1761258,5,0,1,0,1791329400,2026-10-06T23:30:00Z
2026-10-05T15:28:59.581483Z,refresh,17862,1761259,5,0,1,0,1791329400,2026-10-06T23:30:00Z
2026-10-05T15:28:59.581483Z,refresh,17863,1761260,5,0,1,0,1791329400,2026-10-06T23:30:00Z
2026-10-05T15:28:59.581483Z,refresh,17864,1761262,5,1,1,0,1791329400,2026-10-06T23:30:00Z
2026-10-05T15:28:59.581483Z,refresh,17865,1761263,5,0,1,0,1791329400,2026-10-06T23:30:00Z
2026-10-05T15:28:59.581483Z,refresh,17909,1761086,5,0,1,0,1791329400,2026-10-06T23:30:00Z
2026-10-05T15:28:59.581483Z,refresh,17911,1761088,5,0,1,0,1791329400,2026-10-06T23:30:00Z
2026-10-05T15:28:59.581483Z,refresh,17912,1761089,5,0,1,0,1791329400,2026-10-06T23:30:00Z
2026-10-05T15:28:59.581483Z,refresh,17913,1761090,5,0,1,0,1791329400,2026-10-06T23:30:00Z
2026-10-05T15:28:59.581483Z,refresh,17914,1761091,5,0,1,0,1791329400,2026-10-06T23:30:00Z
2026-10-05T15:28:59.581483Z,refresh,17915,1761092,5,0,1,0,1791329400,2026-10-06T23:30:00Z
2026-10-05T15:28:59.581483Z,refresh,17916,1761093,5,0,1,0,1791329400,2026-10-06T23:30:00Z
2026-10-05T15:28:59.581483Z,refresh,17917,1761094,5,1,1,0,1791329400,2026-10-06T23:30:00Z
2026-10-05T15:28:59.581483Z,refresh,17918,1761095,5,0,1,0,1791329400,2026-10-06T23:30:00Z
2026-10-05T15:28:59.581483Z,refresh,17919,1761096,5,0,1,0,1791329400,2026-10-06T23:30:00Z
2026-10-05T15:28:59.581483Z,refresh,17920,1761097,5,0,1,0,1791329400,2026-10-06T23:30:00Z
2026-10-05T15:28:59.581483Z,refresh,17921,1761098,5,0,1,0,1791329400,2026-10-06T23:30:00Z
2026-10-05T15:28:59.581483Z,refresh,17922,1761099,5,0,1,0,1791329400,2026-10-06T23:30:00Z
2026-10-05T15:28:59.581483Z,refresh,17923,1761100,5,0,1,0,1791329400,2026-10-06T23:30:00Z
2026-10-05T15:28:59.581483Z,refresh,17924,1761101,5,1,1,0,1791329400,2026-10-06T23:30:00Z
2026-10-05T15:28:59.581483Z,refresh,17925,1761102,5,0,1,0,1791329400,2026-10-06T23:30:00Z
2026-10-05T15:28:59.581483Z,refresh,17926,1761103,5,0,1,0,1791329400,2026-10-06T23:30:00Z
2026-10-05T15:28:59.581483Z,refresh,17927,1761104,5,1,1,0,1791329400,2026-10-06T23:30:00Z
2026-10-05T15:28:59.581483Z,refresh,17928,1761105,5,0,1,0,1791329400,2026-10-06T23:30:00Z
2026-10-05T15:28:59.581483Z,refresh,17929,1761106,5,0,1,0,1791329400,2026-10-06T23:30:00Z
2026-10-05T15:28:59.581483Z,refresh,17930,1761107,5,0,1,0,1791329400,2026-10-06T23:30:00Z
2026-10-05T15:28:59.581483Z,refresh,17931,1761108,5,1,1,0,1791329400,2026-10-06T23:30:00Z
2026-10-05T15:28:59.581483Z,refresh,17932,1761109,5,0,1,0,1791329400,2026-10-06T23:30:00Z
2026-10-05T15:28:59.581483Z,refresh,17933,1761110,5,0,1,0,1791329400,2026-10-06T23:30:00Z
2026-10-05T15:28:59.581483Z,refresh,17934,1761111,5,0,1,0,1791329400,2026-10-06T23:30:00Z
2026-10-05T15:28:59.581483Z,refresh,17935,1761112,5,0,1,0,1791329400,2026-10-06T23:30:00Z
2026-10-05T15:28:59.581483Z,refresh,17936,1761113,5,0,1,0,1791329400,2026-10-06T23:30:00Z
2026-10-05T15:28:59.581483Z,refresh,17937,1761114,5,0,1,0,1791329400,2026-10-06T23:30:00Z
2026-10-05T15:28:59.581483Z,refresh,17938,1761115,5,0,1,0,1791329400,2026-10-06T23:30:00Z
2026-10-05T15:28:59.581483Z,refresh,17939,1761116,5,0,1,0,1791329400,2026-10-06T23:30:00Z
2026-10-05T15:28:59.581483Z,refresh,17940,1761117,5,0,1,0,1791329400,2026-10-06T23:30:00Z
2026-10-05T15:28:59.581483Z,refresh,17941,1761118,310,7,1,0,1791329400,2026-10-06T23:30:00Z
2026-10-05T15:28:59.581483Z,refresh,18650,1761165,5,0,1,0,1791329400,2026-10-06T23:30:00Z
2026-10-05T15:28:59.581483Z,refresh,18651,1761166,5,0,1,0,1791329400,2026-10-06T23:30:00Z
2026-10-05T15:28:59.581483Z,refresh,18652,1761167,5,0,1,0,1791329400,2026-10-06T23:30:00Z
2026-10-05T15:28:59.581483Z,refresh,18653,1761168,5,0,1,0,1791329400,2026-10-06T23:30:00Z
2026-10-05T15:28:59.581483Z,refresh,18654,1761169,5,0,1,0,1791329400,2026-10-06T23:30:00Z
2026-10-05T15:28:59.581483Z,refresh,18655,1761170,5,0,1,0,1791329400,2026-10-06T23:30:00Z
2026-10-05T15:28:59.581483Z,refresh,18656,1761171,5,0,1,0,1791329400,2026-10-06T23:30:00Z
2026-10-05T15:28:59.581483Z,refresh,18657,1761172,5,0,1,0,1791329400,2026-10-06T23:30:00Z
2026-10-05T15:28:59.581483Z,refresh,18658,1761173,5,0,1,0,1791329400,2026-10-06T23:30:00Z
2026-10-05T15:28:59.581483Z,refresh,18659,1761174,5,0,1,0,1791329400,2026-10-06T23:30:00Z
2026-10-05T15:28:59.581483Z,refresh,18660,1761175,40,8,1,0,1791329400,2026-10-06T23:30:00Z
2026-10-05T15:28:59.581483Z,refresh,18661,1761176,5,0,1,0,1791329400,2026-10-06T23:30:00Z
2026-10-05T15:28:59.581483Z,refresh,18662,1761177,5,0,1,0,1791329400,2026-10-06T23:30:00Z
2026-10-05T15:28:59.581483Z,refresh,18663,1761178,5,0,1,0,1791329400,2026-10-06T23:30:00Z
2026-10-05T15:28:59.581483Z,refresh,18664,1761179,155,14,1,0,1791329400,2026-10-06T23:30:00Z
2026-10-05T15:28:59.581483Z,refresh,18665,1761180,115,14,1,0,1791329400,2026-10-06T23:30:00Z
2026-10-05T15:28:59.581483Z,refresh,18666,1761181,5,0,1,0,1791329400,2026-10-06T23:30:00Z
2026-10-05T15:28:59.581483Z,refresh,18667,1761182,5,0,1,0,1791329400,2026-10-06T23:30:00Z
2026-10-05T15:28:59.581483Z,refresh,18668,1761183,5,0,1,0,1791329400,2026-10-06T23:30:00Z
2026-10-05T15:28:59.581483Z,refresh,18669,1761184,5,1,1,0,1791329400,2026-10-06T23:30:00Z
2026-10-05T15:28:59.581483Z,refresh,18670,1761185,5,1,1,0,1791329400,2026-10-06T23:30:00Z
2026-10-05T15:28:59.581483Z,refresh,18671,1761186,10,2,1,0,1791329400,2026-10-06T23:30:00Z
2026-10-05T15:28:59.581483Z,refresh,18672,1761187,5,1,1,0,1791329400,2026-10-06T23:30:00Z
2026-10-05T15:28:59.581483Z,refresh,18673,1761188,5,1,1,0,1791329400,2026-10-06T23:30:00Z
2026-10-05T15:28:59.581483Z,refresh,18674,1761189,5,1,1,0,1791329400,2026-10-06T23:30:00Z
2026-10-05T15:28:59.581483Z,refresh,18675,1761190,5,1,1,0,1791329400,2026-10-06T23:30:00Z
2026-10-05T15:28:59.581483Z,refresh,18676,1761191,5,0,1,0,1791329400,2026-10-06T23:30:00Z
2026-10-05T15:28:59.581483Z,refresh,18677,1761192,5,0,1,0,1791329400,2026-10-06T23:30:00Z
2026-10-05T15:28:59.581483Z,refresh,18678,1761194,5,1,1,0,1791329400,2026-10-06T23:30:00Z
2026-10-05T15:28:59.581483Z,refresh,18679,1761195,5,1,1,0,1791329400,2026-10-06T23:30:00Z
2026-10-05T15:28:59.581483Z,refresh,18680,1761196,5,0,1,0,1791329400,2026-10-06T23:30:00Z
2026-10-05T15:28:59.581483Z,refresh,18681,1761197,10,2,1,0,1791329400,2026-10-06T23:30:00Z
2026-10-05T15:28:59.581483Z,refresh,18682,1761198,5,1,1,0,1791329400,2026-10-06T23:30:00Z
2026-10-05T15:28:59.581483Z,refresh,18683,1761199,5,0,1,0,1791329400,2026-10-06T23:30:00Z
2026-10-05T15:28:59.581483Z,refresh,18705,1761220,5,0,1,0,1791329400,2026-10-06T23:30:00Z
2026-10-05T15:28:59.581483Z,refresh,18706,1761221,5,0,1,0,1791329400,2026-10-06T23:30:00Z
2026-10-05T15:28:59.581483Z,refresh,18707,1761222,5,1,1,0,1791329400,2026-10-06T23:30:00Z
2026-10-05T15:28:59.581483Z,refresh,18708,1761223,5,1,1,0,1791329400,2026-10-06T23:30:00Z
2026-10-05T15:28:59.581483Z,refresh,18709,1761224,5,0,1,0,1791329400,2026-10-06T23:30:00Z
2026-10-05T15:28:59.581483Z,refresh,18710,1761225,5,0,1,0,1791329400,2026-10-06T23:30:00Z
2026-10-05T15:28:59.581483Z,refresh,18711,1761226,5,0,1,0,1791329400,2026-10-06T23:30:00Z
2026-10-05T15:28:59.581483Z,refresh,18712,1761227,5,0,1,0,1791329400,2026-10-06T23:30:00Z
2026-10-05T15:28:59.581483Z,refresh,18713,1761228,5,0,1,0,1791329400,2026-10-06T23:30:00Z
2026-10-05T15:28:59.581483Z,refresh,18714,1761229,5,1,1,0,1791329400,2026-10-06T23:30:00Z
2026-10-05T15:28:59.581483Z,refresh,18715,1761230,5,0,1,0,1791329400,2026-10-06T23:30:00Z
2026-10-05T15:28:59.581483Z,refresh,18716,1761231,155,5,1,0,1791329400,2026-10-06T23:30:00Z
2026-10-05T15:28:59.581483Z,refresh,18717,1761232,205,6,1,0,1791329400,2026-10-06T23:30:00Z
2026-10-05T15:28:59.581483Z,refresh,18718,1761233,5,1,1,0,1791329400,2026-10-06T23:30:00Z
2026-10-05T15:28:59.581483Z,refresh,18719,1761234,5,0,1,0,1791329400,2026-10-06T23:30:00Z
2026-10-05T15:28:59.581483Z,refresh,18720,1761235,5,0,1,0,1791329400,2026-10-06T23:30:00Z
2026-10-05T15:28:59.581483Z,refresh,17866,1761264,5,0,1,0,1791331200,2026-10-07T00:00:00Z
2026-10-05T15:28:59.581483Z,refresh,17867,1761265,5,0,1,0,1791331200,2026-10-07T00:00:00Z
2026-10-05T15:28:59.581483Z,refresh,17868,1761266,5,0,1,0,1791331200,2026-10-07T00:00:00Z
2026-10-05T15:28:59.581483Z,refresh,17869,1761268,5,0,1,0,1791331200,2026-10-07T00:00:00Z
2026-10-05T15:28:59.581483Z,refresh,17870,1761269,5,0,1,0,1791331200,2026-10-07T00:00:00Z
2026-10-05T15:28:59.581483Z,refresh,17871,1761270,5,0,1,0,1791331200,2026-10-07T00:00:00Z
2026-10-05T15:28:59.581483Z,refresh,17872,1761271,5,0,1,0,1791331200,2026-10-07T00:00:00Z
2026-10-05T15:28:59.581483Z,refresh,17873,1761272,5,0,1,0,1791331200,2026-10-07T00:00:00Z
2026-10-05T15:28:59.581483Z,refresh,17874,1761273,5,0,1,0,1791331200,2026-10-07T00:00:00Z
2026-10-05T15:28:59.581483Z,refresh,17875,1761274,10,2,1,0,1791331200,2026-10-07T00:00:00Z
2026-10-05T15:28:59.581483Z,refresh,17876,1761275,5,1,1,0,1791331200,2026-10-07T00:00:00Z
2026-10-05T15:28:59.581483Z,refresh,17877,1761276,5,0,1,0,1791331200,2026-10-07T00:00:00Z
2026-10-05T15:28:59.581483Z,refresh,17878,1761277,5,0,1,0,1791331200,2026-10-07T00:00:00Z
2026-10-05T15:28:59.581483Z,refresh,17879,1761278,5,1,1,0,1791331200,2026-10-07T00:00:00Z
2026-10-05T15:28:59.581483Z,refresh,17880,1761279,5,1,1,0,1791331200,2026-10-07T00:00:00Z
2026-10-05T15:28:59.581483Z,refresh,17881,1761280,5,0,1,0,1791331200,2026-10-07T00:00:00Z
2026-10-05T15:28:59.581483Z,refresh,17882,1761281,5,0,1,0,1791331200,2026-10-07T00:00:00Z
2026-10-05T15:28:59.581483Z,refresh,17883,1761282,5,0,1,0,1791331200,2026-10-07T00:00:00Z
2026-10-05T15:28:59.581483Z,refresh,17884,1761283,5,0,1,0,1791331200,2026-10-07T00:00:00Z
2026-10-05T15:28:59.581483Z,refresh,17885,1761284,5,0,1,0,1791331200,2026-10-07T00:00:00Z
2026-10-05T15:28:59.581483Z,refresh,17886,1761285,5,0,1,0,1791331200,2026-10-07T00:00:00Z
2026-10-05T15:28:59.581483Z,refresh,17887,1761286,5,0,1,0,1791331200,2026-10-07T00:00:00Z
2026-10-05T15:28:59.581483Z,refresh,17888,1761287,5,0,1,0,1791331200,2026-10-07T00:00:00Z
2026-10-05T15:28:59.581483Z,refresh,17889,1761288,5,1,1,0,1791331200,2026-10-07T00:00:00Z
2026-10-05T15:28:59.581483Z,refresh,17890,1761289,5,0,1,0,1791331200,2026-10-07T00:00:00Z
2026-10-05T15:28:59.581483Z,refresh,17891,1761291,5,1,1,0,1791331200,2026-10-07T00:00:00Z
2026-10-05T15:28:59.581483Z,refresh,17892,1761292,5,1,1,0,1791331200,2026-10-07T00:00:00Z
2026-10-05T15:28:59.581483Z,refresh,17893,1761293,5,0,1,0,1791331200,2026-10-07T00:00:00Z
2026-10-05T15:28:59.581483Z,refresh,17894,1761294,5,0,1,0,1791331200,2026-10-07T00:00:00Z
2026-10-05T15:28:59.581483Z,refresh,17895,1761295,5,0,1,0,1791331200,2026-10-07T00:00:00Z
2026-10-05T15:28:59.581483Z,refresh,17896,1761296,5,0,1,0,1791331200,2026-10-07T00:00:00Z
2026-10-05T15:28:59.581483Z,refresh,17897,1761297,5,1,1,0,1791331200,2026-10-07T00:00:00Z
2026-10-05T15:28:59.581483Z,refresh,17898,1761298,5,0,1,0,1791331200,2026-10-07T00:00:00Z
2026-10-05T15:28:59.581483Z,refresh,17899,1761299,5,0,1,0,1791331200,2026-10-07T00:00:00Z
2026-10-05T15:28:59.581483Z,refresh,17900,1761300,5,0,1,0,1791331200,2026-10-07T00:00:00Z
2026-10-05T15:28:59.581483Z,refresh,17901,1761301,5,0,1,0,1791331200,2026-10-07T00:00:00Z
2026-10-05T15:28:59.581483Z,refresh,17902,1761303,5,0,1,0,1791331200,2026-10-07T00:00:00Z
2026-10-05T15:28:59.581483Z,refresh,17903,1761304,30,3,1,0,1791331200,2026-10-07T00:00:00Z
2026-10-05T15:28:59.581483Z,refresh,17904,1761305,5,0,1,0,1791331200,2026-10-07T00:00:00Z
2026-10-05T15:28:59.581483Z,refresh,17905,1761306,5,0,1,0,1791331200,2026-10-07T00:00:00Z
2026-10-05T15:28:59.581483Z,refresh,17906,1761307,5,1,1,0,1791331200,2026-10-07T00:00:00Z
2026-10-05T15:28:59.581483Z,refresh,17907,1761308,100,3,1,0,1791331200,2026-10-07T00:00:00Z
2026-10-05T15:28:59.581483Z,refresh,17908,1761309,5,0,1,0,1791331200,2026-10-07T00:00:00Z
2026-10-05T15:28:59.581483Z,refresh,17910,1761314,5,0,1,0,1791331200,2026-10-07T00:00:00Z
2026-10-05T15:28:59.581483Z,refresh,18684,1761200,5,0,1,0,1791331200,2026-10-07T00:00:00Z
2026-10-05T15:28:59.581483Z,refresh,18685,1761201,5,0,1,0,1791331200,2026-10-07T00:00:00Z
2026-10-05T15:28:59.581483Z,refresh,18686,1761202,5,0,1,0,1791331200,2026-10-07T00:00:00Z
2026-10-05T15:28:59.581483Z,refresh,18687,1761203,5,0,1,0,1791331200,2026-10-07T00:00:00Z
2026-10-05T15:28:59.581483Z,refresh,18688,1761204,5,0,1,0,1791331200,2026-10-07T00:00:00Z
2026-10-05T15:28:59.581483Z,refresh,18689,1761205,5,1,1,0,1791331200,2026-10-07T00:00:00Z
2026-10-05T15:28:59.581483Z,refresh,18690,1761206,5,1,1,0,1791331200,2026-10-07T00:00:00Z
2026-10-05T15:28:59.581483Z,refresh,18691,1761207,5,0,1,0,1791331200,2026-10-07T00:00:00Z
2026-10-05T15:28:59.581483Z,refresh,18692,1761208,5,0,1,0,1791331200,2026-10-07T00:00:00Z
2026-10-05T15:28:59.581483Z,refresh,18693,1761209,5,0,1,0,1791331200,2026-10-07T00:00:00Z
2026-10-05T15:28:59.581483Z,refresh,18694,1761210,5,0,1,0,1791331200,2026-10-07T00:00:00Z
2026-10-05T15:28:59.581483Z,refresh,18695,1761211,5,0,1,0,1791331200,2026-10-07T00:00:00Z
2026-10-05T15:28:59.581483Z,refresh,18696,1761212,5,0,1,0,1791331200,2026-10-07T00:00:00Z
2026-10-05T15:28:59.581483Z,refresh,18697,1761213,5,0,1,0,1791331200,2026-10-07T00:00:00Z
2026-10-05T15:28:59.581483Z,refresh,18698,1761214,5,0,1,0,1791331200,2026-10-07T00:00:00Z
2026-10-05T15:28:59.581483Z,refresh,18699,1761215,5,0,1,0,1791331200,2026-10-07T00:00:00Z
2026-10-05T15:28:59.581483Z,refresh,18700,1761216,5,1,1,0,1791331200,2026-10-07T00:00:00Z
2026-10-05T15:28:59.581483Z,refresh,18701,1761217,105,5,1,0,1791331200,2026-10-07T00:00:00Z
2026-10-05T15:28:59.581483Z,refresh,18702,1761218,155,9,1,0,1791331200,2026-10-07T00:00:00Z
2026-10-05T15:28:59.581483Z,refresh,18703,1761219,55,5,1,0,1791331200,2026-10-07T00:00:00Z
2026-10-05T15:28:59.581483Z,refresh,18721,1761236,5,0,1,0,1791331200,2026-10-07T00:00:00Z
2026-10-05T15:28:59.581483Z,refresh,18722,1761237,5,1,1,0,1791331200,2026-10-07T00:00:00Z
2026-10-05T15:28:59.581483Z,refresh,18723,1761238,5,0,1,0,1791331200,2026-10-07T00:00:00Z
2026-10-05T15:28:59.581483Z,refresh,18724,1761239,5,0,1,0,1791331200,2026-10-07T00:00:00Z
2026-10-05T15:28:59.581483Z,refresh,18725,1761240,5,0,1,0,1791331200,2026-10-07T00:00:00Z
2026-10-05T15:28:59.581483Z,refresh,18726,1761241,5,0,1,0,1791331200,2026-10-07T00:00:00Z
2026-10-05T15:28:59.581483Z,refresh,18727,1761242,5,1,1,0,1791331200,2026-10-07T00:00:00Z
2026-10-05T15:28:59.581483Z,refresh,18728,1761243,5,0,1,0,1791331200,2026-10-07T00:00:00Z
2026-10-05T15:28:59.581483Z,refresh,18729,1761244,5,0,1,0,1791331200,2026-10-07T00:00:00Z
2026-10-05T15:28:59.581483Z,refresh,18730,1761245,5,0,1,0,1791331200,2026-10-07T00:00:00Z
2026-10-05T15:28:59.581483Z,refresh,18731,1761246,5,0,1,0,1791331200,2026-10-07T00:00:00Z
2026-10-05T15:28:59.581483Z,refresh,18732,1761310,5,1,1,0,1791331200,2026-10-07T00:00:00Z
2026-10-05T15:28:59.581483Z,refresh,18733,1761311,5,0,1,0,1791331200,2026-10-07T00:00:00Z
2026-10-05T15:28:59.581483Z,refresh,18734,1761312,5,0,1,0,1791331200,2026-10-07T00:00:00Z
2026-10-05T15:28:59.581483Z,refresh,18735,1761313,5,1,1,0,1791331200,2026-10-07T00:00:00Z
2026-10-05T15:28:59.581483Z,refresh,17125,1779931,5,1,1,0,1791333000,2026-10-07T00:30:00Z
2026-10-05T16:02:45.909558Z,export,10000,1761139,105,2,1,0,1791324000,2026-10-06T22:00:00Z
2026-10-05T16:02:45.909558Z,export,10001,1761140,100,0,1,0,1791324000,2026-10-06T22:00:00Z
2026-10-05T16:02:45.909558Z,export,10002,1761141,100,0,1,0,1791324000,2026-10-06T22:00:00Z
2026-10-05T16:02:45.909558Z,export,10003,1761142,100,1,1,0,1791324000,2026-10-06T22:00:00Z
2026-10-05T16:02:45.909558Z,export,10004,1761143,1525,8,1,0,1791324000,2026-10-06T22:00:00Z
2026-10-05T16:02:45.909558Z,export,10005,1761144,2550,8,1,0,1791324000,2026-10-06T22:00:00Z
2026-10-05T16:02:45.909558Z,export,10006,1761145,115,4,1,0,1791324000,2026-10-06T22:00:00Z
2026-10-05T16:02:45.909558Z,export,10007,1761146,105,2,1,0,1791324000,2026-10-06T22:00:00Z
2026-10-05T16:02:45.909558Z,export,10008,1761147,7550,12,1,0,1791324000,2026-10-06T22:00:00Z
2026-10-05T16:02:45.909558Z,export,10009,1761148,25600,31,1,0,1791324000,2026-10-06T22:00:00Z
2026-10-05T16:02:45.909558Z,export,10010,1761149,3050,7,1,0,1791324000,2026-10-06T22:00:00Z
2026-10-05T16:02:45.909558Z,export,10011,1761150,11100,101,1,0,1791324000,2026-10-06T22:00:00Z
2026-10-05T16:02:45.909558Z,export,10012,1761151,15050,8,1,0,1791324000,2026-10-06T22:00:00Z
2026-10-05T16:02:45.909558Z,export,10013,1761152,42250,72,1,0,1791324000,2026-10-06T22:00:00Z
2026-10-05T16:02:45.909558Z,export,10014,1761153,18100,38,1,0,1791324000,2026-10-06T22:00:00Z
2026-10-05T16:02:45.909558Z,export,10015,1761154,16600,28,1,0,1791324000,2026-10-06T22:00:00Z
2026-10-05T16:02:45.909558Z,export,10016,1761155,10600,22,1,0,1791324000,2026-10-06T22:00:00Z
2026-10-05T16:02:45.909558Z,export,10017,1761156,42000,54,1,0,1791324000,2026-10-06T22:00:00Z
2026-10-05T16:02:45.909558Z,export,10018,1761157,1005,3,1,0,1791324000,2026-10-06T22:00:00Z
2026-10-05T16:02:45.909558Z,export,10019,1761158,100,1,1,0,1791324000,2026-10-06T22:00:00Z
2026-10-05T16:02:45.909558Z,export,10050,1761119,1950,13,1,0,1791325800,2026-10-06T22:30:00Z
2026-10-05T16:02:45.909558Z,export,10051,1761120,100,1,1,0,1791325800,2026-10-06T22:30:00Z
2026-10-05T16:02:45.909558Z,export,10052,1761121,100,1,1,0,1791325800,2026-10-06T22:30:00Z
2026-10-05T16:02:45.909558Z,export,10053,1761122,1005,12,1,0,1791325800,2026-10-06T22:30:00Z
2026-10-05T16:02:45.909558Z,export,10054,1761123,510,7,1,0,1791325800,2026-10-06T22:30:00Z
2026-10-05T16:02:45.909558Z,export,10055,1761124,100,0,1,0,1791325800,2026-10-06T22:30:00Z
2026-10-05T16:02:45.909558Z,export,10056,1761125,100,0,1,0,1791325800,2026-10-06T22:30:00Z
2026-10-05T16:02:45.909558Z,export,10057,1761126,100,1,1,0,1791325800,2026-10-06T22:30:00Z
2026-10-05T16:02:45.909558Z,export,10058,1761127,100,1,1,0,1791325800,2026-10-06T22:30:00Z
2026-10-05T16:02:45.909558Z,export,10059,1761128,1025,14,1,0,1791325800,2026-10-06T22:30:00Z
2026-10-05T16:02:45.909558Z,export,10060,1761129,7800,63,1,0,1791325800,2026-10-06T22:30:00Z
2026-10-05T16:02:45.909558Z,export,10061,1761130,100,0,1,0,1791325800,2026-10-06T22:30:00Z
2026-10-05T16:02:45.909558Z,export,10062,1761131,5100,115,1,0,1791325800,2026-10-06T22:30:00Z
2026-10-05T16:02:45.909558Z,export,10063,1761132,675,8,1,0,1791325800,2026-10-06T22:30:00Z
2026-10-05T16:02:45.909558Z,export,10064,1761133,100,1,1,0,1791325800,2026-10-06T22:30:00Z
2026-10-05T16:02:45.909558Z,export,10065,1761134,100,0,1,0,1791325800,2026-10-06T22:30:00Z
2026-10-05T16:02:45.909558Z,export,10066,1761135,100,1,1,0,1791325800,2026-10-06T22:30:00Z
2026-10-05T16:02:45.909558Z,export,10067,1761136,100,1,1,0,1791325800,2026-10-06T22:30:00Z
2026-10-05T16:02:45.909558Z,export,10068,1761137,100,1,1,0,1791325800,2026-10-06T22:30:00Z
2026-10-05T16:02:45.909558Z,export,10069,1761138,100,0,1,0,1791325800,2026-10-06T22:30:00Z
2026-10-05T16:02:45.909558Z,export,17100,1761063,100,0,1,0,1791327600,2026-10-06T23:00:00Z
2026-10-05T16:02:45.909558Z,export,17101,1761064,100,1,1,0,1791327600,2026-10-06T23:00:00Z
2026-10-05T16:02:45.909558Z,export,17102,1761065,100,0,1,0,1791327600,2026-10-06T23:00:00Z
2026-10-05T16:02:45.909558Z,export,17103,1761066,100,0,1,0,1791327600,2026-10-06T23:00:00Z
2026-10-05T16:02:45.909558Z,export,17104,1761067,100,0,1,0,1791327600,2026-10-06T23:00:00Z
2026-10-05T16:02:45.909558Z,export,17105,1761068,100,0,1,0,1791327600,2026-10-06T23:00:00Z
2026-10-05T16:02:45.909558Z,export,17106,1761069,100,0,1,0,1791327600,2026-10-06T23:00:00Z
2026-10-05T16:02:45.909558Z,export,17107,1761070,100,0,1,0,1791327600,2026-10-06T23:00:00Z
2026-10-05T16:02:45.909558Z,export,17108,1761071,100,1,1,0,1791327600,2026-10-06T23:00:00Z
2026-10-05T16:02:45.909558Z,export,17109,1761072,100,0,1,0,1791327600,2026-10-06T23:00:00Z
2026-10-05T16:02:45.909558Z,export,17110,1761073,100,0,1,0,1791327600,2026-10-06T23:00:00Z
2026-10-05T16:02:45.909558Z,export,17111,1761074,100,0,1,0,1791327600,2026-10-06T23:00:00Z
2026-10-05T16:02:45.909558Z,export,17112,1761075,100,0,1,0,1791327600,2026-10-06T23:00:00Z
2026-10-05T16:02:45.909558Z,export,17113,1761076,100,0,1,0,1791327600,2026-10-06T23:00:00Z
2026-10-05T16:02:45.909558Z,export,17114,1761077,100,0,1,0,1791327600,2026-10-06T23:00:00Z
2026-10-05T16:02:45.909558Z,export,17115,1761078,100,0,1,0,1791327600,2026-10-06T23:00:00Z
2026-10-05T16:02:45.909558Z,export,17116,1761079,100,0,1,0,1791327600,2026-10-06T23:00:00Z
2026-10-05T16:02:45.909558Z,export,17117,1761080,100,0,1,0,1791327600,2026-10-06T23:00:00Z
2026-10-05T16:02:45.909558Z,export,17118,1761081,100,1,1,0,1791327600,2026-10-06T23:00:00Z
2026-10-05T16:02:45.909558Z,export,17119,1761082,100,0,1,0,1791327600,2026-10-06T23:00:00Z
2026-10-05T16:02:45.909558Z,export,17120,1761083,100,0,1,0,1791327600,2026-10-06T23:00:00Z
2026-10-05T16:02:45.909558Z,export,17121,1761084,100,0,1,0,1791327600,2026-10-06T23:00:00Z
2026-10-05T16:02:45.909558Z,export,17122,1761085,100,0,1,0,1791327600,2026-10-06T23:00:00Z
2026-10-05T16:02:45.909558Z,export,10020,1761159,7050,26,1,0,1791329400,2026-10-06T23:30:00Z
2026-10-05T16:02:45.909558Z,export,10021,1761160,5,0,1,0,1791329400,2026-10-06T23:30:00Z
2026-10-05T16:02:45.909558Z,export,10022,1761161,5,1,1,0,1791329400,2026-10-06T23:30:00Z
2026-10-05T16:02:45.909558Z,export,10023,1761162,130,3,1,0,1791329400,2026-10-06T23:30:00Z
2026-10-05T16:02:45.909558Z,export,10024,1761163,5,0,1,0,1791329400,2026-10-06T23:30:00Z
2026-10-05T16:02:45.909558Z,export,10025,1761164,5,0,1,0,1791329400,2026-10-06T23:30:00Z
2026-10-05T16:02:45.909558Z,export,17850,1761247,5,0,1,0,1791329400,2026-10-06T23:30:00Z
2026-10-05T16:02:45.909558Z,export,17851,1761248,5,0,1,0,1791329400,2026-10-06T23:30:00Z
2026-10-05T16:02:45.909558Z,export,17852,1761249,205,7,1,0,1791329400,2026-10-06T23:30:00Z
2026-10-05T16:02:45.909558Z,export,17853,1761250,1250,44,1,0,1791329400,2026-10-06T23:30:00Z
2026-10-05T16:02:45.909558Z,export,17854,1761251,105,6,1,0,1791329400,2026-10-06T23:30:00Z
2026-10-05T16:02:45.909558Z,export,17855,1761252,5,0,1,0,1791329400,2026-10-06T23:30:00Z
2026-10-05T16:02:45.909558Z,export,17856,1761253,105,5,1,0,1791329400,2026-10-06T23:30:00Z
2026-10-05T16:02:45.909558Z,export,17857,1761254,5,1,1,0,1791329400,2026-10-06T23:30:00Z
2026-10-05T16:02:45.909558Z,export,17858,1761255,10,2,1,0,1791329400,2026-10-06T23:30:00Z
2026-10-05T16:02:45.909558Z,export,17859,1761256,5,1,1,0,1791329400,2026-10-06T23:30:00Z
2026-10-05T16:02:45.909558Z,export,17860,1761257,5,0,1,0,1791329400,2026-10-06T23:30:00Z
2026-10-05T16:02:45.909558Z,export,17861,1761258,5,0,1,0,1791329400,2026-10-06T23:30:00Z
2026-10-05T16:02:45.909558Z,export,17862,1761259,5,0,1,0,1791329400,2026-10-06T23:30:00Z
2026-10-05T16:02:45.909558Z,export,17863,1761260,5,0,1,0,1791329400,2026-10-06T23:30:00Z
2026-10-05T16:02:45.909558Z,export,17864,1761262,5,1,1,0,1791329400,2026-10-06T23:30:00Z
2026-10-05T16:02:45.909558Z,export,17865,1761263,5,0,1,0,1791329400,2026-10-06T23:30:00Z
2026-10-05T16:02:45.909558Z,export,17909,1761086,5,0,1,0,1791329400,2026-10-06T23:30:00Z
2026-10-05T16:02:45.909558Z,export,17911,1761088,5,0,1,0,1791329400,2026-10-06T23:30:00Z
2026-10-05T16:02:45.909558Z,export,17912,1761089,5,0,1,0,1791329400,2026-10-06T23:30:00Z
2026-10-05T16:02:45.909558Z,export,17913,1761090,5,0,1,0,1791329400,2026-10-06T23:30:00Z
2026-10-05T16:02:45.909558Z,export,17914,1761091,5,0,1,0,1791329400,2026-10-06T23:30:00Z
2026-10-05T16:02:45.909558Z,export,17915,1761092,5,0,1,0,1791329400,2026-10-06T23:30:00Z
2026-10-05T16:02:45.909558Z,export,17916,1761093,5,0,1,0,1791329400,2026-10-06T23:30:00Z
2026-10-05T16:02:45.909558Z,export,17917,1761094,5,1,1,0,1791329400,2026-10-06T23:30:00Z
2026-10-05T16:02:45.909558Z,export,17918,1761095,5,0,1,0,1791329400,2026-10-06T23:30:00Z
2026-10-05T16:02:45.909558Z,export,17919,1761096,5,0,1,0,1791329400,2026-10-06T23:30:00Z
2026-10-05T16:02:45.909558Z,export,17920,1761097,5,1,1,0,1791329400,2026-10-06T23:30:00Z
2026-10-05T16:02:45.909558Z,export,17921,1761098,5,0,1,0,1791329400,2026-10-06T23:30:00Z
2026-10-05T16:02:45.909558Z,export,17922,1761099,5,0,1,0,1791329400,2026-10-06T23:30:00Z
2026-10-05T16:02:45.909558Z,export,17923,1761100,5,0,1,0,1791329400,2026-10-06T23:30:00Z
2026-10-05T16:02:45.909558Z,export,17924,1761101,5,1,1,0,1791329400,2026-10-06T23:30:00Z
2026-10-05T16:02:45.909558Z,export,17925,1761102,5,0,1,0,1791329400,2026-10-06T23:30:00Z
2026-10-05T16:02:45.909558Z,export,17926,1761103,5,0,1,0,1791329400,2026-10-06T23:30:00Z
2026-10-05T16:02:45.909558Z,export,17927,1761104,5,1,1,0,1791329400,2026-10-06T23:30:00Z
2026-10-05T16:02:45.909558Z,export,17928,1761105,5,0,1,0,1791329400,2026-10-06T23:30:00Z
2026-10-05T16:02:45.909558Z,export,17929,1761106,5,0,1,0,1791329400,2026-10-06T23:30:00Z
2026-10-05T16:02:45.909558Z,export,17930,1761107,5,0,1,0,1791329400,2026-10-06T23:30:00Z
2026-10-05T16:02:45.909558Z,export,17931,1761108,5,1,1,0,1791329400,2026-10-06T23:30:00Z
2026-10-05T16:02:45.909558Z,export,17932,1761109,5,0,1,0,1791329400,2026-10-06T23:30:00Z
2026-10-05T16:02:45.909558Z,export,17933,1761110,5,0,1,0,1791329400,2026-10-06T23:30:00Z
2026-10-05T16:02:45.909558Z,export,17934,1761111,5,0,1,0,1791329400,2026-10-06T23:30:00Z
2026-10-05T16:02:45.909558Z,export,17935,1761112,5,0,1,0,1791329400,2026-10-06T23:30:00Z
2026-10-05T16:02:45.909558Z,export,17936,1761113,5,0,1,0,1791329400,2026-10-06T23:30:00Z
2026-10-05T16:02:45.909558Z,export,17937,1761114,5,0,1,0,1791329400,2026-10-06T23:30:00Z
2026-10-05T16:02:45.909558Z,export,17938,1761115,5,0,1,0,1791329400,2026-10-06T23:30:00Z
2026-10-05T16:02:45.909558Z,export,17939,1761116,5,0,1,0,1791329400,2026-10-06T23:30:00Z
2026-10-05T16:02:45.909558Z,export,17940,1761117,5,0,1,0,1791329400,2026-10-06T23:30:00Z
2026-10-05T16:02:45.909558Z,export,17941,1761118,310,7,1,0,1791329400,2026-10-06T23:30:00Z
2026-10-05T16:02:45.909558Z,export,18650,1761165,5,0,1,0,1791329400,2026-10-06T23:30:00Z
2026-10-05T16:02:45.909558Z,export,18651,1761166,5,0,1,0,1791329400,2026-10-06T23:30:00Z
2026-10-05T16:02:45.909558Z,export,18652,1761167,5,0,1,0,1791329400,2026-10-06T23:30:00Z
2026-10-05T16:02:45.909558Z,export,18653,1761168,5,0,1,0,1791329400,2026-10-06T23:30:00Z
2026-10-05T16:02:45.909558Z,export,18654,1761169,5,0,1,0,1791329400,2026-10-06T23:30:00Z
2026-10-05T16:02:45.909558Z,export,18655,1761170,5,0,1,0,1791329400,2026-10-06T23:30:00Z
2026-10-05T16:02:45.909558Z,export,18656,1761171,5,0,1,0,1791329400,2026-10-06T23:30:00Z
2026-10-05T16:02:45.909558Z,export,18657,1761172,5,0,1,0,1791329400,2026-10-06T23:30:00Z
2026-10-05T16:02:45.909558Z,export,18658,1761173,5,0,1,0,1791329400,2026-10-06T23:30:00Z
2026-10-05T16:02:45.909558Z,export,18659,1761174,5,0,1,0,1791329400,2026-10-06T23:30:00Z
2026-10-05T16:02:45.909558Z,export,18660,1761175,40,8,1,0,1791329400,2026-10-06T23:30:00Z
2026-10-05T16:02:45.909558Z,export,18661,1761176,5,0,1,0,1791329400,2026-10-06T23:30:00Z
2026-10-05T16:02:45.909558Z,export,18662,1761177,5,0,1,0,1791329400,2026-10-06T23:30:00Z
2026-10-05T16:02:45.909558Z,export,18663,1761178,5,0,1,0,1791329400,2026-10-06T23:30:00Z
2026-10-05T16:02:45.909558Z,export,18664,1761179,155,14,1,0,1791329400,2026-10-06T23:30:00Z
2026-10-05T16:02:45.909558Z,export,18665,1761180,115,14,1,0,1791329400,2026-10-06T23:30:00Z
2026-10-05T16:02:45.909558Z,export,18666,1761181,5,0,1,0,1791329400,2026-10-06T23:30:00Z
2026-10-05T16:02:45.909558Z,export,18667,1761182,5,0,1,0,1791329400,2026-10-06T23:30:00Z
2026-10-05T16:02:45.909558Z,export,18668,1761183,5,0,1,0,1791329400,2026-10-06T23:30:00Z
2026-10-05T16:02:45.909558Z,export,18669,1761184,5,1,1,0,1791329400,2026-10-06T23:30:00Z
2026-10-05T16:02:45.909558Z,export,18670,1761185,5,1,1,0,1791329400,2026-10-06T23:30:00Z
2026-10-05T16:02:45.909558Z,export,18671,1761186,10,2,1,0,1791329400,2026-10-06T23:30:00Z
2026-10-05T16:02:45.909558Z,export,18672,1761187,5,1,1,0,1791329400,2026-10-06T23:30:00Z
2026-10-05T16:02:45.909558Z,export,18673,1761188,5,1,1,0,1791329400,2026-10-06T23:30:00Z
2026-10-05T16:02:45.909558Z,export,18674,1761189,5,1,1,0,1791329400,2026-10-06T23:30:00Z
2026-10-05T16:02:45.909558Z,export,18675,1761190,5,1,1,0,1791329400,2026-10-06T23:30:00Z
2026-10-05T16:02:45.909558Z,export,18676,1761191,5,0,1,0,1791329400,2026-10-06T23:30:00Z
2026-10-05T16:02:45.909558Z,export,18677,1761192,5,0,1,0,1791329400,2026-10-06T23:30:00Z
2026-10-05T16:02:45.909558Z,export,18678,1761194,5,1,1,0,1791329400,2026-10-06T23:30:00Z
2026-10-05T16:02:45.909558Z,export,18679,1761195,5,1,1,0,1791329400,2026-10-06T23:30:00Z
2026-10-05T16:02:45.909558Z,export,18680,1761196,5,0,1,0,1791329400,2026-10-06T23:30:00Z
2026-10-05T16:02:45.909558Z,export,18681,1761197,10,2,1,0,1791329400,2026-10-06T23:30:00Z
2026-10-05T16:02:45.909558Z,export,18682,1761198,5,1,1,0,1791329400,2026-10-06T23:30:00Z
2026-10-05T16:02:45.909558Z,export,18683,1761199,5,0,1,0,1791329400,2026-10-06T23:30:00Z
2026-10-05T16:02:45.909558Z,export,18705,1761220,5,0,1,0,1791329400,2026-10-06T23:30:00Z
2026-10-05T16:02:45.909558Z,export,18706,1761221,5,0,1,0,1791329400,2026-10-06T23:30:00Z
2026-10-05T16:02:45.909558Z,export,18707,1761222,5,1,1,0,1791329400,2026-10-06T23:30:00Z
2026-10-05T16:02:45.909558Z,export,18708,1761223,5,1,1,0,1791329400,2026-10-06T23:30:00Z
2026-10-05T16:02:45.909558Z,export,18709,1761224,5,0,1,0,1791329400,2026-10-06T23:30:00Z
2026-10-05T16:02:45.909558Z,export,18710,1761225,5,0,1,0,1791329400,2026-10-06T23:30:00Z
2026-10-05T16:02:45.909558Z,export,18711,1761226,5,0,1,0,1791329400,2026-10-06T23:30:00Z
2026-10-05T16:02:45.909558Z,export,18712,1761227,5,0,1,0,1791329400,2026-10-06T23:30:00Z
2026-10-05T16:02:45.909558Z,export,18713,1761228,5,0,1,0,1791329400,2026-10-06T23:30:00Z
2026-10-05T16:02:45.909558Z,export,18714,1761229,5,1,1,0,1791329400,2026-10-06T23:30:00Z
2026-10-05T16:02:45.909558Z,export,18715,1761230,5,0,1,0,1791329400,2026-10-06T23:30:00Z
2026-10-05T16:02:45.909558Z,export,18716,1761231,155,5,1,0,1791329400,2026-10-06T23:30:00Z
2026-10-05T16:02:45.909558Z,export,18717,1761232,205,6,1,0,1791329400,2026-10-06T23:30:00Z
2026-10-05T16:02:45.909558Z,export,18718,1761233,5,1,1,0,1791329400,2026-10-06T23:30:00Z
2026-10-05T16:02:45.909558Z,export,18719,1761234,5,0,1,0,1791329400,2026-10-06T23:30:00Z
2026-10-05T16:02:45.909558Z,export,18720,1761235,5,0,1,0,1791329400,2026-10-06T23:30:00Z
2026-10-05T16:02:45.909558Z,export,17866,1761264,5,0,1,0,1791331200,2026-10-07T00:00:00Z
2026-10-05T16:02:45.909558Z,export,17867,1761265,5,0,1,0,1791331200,2026-10-07T00:00:00Z
2026-10-05T16:02:45.909558Z,export,17868,1761266,5,0,1,0,1791331200,2026-10-07T00:00:00Z
2026-10-05T16:02:45.909558Z,export,17869,1761268,5,0,1,0,1791331200,2026-10-07T00:00:00Z
2026-10-05T16:02:45.909558Z,export,17870,1761269,5,0,1,0,1791331200,2026-10-07T00:00:00Z
2026-10-05T16:02:45.909558Z,export,17871,1761270,5,0,1,0,1791331200,2026-10-07T00:00:00Z
2026-10-05T16:02:45.909558Z,export,17872,1761271,5,0,1,0,1791331200,2026-10-07T00:00:00Z
2026-10-05T16:02:45.909558Z,export,17873,1761272,5,0,1,0,1791331200,2026-10-07T00:00:00Z
2026-10-05T16:02:45.909558Z,export,17874,1761273,5,0,1,0,1791331200,2026-10-07T00:00:00Z
2026-10-05T16:02:45.909558Z,export,17875,1761274,10,2,1,0,1791331200,2026-10-07T00:00:00Z
2026-10-05T16:02:45.909558Z,export,17876,1761275,5,1,1,0,1791331200,2026-10-07T00:00:00Z
2026-10-05T16:02:45.909558Z,export,17877,1761276,5,0,1,0,1791331200,2026-10-07T00:00:00Z
2026-10-05T16:02:45.909558Z,export,17878,1761277,5,0,1,0,1791331200,2026-10-07T00:00:00Z
2026-10-05T16:02:45.909558Z,export,17879,1761278,5,1,1,0,1791331200,2026-10-07T00:00:00Z
2026-10-05T16:02:45.909558Z,export,17880,1761279,155,5,1,0,1791331200,2026-10-07T00:00:00Z
2026-10-05T16:02:45.909558Z,export,17881,1761280,5,1,1,0,1791331200,2026-10-07T00:00:00Z
2026-10-05T16:02:45.909558Z,export,17882,1761281,5,1,1,0,1791331200,2026-10-07T00:00:00Z
2026-10-05T16:02:45.909558Z,export,17883,1761282,5,1,1,0,1791331200,2026-10-07T00:00:00Z
2026-10-05T16:02:45.909558Z,export,17884,1761283,5,1,1,0,1791331200,2026-10-07T00:00:00Z
2026-10-05T16:02:45.909558Z,export,17885,1761284,5,1,1,0,1791331200,2026-10-07T00:00:00Z
2026-10-05T16:02:45.909558Z,export,17886,1761285,5,1,1,0,1791331200,2026-10-07T00:00:00Z
2026-10-05T16:02:45.909558Z,export,17887,1761286,5,1,1,0,1791331200,2026-10-07T00:00:00Z
2026-10-05T16:02:45.909558Z,export,17888,1761287,5,0,1,0,1791331200,2026-10-07T00:00:00Z
2026-10-05T16:02:45.909558Z,export,17889,1761288,100,11,1,0,1791331200,2026-10-07T00:00:00Z
2026-10-05T16:02:45.909558Z,export,17890,1761289,5,0,1,0,1791331200,2026-10-07T00:00:00Z
2026-10-05T16:02:45.909558Z,export,17891,1761291,510,48,1,0,1791331200,2026-10-07T00:00:00Z
2026-10-05T16:02:45.909558Z,export,17892,1761292,255,52,1,0,1791331200,2026-10-07T00:00:00Z
2026-10-05T16:02:45.909558Z,export,17893,1761293,5,1,1,0,1791331200,2026-10-07T00:00:00Z
2026-10-05T16:02:45.909558Z,export,17894,1761294,5,1,1,0,1791331200,2026-10-07T00:00:00Z
2026-10-05T16:02:45.909558Z,export,17895,1761295,5,1,1,0,1791331200,2026-10-07T00:00:00Z
2026-10-05T16:02:45.909558Z,export,17896,1761296,5,0,1,0,1791331200,2026-10-07T00:00:00Z
2026-10-05T16:02:45.909558Z,export,17897,1761297,55,12,1,0,1791331200,2026-10-07T00:00:00Z
2026-10-05T16:02:45.909558Z,export,17898,1761298,5,0,1,0,1791331200,2026-10-07T00:00:00Z
2026-10-05T16:02:45.909558Z,export,17899,1761299,5,1,1,0,1791331200,2026-10-07T00:00:00Z
2026-10-05T16:02:45.909558Z,export,17900,1761300,5,1,1,0,1791331200,2026-10-07T00:00:00Z
2026-10-05T16:02:45.909558Z,export,17901,1761301,5,1,1,0,1791331200,2026-10-07T00:00:00Z
2026-10-05T16:02:45.909558Z,export,17902,1761303,5,0,1,0,1791331200,2026-10-07T00:00:00Z
2026-10-05T16:02:45.909558Z,export,17903,1761304,255,40,1,0,1791331200,2026-10-07T00:00:00Z
2026-10-05T16:02:45.909558Z,export,17904,1761305,5,1,1,0,1791331200,2026-10-07T00:00:00Z
2026-10-05T16:02:45.909558Z,export,17905,1761306,5,1,1,0,1791331200,2026-10-07T00:00:00Z
2026-10-05T16:02:45.909558Z,export,17906,1761307,105,16,1,0,1791331200,2026-10-07T00:00:00Z
2026-10-05T16:02:45.909558Z,export,17907,1761308,105,4,1,0,1791331200,2026-10-07T00:00:00Z
2026-10-05T16:02:45.909558Z,export,17908,1761309,5,1,1,0,1791331200,2026-10-07T00:00:00Z
2026-10-05T16:02:45.909558Z,export,17910,1761314,5,0,1,0,1791331200,2026-10-07T00:00:00Z
2026-10-05T16:02:45.909558Z,export,18684,1761200,5,0,1,0,1791331200,2026-10-07T00:00:00Z
2026-10-05T16:02:45.909558Z,export,18685,1761201,5,1,1,0,1791331200,2026-10-07T00:00:00Z
2026-10-05T16:02:45.909558Z,export,18686,1761202,5,0,1,0,1791331200,2026-10-07T00:00:00Z
2026-10-05T16:02:45.909558Z,export,18687,1761203,5,1,1,0,1791331200,2026-10-07T00:00:00Z
2026-10-05T16:02:45.909558Z,export,18688,1761204,5,0,1,0,1791331200,2026-10-07T00:00:00Z
2026-10-05T16:02:45.909558Z,export,18689,1761205,55,12,1,0,1791331200,2026-10-07T00:00:00Z
2026-10-05T16:02:45.909558Z,export,18690,1761206,105,22,1,0,1791331200,2026-10-07T00:00:00Z
2026-10-05T16:02:45.909558Z,export,18691,1761207,5,1,1,0,1791331200,2026-10-07T00:00:00Z
2026-10-05T16:02:45.909558Z,export,18692,1761208,5,1,1,0,1791331200,2026-10-07T00:00:00Z
2026-10-05T16:02:45.909558Z,export,18693,1761209,5,1,1,0,1791331200,2026-10-07T00:00:00Z
2026-10-05T16:02:45.909558Z,export,18694,1761210,5,0,1,0,1791331200,2026-10-07T00:00:00Z
2026-10-05T16:02:45.909558Z,export,18695,1761211,5,0,1,0,1791331200,2026-10-07T00:00:00Z
2026-10-05T16:02:45.909558Z,export,18696,1761212,5,0,1,0,1791331200,2026-10-07T00:00:00Z
2026-10-05T16:02:45.909558Z,export,18697,1761213,5,0,1,0,1791331200,2026-10-07T00:00:00Z
2026-10-05T16:02:45.909558Z,export,18698,1761214,5,0,1,0,1791331200,2026-10-07T00:00:00Z
2026-10-05T16:02:45.909558Z,export,18699,1761215,5,0,1,0,1791331200,2026-10-07T00:00:00Z
2026-10-05T16:02:45.909558Z,export,18700,1761216,5,1,1,0,1791331200,2026-10-07T00:00:00Z
2026-10-05T16:02:45.909558Z,export,18701,1761217,105,5,1,0,1791331200,2026-10-07T00:00:00Z
2026-10-05T16:02:45.909558Z,export,18702,1761218,405,45,1,0,1791331200,2026-10-07T00:00:00Z
2026-10-05T16:02:45.909558Z,export,18703,1761219,55,5,1,0,1791331200,2026-10-07T00:00:00Z
2026-10-05T16:02:45.909558Z,export,18721,1761236,5,0,1,0,1791331200,2026-10-07T00:00:00Z
2026-10-05T16:02:45.909558Z,export,18722,1761237,55,12,1,0,1791331200,2026-10-07T00:00:00Z
2026-10-05T16:02:45.909558Z,export,18723,1761238,5,1,1,0,1791331200,2026-10-07T00:00:00Z
2026-10-05T16:02:45.909558Z,export,18724,1761239,5,1,1,0,1791331200,2026-10-07T00:00:00Z
2026-10-05T16:02:45.909558Z,export,18725,1761240,5,1,1,0,1791331200,2026-10-07T00:00:00Z
2026-10-05T16:02:45.909558Z,export,18726,1761241,5,1,1,0,1791331200,2026-10-07T00:00:00Z
2026-10-05T16:02:45.909558Z,export,18727,1761242,5,1,1,0,1791331200,2026-10-07T00:00:00Z
2026-10-05T16:02:45.909558Z,export,18728,1761243,5,1,1,0,1791331200,2026-10-07T00:00:00Z
2026-10-05T16:02:45.909558Z,export,18729,1761244,5,1,1,0,1791331200,2026-10-07T00:00:00Z
2026-10-05T16:02:45.909558Z,export,18730,1761245,5,1,1,0,1791331200,2026-10-07T00:00:00Z
2026-10-05T16:02:45.909558Z,export,18731,1761246,5,0,1,0,1791331200,2026-10-07T00:00:00Z
2026-10-05T16:02:45.909558Z,export,18732,1761310,5,1,1,0,1791331200,2026-10-07T00:00:00Z
2026-10-05T16:02:45.909558Z,export,18733,1761311,5,1,1,0,1791331200,2026-10-07T00:00:00Z
2026-10-05T16:02:45.909558Z,export,18734,1761312,5,0,1,0,1791331200,2026-10-07T00:00:00Z
2026-10-05T16:02:45.909558Z,export,18735,1761313,5,1,1,0,1791331200,2026-10-07T00:00:00Z
2026-10-05T16:02:45.909558Z,export,17125,1779931,45,10,1,0,1791333000,2026-10-07T00:30:00Z
2026-10-05T16:29:06.301170Z,refresh,10000,1761139,105,2,1,0,1791324000,2026-10-06T22:00:00Z
2026-10-05T16:29:06.301170Z,refresh,10001,1761140,100,0,1,0,1791324000,2026-10-06T22:00:00Z
2026-10-05T16:29:06.301170Z,refresh,10002,1761141,100,0,1,0,1791324000,2026-10-06T22:00:00Z
2026-10-05T16:29:06.301170Z,refresh,10003,1761142,100,1,1,0,1791324000,2026-10-06T22:00:00Z
2026-10-05T16:29:06.301170Z,refresh,10004,1761143,1525,8,1,0,1791324000,2026-10-06T22:00:00Z
2026-10-05T16:29:06.301170Z,refresh,10005,1761144,2550,8,1,0,1791324000,2026-10-06T22:00:00Z
2026-10-05T16:29:06.301170Z,refresh,10006,1761145,115,4,1,0,1791324000,2026-10-06T22:00:00Z
2026-10-05T16:29:06.301170Z,refresh,10007,1761146,105,2,1,0,1791324000,2026-10-06T22:00:00Z
2026-10-05T16:29:06.301170Z,refresh,10008,1761147,7550,12,1,0,1791324000,2026-10-06T22:00:00Z
2026-10-05T16:29:06.301170Z,refresh,10009,1761148,25600,31,1,0,1791324000,2026-10-06T22:00:00Z
2026-10-05T16:29:06.301170Z,refresh,10010,1761149,3050,7,1,0,1791324000,2026-10-06T22:00:00Z
2026-10-05T16:29:06.301170Z,refresh,10011,1761150,11100,101,1,0,1791324000,2026-10-06T22:00:00Z
2026-10-05T16:29:06.301170Z,refresh,10012,1761151,15050,8,1,0,1791324000,2026-10-06T22:00:00Z
2026-10-05T16:29:06.301170Z,refresh,10013,1761152,42250,72,1,0,1791324000,2026-10-06T22:00:00Z
2026-10-05T16:29:06.301170Z,refresh,10014,1761153,19100,40,1,0,1791324000,2026-10-06T22:00:00Z
2026-10-05T16:29:06.301170Z,refresh,10015,1761154,16800,30,1,0,1791324000,2026-10-06T22:00:00Z
2026-10-05T16:29:06.301170Z,refresh,10016,1761155,10600,22,1,0,1791324000,2026-10-06T22:00:00Z
2026-10-05T16:29:06.301170Z,refresh,10017,1761156,42000,54,1,0,1791324000,2026-10-06T22:00:00Z
2026-10-05T16:29:06.301170Z,refresh,10018,1761157,1005,3,1,0,1791324000,2026-10-06T22:00:00Z
2026-10-05T16:29:06.301170Z,refresh,10019,1761158,100,1,1,0,1791324000,2026-10-06T22:00:00Z
2026-10-05T16:29:06.301170Z,refresh,10050,1761119,1950,13,1,0,1791325800,2026-10-06T22:30:00Z
2026-10-05T16:29:06.301170Z,refresh,10051,1761120,100,1,1,0,1791325800,2026-10-06T22:30:00Z
2026-10-05T16:29:06.301170Z,refresh,10052,1761121,100,1,1,0,1791325800,2026-10-06T22:30:00Z
2026-10-05T16:29:06.301170Z,refresh,10053,1761122,1005,12,1,0,1791325800,2026-10-06T22:30:00Z
2026-10-05T16:29:06.301170Z,refresh,10054,1761123,510,7,1,0,1791325800,2026-10-06T22:30:00Z
2026-10-05T16:29:06.301170Z,refresh,10055,1761124,100,0,1,0,1791325800,2026-10-06T22:30:00Z
2026-10-05T16:29:06.301170Z,refresh,10056,1761125,100,0,1,0,1791325800,2026-10-06T22:30:00Z
2026-10-05T16:29:06.301170Z,refresh,10057,1761126,100,1,1,0,1791325800,2026-10-06T22:30:00Z
2026-10-05T16:29:06.301170Z,refresh,10058,1761127,100,1,1,0,1791325800,2026-10-06T22:30:00Z
2026-10-05T16:29:06.301170Z,refresh,10059,1761128,1025,14,1,0,1791325800,2026-10-06T22:30:00Z
2026-10-05T16:29:06.301170Z,refresh,10060,1761129,7800,63,1,0,1791325800,2026-10-06T22:30:00Z
2026-10-05T16:29:06.301170Z,refresh,10061,1761130,100,0,1,0,1791325800,2026-10-06T22:30:00Z
2026-10-05T16:29:06.301170Z,refresh,10062,1761131,5100,115,1,0,1791325800,2026-10-06T22:30:00Z
2026-10-05T16:29:06.301170Z,refresh,10063,1761132,675,8,1,0,1791325800,2026-10-06T22:30:00Z
2026-10-05T16:29:06.301170Z,refresh,10064,1761133,100,1,1,0,1791325800,2026-10-06T22:30:00Z
2026-10-05T16:29:06.301170Z,refresh,10065,1761134,100,0,1,0,1791325800,2026-10-06T22:30:00Z
2026-10-05T16:29:06.301170Z,refresh,10066,1761135,100,1,1,0,1791325800,2026-10-06T22:30:00Z
2026-10-05T16:29:06.301170Z,refresh,10067,1761136,100,1,1,0,1791325800,2026-10-06T22:30:00Z
2026-10-05T16:29:06.301170Z,refresh,10068,1761137,100,1,1,0,1791325800,2026-10-06T22:30:00Z
2026-10-05T16:29:06.301170Z,refresh,10069,1761138,100,0,1,0,1791325800,2026-10-06T22:30:00Z
2026-10-05T16:29:06.301170Z,refresh,17100,1761063,100,0,1,0,1791327600,2026-10-06T23:00:00Z
2026-10-05T16:29:06.301170Z,refresh,17101,1761064,100,1,1,0,1791327600,2026-10-06T23:00:00Z
2026-10-05T16:29:06.301170Z,refresh,17102,1761065,100,0,1,0,1791327600,2026-10-06T23:00:00Z
2026-10-05T16:29:06.301170Z,refresh,17103,1761066,100,0,1,0,1791327600,2026-10-06T23:00:00Z
2026-10-05T16:29:06.301170Z,refresh,17104,1761067,100,0,1,0,1791327600,2026-10-06T23:00:00Z
2026-10-05T16:29:06.301170Z,refresh,17105,1761068,100,0,1,0,1791327600,2026-10-06T23:00:00Z
2026-10-05T16:29:06.301170Z,refresh,17106,1761069,100,0,1,0,1791327600,2026-10-06T23:00:00Z
2026-10-05T16:29:06.301170Z,refresh,17107,1761070,100,0,1,0,1791327600,2026-10-06T23:00:00Z
2026-10-05T16:29:06.301170Z,refresh,17108,1761071,100,1,1,0,1791327600,2026-10-06T23:00:00Z
2026-10-05T16:29:06.301170Z,refresh,17109,1761072,100,0,1,0,1791327600,2026-10-06T23:00:00Z
2026-10-05T16:29:06.301170Z,refresh,17110,1761073,100,0,1,0,1791327600,2026-10-06T23:00:00Z
2026-10-05T16:29:06.301170Z,refresh,17111,1761074,100,0,1,0,1791327600,2026-10-06T23:00:00Z
2026-10-05T16:29:06.301170Z,refresh,17112,1761075,100,0,1,0,1791327600,2026-10-06T23:00:00Z
2026-10-05T16:29:06.301170Z,refresh,17113,1761076,100,0,1,0,1791327600,2026-10-06T23:00:00Z
2026-10-05T16:29:06.301170Z,refresh,17114,1761077,100,0,1,0,1791327600,2026-10-06T23:00:00Z
2026-10-05T16:29:06.301170Z,refresh,17115,1761078,100,0,1,0,1791327600,2026-10-06T23:00:00Z
2026-10-05T16:29:06.301170Z,refresh,17116,1761079,100,0,1,0,1791327600,2026-10-06T23:00:00Z
2026-10-05T16:29:06.301170Z,refresh,17117,1761080,100,0,1,0,1791327600,2026-10-06T23:00:00Z
2026-10-05T16:29:06.301170Z,refresh,17118,1761081,100,1,1,0,1791327600,2026-10-06T23:00:00Z
2026-10-05T16:29:06.301170Z,refresh,17119,1761082,100,0,1,0,1791327600,2026-10-06T23:00:00Z
2026-10-05T16:29:06.301170Z,refresh,17120,1761083,100,0,1,0,1791327600,2026-10-06T23:00:00Z
2026-10-05T16:29:06.301170Z,refresh,17121,1761084,100,0,1,0,1791327600,2026-10-06T23:00:00Z
2026-10-05T16:29:06.301170Z,refresh,17122,1761085,100,0,1,0,1791327600,2026-10-06T23:00:00Z
2026-10-05T16:29:06.301170Z,refresh,10020,1761159,7550,28,1,0,1791329400,2026-10-06T23:30:00Z
2026-10-05T16:29:06.301170Z,refresh,10021,1761160,5,0,1,0,1791329400,2026-10-06T23:30:00Z
2026-10-05T16:29:06.301170Z,refresh,10022,1761161,5,1,1,0,1791329400,2026-10-06T23:30:00Z
2026-10-05T16:29:06.301170Z,refresh,10023,1761162,130,3,1,0,1791329400,2026-10-06T23:30:00Z
2026-10-05T16:29:06.301170Z,refresh,10024,1761163,5,0,1,0,1791329400,2026-10-06T23:30:00Z
2026-10-05T16:29:06.301170Z,refresh,10025,1761164,5,0,1,0,1791329400,2026-10-06T23:30:00Z
2026-10-05T16:29:06.301170Z,refresh,17850,1761247,5,0,1,0,1791329400,2026-10-06T23:30:00Z
2026-10-05T16:29:06.301170Z,refresh,17851,1761248,5,0,1,0,1791329400,2026-10-06T23:30:00Z
2026-10-05T16:29:06.301170Z,refresh,17852,1761249,205,7,1,0,1791329400,2026-10-06T23:30:00Z
2026-10-05T16:29:06.301170Z,refresh,17853,1761250,1250,44,1,0,1791329400,2026-10-06T23:30:00Z
2026-10-05T16:29:06.301170Z,refresh,17854,1761251,105,6,1,0,1791329400,2026-10-06T23:30:00Z
2026-10-05T16:29:06.301170Z,refresh,17855,1761252,5,0,1,0,1791329400,2026-10-06T23:30:00Z
2026-10-05T16:29:06.301170Z,refresh,17856,1761253,105,5,1,0,1791329400,2026-10-06T23:30:00Z
2026-10-05T16:29:06.301170Z,refresh,17857,1761254,5,1,1,0,1791329400,2026-10-06T23:30:00Z
2026-10-05T16:29:06.301170Z,refresh,17858,1761255,10,2,1,0,1791329400,2026-10-06T23:30:00Z
2026-10-05T16:29:06.301170Z,refresh,17859,1761256,5,1,1,0,1791329400,2026-10-06T23:30:00Z
2026-10-05T16:29:06.301170Z,refresh,17860,1761257,5,0,1,0,1791329400,2026-10-06T23:30:00Z
2026-10-05T16:29:06.301170Z,refresh,17861,1761258,5,0,1,0,1791329400,2026-10-06T23:30:00Z
2026-10-05T16:29:06.301170Z,refresh,17862,1761259,5,0,1,0,1791329400,2026-10-06T23:30:00Z
2026-10-05T16:29:06.301170Z,refresh,17863,1761260,5,0,1,0,1791329400,2026-10-06T23:30:00Z
2026-10-05T16:29:06.301170Z,refresh,17864,1761262,5,1,1,0,1791329400,2026-10-06T23:30:00Z
2026-10-05T16:29:06.301170Z,refresh,17865,1761263,5,0,1,0,1791329400,2026-10-06T23:30:00Z
2026-10-05T16:29:06.301170Z,refresh,17909,1761086,5,0,1,0,1791329400,2026-10-06T23:30:00Z
2026-10-05T16:29:06.301170Z,refresh,17911,1761088,5,0,1,0,1791329400,2026-10-06T23:30:00Z
2026-10-05T16:29:06.301170Z,refresh,17912,1761089,5,0,1,0,1791329400,2026-10-06T23:30:00Z
2026-10-05T16:29:06.301170Z,refresh,17913,1761090,5,0,1,0,1791329400,2026-10-06T23:30:00Z
2026-10-05T16:29:06.301170Z,refresh,17914,1761091,5,0,1,0,1791329400,2026-10-06T23:30:00Z
2026-10-05T16:29:06.301170Z,refresh,17915,1761092,5,0,1,0,1791329400,2026-10-06T23:30:00Z
2026-10-05T16:29:06.301170Z,refresh,17916,1761093,5,0,1,0,1791329400,2026-10-06T23:30:00Z
2026-10-05T16:29:06.301170Z,refresh,17917,1761094,5,1,1,0,1791329400,2026-10-06T23:30:00Z
2026-10-05T16:29:06.301170Z,refresh,17918,1761095,5,0,1,0,1791329400,2026-10-06T23:30:00Z
2026-10-05T16:29:06.301170Z,refresh,17919,1761096,5,0,1,0,1791329400,2026-10-06T23:30:00Z
2026-10-05T16:29:06.301170Z,refresh,17920,1761097,5,1,1,0,1791329400,2026-10-06T23:30:00Z
2026-10-05T16:29:06.301170Z,refresh,17921,1761098,5,0,1,0,1791329400,2026-10-06T23:30:00Z
2026-10-05T16:29:06.301170Z,refresh,17922,1761099,5,0,1,0,1791329400,2026-10-06T23:30:00Z
2026-10-05T16:29:06.301170Z,refresh,17923,1761100,5,0,1,0,1791329400,2026-10-06T23:30:00Z
2026-10-05T16:29:06.301170Z,refresh,17924,1761101,5,1,1,0,1791329400,2026-10-06T23:30:00Z
2026-10-05T16:29:06.301170Z,refresh,17925,1761102,5,0,1,0,1791329400,2026-10-06T23:30:00Z
2026-10-05T16:29:06.301170Z,refresh,17926,1761103,5,0,1,0,1791329400,2026-10-06T23:30:00Z
2026-10-05T16:29:06.301170Z,refresh,17927,1761104,5,1,1,0,1791329400,2026-10-06T23:30:00Z
2026-10-05T16:29:06.301170Z,refresh,17928,1761105,5,0,1,0,1791329400,2026-10-06T23:30:00Z
2026-10-05T16:29:06.301170Z,refresh,17929,1761106,5,0,1,0,1791329400,2026-10-06T23:30:00Z
2026-10-05T16:29:06.301170Z,refresh,17930,1761107,5,0,1,0,1791329400,2026-10-06T23:30:00Z
2026-10-05T16:29:06.301170Z,refresh,17931,1761108,5,1,1,0,1791329400,2026-10-06T23:30:00Z
2026-10-05T16:29:06.301170Z,refresh,17932,1761109,5,0,1,0,1791329400,2026-10-06T23:30:00Z
2026-10-05T16:29:06.301170Z,refresh,17933,1761110,5,0,1,0,1791329400,2026-10-06T23:30:00Z
2026-10-05T16:29:06.301170Z,refresh,17934,1761111,5,0,1,0,1791329400,2026-10-06T23:30:00Z
2026-10-05T16:29:06.301170Z,refresh,17935,1761112,5,0,1,0,1791329400,2026-10-06T23:30:00Z
2026-10-05T16:29:06.301170Z,refresh,17936,1761113,5,0,1,0,1791329400,2026-10-06T23:30:00Z
2026-10-05T16:29:06.301170Z,refresh,17937,1761114,5,0,1,0,1791329400,2026-10-06T23:30:00Z
2026-10-05T16:29:06.301170Z,refresh,17938,1761115,5,0,1,0,1791329400,2026-10-06T23:30:00Z
2026-10-05T16:29:06.301170Z,refresh,17939,1761116,5,0,1,0,1791329400,2026-10-06T23:30:00Z
2026-10-05T16:29:06.301170Z,refresh,17940,1761117,5,0,1,0,1791329400,2026-10-06T23:30:00Z
2026-10-05T16:29:06.301170Z,refresh,17941,1761118,310,7,1,0,1791329400,2026-10-06T23:30:00Z
2026-10-05T16:29:06.301170Z,refresh,18650,1761165,5,0,1,0,1791329400,2026-10-06T23:30:00Z
2026-10-05T16:29:06.301170Z,refresh,18651,1761166,5,0,1,0,1791329400,2026-10-06T23:30:00Z
2026-10-05T16:29:06.301170Z,refresh,18652,1761167,5,0,1,0,1791329400,2026-10-06T23:30:00Z
2026-10-05T16:29:06.301170Z,refresh,18653,1761168,5,1,1,0,1791329400,2026-10-06T23:30:00Z
2026-10-05T16:29:06.301170Z,refresh,18654,1761169,5,1,1,0,1791329400,2026-10-06T23:30:00Z
2026-10-05T16:29:06.301170Z,refresh,18655,1761170,5,1,1,0,1791329400,2026-10-06T23:30:00Z
2026-10-05T16:29:06.301170Z,refresh,18656,1761171,5,1,1,0,1791329400,2026-10-06T23:30:00Z
2026-10-05T16:29:06.301170Z,refresh,18657,1761172,5,1,1,0,1791329400,2026-10-06T23:30:00Z
2026-10-05T16:29:06.301170Z,refresh,18658,1761173,5,1,1,0,1791329400,2026-10-06T23:30:00Z
2026-10-05T16:29:06.301170Z,refresh,18659,1761174,5,1,1,0,1791329400,2026-10-06T23:30:00Z
2026-10-05T16:29:06.301170Z,refresh,18660,1761175,255,51,1,0,1791329400,2026-10-06T23:30:00Z
2026-10-05T16:29:06.301170Z,refresh,18661,1761176,5,0,1,0,1791329400,2026-10-06T23:30:00Z
2026-10-05T16:29:06.301170Z,refresh,18662,1761177,5,1,1,0,1791329400,2026-10-06T23:30:00Z
2026-10-05T16:29:06.301170Z,refresh,18663,1761178,5,1,1,0,1791329400,2026-10-06T23:30:00Z
2026-10-05T16:29:06.301170Z,refresh,18664,1761179,155,14,1,0,1791329400,2026-10-06T23:30:00Z
2026-10-05T16:29:06.301170Z,refresh,18665,1761180,155,22,1,0,1791329400,2026-10-06T23:30:00Z
2026-10-05T16:29:06.301170Z,refresh,18666,1761181,5,0,1,0,1791329400,2026-10-06T23:30:00Z
2026-10-05T16:29:06.301170Z,refresh,18667,1761182,5,0,1,0,1791329400,2026-10-06T23:30:00Z
2026-10-05T16:29:06.301170Z,refresh,18668,1761183,5,0,1,0,1791329400,2026-10-06T23:30:00Z
2026-10-05T16:29:06.301170Z,refresh,18669,1761184,5,1,1,0,1791329400,2026-10-06T23:30:00Z
2026-10-05T16:29:06.301170Z,refresh,18670,1761185,5,1,1,0,1791329400,2026-10-06T23:30:00Z
2026-10-05T16:29:06.301170Z,refresh,18671,1761186,10,2,1,0,1791329400,2026-10-06T23:30:00Z
2026-10-05T16:29:06.301170Z,refresh,18672,1761187,5,1,1,0,1791329400,2026-10-06T23:30:00Z
2026-10-05T16:29:06.301170Z,refresh,18673,1761188,5,1,1,0,1791329400,2026-10-06T23:30:00Z
2026-10-05T16:29:06.301170Z,refresh,18674,1761189,5,1,1,0,1791329400,2026-10-06T23:30:00Z
2026-10-05T16:29:06.301170Z,refresh,18675,1761190,5,1,1,0,1791329400,2026-10-06T23:30:00Z
2026-10-05T16:29:06.301170Z,refresh,18676,1761191,5,0,1,0,1791329400,2026-10-06T23:30:00Z
2026-10-05T16:29:06.301170Z,refresh,18677,1761192,5,0,1,0,1791329400,2026-10-06T23:30:00Z
2026-10-05T16:29:06.301170Z,refresh,18678,1761194,5,1,1,0,1791329400,2026-10-06T23:30:00Z
2026-10-05T16:29:06.301170Z,refresh,18679,1761195,5,1,1,0,1791329400,2026-10-06T23:30:00Z
2026-10-05T16:29:06.301170Z,refresh,18680,1761196,5,0,1,0,1791329400,2026-10-06T23:30:00Z
2026-10-05T16:29:06.301170Z,refresh,18681,1761197,10,2,1,0,1791329400,2026-10-06T23:30:00Z
2026-10-05T16:29:06.301170Z,refresh,18682,1761198,5,1,1,0,1791329400,2026-10-06T23:30:00Z
2026-10-05T16:29:06.301170Z,refresh,18683,1761199,5,0,1,0,1791329400,2026-10-06T23:30:00Z
2026-10-05T16:29:06.301170Z,refresh,18705,1761220,5,0,1,0,1791329400,2026-10-06T23:30:00Z
2026-10-05T16:29:06.301170Z,refresh,18706,1761221,5,0,1,0,1791329400,2026-10-06T23:30:00Z
2026-10-05T16:29:06.301170Z,refresh,18707,1761222,5,1,1,0,1791329400,2026-10-06T23:30:00Z
2026-10-05T16:29:06.301170Z,refresh,18708,1761223,5,1,1,0,1791329400,2026-10-06T23:30:00Z
2026-10-05T16:29:06.301170Z,refresh,18709,1761224,5,0,1,0,1791329400,2026-10-06T23:30:00Z
2026-10-05T16:29:06.301170Z,refresh,18710,1761225,5,0,1,0,1791329400,2026-10-06T23:30:00Z
2026-10-05T16:29:06.301170Z,refresh,18711,1761226,5,0,1,0,1791329400,2026-10-06T23:30:00Z
2026-10-05T16:29:06.301170Z,refresh,18712,1761227,5,0,1,0,1791329400,2026-10-06T23:30:00Z
2026-10-05T16:29:06.301170Z,refresh,18713,1761228,5,0,1,0,1791329400,2026-10-06T23:30:00Z
2026-10-05T16:29:06.301170Z,refresh,18714,1761229,5,1,1,0,1791329400,2026-10-06T23:30:00Z
2026-10-05T16:29:06.301170Z,refresh,18715,1761230,5,0,1,0,1791329400,2026-10-06T23:30:00Z
2026-10-05T16:29:06.301170Z,refresh,18716,1761231,155,5,1,0,1791329400,2026-10-06T23:30:00Z
2026-10-05T16:29:06.301170Z,refresh,18717,1761232,205,6,1,0,1791329400,2026-10-06T23:30:00Z
2026-10-05T16:29:06.301170Z,refresh,18718,1761233,5,1,1,0,1791329400,2026-10-06T23:30:00Z
2026-10-05T16:29:06.301170Z,refresh,18719,1761234,5,0,1,0,1791329400,2026-10-06T23:30:00Z
2026-10-05T16:29:06.301170Z,refresh,18720,1761235,5,0,1,0,1791329400,2026-10-06T23:30:00Z
2026-10-05T16:29:06.301170Z,refresh,17866,1761264,5,0,1,0,1791331200,2026-10-07T00:00:00Z
2026-10-05T16:29:06.301170Z,refresh,17867,1761265,5,0,1,0,1791331200,2026-10-07T00:00:00Z
2026-10-05T16:29:06.301170Z,refresh,17868,1761266,5,0,1,0,1791331200,2026-10-07T00:00:00Z
2026-10-05T16:29:06.301170Z,refresh,17869,1761268,5,0,1,0,1791331200,2026-10-07T00:00:00Z
2026-10-05T16:29:06.301170Z,refresh,17870,1761269,5,0,1,0,1791331200,2026-10-07T00:00:00Z
2026-10-05T16:29:06.301170Z,refresh,17871,1761270,5,0,1,0,1791331200,2026-10-07T00:00:00Z
2026-10-05T16:29:06.301170Z,refresh,17872,1761271,5,0,1,0,1791331200,2026-10-07T00:00:00Z
2026-10-05T16:29:06.301170Z,refresh,17873,1761272,5,0,1,0,1791331200,2026-10-07T00:00:00Z
2026-10-05T16:29:06.301170Z,refresh,17874,1761273,5,0,1,0,1791331200,2026-10-07T00:00:00Z
2026-10-05T16:29:06.301170Z,refresh,17875,1761274,10,2,1,0,1791331200,2026-10-07T00:00:00Z
2026-10-05T16:29:06.301170Z,refresh,17876,1761275,5,1,1,0,1791331200,2026-10-07T00:00:00Z
2026-10-05T16:29:06.301170Z,refresh,17877,1761276,5,0,1,0,1791331200,2026-10-07T00:00:00Z
2026-10-05T16:29:06.301170Z,refresh,17878,1761277,5,0,1,0,1791331200,2026-10-07T00:00:00Z
2026-10-05T16:29:06.301170Z,refresh,17879,1761278,5,1,1,0,1791331200,2026-10-07T00:00:00Z
2026-10-05T16:29:06.301170Z,refresh,17880,1761279,155,5,1,0,1791331200,2026-10-07T00:00:00Z
2026-10-05T16:29:06.301170Z,refresh,17881,1761280,5,1,1,0,1791331200,2026-10-07T00:00:00Z
2026-10-05T16:29:06.301170Z,refresh,17882,1761281,5,1,1,0,1791331200,2026-10-07T00:00:00Z
2026-10-05T16:29:06.301170Z,refresh,17883,1761282,5,1,1,0,1791331200,2026-10-07T00:00:00Z
2026-10-05T16:29:06.301170Z,refresh,17884,1761283,5,1,1,0,1791331200,2026-10-07T00:00:00Z
2026-10-05T16:29:06.301170Z,refresh,17885,1761284,5,1,1,0,1791331200,2026-10-07T00:00:00Z
2026-10-05T16:29:06.301170Z,refresh,17886,1761285,5,1,1,0,1791331200,2026-10-07T00:00:00Z
2026-10-05T16:29:06.301170Z,refresh,17887,1761286,5,1,1,0,1791331200,2026-10-07T00:00:00Z
2026-10-05T16:29:06.301170Z,refresh,17888,1761287,5,0,1,0,1791331200,2026-10-07T00:00:00Z
2026-10-05T16:29:06.301170Z,refresh,17889,1761288,100,11,1,0,1791331200,2026-10-07T00:00:00Z
2026-10-05T16:29:06.301170Z,refresh,17890,1761289,5,0,1,0,1791331200,2026-10-07T00:00:00Z
2026-10-05T16:29:06.301170Z,refresh,17891,1761291,510,48,1,0,1791331200,2026-10-07T00:00:00Z
2026-10-05T16:29:06.301170Z,refresh,17892,1761292,255,52,1,0,1791331200,2026-10-07T00:00:00Z
2026-10-05T16:29:06.301170Z,refresh,17893,1761293,5,1,1,0,1791331200,2026-10-07T00:00:00Z
2026-10-05T16:29:06.301170Z,refresh,17894,1761294,5,1,1,0,1791331200,2026-10-07T00:00:00Z
2026-10-05T16:29:06.301170Z,refresh,17895,1761295,5,1,1,0,1791331200,2026-10-07T00:00:00Z
2026-10-05T16:29:06.301170Z,refresh,17896,1761296,5,0,1,0,1791331200,2026-10-07T00:00:00Z
2026-10-05T16:29:06.301170Z,refresh,17897,1761297,55,12,1,0,1791331200,2026-10-07T00:00:00Z
2026-10-05T16:29:06.301170Z,refresh,17898,1761298,5,0,1,0,1791331200,2026-10-07T00:00:00Z
2026-10-05T16:29:06.301170Z,refresh,17899,1761299,5,1,1,0,1791331200,2026-10-07T00:00:00Z
2026-10-05T16:29:06.301170Z,refresh,17900,1761300,5,1,1,0,1791331200,2026-10-07T00:00:00Z
2026-10-05T16:29:06.301170Z,refresh,17901,1761301,5,1,1,0,1791331200,2026-10-07T00:00:00Z
2026-10-05T16:29:06.301170Z,refresh,17902,1761303,5,0,1,0,1791331200,2026-10-07T00:00:00Z
2026-10-05T16:29:06.301170Z,refresh,17903,1761304,255,40,1,0,1791331200,2026-10-07T00:00:00Z
2026-10-05T16:29:06.301170Z,refresh,17904,1761305,5,1,1,0,1791331200,2026-10-07T00:00:00Z
2026-10-05T16:29:06.301170Z,refresh,17905,1761306,5,1,1,0,1791331200,2026-10-07T00:00:00Z
2026-10-05T16:29:06.301170Z,refresh,17906,1761307,105,16,1,0,1791331200,2026-10-07T00:00:00Z
2026-10-05T16:29:06.301170Z,refresh,17907,1761308,105,4,1,0,1791331200,2026-10-07T00:00:00Z
2026-10-05T16:29:06.301170Z,refresh,17908,1761309,5,1,1,0,1791331200,2026-10-07T00:00:00Z
2026-10-05T16:29:06.301170Z,refresh,17910,1761314,5,0,1,0,1791331200,2026-10-07T00:00:00Z
2026-10-05T16:29:06.301170Z,refresh,18684,1761200,5,0,1,0,1791331200,2026-10-07T00:00:00Z
2026-10-05T16:29:06.301170Z,refresh,18685,1761201,5,1,1,0,1791331200,2026-10-07T00:00:00Z
2026-10-05T16:29:06.301170Z,refresh,18686,1761202,5,0,1,0,1791331200,2026-10-07T00:00:00Z
2026-10-05T16:29:06.301170Z,refresh,18687,1761203,5,1,1,0,1791331200,2026-10-07T00:00:00Z
2026-10-05T16:29:06.301170Z,refresh,18688,1761204,5,0,1,0,1791331200,2026-10-07T00:00:00Z
2026-10-05T16:29:06.301170Z,refresh,18689,1761205,55,12,1,0,1791331200,2026-10-07T00:00:00Z
2026-10-05T16:29:06.301170Z,refresh,18690,1761206,105,22,1,0,1791331200,2026-10-07T00:00:00Z
2026-10-05T16:29:06.301170Z,refresh,18691,1761207,5,1,1,0,1791331200,2026-10-07T00:00:00Z
2026-10-05T16:29:06.301170Z,refresh,18692,1761208,5,1,1,0,1791331200,2026-10-07T00:00:00Z
2026-10-05T16:29:06.301170Z,refresh,18693,1761209,5,1,1,0,1791331200,2026-10-07T00:00:00Z
2026-10-05T16:29:06.301170Z,refresh,18694,1761210,5,0,1,0,1791331200,2026-10-07T00:00:00Z
2026-10-05T16:29:06.301170Z,refresh,18695,1761211,5,0,1,0,1791331200,2026-10-07T00:00:00Z
2026-10-05T16:29:06.301170Z,refresh,18696,1761212,5,0,1,0,1791331200,2026-10-07T00:00:00Z
2026-10-05T16:29:06.301170Z,refresh,18697,1761213,5,0,1,0,1791331200,2026-10-07T00:00:00Z
2026-10-05T16:29:06.301170Z,refresh,18698,1761214,5,0,1,0,1791331200,2026-10-07T00:00:00Z
2026-10-05T16:29:06.301170Z,refresh,18699,1761215,5,0,1,0,1791331200,2026-10-07T00:00:00Z
2026-10-05T16:29:06.301170Z,refresh,18700,1761216,5,1,1,0,1791331200,2026-10-07T00:00:00Z
2026-10-05T16:29:06.301170Z,refresh,18701,1761217,105,5,1,0,1791331200,2026-10-07T00:00:00Z
2026-10-05T16:29:06.301170Z,refresh,18702,1761218,405,45,1,0,1791331200,2026-10-07T00:00:00Z
2026-10-05T16:29:06.301170Z,refresh,18703,1761219,55,5,1,0,1791331200,2026-10-07T00:00:00Z
2026-10-05T16:29:06.301170Z,refresh,18721,1761236,5,0,1,0,1791331200,2026-10-07T00:00:00Z
2026-10-05T16:29:06.301170Z,refresh,18722,1761237,55,12,1,0,1791331200,2026-10-07T00:00:00Z
2026-10-05T16:29:06.301170Z,refresh,18723,1761238,5,1,1,0,1791331200,2026-10-07T00:00:00Z
2026-10-05T16:29:06.301170Z,refresh,18724,1761239,5,1,1,0,1791331200,2026-10-07T00:00:00Z
2026-10-05T16:29:06.301170Z,refresh,18725,1761240,5,1,1,0,1791331200,2026-10-07T00:00:00Z
2026-10-05T16:29:06.301170Z,refresh,18726,1761241,5,1,1,0,1791331200,2026-10-07T00:00:00Z
2026-10-05T16:29:06.301170Z,refresh,18727,1761242,5,1,1,0,1791331200,2026-10-07T00:00:00Z
2026-10-05T16:29:06.301170Z,refresh,18728,1761243,5,1,1,0,1791331200,2026-10-07T00:00:00Z
2026-10-05T16:29:06.301170Z,refresh,18729,1761244,5,1,1,0,1791331200,2026-10-07T00:00:00Z
2026-10-05T16:29:06.301170Z,refresh,18730,1761245,5,1,1,0,1791331200,2026-10-07T00:00:00Z
2026-10-05T16:29:06.301170Z,refresh,18731,1761246,5,0,1,0,1791331200,2026-10-07T00:00:00Z
2026-10-05T16:29:06.301170Z,refresh,18732,1761310,5,1,1,0,1791331200,2026-10-07T00:00:00Z
2026-10-05T16:29:06.301170Z,refresh,18733,1761311,5,1,1,0,1791331200,2026-10-07T00:00:00Z
2026-10-05T16:29:06.301170Z,refresh,18734,1761312,5,0,1,0,1791331200,2026-10-07T00:00:00Z
2026-10-05T16:29:06.301170Z,refresh,18735,1761313,5,1,1,0,1791331200,2026-10-07T00:00:00Z
2026-10-05T16:29:06.301170Z,refresh,17125,1779931,45,10,1,0,1791333000,2026-10-07T00:30:00Z
2026-10-05T17:25:07.186198Z,refresh,10000,1761139,105,2,1,0,1791324000,2026-10-06T22:00:00Z
2026-10-05T17:25:07.186198Z,refresh,10001,1761140,100,0,1,0,1791324000,2026-10-06T22:00:00Z
2026-10-05T17:25:07.186198Z,refresh,10002,1761141,100,0,1,0,1791324000,2026-10-06T22:00:00Z
2026-10-05T17:25:07.186198Z,refresh,10003,1761142,100,1,1,0,1791324000,2026-10-06T22:00:00Z
2026-10-05T17:25:07.186198Z,refresh,10004,1761143,1525,8,1,0,1791324000,2026-10-06T22:00:00Z
2026-10-05T17:25:07.186198Z,refresh,10005,1761144,2550,8,1,0,1791324000,2026-10-06T22:00:00Z
2026-10-05T17:25:07.186198Z,refresh,10006,1761145,115,4,1,0,1791324000,2026-10-06T22:00:00Z
2026-10-05T17:25:07.186198Z,refresh,10007,1761146,105,2,1,0,1791324000,2026-10-06T22:00:00Z
2026-10-05T17:25:07.186198Z,refresh,10008,1761147,7550,12,1,0,1791324000,2026-10-06T22:00:00Z
2026-10-05T17:25:07.186198Z,refresh,10009,1761148,25600,31,1,0,1791324000,2026-10-06T22:00:00Z
2026-10-05T17:25:07.186198Z,refresh,10010,1761149,3050,7,1,0,1791324000,2026-10-06T22:00:00Z
2026-10-05T17:25:07.186198Z,refresh,10011,1761150,18800,178,1,0,1791324000,2026-10-06T22:00:00Z
2026-10-05T17:25:07.186198Z,refresh,10012,1761151,19450,52,1,0,1791324000,2026-10-06T22:00:00Z
2026-10-05T17:25:07.186198Z,refresh,10013,1761152,45750,87,1,0,1791324000,2026-10-06T22:00:00Z
2026-10-05T17:25:07.186198Z,refresh,10014,1761153,19100,40,1,0,1791324000,2026-10-06T22:00:00Z
2026-10-05T17:25:07.186198Z,refresh,10015,1761154,16800,30,1,0,1791324000,2026-10-06T22:00:00Z
2026-10-05T17:25:07.186198Z,refresh,10016,1761155,10600,22,1,0,1791324000,2026-10-06T22:00:00Z
2026-10-05T17:25:07.186198Z,refresh,10017,1761156,42250,55,1,0,1791324000,2026-10-06T22:00:00Z
2026-10-05T17:25:07.186198Z,refresh,10018,1761157,1005,3,1,0,1791324000,2026-10-06T22:00:00Z
2026-10-05T17:25:07.186198Z,refresh,10019,1761158,100,1,1,0,1791324000,2026-10-06T22:00:00Z
2026-10-05T17:25:07.186198Z,refresh,10050,1761119,1950,13,1,0,1791325800,2026-10-06T22:30:00Z
2026-10-05T17:25:07.186198Z,refresh,10051,1761120,100,1,1,0,1791325800,2026-10-06T22:30:00Z
2026-10-05T17:25:07.186198Z,refresh,10052,1761121,100,1,1,0,1791325800,2026-10-06T22:30:00Z
2026-10-05T17:25:07.186198Z,refresh,10053,1761122,1005,12,1,0,1791325800,2026-10-06T22:30:00Z
2026-10-05T17:25:07.186198Z,refresh,10054,1761123,645,9,1,0,1791325800,2026-10-06T22:30:00Z
2026-10-05T17:25:07.186198Z,refresh,10055,1761124,100,0,1,0,1791325800,2026-10-06T22:30:00Z
2026-10-05T17:25:07.186198Z,refresh,10056,1761125,100,0,1,0,1791325800,2026-10-06T22:30:00Z
2026-10-05T17:25:07.186198Z,refresh,10057,1761126,100,1,1,0,1791325800,2026-10-06T22:30:00Z
2026-10-05T17:25:07.186198Z,refresh,10058,1761127,100,1,1,0,1791325800,2026-10-06T22:30:00Z
2026-10-05T17:25:07.186198Z,refresh,10059,1761128,1025,14,1,0,1791325800,2026-10-06T22:30:00Z
2026-10-05T17:25:07.186198Z,refresh,10060,1761129,7800,63,1,0,1791325800,2026-10-06T22:30:00Z
2026-10-05T17:25:07.186198Z,refresh,10061,1761130,100,0,1,0,1791325800,2026-10-06T22:30:00Z
2026-10-05T17:25:07.186198Z,refresh,10062,1761131,5550,124,1,0,1791325800,2026-10-06T22:30:00Z
2026-10-05T17:25:07.186198Z,refresh,10063,1761132,675,8,1,0,1791325800,2026-10-06T22:30:00Z
2026-10-05T17:25:07.186198Z,refresh,10064,1761133,100,1,1,0,1791325800,2026-10-06T22:30:00Z
2026-10-05T17:25:07.186198Z,refresh,10065,1761134,100,0,1,0,1791325800,2026-10-06T22:30:00Z
2026-10-05T17:25:07.186198Z,refresh,10066,1761135,100,1,1,0,1791325800,2026-10-06T22:30:00Z
2026-10-05T17:25:07.186198Z,refresh,10067,1761136,100,1,1,0,1791325800,2026-10-06T22:30:00Z
2026-10-05T17:25:07.186198Z,refresh,10068,1761137,100,1,1,0,1791325800,2026-10-06T22:30:00Z
2026-10-05T17:25:07.186198Z,refresh,10069,1761138,100,0,1,0,1791325800,2026-10-06T22:30:00Z
2026-10-05T17:25:07.186198Z,refresh,17100,1761063,100,0,1,0,1791327600,2026-10-06T23:00:00Z
2026-10-05T17:25:07.186198Z,refresh,17101,1761064,100,1,1,0,1791327600,2026-10-06T23:00:00Z
2026-10-05T17:25:07.186198Z,refresh,17102,1761065,100,0,1,0,1791327600,2026-10-06T23:00:00Z
2026-10-05T17:25:07.186198Z,refresh,17103,1761066,100,0,1,0,1791327600,2026-10-06T23:00:00Z
2026-10-05T17:25:07.186198Z,refresh,17104,1761067,100,0,1,0,1791327600,2026-10-06T23:00:00Z
2026-10-05T17:25:07.186198Z,refresh,17105,1761068,100,0,1,0,1791327600,2026-10-06T23:00:00Z
2026-10-05T17:25:07.186198Z,refresh,17106,1761069,100,0,1,0,1791327600,2026-10-06T23:00:00Z
2026-10-05T17:25:07.186198Z,refresh,17107,1761070,100,0,1,0,1791327600,2026-10-06T23:00:00Z
2026-10-05T17:25:07.186198Z,refresh,17108,1761071,100,1,1,0,1791327600,2026-10-06T23:00:00Z
2026-10-05T17:25:07.186198Z,refresh,17109,1761072,100,0,1,0,1791327600,2026-10-06T23:00:00Z
2026-10-05T17:25:07.186198Z,refresh,17110,1761073,100,0,1,0,1791327600,2026-10-06T23:00:00Z
2026-10-05T17:25:07.186198Z,refresh,17111,1761074,100,0,1,0,1791327600,2026-10-06T23:00:00Z
2026-10-05T17:25:07.186198Z,refresh,17112,1761075,100,0,1,0,1791327600,2026-10-06T23:00:00Z
2026-10-05T17:25:07.186198Z,refresh,17113,1761076,100,0,1,0,1791327600,2026-10-06T23:00:00Z
2026-10-05T17:25:07.186198Z,refresh,17114,1761077,100,0,1,0,1791327600,2026-10-06T23:00:00Z
2026-10-05T17:25:07.186198Z,refresh,17115,1761078,100,0,1,0,1791327600,2026-10-06T23:00:00Z
2026-10-05T17:25:07.186198Z,refresh,17116,1761079,100,0,1,0,1791327600,2026-10-06T23:00:00Z
2026-10-05T17:25:07.186198Z,refresh,17117,1761080,100,0,1,0,1791327600,2026-10-06T23:00:00Z
2026-10-05T17:25:07.186198Z,refresh,17118,1761081,100,1,1,0,1791327600,2026-10-06T23:00:00Z
2026-10-05T17:25:07.186198Z,refresh,17119,1761082,100,0,1,0,1791327600,2026-10-06T23:00:00Z
2026-10-05T17:25:07.186198Z,refresh,17120,1761083,100,0,1,0,1791327600,2026-10-06T23:00:00Z
2026-10-05T17:25:07.186198Z,refresh,17121,1761084,100,0,1,0,1791327600,2026-10-06T23:00:00Z
2026-10-05T17:25:07.186198Z,refresh,17122,1761085,100,0,1,0,1791327600,2026-10-06T23:00:00Z
2026-10-05T17:25:07.186198Z,refresh,10020,1761159,8550,33,1,0,1791329400,2026-10-06T23:30:00Z
2026-10-05T17:25:07.186198Z,refresh,10021,1761160,5,1,1,0,1791329400,2026-10-06T23:30:00Z
2026-10-05T17:25:07.186198Z,refresh,10022,1761161,130,7,1,0,1791329400,2026-10-06T23:30:00Z
2026-10-05T17:25:07.186198Z,refresh,10023,1761162,310,25,1,0,1791329400,2026-10-06T23:30:00Z
2026-10-05T17:25:07.186198Z,refresh,10024,1761163,5,1,1,0,1791329400,2026-10-06T23:30:00Z
2026-10-05T17:25:07.186198Z,refresh,10025,1761164,5,0,1,0,1791329400,2026-10-06T23:30:00Z
2026-10-05T17:25:07.186198Z,refresh,17850,1761247,5,0,1,0,1791329400,2026-10-06T23:30:00Z
2026-10-05T17:25:07.186198Z,refresh,17851,1761248,5,1,1,0,1791329400,2026-10-06T23:30:00Z
2026-10-05T17:25:07.186198Z,refresh,17852,1761249,205,7,1,0,1791329400,2026-10-06T23:30:00Z
2026-10-05T17:25:07.186198Z,refresh,17853,1761250,1250,44,1,0,1791329400,2026-10-06T23:30:00Z
2026-10-05T17:25:07.186198Z,refresh,17854,1761251,105,6,1,0,1791329400,2026-10-06T23:30:00Z
2026-10-05T17:25:07.186198Z,refresh,17855,1761252,5,1,1,0,1791329400,2026-10-06T23:30:00Z
2026-10-05T17:25:07.186198Z,refresh,17856,1761253,105,5,1,0,1791329400,2026-10-06T23:30:00Z
2026-10-05T17:25:07.186198Z,refresh,17857,1761254,5,1,1,0,1791329400,2026-10-06T23:30:00Z
2026-10-05T17:25:07.186198Z,refresh,17858,1761255,10,2,1,0,1791329400,2026-10-06T23:30:00Z
2026-10-05T17:25:07.186198Z,refresh,17859,1761256,5,1,1,0,1791329400,2026-10-06T23:30:00Z
2026-10-05T17:25:07.186198Z,refresh,17860,1761257,5,1,1,0,1791329400,2026-10-06T23:30:00Z
2026-10-05T17:25:07.186198Z,refresh,17861,1761258,5,1,1,0,1791329400,2026-10-06T23:30:00Z
2026-10-05T17:25:07.186198Z,refresh,17862,1761259,5,1,1,0,1791329400,2026-10-06T23:30:00Z
2026-10-05T17:25:07.186198Z,refresh,17863,1761260,5,1,1,0,1791329400,2026-10-06T23:30:00Z
2026-10-05T17:25:07.186198Z,refresh,17864,1761262,5,1,1,0,1791329400,2026-10-06T23:30:00Z
2026-10-05T17:25:07.186198Z,refresh,17865,1761263,5,1,1,0,1791329400,2026-10-06T23:30:00Z
2026-10-05T17:25:07.186198Z,refresh,17909,1761086,5,0,1,0,1791329400,2026-10-06T23:30:00Z
2026-10-05T17:25:07.186198Z,refresh,17911,1761088,5,0,1,0,1791329400,2026-10-06T23:30:00Z
2026-10-05T17:25:07.186198Z,refresh,17912,1761089,5,0,1,0,1791329400,2026-10-06T23:30:00Z
2026-10-05T17:25:07.186198Z,refresh,17913,1761090,5,0,1,0,1791329400,2026-10-06T23:30:00Z
2026-10-05T17:25:07.186198Z,refresh,17914,1761091,5,0,1,0,1791329400,2026-10-06T23:30:00Z
2026-10-05T17:25:07.186198Z,refresh,17915,1761092,5,0,1,0,1791329400,2026-10-06T23:30:00Z
2026-10-05T17:25:07.186198Z,refresh,17916,1761093,5,0,1,0,1791329400,2026-10-06T23:30:00Z
2026-10-05T17:25:07.186198Z,refresh,17917,1761094,5,1,1,0,1791329400,2026-10-06T23:30:00Z
2026-10-05T17:25:07.186198Z,refresh,17918,1761095,5,0,1,0,1791329400,2026-10-06T23:30:00Z
2026-10-05T17:25:07.186198Z,refresh,17919,1761096,5,0,1,0,1791329400,2026-10-06T23:30:00Z
2026-10-05T17:25:07.186198Z,refresh,17920,1761097,5,1,1,0,1791329400,2026-10-06T23:30:00Z
2026-10-05T17:25:07.186198Z,refresh,17921,1761098,5,1,1,0,1791329400,2026-10-06T23:30:00Z
2026-10-05T17:25:07.186198Z,refresh,17922,1761099,5,0,1,0,1791329400,2026-10-06T23:30:00Z
2026-10-05T17:25:07.186198Z,refresh,17923,1761100,5,0,1,0,1791329400,2026-10-06T23:30:00Z
2026-10-05T17:25:07.186198Z,refresh,17924,1761101,10,2,1,0,1791329400,2026-10-06T23:30:00Z
2026-10-05T17:25:07.186198Z,refresh,17925,1761102,5,1,1,0,1791329400,2026-10-06T23:30:00Z
2026-10-05T17:25:07.186198Z,refresh,17926,1761103,5,1,1,0,1791329400,2026-10-06T23:30:00Z
2026-10-05T17:25:07.186198Z,refresh,17927,1761104,105,5,1,0,1791329400,2026-10-06T23:30:00Z
2026-10-05T17:25:07.186198Z,refresh,17928,1761105,5,1,1,0,1791329400,2026-10-06T23:30:00Z
2026-10-05T17:25:07.186198Z,refresh,17929,1761106,5,1,1,0,1791329400,2026-10-06T23:30:00Z
2026-10-05T17:25:07.186198Z,refresh,17930,1761107,5,1,1,0,1791329400,2026-10-06T23:30:00Z
2026-10-05T17:25:07.186198Z,refresh,17931,1761108,5,1,1,0,1791329400,2026-10-06T23:30:00Z
2026-10-05T17:25:07.186198Z,refresh,17932,1761109,5,0,1,0,1791329400,2026-10-06T23:30:00Z
2026-10-05T17:25:07.186198Z,refresh,17933,1761110,5,0,1,0,1791329400,2026-10-06T23:30:00Z
2026-10-05T17:25:07.186198Z,refresh,17934,1761111,5,0,1,0,1791329400,2026-10-06T23:30:00Z
2026-10-05T17:25:07.186198Z,refresh,17935,1761112,5,0,1,0,1791329400,2026-10-06T23:30:00Z
2026-10-05T17:25:07.186198Z,refresh,17936,1761113,5,0,1,0,1791329400,2026-10-06T23:30:00Z
2026-10-05T17:25:07.186198Z,refresh,17937,1761114,5,1,1,0,1791329400,2026-10-06T23:30:00Z
2026-10-05T17:25:07.186198Z,refresh,17938,1761115,5,1,1,0,1791329400,2026-10-06T23:30:00Z
2026-10-05T17:25:07.186198Z,refresh,17939,1761116,5,1,1,0,1791329400,2026-10-06T23:30:00Z
2026-10-05T17:25:07.186198Z,refresh,17940,1761117,5,1,1,0,1791329400,2026-10-06T23:30:00Z
2026-10-05T17:25:07.186198Z,refresh,17941,1761118,360,12,1,0,1791329400,2026-10-06T23:30:00Z
2026-10-05T17:25:07.186198Z,refresh,18650,1761165,5,1,1,0,1791329400,2026-10-06T23:30:00Z
2026-10-05T17:25:07.186198Z,refresh,18651,1761166,5,1,1,0,1791329400,2026-10-06T23:30:00Z
2026-10-05T17:25:07.186198Z,refresh,18652,1761167,5,1,1,0,1791329400,2026-10-06T23:30:00Z
2026-10-05T17:25:07.186198Z,refresh,18653,1761168,5,1,1,0,1791329400,2026-10-06T23:30:00Z
2026-10-05T17:25:07.186198Z,refresh,18654,1761169,5,1,1,0,1791329400,2026-10-06T23:30:00Z
2026-10-05T17:25:07.186198Z,refresh,18655,1761170,5,1,1,0,1791329400,2026-10-06T23:30:00Z
2026-10-05T17:25:07.186198Z,refresh,18656,1761171,5,1,1,0,1791329400,2026-10-06T23:30:00Z
2026-10-05T17:25:07.186198Z,refresh,18657,1761172,5,1,1,0,1791329400,2026-10-06T23:30:00Z
2026-10-05T17:25:07.186198Z,refresh,18658,1761173,5,1,1,0,1791329400,2026-10-06T23:30:00Z
2026-10-05T17:25:07.186198Z,refresh,18659,1761174,5,1,1,0,1791329400,2026-10-06T23:30:00Z
2026-10-05T17:25:07.186198Z,refresh,18660,1761175,255,51,1,0,1791329400,2026-10-06T23:30:00Z
2026-10-05T17:25:07.186198Z,refresh,18661,1761176,5,1,1,0,1791329400,2026-10-06T23:30:00Z
2026-10-05T17:25:07.186198Z,refresh,18662,1761177,5,1,1,0,1791329400,2026-10-06T23:30:00Z
2026-10-05T17:25:07.186198Z,refresh,18663,1761178,5,1,1,0,1791329400,2026-10-06T23:30:00Z
2026-10-05T17:25:07.186198Z,refresh,18664,1761179,205,19,1,0,1791329400,2026-10-06T23:30:00Z
2026-10-05T17:25:07.186198Z,refresh,18665,1761180,205,33,1,0,1791329400,2026-10-06T23:30:00Z
2026-10-05T17:25:07.186198Z,refresh,18666,1761181,5,1,1,0,1791329400,2026-10-06T23:30:00Z
2026-10-05T17:25:07.186198Z,refresh,18667,1761182,5,0,1,0,1791329400,2026-10-06T23:30:00Z
2026-10-05T17:25:07.186198Z,refresh,18668,1761183,5,0,1,0,1791329400,2026-10-06T23:30:00Z
2026-10-05T17:25:07.186198Z,refresh,18669,1761184,55,10,1,0,1791329400,2026-10-06T23:30:00Z
2026-10-05T17:25:07.186198Z,refresh,18670,1761185,5,1,1,0,1791329400,2026-10-06T23:30:00Z
2026-10-05T17:25:07.186198Z,refresh,18671,1761186,105,21,1,0,1791329400,2026-10-06T23:30:00Z
2026-10-05T17:25:07.186198Z,refresh,18672,1761187,105,22,1,0,1791329400,2026-10-06T23:30:00Z
2026-10-05T17:25:07.186198Z,refresh,18673,1761188,5,1,1,0,1791329400,2026-10-06T23:30:00Z
2026-10-05T17:25:07.186198Z,refresh,18674,1761189,5,1,1,0,1791329400,2026-10-06T23:30:00Z
2026-10-05T17:25:07.186198Z,refresh,18675,1761190,55,12,1,0,1791329400,2026-10-06T23:30:00Z
2026-10-05T17:25:07.186198Z,refresh,18676,1761191,5,1,1,0,1791329400,2026-10-06T23:30:00Z
2026-10-05T17:25:07.186198Z,refresh,18677,1761192,35,8,1,0,1791329400,2026-10-06T23:30:00Z
2026-10-05T17:25:07.186198Z,refresh,18678,1761194,20,5,1,0,1791329400,2026-10-06T23:30:00Z
2026-10-05T17:25:07.186198Z,refresh,18679,1761195,5,1,1,0,1791329400,2026-10-06T23:30:00Z
2026-10-05T17:25:07.186198Z,refresh,18680,1761196,35,7,1,0,1791329400,2026-10-06T23:30:00Z
2026-10-05T17:25:07.186198Z,refresh,18681,1761197,60,9,1,0,1791329400,2026-10-06T23:30:00Z
2026-10-05T17:25:07.186198Z,refresh,18682,1761198,10,2,1,0,1791329400,2026-10-06T23:30:00Z
2026-10-05T17:25:07.186198Z,refresh,18683,1761199,5,1,1,0,1791329400,2026-10-06T23:30:00Z
2026-10-05T17:25:07.186198Z,refresh,18705,1761220,5,0,1,0,1791329400,2026-10-06T23:30:00Z
2026-10-05T17:25:07.186198Z,refresh,18706,1761221,5,0,1,0,1791329400,2026-10-06T23:30:00Z
2026-10-05T17:25:07.186198Z,refresh,18707,1761222,10,2,1,0,1791329400,2026-10-06T23:30:00Z
2026-10-05T17:25:07.186198Z,refresh,18708,1761223,45,6,1,0,1791329400,2026-10-06T23:30:00Z
2026-10-05T17:25:07.186198Z,refresh,18709,1761224,5,0,1,0,1791329400,2026-10-06T23:30:00Z
2026-10-05T17:25:07.186198Z,refresh,18710,1761225,5,0,1,0,1791329400,2026-10-06T23:30:00Z
2026-10-05T17:25:07.186198Z,refresh,18711,1761226,5,0,1,0,1791329400,2026-10-06T23:30:00Z
2026-10-05T17:25:07.186198Z,refresh,18712,1761227,5,0,1,0,1791329400,2026-10-06T23:30:00Z
2026-10-05T17:25:07.186198Z,refresh,18713,1761228,5,1,1,0,1791329400,2026-10-06T23:30:00Z
2026-10-05T17:25:07.186198Z,refresh,18714,1761229,5,1,1,0,1791329400,2026-10-06T23:30:00Z
2026-10-05T17:25:07.186198Z,refresh,18715,1761230,5,0,1,0,1791329400,2026-10-06T23:30:00Z
2026-10-05T17:25:07.186198Z,refresh,18716,1761231,155,5,1,0,1791329400,2026-10-06T23:30:00Z
2026-10-05T17:25:07.186198Z,refresh,18717,1761232,205,6,1,0,1791329400,2026-10-06T23:30:00Z
2026-10-05T17:25:07.186198Z,refresh,18718,1761233,35,7,1,0,1791329400,2026-10-06T23:30:00Z
2026-10-05T17:25:07.186198Z,refresh,18719,1761234,5,0,1,0,1791329400,2026-10-06T23:30:00Z
2026-10-05T17:25:07.186198Z,refresh,18720,1761235,5,0,1,0,1791329400,2026-10-06T23:30:00Z
2026-10-05T17:25:07.186198Z,refresh,17866,1761264,5,1,1,0,1791331200,2026-10-07T00:00:00Z
2026-10-05T17:25:07.186198Z,refresh,17867,1761265,5,0,1,0,1791331200,2026-10-07T00:00:00Z
2026-10-05T17:25:07.186198Z,refresh,17868,1761266,5,0,1,0,1791331200,2026-10-07T00:00:00Z
2026-10-05T17:25:07.186198Z,refresh,17869,1761268,5,0,1,0,1791331200,2026-10-07T00:00:00Z
2026-10-05T17:25:07.186198Z,refresh,17870,1761269,5,1,1,0,1791331200,2026-10-07T00:00:00Z
2026-10-05T17:25:07.186198Z,refresh,17871,1761270,5,1,1,0,1791331200,2026-10-07T00:00:00Z
2026-10-05T17:25:07.186198Z,refresh,17872,1761271,5,0,1,0,1791331200,2026-10-07T00:00:00Z
2026-10-05T17:25:07.186198Z,refresh,17873,1761272,5,0,1,0,1791331200,2026-10-07T00:00:00Z
2026-10-05T17:25:07.186198Z,refresh,17874,1761273,5,0,1,0,1791331200,2026-10-07T00:00:00Z
2026-10-05T17:25:07.186198Z,refresh,17875,1761274,10,2,1,0,1791331200,2026-10-07T00:00:00Z
2026-10-05T17:25:07.186198Z,refresh,17876,1761275,5,1,1,0,1791331200,2026-10-07T00:00:00Z
2026-10-05T17:25:07.186198Z,refresh,17877,1761276,5,0,1,0,1791331200,2026-10-07T00:00:00Z
2026-10-05T17:25:07.186198Z,refresh,17878,1761277,5,0,1,0,1791331200,2026-10-07T00:00:00Z
2026-10-05T17:25:07.186198Z,refresh,17879,1761278,5,1,1,0,1791331200,2026-10-07T00:00:00Z
2026-10-05T17:25:07.186198Z,refresh,17880,1761279,155,5,1,0,1791331200,2026-10-07T00:00:00Z
2026-10-05T17:25:07.186198Z,refresh,17881,1761280,5,1,1,0,1791331200,2026-10-07T00:00:00Z
2026-10-05T17:25:07.186198Z,refresh,17882,1761281,5,1,1,0,1791331200,2026-10-07T00:00:00Z
2026-10-05T17:25:07.186198Z,refresh,17883,1761282,5,1,1,0,1791331200,2026-10-07T00:00:00Z
2026-10-05T17:25:07.186198Z,refresh,17884,1761283,5,1,1,0,1791331200,2026-10-07T00:00:00Z
2026-10-05T17:25:07.186198Z,refresh,17885,1761284,5,1,1,0,1791331200,2026-10-07T00:00:00Z
2026-10-05T17:25:07.186198Z,refresh,17886,1761285,5,1,1,0,1791331200,2026-10-07T00:00:00Z
2026-10-05T17:25:07.186198Z,refresh,17887,1761286,5,1,1,0,1791331200,2026-10-07T00:00:00Z
2026-10-05T17:25:07.186198Z,refresh,17888,1761287,5,0,1,0,1791331200,2026-10-07T00:00:00Z
2026-10-05T17:25:07.186198Z,refresh,17889,1761288,100,11,1,0,1791331200,2026-10-07T00:00:00Z
2026-10-05T17:25:07.186198Z,refresh,17890,1761289,5,0,1,0,1791331200,2026-10-07T00:00:00Z
2026-10-05T17:25:07.186198Z,refresh,17891,1761291,510,48,1,0,1791331200,2026-10-07T00:00:00Z
2026-10-05T17:25:07.186198Z,refresh,17892,1761292,255,52,1,0,1791331200,2026-10-07T00:00:00Z
2026-10-05T17:25:07.186198Z,refresh,17893,1761293,5,1,1,0,1791331200,2026-10-07T00:00:00Z
2026-10-05T17:25:07.186198Z,refresh,17894,1761294,5,1,1,0,1791331200,2026-10-07T00:00:00Z
2026-10-05T17:25:07.186198Z,refresh,17895,1761295,5,1,1,0,1791331200,2026-10-07T00:00:00Z
2026-10-05T17:25:07.186198Z,refresh,17896,1761296,5,0,1,0,1791331200,2026-10-07T00:00:00Z
2026-10-05T17:25:07.186198Z,refresh,17897,1761297,55,12,1,0,1791331200,2026-10-07T00:00:00Z
2026-10-05T17:25:07.186198Z,refresh,17898,1761298,5,0,1,0,1791331200,2026-10-07T00:00:00Z
2026-10-05T17:25:07.186198Z,refresh,17899,1761299,5,1,1,0,1791331200,2026-10-07T00:00:00Z
2026-10-05T17:25:07.186198Z,refresh,17900,1761300,5,1,1,0,1791331200,2026-10-07T00:00:00Z
2026-10-05T17:25:07.186198Z,refresh,17901,1761301,5,1,1,0,1791331200,2026-10-07T00:00:00Z
2026-10-05T17:25:07.186198Z,refresh,17902,1761303,5,0,1,0,1791331200,2026-10-07T00:00:00Z
2026-10-05T17:25:07.186198Z,refresh,17903,1761304,305,46,1,0,1791331200,2026-10-07T00:00:00Z
2026-10-05T17:25:07.186198Z,refresh,17904,1761305,5,1,1,0,1791331200,2026-10-07T00:00:00Z
2026-10-05T17:25:07.186198Z,refresh,17905,1761306,5,1,1,0,1791331200,2026-10-07T00:00:00Z
2026-10-05T17:25:07.186198Z,refresh,17906,1761307,105,16,1,0,1791331200,2026-10-07T00:00:00Z
2026-10-05T17:25:07.186198Z,refresh,17907,1761308,105,4,1,0,1791331200,2026-10-07T00:00:00Z
2026-10-05T17:25:07.186198Z,refresh,17908,1761309,5,1,1,0,1791331200,2026-10-07T00:00:00Z
2026-10-05T17:25:07.186198Z,refresh,17910,1761314,5,0,1,0,1791331200,2026-10-07T00:00:00Z
2026-10-05T17:25:07.186198Z,refresh,18684,1761200,5,0,1,0,1791331200,2026-10-07T00:00:00Z
2026-10-05T17:25:07.186198Z,refresh,18685,1761201,5,1,1,0,1791331200,2026-10-07T00:00:00Z
2026-10-05T17:25:07.186198Z,refresh,18686,1761202,5,0,1,0,1791331200,2026-10-07T00:00:00Z
2026-10-05T17:25:07.186198Z,refresh,18687,1761203,5,1,1,0,1791331200,2026-10-07T00:00:00Z
2026-10-05T17:25:07.186198Z,refresh,18688,1761204,5,0,1,0,1791331200,2026-10-07T00:00:00Z
2026-10-05T17:25:07.186198Z,refresh,18689,1761205,55,12,1,0,1791331200,2026-10-07T00:00:00Z
2026-10-05T17:25:07.186198Z,refresh,18690,1761206,105,22,1,0,1791331200,2026-10-07T00:00:00Z
2026-10-05T17:25:07.186198Z,refresh,18691,1761207,5,1,1,0,1791331200,2026-10-07T00:00:00Z
2026-10-05T17:25:07.186198Z,refresh,18692,1761208,5,1,1,0,1791331200,2026-10-07T00:00:00Z
2026-10-05T17:25:07.186198Z,refresh,18693,1761209,5,1,1,0,1791331200,2026-10-07T00:00:00Z
2026-10-05T17:25:07.186198Z,refresh,18694,1761210,5,0,1,0,1791331200,2026-10-07T00:00:00Z
2026-10-05T17:25:07.186198Z,refresh,18695,1761211,5,0,1,0,1791331200,2026-10-07T00:00:00Z
2026-10-05T17:25:07.186198Z,refresh,18696,1761212,5,0,1,0,1791331200,2026-10-07T00:00:00Z
2026-10-05T17:25:07.186198Z,refresh,18697,1761213,5,0,1,0,1791331200,2026-10-07T00:00:00Z
2026-10-05T17:25:07.186198Z,refresh,18698,1761214,5,0,1,0,1791331200,2026-10-07T00:00:00Z
2026-10-05T17:25:07.186198Z,refresh,18699,1761215,5,0,1,0,1791331200,2026-10-07T00:00:00Z
2026-10-05T17:25:07.186198Z,refresh,18700,1761216,5,1,1,0,1791331200,2026-10-07T00:00:00Z
2026-10-05T17:25:07.186198Z,refresh,18701,1761217,105,5,1,0,1791331200,2026-10-07T00:00:00Z
2026-10-05T17:25:07.186198Z,refresh,18702,1761218,405,45,1,0,1791331200,2026-10-07T00:00:00Z
2026-10-05T17:25:07.186198Z,refresh,18703,1761219,55,5,1,0,1791331200,2026-10-07T00:00:00Z
2026-10-05T17:25:07.186198Z,refresh,18721,1761236,5,0,1,0,1791331200,2026-10-07T00:00:00Z
2026-10-05T17:25:07.186198Z,refresh,18722,1761237,55,12,1,0,1791331200,2026-10-07T00:00:00Z
2026-10-05T17:25:07.186198Z,refresh,18723,1761238,5,1,1,0,1791331200,2026-10-07T00:00:00Z
2026-10-05T17:25:07.186198Z,refresh,18724,1761239,5,1,1,0,1791331200,2026-10-07T00:00:00Z
2026-10-05T17:25:07.186198Z,refresh,18725,1761240,5,1,1,0,1791331200,2026-10-07T00:00:00Z
2026-10-05T17:25:07.186198Z,refresh,18726,1761241,5,1,1,0,1791331200,2026-10-07T00:00:00Z
2026-10-05T17:25:07.186198Z,refresh,18727,1761242,5,1,1,0,1791331200,2026-10-07T00:00:00Z
2026-10-05T17:25:07.186198Z,refresh,18728,1761243,5,1,1,0,1791331200,2026-10-07T00:00:00Z
2026-10-05T17:25:07.186198Z,refresh,18729,1761244,5,1,1,0,1791331200,2026-10-07T00:00:00Z
2026-10-05T17:25:07.186198Z,refresh,18730,1761245,5,1,1,0,1791331200,2026-10-07T00:00:00Z
2026-10-05T17:25:07.186198Z,refresh,18731,1761246,5,0,1,0,1791331200,2026-10-07T00:00:00Z
2026-10-05T17:25:07.186198Z,refresh,18732,1761310,5,1,1,0,1791331200,2026-10-07T00:00:00Z
2026-10-05T17:25:07.186198Z,refresh,18733,1761311,5,1,1,0,1791331200,2026-10-07T00:00:00Z
2026-10-05T17:25:07.186198Z,refresh,18734,1761312,5,0,1,0,1791331200,2026-10-07T00:00:00Z
2026-10-05T17:25:07.186198Z,refresh,18735,1761313,5,1,1,0,1791331200,2026-10-07T00:00:00Z
2026-10-05T17:25:07.186198Z,refresh,17125,1779931,45,10,1,0,1791333000,2026-10-07T00:30:00Z
2026-10-05T18:30:55.657816Z,refresh,10000,1761139,105,2,1,0,1791324000,2026-10-06T22:00:00Z
2026-10-05T18:30:55.657816Z,refresh,10001,1761140,100,0,1,0,1791324000,2026-10-06T22:00:00Z
2026-10-05T18:30:55.657816Z,refresh,10002,1761141,100,0,1,0,1791324000,2026-10-06T22:00:00Z
2026-10-05T18:30:55.657816Z,refresh,10003,1761142,100,1,1,0,1791324000,2026-10-06T22:00:00Z
2026-10-05T18:30:55.657816Z,refresh,10004,1761143,1525,8,1,0,1791324000,2026-10-06T22:00:00Z
2026-10-05T18:30:55.657816Z,refresh,10005,1761144,3050,19,1,0,1791324000,2026-10-06T22:00:00Z
2026-10-05T18:30:55.657816Z,refresh,10006,1761145,115,4,1,0,1791324000,2026-10-06T22:00:00Z
2026-10-05T18:30:55.657816Z,refresh,10007,1761146,105,2,1,0,1791324000,2026-10-06T22:00:00Z
2026-10-05T18:30:55.657816Z,refresh,10008,1761147,7550,12,1,0,1791324000,2026-10-06T22:00:00Z
2026-10-05T18:30:55.657816Z,refresh,10009,1761148,25600,31,1,0,1791324000,2026-10-06T22:00:00Z
2026-10-05T18:30:55.657816Z,refresh,10010,1761149,4250,30,1,0,1791324000,2026-10-06T22:00:00Z
2026-10-05T18:30:55.657816Z,refresh,10011,1761150,18800,178,1,0,1791324000,2026-10-06T22:00:00Z
2026-10-05T18:30:55.657816Z,refresh,10012,1761151,19450,52,1,0,1791324000,2026-10-06T22:00:00Z
2026-10-05T18:30:55.657816Z,refresh,10013,1761152,46000,88,1,0,1791324000,2026-10-06T22:00:00Z
2026-10-05T18:30:55.657816Z,refresh,10014,1761153,20100,43,1,0,1791324000,2026-10-06T22:00:00Z
2026-10-05T18:30:55.657816Z,refresh,10015,1761154,20100,33,1,0,1791324000,2026-10-06T22:00:00Z
2026-10-05T18:30:55.657816Z,refresh,10016,1761155,13100,24,1,0,1791324000,2026-10-06T22:00:00Z
2026-10-05T18:30:55.657816Z,refresh,10017,1761156,42500,56,1,0,1791324000,2026-10-06T22:00:00Z
2026-10-05T18:30:55.657816Z,refresh,10018,1761157,1250,5,1,0,1791324000,2026-10-06T22:00:00Z
2026-10-05T18:30:55.657816Z,refresh,10019,1761158,130,7,1,0,1791324000,2026-10-06T22:00:00Z
2026-10-05T18:30:55.657816Z,refresh,10050,1761119,1950,13,1,0,1791325800,2026-10-06T22:30:00Z
2026-10-05T18:30:55.657816Z,refresh,10051,1761120,100,1,1,0,1791325800,2026-10-06T22:30:00Z
2026-10-05T18:30:55.657816Z,refresh,10052,1761121,110,3,1,0,1791325800,2026-10-06T22:30:00Z
2026-10-05T18:30:55.657816Z,refresh,10053,1761122,1005,12,1,0,1791325800,2026-10-06T22:30:00Z
2026-10-05T18:30:55.657816Z,refresh,10054,1761123,645,9,1,0,1791325800,2026-10-06T22:30:00Z
2026-10-05T18:30:55.657816Z,refresh,10055,1761124,100,0,1,0,1791325800,2026-10-06T22:30:00Z
2026-10-05T18:30:55.657816Z,refresh,10056,1761125,100,0,1,0,1791325800,2026-10-06T22:30:00Z
2026-10-05T18:30:55.657816Z,refresh,10057,1761126,100,1,1,0,1791325800,2026-10-06T22:30:00Z
2026-10-05T18:30:55.657816Z,refresh,10058,1761127,100,1,1,0,1791325800,2026-10-06T22:30:00Z
2026-10-05T18:30:55.657816Z,refresh,10059,1761128,1025,14,1,0,1791325800,2026-10-06T22:30:00Z
2026-10-05T18:30:55.657816Z,refresh,10060,1761129,7800,63,1,0,1791325800,2026-10-06T22:30:00Z
2026-10-05T18:30:55.657816Z,refresh,10061,1761130,100,0,1,0,1791325800,2026-10-06T22:30:00Z
2026-10-05T18:30:55.657816Z,refresh,10062,1761131,6050,134,1,0,1791325800,2026-10-06T22:30:00Z
2026-10-05T18:30:55.657816Z,refresh,10063,1761132,675,8,1,0,1791325800,2026-10-06T22:30:00Z
2026-10-05T18:30:55.657816Z,refresh,10064,1761133,505,13,1,0,1791325800,2026-10-06T22:30:00Z
2026-10-05T18:30:55.657816Z,refresh,10065,1761134,205,9,1,0,1791325800,2026-10-06T22:30:00Z
2026-10-05T18:30:55.657816Z,refresh,10066,1761135,100,1,1,0,1791325800,2026-10-06T22:30:00Z
2026-10-05T18:30:55.657816Z,refresh,10067,1761136,100,1,1,0,1791325800,2026-10-06T22:30:00Z
2026-10-05T18:30:55.657816Z,refresh,10068,1761137,100,1,1,0,1791325800,2026-10-06T22:30:00Z
2026-10-05T18:30:55.657816Z,refresh,10069,1761138,100,0,1,0,1791325800,2026-10-06T22:30:00Z
2026-10-05T18:30:55.657816Z,refresh,17100,1761063,100,1,1,0,1791327600,2026-10-06T23:00:00Z
2026-10-05T18:30:55.657816Z,refresh,17101,1761064,100,1,1,0,1791327600,2026-10-06T23:00:00Z
2026-10-05T18:30:55.657816Z,refresh,17102,1761065,100,0,1,0,1791327600,2026-10-06T23:00:00Z
2026-10-05T18:30:55.657816Z,refresh,17103,1761066,100,0,1,0,1791327600,2026-10-06T23:00:00Z
2026-10-05T18:30:55.657816Z,refresh,17104,1761067,100,0,1,0,1791327600,2026-10-06T23:00:00Z
2026-10-05T18:30:55.657816Z,refresh,17105,1761068,100,0,1,0,1791327600,2026-10-06T23:00:00Z
2026-10-05T18:30:55.657816Z,refresh,17106,1761069,100,0,1,0,1791327600,2026-10-06T23:00:00Z
2026-10-05T18:30:55.657816Z,refresh,17107,1761070,100,0,1,0,1791327600,2026-10-06T23:00:00Z
2026-10-05T18:30:55.657816Z,refresh,17108,1761071,100,1,1,0,1791327600,2026-10-06T23:00:00Z
2026-10-05T18:30:55.657816Z,refresh,17109,1761072,100,0,1,0,1791327600,2026-10-06T23:00:00Z
2026-10-05T18:30:55.657816Z,refresh,17110,1761073,100,0,1,0,1791327600,2026-10-06T23:00:00Z
2026-10-05T18:30:55.657816Z,refresh,17111,1761074,100,0,1,0,1791327600,2026-10-06T23:00:00Z
2026-10-05T18:30:55.657816Z,refresh,17112,1761075,100,0,1,0,1791327600,2026-10-06T23:00:00Z
2026-10-05T18:30:55.657816Z,refresh,17113,1761076,100,0,1,0,1791327600,2026-10-06T23:00:00Z
2026-10-05T18:30:55.657816Z,refresh,17114,1761077,100,0,1,0,1791327600,2026-10-06T23:00:00Z
2026-10-05T18:30:55.657816Z,refresh,17115,1761078,100,1,1,0,1791327600,2026-10-06T23:00:00Z
2026-10-05T18:30:55.657816Z,refresh,17116,1761079,100,0,1,0,1791327600,2026-10-06T23:00:00Z
2026-10-05T18:30:55.657816Z,refresh,17117,1761080,100,0,1,0,1791327600,2026-10-06T23:00:00Z
2026-10-05T18:30:55.657816Z,refresh,17118,1761081,100,1,1,0,1791327600,2026-10-06T23:00:00Z
2026-10-05T18:30:55.657816Z,refresh,17119,1761082,100,0,1,0,1791327600,2026-10-06T23:00:00Z
2026-10-05T18:30:55.657816Z,refresh,17120,1761083,100,0,1,0,1791327600,2026-10-06T23:00:00Z
2026-10-05T18:30:55.657816Z,refresh,17121,1761084,100,0,1,0,1791327600,2026-10-06T23:00:00Z
2026-10-05T18:30:55.657816Z,refresh,17122,1761085,100,0,1,0,1791327600,2026-10-06T23:00:00Z
2026-10-05T18:30:55.657816Z,refresh,10020,1761159,13050,88,1,0,1791329400,2026-10-06T23:30:00Z
2026-10-05T18:30:55.657816Z,refresh,10021,1761160,5,1,1,0,1791329400,2026-10-06T23:30:00Z
2026-10-05T18:30:55.657816Z,refresh,10022,1761161,130,7,1,0,1791329400,2026-10-06T23:30:00Z
2026-10-05T18:30:55.657816Z,refresh,10023,1761162,411,36,1,0,1791329400,2026-10-06T23:30:00Z
2026-10-05T18:30:55.657816Z,refresh,10024,1761163,5,1,1,0,1791329400,2026-10-06T23:30:00Z
2026-10-05T18:30:55.657816Z,refresh,10025,1761164,5,0,1,0,1791329400,2026-10-06T23:30:00Z
2026-10-05T18:30:55.657816Z,refresh,17850,1761247,5,0,1,0,1791329400,2026-10-06T23:30:00Z
2026-10-05T18:30:55.657816Z,refresh,17851,1761248,5,1,1,0,1791329400,2026-10-06T23:30:00Z
2026-10-05T18:30:55.657816Z,refresh,17852,1761249,360,12,1,0,1791329400,2026-10-06T23:30:00Z
2026-10-05T18:30:55.657816Z,refresh,17853,1761250,1350,46,1,0,1791329400,2026-10-06T23:30:00Z
2026-10-05T18:30:55.657816Z,refresh,17854,1761251,155,10,1,0,1791329400,2026-10-06T23:30:00Z
2026-10-05T18:30:55.657816Z,refresh,17855,1761252,5,1,1,0,1791329400,2026-10-06T23:30:00Z
2026-10-05T18:30:55.657816Z,refresh,17856,1761253,105,5,1,0,1791329400,2026-10-06T23:30:00Z
2026-10-05T18:30:55.657816Z,refresh,17857,1761254,5,1,1,0,1791329400,2026-10-06T23:30:00Z
2026-10-05T18:30:55.657816Z,refresh,17858,1761255,10,2,1,0,1791329400,2026-10-06T23:30:00Z
2026-10-05T18:30:55.657816Z,refresh,17859,1761256,5,1,1,0,1791329400,2026-10-06T23:30:00Z
2026-10-05T18:30:55.657816Z,refresh,17860,1761257,5,1,1,0,1791329400,2026-10-06T23:30:00Z
2026-10-05T18:30:55.657816Z,refresh,17861,1761258,5,1,1,0,1791329400,2026-10-06T23:30:00Z
2026-10-05T18:30:55.657816Z,refresh,17862,1761259,5,1,1,0,1791329400,2026-10-06T23:30:00Z
2026-10-05T18:30:55.657816Z,refresh,17863,1761260,5,1,1,0,1791329400,2026-10-06T23:30:00Z
2026-10-05T18:30:55.657816Z,refresh,17864,1761262,5,1,1,0,1791329400,2026-10-06T23:30:00Z
2026-10-05T18:30:55.657816Z,refresh,17865,1761263,5,1,1,0,1791329400,2026-10-06T23:30:00Z
2026-10-05T18:30:55.657816Z,refresh,17909,1761086,5,0,1,0,1791329400,2026-10-06T23:30:00Z
2026-10-05T18:30:55.657816Z,refresh,17911,1761088,5,0,1,0,1791329400,2026-10-06T23:30:00Z
2026-10-05T18:30:55.657816Z,refresh,17912,1761089,5,0,1,0,1791329400,2026-10-06T23:30:00Z
2026-10-05T18:30:55.657816Z,refresh,17913,1761090,5,0,1,0,1791329400,2026-10-06T23:30:00Z
2026-10-05T18:30:55.657816Z,refresh,17914,1761091,5,0,1,0,1791329400,2026-10-06T23:30:00Z
2026-10-05T18:30:55.657816Z,refresh,17915,1761092,5,0,1,0,1791329400,2026-10-06T23:30:00Z
2026-10-05T18:30:55.657816Z,refresh,17916,1761093,5,0,1,0,1791329400,2026-10-06T23:30:00Z
2026-10-05T18:30:55.657816Z,refresh,17917,1761094,5,1,1,0,1791329400,2026-10-06T23:30:00Z
2026-10-05T18:30:55.657816Z,refresh,17918,1761095,5,0,1,0,1791329400,2026-10-06T23:30:00Z
2026-10-05T18:30:55.657816Z,refresh,17919,1761096,5,0,1,0,1791329400,2026-10-06T23:30:00Z
2026-10-05T18:30:55.657816Z,refresh,17920,1761097,5,1,1,0,1791329400,2026-10-06T23:30:00Z
2026-10-05T18:30:55.657816Z,refresh,17921,1761098,5,1,1,0,1791329400,2026-10-06T23:30:00Z
2026-10-05T18:30:55.657816Z,refresh,17922,1761099,5,0,1,0,1791329400,2026-10-06T23:30:00Z
2026-10-05T18:30:55.657816Z,refresh,17923,1761100,5,0,1,0,1791329400,2026-10-06T23:30:00Z
2026-10-05T18:30:55.657816Z,refresh,17924,1761101,10,2,1,0,1791329400,2026-10-06T23:30:00Z
2026-10-05T18:30:55.657816Z,refresh,17925,1761102,5,1,1,0,1791329400,2026-10-06T23:30:00Z
2026-10-05T18:30:55.657816Z,refresh,17926,1761103,5,1,1,0,1791329400,2026-10-06T23:30:00Z
2026-10-05T18:30:55.657816Z,refresh,17927,1761104,105,5,1,0,1791329400,2026-10-06T23:30:00Z
2026-10-05T18:30:55.657816Z,refresh,17928,1761105,5,1,1,0,1791329400,2026-10-06T23:30:00Z
2026-10-05T18:30:55.657816Z,refresh,17929,1761106,5,1,1,0,1791329400,2026-10-06T23:30:00Z
2026-10-05T18:30:55.657816Z,refresh,17930,1761107,5,1,1,0,1791329400,2026-10-06T23:30:00Z
2026-10-05T18:30:55.657816Z,refresh,17931,1761108,5,1,1,0,1791329400,2026-10-06T23:30:00Z
2026-10-05T18:30:55.657816Z,refresh,17932,1761109,5,0,1,0,1791329400,2026-10-06T23:30:00Z
2026-10-05T18:30:55.657816Z,refresh,17933,1761110,5,0,1,0,1791329400,2026-10-06T23:30:00Z
2026-10-05T18:30:55.657816Z,refresh,17934,1761111,5,0,1,0,1791329400,2026-10-06T23:30:00Z
2026-10-05T18:30:55.657816Z,refresh,17935,1761112,5,0,1,0,1791329400,2026-10-06T23:30:00Z
2026-10-05T18:30:55.657816Z,refresh,17936,1761113,5,0,1,0,1791329400,2026-10-06T23:30:00Z
2026-10-05T18:30:55.657816Z,refresh,17937,1761114,5,1,1,0,1791329400,2026-10-06T23:30:00Z
2026-10-05T18:30:55.657816Z,refresh,17938,1761115,5,1,1,0,1791329400,2026-10-06T23:30:00Z
2026-10-05T18:30:55.657816Z,refresh,17939,1761116,5,1,1,0,1791329400,2026-10-06T23:30:00Z
2026-10-05T18:30:55.657816Z,refresh,17940,1761117,5,1,1,0,1791329400,2026-10-06T23:30:00Z
2026-10-05T18:30:55.657816Z,refresh,17941,1761118,360,12,1,0,1791329400,2026-10-06T23:30:00Z
2026-10-05T18:30:55.657816Z,refresh,18650,1761165,5,1,1,0,1791329400,2026-10-06T23:30:00Z
2026-10-05T18:30:55.657816Z,refresh,18651,1761166,5,1,1,0,1791329400,2026-10-06T23:30:00Z
2026-10-05T18:30:55.657816Z,refresh,18652,1761167,5,1,1,0,1791329400,2026-10-06T23:30:00Z
2026-10-05T18:30:55.657816Z,refresh,18653,1761168,5,1,1,0,1791329400,2026-10-06T23:30:00Z
2026-10-05T18:30:55.657816Z,refresh,18654,1761169,5,1,1,0,1791329400,2026-10-06T23:30:00Z
2026-10-05T18:30:55.657816Z,refresh,18655,1761170,5,1,1,0,1791329400,2026-10-06T23:30:00Z
2026-10-05T18:30:55.657816Z,refresh,18656,1761171,5,1,1,0,1791329400,2026-10-06T23:30:00Z
2026-10-05T18:30:55.657816Z,refresh,18657,1761172,5,1,1,0,1791329400,2026-10-06T23:30:00Z
2026-10-05T18:30:55.657816Z,refresh,18658,1761173,5,1,1,0,1791329400,2026-10-06T23:30:00Z
2026-10-05T18:30:55.657816Z,refresh,18659,1761174,5,1,1,0,1791329400,2026-10-06T23:30:00Z
2026-10-05T18:30:55.657816Z,refresh,18660,1761175,275,53,1,0,1791329400,2026-10-06T23:30:00Z
2026-10-05T18:30:55.657816Z,refresh,18661,1761176,5,1,1,0,1791329400,2026-10-06T23:30:00Z
2026-10-05T18:30:55.657816Z,refresh,18662,1761177,5,1,1,0,1791329400,2026-10-06T23:30:00Z
2026-10-05T18:30:55.657816Z,refresh,18663,1761178,5,1,1,0,1791329400,2026-10-06T23:30:00Z
2026-10-05T18:30:55.657816Z,refresh,18664,1761179,205,19,1,0,1791329400,2026-10-06T23:30:00Z
2026-10-05T18:30:55.657816Z,refresh,18665,1761180,205,33,1,0,1791329400,2026-10-06T23:30:00Z
2026-10-05T18:30:55.657816Z,refresh,18666,1761181,5,1,1,0,1791329400,2026-10-06T23:30:00Z
2026-10-05T18:30:55.657816Z,refresh,18667,1761182,5,0,1,0,1791329400,2026-10-06T23:30:00Z
2026-10-05T18:30:55.657816Z,refresh,18668,1761183,5,0,1,0,1791329400,2026-10-06T23:30:00Z
2026-10-05T18:30:55.657816Z,refresh,18669,1761184,55,10,1,0,1791329400,2026-10-06T23:30:00Z
2026-10-05T18:30:55.657816Z,refresh,18670,1761185,5,1,1,0,1791329400,2026-10-06T23:30:00Z
2026-10-05T18:30:55.657816Z,refresh,18671,1761186,105,21,1,0,1791329400,2026-10-06T23:30:00Z
2026-10-05T18:30:55.657816Z,refresh,18672,1761187,105,22,1,0,1791329400,2026-10-06T23:30:00Z
2026-10-05T18:30:55.657816Z,refresh,18673,1761188,5,1,1,0,1791329400,2026-10-06T23:30:00Z
2026-10-05T18:30:55.657816Z,refresh,18674,1761189,5,1,1,0,1791329400,2026-10-06T23:30:00Z
2026-10-05T18:30:55.657816Z,refresh,18675,1761190,55,12,1,0,1791329400,2026-10-06T23:30:00Z
2026-10-05T18:30:55.657816Z,refresh,18676,1761191,5,1,1,0,1791329400,2026-10-06T23:30:00Z
2026-10-05T18:30:55.657816Z,refresh,18677,1761192,35,8,1,0,1791329400,2026-10-06T23:30:00Z
2026-10-05T18:30:55.657816Z,refresh,18678,1761194,20,5,1,0,1791329400,2026-10-06T23:30:00Z
2026-10-05T18:30:55.657816Z,refresh,18679,1761195,5,1,1,0,1791329400,2026-10-06T23:30:00Z
2026-10-05T18:30:55.657816Z,refresh,18680,1761196,45,10,1,0,1791329400,2026-10-06T23:30:00Z
2026-10-05T18:30:55.657816Z,refresh,18681,1761197,70,11,1,0,1791329400,2026-10-06T23:30:00Z
2026-10-05T18:30:55.657816Z,refresh,18682,1761198,10,2,1,0,1791329400,2026-10-06T23:30:00Z
2026-10-05T18:30:55.657816Z,refresh,18683,1761199,5,1,1,0,1791329400,2026-10-06T23:30:00Z
2026-10-05T18:30:55.657816Z,refresh,18705,1761220,5,0,1,0,1791329400,2026-10-06T23:30:00Z
2026-10-05T18:30:55.657816Z,refresh,18706,1761221,5,0,1,0,1791329400,2026-10-06T23:30:00Z
2026-10-05T18:30:55.657816Z,refresh,18707,1761222,10,2,1,0,1791329400,2026-10-06T23:30:00Z
2026-10-05T18:30:55.657816Z,refresh,18708,1761223,45,6,1,0,1791329400,2026-10-06T23:30:00Z
2026-10-05T18:30:55.657816Z,refresh,18709,1761224,5,0,1,0,1791329400,2026-10-06T23:30:00Z
2026-10-05T18:30:55.657816Z,refresh,18710,1761225,5,0,1,0,1791329400,2026-10-06T23:30:00Z
2026-10-05T18:30:55.657816Z,refresh,18711,1761226,5,0,1,0,1791329400,2026-10-06T23:30:00Z
2026-10-05T18:30:55.657816Z,refresh,18712,1761227,5,0,1,0,1791329400,2026-10-06T23:30:00Z
2026-10-05T18:30:55.657816Z,refresh,18713,1761228,5,1,1,0,1791329400,2026-10-06T23:30:00Z
2026-10-05T18:30:55.657816Z,refresh,18714,1761229,5,1,1,0,1791329400,2026-10-06T23:30:00Z
2026-10-05T18:30:55.657816Z,refresh,18715,1761230,5,0,1,0,1791329400,2026-10-06T23:30:00Z
2026-10-05T18:30:55.657816Z,refresh,18716,1761231,155,5,1,0,1791329400,2026-10-06T23:30:00Z
2026-10-05T18:30:55.657816Z,refresh,18717,1761232,205,6,1,0,1791329400,2026-10-06T23:30:00Z
2026-10-05T18:30:55.657816Z,refresh,18718,1761233,35,7,1,0,1791329400,2026-10-06T23:30:00Z
2026-10-05T18:30:55.657816Z,refresh,18719,1761234,5,0,1,0,1791329400,2026-10-06T23:30:00Z
2026-10-05T18:30:55.657816Z,refresh,18720,1761235,5,0,1,0,1791329400,2026-10-06T23:30:00Z
2026-10-05T18:30:55.657816Z,refresh,17866,1761264,5,1,1,0,1791331200,2026-10-07T00:00:00Z
2026-10-05T18:30:55.657816Z,refresh,17867,1761265,5,0,1,0,1791331200,2026-10-07T00:00:00Z
2026-10-05T18:30:55.657816Z,refresh,17868,1761266,5,0,1,0,1791331200,2026-10-07T00:00:00Z
2026-10-05T18:30:55.657816Z,refresh,17869,1761268,5,0,1,0,1791331200,2026-10-07T00:00:00Z
2026-10-05T18:30:55.657816Z,refresh,17870,1761269,5,1,1,0,1791331200,2026-10-07T00:00:00Z
2026-10-05T18:30:55.657816Z,refresh,17871,1761270,5,1,1,0,1791331200,2026-10-07T00:00:00Z
2026-10-05T18:30:55.657816Z,refresh,17872,1761271,5,0,1,0,1791331200,2026-10-07T00:00:00Z
2026-10-05T18:30:55.657816Z,refresh,17873,1761272,5,0,1,0,1791331200,2026-10-07T00:00:00Z
2026-10-05T18:30:55.657816Z,refresh,17874,1761273,5,0,1,0,1791331200,2026-10-07T00:00:00Z
2026-10-05T18:30:55.657816Z,refresh,17875,1761274,105,13,1,0,1791331200,2026-10-07T00:00:00Z
2026-10-05T18:30:55.657816Z,refresh,17876,1761275,5,1,1,0,1791331200,2026-10-07T00:00:00Z
2026-10-05T18:30:55.657816Z,refresh,17877,1761276,5,1,1,0,1791331200,2026-10-07T00:00:00Z
2026-10-05T18:30:55.657816Z,refresh,17878,1761277,5,1,1,0,1791331200,2026-10-07T00:00:00Z
2026-10-05T18:30:55.657816Z,refresh,17879,1761278,5,1,1,0,1791331200,2026-10-07T00:00:00Z
2026-10-05T18:30:55.657816Z,refresh,17880,1761279,155,5,1,0,1791331200,2026-10-07T00:00:00Z
2026-10-05T18:30:55.657816Z,refresh,17881,1761280,5,1,1,0,1791331200,2026-10-07T00:00:00Z
2026-10-05T18:30:55.657816Z,refresh,17882,1761281,5,1,1,0,1791331200,2026-10-07T00:00:00Z
2026-10-05T18:30:55.657816Z,refresh,17883,1761282,5,1,1,0,1791331200,2026-10-07T00:00:00Z
2026-10-05T18:30:55.657816Z,refresh,17884,1761283,5,1,1,0,1791331200,2026-10-07T00:00:00Z
2026-10-05T18:30:55.657816Z,refresh,17885,1761284,5,1,1,0,1791331200,2026-10-07T00:00:00Z
2026-10-05T18:30:55.657816Z,refresh,17886,1761285,5,1,1,0,1791331200,2026-10-07T00:00:00Z
2026-10-05T18:30:55.657816Z,refresh,17887,1761286,5,1,1,0,1791331200,2026-10-07T00:00:00Z
2026-10-05T18:30:55.657816Z,refresh,17888,1761287,5,0,1,0,1791331200,2026-10-07T00:00:00Z
2026-10-05T18:30:55.657816Z,refresh,17889,1761288,105,12,1,0,1791331200,2026-10-07T00:00:00Z
2026-10-05T18:30:55.657816Z,refresh,17890,1761289,5,0,1,0,1791331200,2026-10-07T00:00:00Z
2026-10-05T18:30:55.657816Z,refresh,17891,1761291,510,48,1,0,1791331200,2026-10-07T00:00:00Z
2026-10-05T18:30:55.657816Z,refresh,17892,1761292,255,52,1,0,1791331200,2026-10-07T00:00:00Z
2026-10-05T18:30:55.657816Z,refresh,17893,1761293,5,1,1,0,1791331200,2026-10-07T00:00:00Z
2026-10-05T18:30:55.657816Z,refresh,17894,1761294,5,1,1,0,1791331200,2026-10-07T00:00:00Z
2026-10-05T18:30:55.657816Z,refresh,17895,1761295,5,1,1,0,1791331200,2026-10-07T00:00:00Z
2026-10-05T18:30:55.657816Z,refresh,17896,1761296,5,0,1,0,1791331200,2026-10-07T00:00:00Z
2026-10-05T18:30:55.657816Z,refresh,17897,1761297,55,12,1,0,1791331200,2026-10-07T00:00:00Z
2026-10-05T18:30:55.657816Z,refresh,17898,1761298,5,0,1,0,1791331200,2026-10-07T00:00:00Z
2026-10-05T18:30:55.657816Z,refresh,17899,1761299,5,1,1,0,1791331200,2026-10-07T00:00:00Z
2026-10-05T18:30:55.657816Z,refresh,17900,1761300,5,1,1,0,1791331200,2026-10-07T00:00:00Z
2026-10-05T18:30:55.657816Z,refresh,17901,1761301,5,1,1,0,1791331200,2026-10-07T00:00:00Z
2026-10-05T18:30:55.657816Z,refresh,17902,1761303,5,0,1,0,1791331200,2026-10-07T00:00:00Z
2026-10-05T18:30:55.657816Z,refresh,17903,1761304,335,49,1,0,1791331200,2026-10-07T00:00:00Z
2026-10-05T18:30:55.657816Z,refresh,17904,1761305,15,3,1,0,1791331200,2026-10-07T00:00:00Z
2026-10-05T18:30:55.657816Z,refresh,17905,1761306,15,3,1,0,1791331200,2026-10-07T00:00:00Z
2026-10-05T18:30:55.657816Z,refresh,17906,1761307,105,16,1,0,1791331200,2026-10-07T00:00:00Z
2026-10-05T18:30:55.657816Z,refresh,17907,1761308,105,4,1,0,1791331200,2026-10-07T00:00:00Z
2026-10-05T18:30:55.657816Z,refresh,17908,1761309,5,1,1,0,1791331200,2026-10-07T00:00:00Z
2026-10-05T18:30:55.657816Z,refresh,17910,1761314,5,0,1,0,1791331200,2026-10-07T00:00:00Z
2026-10-05T18:30:55.657816Z,refresh,18684,1761200,5,0,1,0,1791331200,2026-10-07T00:00:00Z
2026-10-05T18:30:55.657816Z,refresh,18685,1761201,5,1,1,0,1791331200,2026-10-07T00:00:00Z
2026-10-05T18:30:55.657816Z,refresh,18686,1761202,5,0,1,0,1791331200,2026-10-07T00:00:00Z
2026-10-05T18:30:55.657816Z,refresh,18687,1761203,5,1,1,0,1791331200,2026-10-07T00:00:00Z
2026-10-05T18:30:55.657816Z,refresh,18688,1761204,5,0,1,0,1791331200,2026-10-07T00:00:00Z
2026-10-05T18:30:55.657816Z,refresh,18689,1761205,55,12,1,0,1791331200,2026-10-07T00:00:00Z
2026-10-05T18:30:55.657816Z,refresh,18690,1761206,105,22,1,0,1791331200,2026-10-07T00:00:00Z
2026-10-05T18:30:55.657816Z,refresh,18691,1761207,5,1,1,0,1791331200,2026-10-07T00:00:00Z
2026-10-05T18:30:55.657816Z,refresh,18692,1761208,5,1,1,0,1791331200,2026-10-07T00:00:00Z
2026-10-05T18:30:55.657816Z,refresh,18693,1761209,5,1,1,0,1791331200,2026-10-07T00:00:00Z
2026-10-05T18:30:55.657816Z,refresh,18694,1761210,5,0,1,0,1791331200,2026-10-07T00:00:00Z
2026-10-05T18:30:55.657816Z,refresh,18695,1761211,5,0,1,0,1791331200,2026-10-07T00:00:00Z
2026-10-05T18:30:55.657816Z,refresh,18696,1761212,5,0,1,0,1791331200,2026-10-07T00:00:00Z
2026-10-05T18:30:55.657816Z,refresh,18697,1761213,5,0,1,0,1791331200,2026-10-07T00:00:00Z
2026-10-05T18:30:55.657816Z,refresh,18698,1761214,5,0,1,0,1791331200,2026-10-07T00:00:00Z
2026-10-05T18:30:55.657816Z,refresh,18699,1761215,5,0,1,0,1791331200,2026-10-07T00:00:00Z
2026-10-05T18:30:55.657816Z,refresh,18700,1761216,5,1,1,0,1791331200,2026-10-07T00:00:00Z
2026-10-05T18:30:55.657816Z,refresh,18701,1761217,310,18,1,0,1791331200,2026-10-07T00:00:00Z
2026-10-05T18:30:55.657816Z,refresh,18702,1761218,460,48,1,0,1791331200,2026-10-07T00:00:00Z
2026-10-05T18:30:55.657816Z,refresh,18703,1761219,55,5,1,0,1791331200,2026-10-07T00:00:00Z
2026-10-05T18:30:55.657816Z,refresh,18721,1761236,5,1,1,0,1791331200,2026-10-07T00:00:00Z
2026-10-05T18:30:55.657816Z,refresh,18722,1761237,55,12,1,0,1791331200,2026-10-07T00:00:00Z
2026-10-05T18:30:55.657816Z,refresh,18723,1761238,5,1,1,0,1791331200,2026-10-07T00:00:00Z
2026-10-05T18:30:55.657816Z,refresh,18724,1761239,5,1,1,0,1791331200,2026-10-07T00:00:00Z
2026-10-05T18:30:55.657816Z,refresh,18725,1761240,5,1,1,0,1791331200,2026-10-07T00:00:00Z
2026-10-05T18:30:55.657816Z,refresh,18726,1761241,5,1,1,0,1791331200,2026-10-07T00:00:00Z
2026-10-05T18:30:55.657816Z,refresh,18727,1761242,5,1,1,0,1791331200,2026-10-07T00:00:00Z
2026-10-05T18:30:55.657816Z,refresh,18728,1761243,5,1,1,0,1791331200,2026-10-07T00:00:00Z
2026-10-05T18:30:55.657816Z,refresh,18729,1761244,5,1,1,0,1791331200,2026-10-07T00:00:00Z
2026-10-05T18:30:55.657816Z,refresh,18730,1761245,5,1,1,0,1791331200,2026-10-07T00:00:00Z
2026-10-05T18:30:55.657816Z,refresh,18731,1761246,5,0,1,0,1791331200,2026-10-07T00:00:00Z
2026-10-05T18:30:55.657816Z,refresh,18732,1761310,5,1,1,0,1791331200,2026-10-07T00:00:00Z
2026-10-05T18:30:55.657816Z,refresh,18733,1761311,5,1,1,0,1791331200,2026-10-07T00:00:00Z
2026-10-05T18:30:55.657816Z,refresh,18734,1761312,5,0,1,0,1791331200,2026-10-07T00:00:00Z
2026-10-05T18:30:55.657816Z,refresh,18735,1761313,5,1,1,0,1791331200,2026-10-07T00:00:00Z
2026-10-05T18:30:55.657816Z,refresh,17125,1779931,45,10,1,0,1791333000,2026-10-07T00:30:00Z
2026-10-05T21:34:23.855617Z,refresh,10000,1761139,105,2,1,0,1791324000,2026-10-06T22:00:00Z
2026-10-05T21:34:23.855617Z,refresh,10001,1761140,100,0,1,0,1791324000,2026-10-06T22:00:00Z
2026-10-05T21:34:23.855617Z,refresh,10002,1761141,100,0,1,0,1791324000,2026-10-06T22:00:00Z
2026-10-05T21:34:23.855617Z,refresh,10003,1761142,100,1,1,0,1791324000,2026-10-06T22:00:00Z
2026-10-05T21:34:23.855617Z,refresh,10004,1761143,1525,8,1,0,1791324000,2026-10-06T22:00:00Z
2026-10-05T21:34:23.855617Z,refresh,10005,1761144,3050,19,1,0,1791324000,2026-10-06T22:00:00Z
2026-10-05T21:34:23.855617Z,refresh,10006,1761145,115,4,1,0,1791324000,2026-10-06T22:00:00Z
2026-10-05T21:34:23.855617Z,refresh,10007,1761146,105,2,1,0,1791324000,2026-10-06T22:00:00Z
2026-10-05T21:34:23.855617Z,refresh,10008,1761147,8600,34,1,0,1791324000,2026-10-06T22:00:00Z
2026-10-05T21:34:23.855617Z,refresh,10009,1761148,25600,31,1,0,1791324000,2026-10-06T22:00:00Z
2026-10-05T21:34:23.855617Z,refresh,10010,1761149,8100,106,1,0,1791324000,2026-10-06T22:00:00Z
2026-10-05T21:34:23.855617Z,refresh,10011,1761150,18800,178,1,0,1791324000,2026-10-06T22:00:00Z
2026-10-05T21:34:23.855617Z,refresh,10012,1761151,19450,52,1,0,1791324000,2026-10-06T22:00:00Z
2026-10-05T21:34:23.855617Z,refresh,10013,1761152,50000,95,1,0,1791324000,2026-10-06T22:00:00Z
2026-10-05T21:34:23.855617Z,refresh,10014,1761153,21650,47,1,0,1791324000,2026-10-06T22:00:00Z
2026-10-05T21:34:23.855617Z,refresh,10015,1761154,20900,35,1,0,1791324000,2026-10-06T22:00:00Z
2026-10-05T21:34:23.855617Z,refresh,10016,1761155,14600,26,1,0,1791324000,2026-10-06T22:00:00Z
2026-10-05T21:34:23.855617Z,refresh,10017,1761156,42500,56,1,0,1791324000,2026-10-06T22:00:00Z
2026-10-05T21:34:23.855617Z,refresh,10018,1761157,1250,5,1,0,1791324000,2026-10-06T22:00:00Z
2026-10-05T21:34:23.855617Z,refresh,10019,1761158,130,7,1,0,1791324000,2026-10-06T22:00:00Z
2026-10-05T21:34:23.855617Z,refresh,10050,1761119,2000,15,1,0,1791325800,2026-10-06T22:30:00Z
2026-10-05T21:34:23.855617Z,refresh,10051,1761120,705,3,1,0,1791325800,2026-10-06T22:30:00Z
2026-10-05T21:34:23.855617Z,refresh,10052,1761121,345,9,1,0,1791325800,2026-10-06T22:30:00Z
2026-10-05T21:34:23.855617Z,refresh,10053,1761122,2050,16,1,0,1791325800,2026-10-06T22:30:00Z
2026-10-05T21:34:23.855617Z,refresh,10054,1761123,725,13,1,0,1791325800,2026-10-06T22:30:00Z
2026-10-05T21:34:23.855617Z,refresh,10055,1761124,100,1,1,0,1791325800,2026-10-06T22:30:00Z
2026-10-05T21:34:23.855617Z,refresh,10056,1761125,100,1,1,0,1791325800,2026-10-06T22:30:00Z
2026-10-05T21:34:23.855617Z,refresh,10057,1761126,305,3,1,0,1791325800,2026-10-06T22:30:00Z
2026-10-05T21:34:23.855617Z,refresh,10058,1761127,505,3,1,0,1791325800,2026-10-06T22:30:00Z
2026-10-05T21:34:23.855617Z,refresh,10059,1761128,1025,14,1,0,1791325800,2026-10-06T22:30:00Z
2026-10-05T21:34:23.855617Z,refresh,10060,1761129,7800,63,1,0,1791325800,2026-10-06T22:30:00Z
2026-10-05T21:34:23.855617Z,refresh,10061,1761130,100,1,1,0,1791325800,2026-10-06T22:30:00Z
2026-10-05T21:34:23.855617Z,refresh,10062,1761131,6150,136,1,0,1791325800,2026-10-06T22:30:00Z
2026-10-05T21:34:23.855617Z,refresh,10063,1761132,700,9,1,0,1791325800,2026-10-06T22:30:00Z
2026-10-05T21:34:23.855617Z,refresh,10064,1761133,625,15,1,0,1791325800,2026-10-06T22:30:00Z
2026-10-05T21:34:23.855617Z,refresh,10065,1761134,505,11,1,0,1791325800,2026-10-06T22:30:00Z
2026-10-05T21:34:23.855617Z,refresh,10066,1761135,1005,3,1,0,1791325800,2026-10-06T22:30:00Z
2026-10-05T21:34:23.855617Z,refresh,10067,1761136,1005,3,1,0,1791325800,2026-10-06T22:30:00Z
2026-10-05T21:34:23.855617Z,refresh,10068,1761137,1005,3,1,0,1791325800,2026-10-06T22:30:00Z
2026-10-05T21:34:23.855617Z,refresh,10069,1761138,100,1,1,0,1791325800,2026-10-06T22:30:00Z
2026-10-05T21:34:23.855617Z,refresh,17100,1761063,100,1,1,0,1791327600,2026-10-06T23:00:00Z
2026-10-05T21:34:23.855617Z,refresh,17101,1761064,100,1,1,0,1791327600,2026-10-06T23:00:00Z
2026-10-05T21:34:23.855617Z,refresh,17102,1761065,100,0,1,0,1791327600,2026-10-06T23:00:00Z
2026-10-05T21:34:23.855617Z,refresh,17103,1761066,100,0,1,0,1791327600,2026-10-06T23:00:00Z
2026-10-05T21:34:23.855617Z,refresh,17104,1761067,100,0,1,0,1791327600,2026-10-06T23:00:00Z
2026-10-05T21:34:23.855617Z,refresh,17105,1761068,100,0,1,0,1791327600,2026-10-06T23:00:00Z
2026-10-05T21:34:23.855617Z,refresh,17106,1761069,100,0,1,0,1791327600,2026-10-06T23:00:00Z
2026-10-05T21:34:23.855617Z,refresh,17107,1761070,100,0,1,0,1791327600,2026-10-06T23:00:00Z
2026-10-05T21:34:23.855617Z,refresh,17108,1761071,100,1,1,0,1791327600,2026-10-06T23:00:00Z
2026-10-05T21:34:23.855617Z,refresh,17109,1761072,100,0,1,0,1791327600,2026-10-06T23:00:00Z
2026-10-05T21:34:23.855617Z,refresh,17110,1761073,100,0,1,0,1791327600,2026-10-06T23:00:00Z
2026-10-05T21:34:23.855617Z,refresh,17111,1761074,100,0,1,0,1791327600,2026-10-06T23:00:00Z
2026-10-05T21:34:23.855617Z,refresh,17112,1761075,100,0,1,0,1791327600,2026-10-06T23:00:00Z
2026-10-05T21:34:23.855617Z,refresh,17113,1761076,100,0,1,0,1791327600,2026-10-06T23:00:00Z
2026-10-05T21:34:23.855617Z,refresh,17114,1761077,100,0,1,0,1791327600,2026-10-06T23:00:00Z
2026-10-05T21:34:23.855617Z,refresh,17115,1761078,100,1,1,0,1791327600,2026-10-06T23:00:00Z
2026-10-05T21:34:23.855617Z,refresh,17116,1761079,100,0,1,0,1791327600,2026-10-06T23:00:00Z
2026-10-05T21:34:23.855617Z,refresh,17117,1761080,100,0,1,0,1791327600,2026-10-06T23:00:00Z
2026-10-05T21:34:23.855617Z,refresh,17118,1761081,100,1,1,0,1791327600,2026-10-06T23:00:00Z
2026-10-05T21:34:23.855617Z,refresh,17119,1761082,100,0,1,0,1791327600,2026-10-06T23:00:00Z
2026-10-05T21:34:23.855617Z,refresh,17120,1761083,100,0,1,0,1791327600,2026-10-06T23:00:00Z
2026-10-05T21:34:23.855617Z,refresh,17121,1761084,100,0,1,0,1791327600,2026-10-06T23:00:00Z
2026-10-05T21:34:23.855617Z,refresh,17122,1761085,100,0,1,0,1791327600,2026-10-06T23:00:00Z
2026-10-05T21:34:23.855617Z,refresh,10020,1761159,15050,109,1,0,1791329400,2026-10-06T23:30:00Z
2026-10-05T21:34:23.855617Z,refresh,10021,1761160,5,1,1,0,1791329400,2026-10-06T23:30:00Z
2026-10-05T21:34:23.855617Z,refresh,10022,1761161,130,7,1,0,1791329400,2026-10-06T23:30:00Z
2026-10-05T21:34:23.855617Z,refresh,10023,1761162,550,47,1,0,1791329400,2026-10-06T23:30:00Z
2026-10-05T21:34:23.855617Z,refresh,10024,1761163,5,1,1,0,1791329400,2026-10-06T23:30:00Z
2026-10-05T21:34:23.855617Z,refresh,10025,1761164,5,0,1,0,1791329400,2026-10-06T23:30:00Z
2026-10-05T21:34:23.855617Z,refresh,17850,1761247,5,0,1,0,1791329400,2026-10-06T23:30:00Z
2026-10-05T21:34:23.855617Z,refresh,17851,1761248,5,1,1,0,1791329400,2026-10-06T23:30:00Z
2026-10-05T21:34:23.855617Z,refresh,17852,1761249,360,12,1,0,1791329400,2026-10-06T23:30:00Z
2026-10-05T21:34:23.855617Z,refresh,17853,1761250,1350,46,1,0,1791329400,2026-10-06T23:30:00Z
2026-10-05T21:34:23.855617Z,refresh,17854,1761251,155,10,1,0,1791329400,2026-10-06T23:30:00Z
2026-10-05T21:34:23.855617Z,refresh,17855,1761252,5,1,1,0,1791329400,2026-10-06T23:30:00Z
2026-10-05T21:34:23.855617Z,refresh,17856,1761253,105,5,1,0,1791329400,2026-10-06T23:30:00Z
2026-10-05T21:34:23.855617Z,refresh,17857,1761254,5,1,1,0,1791329400,2026-10-06T23:30:00Z
2026-10-05T21:34:23.855617Z,refresh,17858,1761255,10,2,1,0,1791329400,2026-10-06T23:30:00Z
2026-10-05T21:34:23.855617Z,refresh,17859,1761256,5,1,1,0,1791329400,2026-10-06T23:30:00Z
2026-10-05T21:34:23.855617Z,refresh,17860,1761257,5,1,1,0,1791329400,2026-10-06T23:30:00Z
2026-10-05T21:34:23.855617Z,refresh,17861,1761258,5,1,1,0,1791329400,2026-10-06T23:30:00Z
2026-10-05T21:34:23.855617Z,refresh,17862,1761259,5,1,1,0,1791329400,2026-10-06T23:30:00Z
2026-10-05T21:34:23.855617Z,refresh,17863,1761260,5,1,1,0,1791329400,2026-10-06T23:30:00Z
2026-10-05T21:34:23.855617Z,refresh,17864,1761262,5,1,1,0,1791329400,2026-10-06T23:30:00Z
2026-10-05T21:34:23.855617Z,refresh,17865,1761263,15,3,1,0,1791329400,2026-10-06T23:30:00Z
2026-10-05T21:34:23.855617Z,refresh,17909,1761086,5,0,1,0,1791329400,2026-10-06T23:30:00Z
2026-10-05T21:34:23.855617Z,refresh,17911,1761088,5,0,1,0,1791329400,2026-10-06T23:30:00Z
2026-10-05T21:34:23.855617Z,refresh,17912,1761089,5,0,1,0,1791329400,2026-10-06T23:30:00Z
2026-10-05T21:34:23.855617Z,refresh,17913,1761090,5,0,1,0,1791329400,2026-10-06T23:30:00Z
2026-10-05T21:34:23.855617Z,refresh,17914,1761091,5,0,1,0,1791329400,2026-10-06T23:30:00Z
2026-10-05T21:34:23.855617Z,refresh,17915,1761092,5,0,1,0,1791329400,2026-10-06T23:30:00Z
2026-10-05T21:34:23.855617Z,refresh,17916,1761093,5,0,1,0,1791329400,2026-10-06T23:30:00Z
2026-10-05T21:34:23.855617Z,refresh,17917,1761094,5,1,1,0,1791329400,2026-10-06T23:30:00Z
2026-10-05T21:34:23.855617Z,refresh,17918,1761095,5,0,1,0,1791329400,2026-10-06T23:30:00Z
2026-10-05T21:34:23.855617Z,refresh,17919,1761096,5,0,1,0,1791329400,2026-10-06T23:30:00Z
2026-10-05T21:34:23.855617Z,refresh,17920,1761097,5,1,1,0,1791329400,2026-10-06T23:30:00Z
2026-10-05T21:34:23.855617Z,refresh,17921,1761098,5,1,1,0,1791329400,2026-10-06T23:30:00Z
2026-10-05T21:34:23.855617Z,refresh,17922,1761099,5,0,1,0,1791329400,2026-10-06T23:30:00Z
2026-10-05T21:34:23.855617Z,refresh,17923,1761100,5,0,1,0,1791329400,2026-10-06T23:30:00Z
2026-10-05T21:34:23.855617Z,refresh,17924,1761101,10,2,1,0,1791329400,2026-10-06T23:30:00Z
2026-10-05T21:34:23.855617Z,refresh,17925,1761102,5,1,1,0,1791329400,2026-10-06T23:30:00Z
2026-10-05T21:34:23.855617Z,refresh,17926,1761103,5,1,1,0,1791329400,2026-10-06T23:30:00Z
2026-10-05T21:34:23.855617Z,refresh,17927,1761104,105,5,1,0,1791329400,2026-10-06T23:30:00Z
2026-10-05T21:34:23.855617Z,refresh,17928,1761105,5,1,1,0,1791329400,2026-10-06T23:30:00Z
2026-10-05T21:34:23.855617Z,refresh,17929,1761106,5,1,1,0,1791329400,2026-10-06T23:30:00Z
2026-10-05T21:34:23.855617Z,refresh,17930,1761107,5,1,1,0,1791329400,2026-10-06T23:30:00Z
2026-10-05T21:34:23.855617Z,refresh,17931,1761108,10,2,1,0,1791329400,2026-10-06T23:30:00Z
2026-10-05T21:34:23.855617Z,refresh,17932,1761109,5,1,1,0,1791329400,2026-10-06T23:30:00Z
2026-10-05T21:34:23.855617Z,refresh,17933,1761110,5,0,1,0,1791329400,2026-10-06T23:30:00Z
2026-10-05T21:34:23.855617Z,refresh,17934,1761111,5,0,1,0,1791329400,2026-10-06T23:30:00Z
2026-10-05T21:34:23.855617Z,refresh,17935,1761112,5,0,1,0,1791329400,2026-10-06T23:30:00Z
2026-10-05T21:34:23.855617Z,refresh,17936,1761113,5,0,1,0,1791329400,2026-10-06T23:30:00Z
2026-10-05T21:34:23.855617Z,refresh,17937,1761114,5,1,1,0,1791329400,2026-10-06T23:30:00Z
2026-10-05T21:34:23.855617Z,refresh,17938,1761115,5,1,1,0,1791329400,2026-10-06T23:30:00Z
2026-10-05T21:34:23.855617Z,refresh,17939,1761116,5,1,1,0,1791329400,2026-10-06T23:30:00Z
2026-10-05T21:34:23.855617Z,refresh,17940,1761117,5,1,1,0,1791329400,2026-10-06T23:30:00Z
2026-10-05T21:34:23.855617Z,refresh,17941,1761118,360,12,1,0,1791329400,2026-10-06T23:30:00Z
2026-10-05T21:34:23.855617Z,refresh,18650,1761165,5,1,1,0,1791329400,2026-10-06T23:30:00Z
2026-10-05T21:34:23.855617Z,refresh,18651,1761166,5,1,1,0,1791329400,2026-10-06T23:30:00Z
2026-10-05T21:34:23.855617Z,refresh,18652,1761167,5,1,1,0,1791329400,2026-10-06T23:30:00Z
2026-10-05T21:34:23.855617Z,refresh,18653,1761168,5,1,1,0,1791329400,2026-10-06T23:30:00Z
2026-10-05T21:34:23.855617Z,refresh,18654,1761169,5,1,1,0,1791329400,2026-10-06T23:30:00Z
2026-10-05T21:34:23.855617Z,refresh,18655,1761170,5,1,1,0,1791329400,2026-10-06T23:30:00Z
2026-10-05T21:34:23.855617Z,refresh,18656,1761171,5,1,1,0,1791329400,2026-10-06T23:30:00Z
2026-10-05T21:34:23.855617Z,refresh,18657,1761172,5,1,1,0,1791329400,2026-10-06T23:30:00Z
2026-10-05T21:34:23.855617Z,refresh,18658,1761173,5,1,1,0,1791329400,2026-10-06T23:30:00Z
2026-10-05T21:34:23.855617Z,refresh,18659,1761174,5,1,1,0,1791329400,2026-10-06T23:30:00Z
2026-10-05T21:34:23.855617Z,refresh,18660,1761175,275,53,1,0,1791329400,2026-10-06T23:30:00Z
2026-10-05T21:34:23.855617Z,refresh,18661,1761176,10,2,1,0,1791329400,2026-10-06T23:30:00Z
2026-10-05T21:34:23.855617Z,refresh,18662,1761177,5,1,1,0,1791329400,2026-10-06T23:30:00Z
2026-10-05T21:34:23.855617Z,refresh,18663,1761178,5,1,1,0,1791329400,2026-10-06T23:30:00Z
2026-10-05T21:34:23.855617Z,refresh,18664,1761179,205,19,1,0,1791329400,2026-10-06T23:30:00Z
2026-10-05T21:34:23.855617Z,refresh,18665,1761180,205,33,1,0,1791329400,2026-10-06T23:30:00Z
2026-10-05T21:34:23.855617Z,refresh,18666,1761181,34,5,1,0,1791329400,2026-10-06T23:30:00Z
2026-10-05T21:34:23.855617Z,refresh,18667,1761182,5,0,1,0,1791329400,2026-10-06T23:30:00Z
2026-10-05T21:34:23.855617Z,refresh,18668,1761183,5,0,1,0,1791329400,2026-10-06T23:30:00Z
2026-10-05T21:34:23.855617Z,refresh,18669,1761184,55,10,1,0,1791329400,2026-10-06T23:30:00Z
2026-10-05T21:34:23.855617Z,refresh,18670,1761185,5,1,1,0,1791329400,2026-10-06T23:30:00Z
2026-10-05T21:34:23.855617Z,refresh,18671,1761186,105,21,1,0,1791329400,2026-10-06T23:30:00Z
2026-10-05T21:34:23.855617Z,refresh,18672,1761187,105,22,1,0,1791329400,2026-10-06T23:30:00Z
2026-10-05T21:34:23.855617Z,refresh,18673,1761188,10,2,1,0,1791329400,2026-10-06T23:30:00Z
2026-10-05T21:34:23.855617Z,refresh,18674,1761189,5,1,1,0,1791329400,2026-10-06T23:30:00Z
2026-10-05T21:34:23.855617Z,refresh,18675,1761190,55,12,1,0,1791329400,2026-10-06T23:30:00Z
2026-10-05T21:34:23.855617Z,refresh,18676,1761191,5,1,1,0,1791329400,2026-10-06T23:30:00Z
2026-10-05T21:34:23.855617Z,refresh,18677,1761192,35,8,1,0,1791329400,2026-10-06T23:30:00Z
2026-10-05T21:34:23.855617Z,refresh,18678,1761194,20,5,1,0,1791329400,2026-10-06T23:30:00Z
2026-10-05T21:34:23.855617Z,refresh,18679,1761195,5,1,1,0,1791329400,2026-10-06T23:30:00Z
2026-10-05T21:34:23.855617Z,refresh,18680,1761196,50,11,1,0,1791329400,2026-10-06T23:30:00Z
2026-10-05T21:34:23.855617Z,refresh,18681,1761197,70,11,1,0,1791329400,2026-10-06T23:30:00Z
2026-10-05T21:34:23.855617Z,refresh,18682,1761198,10,2,1,0,1791329400,2026-10-06T23:30:00Z
2026-10-05T21:34:23.855617Z,refresh,18683,1761199,5,1,1,0,1791329400,2026-10-06T23:30:00Z
2026-10-05T21:34:23.855617Z,refresh,18705,1761220,5,0,1,0,1791329400,2026-10-06T23:30:00Z
2026-10-05T21:34:23.855617Z,refresh,18706,1761221,5,0,1,0,1791329400,2026-10-06T23:30:00Z
2026-10-05T21:34:23.855617Z,refresh,18707,1761222,10,2,1,0,1791329400,2026-10-06T23:30:00Z
2026-10-05T21:34:23.855617Z,refresh,18708,1761223,45,6,1,0,1791329400,2026-10-06T23:30:00Z
2026-10-05T21:34:23.855617Z,refresh,18709,1761224,5,0,1,0,1791329400,2026-10-06T23:30:00Z
2026-10-05T21:34:23.855617Z,refresh,18710,1761225,5,0,1,0,1791329400,2026-10-06T23:30:00Z
2026-10-05T21:34:23.855617Z,refresh,18711,1761226,5,0,1,0,1791329400,2026-10-06T23:30:00Z
2026-10-05T21:34:23.855617Z,refresh,18712,1761227,5,0,1,0,1791329400,2026-10-06T23:30:00Z
2026-10-05T21:34:23.855617Z,refresh,18713,1761228,5,1,1,0,1791329400,2026-10-06T23:30:00Z
2026-10-05T21:34:23.855617Z,refresh,18714,1761229,5,1,1,0,1791329400,2026-10-06T23:30:00Z
2026-10-05T21:34:23.855617Z,refresh,18715,1761230,5,0,1,0,1791329400,2026-10-06T23:30:00Z
2026-10-05T21:34:23.855617Z,refresh,18716,1761231,155,5,1,0,1791329400,2026-10-06T23:30:00Z
2026-10-05T21:34:23.855617Z,refresh,18717,1761232,205,6,1,0,1791329400,2026-10-06T23:30:00Z
2026-10-05T21:34:23.855617Z,refresh,18718,1761233,35,7,1,0,1791329400,2026-10-06T23:30:00Z
2026-10-05T21:34:23.855617Z,refresh,18719,1761234,5,0,1,0,1791329400,2026-10-06T23:30:00Z
2026-10-05T21:34:23.855617Z,refresh,18720,1761235,5,0,1,0,1791329400,2026-10-06T23:30:00Z
2026-10-05T21:34:23.855617Z,refresh,17866,1761264,5,1,1,0,1791331200,2026-10-07T00:00:00Z
2026-10-05T21:34:23.855617Z,refresh,17867,1761265,10,2,1,0,1791331200,2026-10-07T00:00:00Z
2026-10-05T21:34:23.855617Z,refresh,17868,1761266,5,0,1,0,1791331200,2026-10-07T00:00:00Z
2026-10-05T21:34:23.855617Z,refresh,17869,1761268,10,2,1,0,1791331200,2026-10-07T00:00:00Z
2026-10-05T21:34:23.855617Z,refresh,17870,1761269,5,1,1,0,1791331200,2026-10-07T00:00:00Z
2026-10-05T21:34:23.855617Z,refresh,17871,1761270,5,1,1,0,1791331200,2026-10-07T00:00:00Z
2026-10-05T21:34:23.855617Z,refresh,17872,1761271,5,0,1,0,1791331200,2026-10-07T00:00:00Z
2026-10-05T21:34:23.855617Z,refresh,17873,1761272,10,2,1,0,1791331200,2026-10-07T00:00:00Z
2026-10-05T21:34:23.855617Z,refresh,17874,1761273,5,0,1,0,1791331200,2026-10-07T00:00:00Z
2026-10-05T21:34:23.855617Z,refresh,17875,1761274,105,13,1,0,1791331200,2026-10-07T00:00:00Z
2026-10-05T21:34:23.855617Z,refresh,17876,1761275,5,1,1,0,1791331200,2026-10-07T00:00:00Z
2026-10-05T21:34:23.855617Z,refresh,17877,1761276,5,1,1,0,1791331200,2026-10-07T00:00:00Z
2026-10-05T21:34:23.855617Z,refresh,17878,1761277,5,1,1,0,1791331200,2026-10-07T00:00:00Z
2026-10-05T21:34:23.855617Z,refresh,17879,1761278,5,1,1,0,1791331200,2026-10-07T00:00:00Z
2026-10-05T21:34:23.855617Z,refresh,17880,1761279,155,5,1,0,1791331200,2026-10-07T00:00:00Z
2026-10-05T21:34:23.855617Z,refresh,17881,1761280,10,2,1,0,1791331200,2026-10-07T00:00:00Z
2026-10-05T21:34:23.855617Z,refresh,17882,1761281,10,2,1,0,1791331200,2026-10-07T00:00:00Z
2026-10-05T21:34:23.855617Z,refresh,17883,1761282,29,6,1,0,1791331200,2026-10-07T00:00:00Z
2026-10-05T21:34:23.855617Z,refresh,17884,1761283,5,1,1,0,1791331200,2026-10-07T00:00:00Z
2026-10-05T21:34:23.855617Z,refresh,17885,1761284,5,1,1,0,1791331200,2026-10-07T00:00:00Z
2026-10-05T21:34:23.855617Z,refresh,17886,1761285,5,1,1,0,1791331200,2026-10-07T00:00:00Z
2026-10-05T21:34:23.855617Z,refresh,17887,1761286,5,1,1,0,1791331200,2026-10-07T00:00:00Z
2026-10-05T21:34:23.855617Z,refresh,17888,1761287,5,0,1,0,1791331200,2026-10-07T00:00:00Z
2026-10-05T21:34:23.855617Z,refresh,17889,1761288,105,12,1,0,1791331200,2026-10-07T00:00:00Z
2026-10-05T21:34:23.855617Z,refresh,17890,1761289,10,2,1,0,1791331200,2026-10-07T00:00:00Z
2026-10-05T21:34:23.855617Z,refresh,17891,1761291,510,48,1,0,1791331200,2026-10-07T00:00:00Z
2026-10-05T21:34:23.855617Z,refresh,17892,1761292,255,52,1,0,1791331200,2026-10-07T00:00:00Z
2026-10-05T21:34:23.855617Z,refresh,17893,1761293,5,1,1,0,1791331200,2026-10-07T00:00:00Z
2026-10-05T21:34:23.855617Z,refresh,17894,1761294,10,2,1,0,1791331200,2026-10-07T00:00:00Z
2026-10-05T21:34:23.855617Z,refresh,17895,1761295,89,18,1,0,1791331200,2026-10-07T00:00:00Z
2026-10-05T21:34:23.855617Z,refresh,17896,1761296,10,2,1,0,1791331200,2026-10-07T00:00:00Z
2026-10-05T21:34:23.855617Z,refresh,17897,1761297,55,12,1,0,1791331200,2026-10-07T00:00:00Z
2026-10-05T21:34:23.855617Z,refresh,17898,1761298,5,1,1,0,1791331200,2026-10-07T00:00:00Z
2026-10-05T21:34:23.855617Z,refresh,17899,1761299,10,2,1,0,1791331200,2026-10-07T00:00:00Z
2026-10-05T21:34:23.855617Z,refresh,17900,1761300,5,1,1,0,1791331200,2026-10-07T00:00:00Z
2026-10-05T21:34:23.855617Z,refresh,17901,1761301,10,2,1,0,1791331200,2026-10-07T00:00:00Z
2026-10-05T21:34:23.855617Z,refresh,17902,1761303,5,0,1,0,1791331200,2026-10-07T00:00:00Z
2026-10-05T21:34:23.855617Z,refresh,17903,1761304,370,53,1,0,1791331200,2026-10-07T00:00:00Z
2026-10-05T21:34:23.855617Z,refresh,17904,1761305,15,3,1,0,1791331200,2026-10-07T00:00:00Z
2026-10-05T21:34:23.855617Z,refresh,17905,1761306,20,4,1,0,1791331200,2026-10-07T00:00:00Z
2026-10-05T21:34:23.855617Z,refresh,17906,1761307,105,16,1,0,1791331200,2026-10-07T00:00:00Z
2026-10-05T21:34:23.855617Z,refresh,17907,1761308,105,4,1,0,1791331200,2026-10-07T00:00:00Z
2026-10-05T21:34:23.855617Z,refresh,17908,1761309,5,1,1,0,1791331200,2026-10-07T00:00:00Z
2026-10-05T21:34:23.855617Z,refresh,17910,1761314,5,1,1,0,1791331200,2026-10-07T00:00:00Z
2026-10-05T21:34:23.855617Z,refresh,18684,1761200,5,0,1,0,1791331200,2026-10-07T00:00:00Z
2026-10-05T21:34:23.855617Z,refresh,18685,1761201,5,1,1,0,1791331200,2026-10-07T00:00:00Z
2026-10-05T21:34:23.855617Z,refresh,18686,1761202,5,1,1,0,1791331200,2026-10-07T00:00:00Z
2026-10-05T21:34:23.855617Z,refresh,18687,1761203,5,1,1,0,1791331200,2026-10-07T00:00:00Z
2026-10-05T21:34:23.855617Z,refresh,18688,1761204,5,1,1,0,1791331200,2026-10-07T00:00:00Z
2026-10-05T21:34:23.855617Z,refresh,18689,1761205,55,12,1,0,1791331200,2026-10-07T00:00:00Z
2026-10-05T21:34:23.855617Z,refresh,18690,1761206,105,22,1,0,1791331200,2026-10-07T00:00:00Z
2026-10-05T21:34:23.855617Z,refresh,18691,1761207,5,1,1,0,1791331200,2026-10-07T00:00:00Z
2026-10-05T21:34:23.855617Z,refresh,18692,1761208,5,1,1,0,1791331200,2026-10-07T00:00:00Z
2026-10-05T21:34:23.855617Z,refresh,18693,1761209,5,1,1,0,1791331200,2026-10-07T00:00:00Z
2026-10-05T21:34:23.855617Z,refresh,18694,1761210,5,0,1,0,1791331200,2026-10-07T00:00:00Z
2026-10-05T21:34:23.855617Z,refresh,18695,1761211,5,0,1,0,1791331200,2026-10-07T00:00:00Z
2026-10-05T21:34:23.855617Z,refresh,18696,1761212,5,0,1,0,1791331200,2026-10-07T00:00:00Z
2026-10-05T21:34:23.855617Z,refresh,18697,1761213,5,0,1,0,1791331200,2026-10-07T00:00:00Z
2026-10-05T21:34:23.855617Z,refresh,18698,1761214,5,0,1,0,1791331200,2026-10-07T00:00:00Z
2026-10-05T21:34:23.855617Z,refresh,18699,1761215,5,0,1,0,1791331200,2026-10-07T00:00:00Z
2026-10-05T21:34:23.855617Z,refresh,18700,1761216,5,1,1,0,1791331200,2026-10-07T00:00:00Z
2026-10-05T21:34:23.855617Z,refresh,18701,1761217,310,18,1,0,1791331200,2026-10-07T00:00:00Z
2026-10-05T21:34:23.855617Z,refresh,18702,1761218,460,48,1,0,1791331200,2026-10-07T00:00:00Z
2026-10-05T21:34:23.855617Z,refresh,18703,1761219,55,5,1,0,1791331200,2026-10-07T00:00:00Z
2026-10-05T21:34:23.855617Z,refresh,18721,1761236,10,2,1,0,1791331200,2026-10-07T00:00:00Z
2026-10-05T21:34:23.855617Z,refresh,18722,1761237,55,12,1,0,1791331200,2026-10-07T00:00:00Z
2026-10-05T21:34:23.855617Z,refresh,18723,1761238,5,1,1,0,1791331200,2026-10-07T00:00:00Z
2026-10-05T21:34:23.855617Z,refresh,18724,1761239,5,1,1,0,1791331200,2026-10-07T00:00:00Z
2026-10-05T21:34:23.855617Z,refresh,18725,1761240,5,1,1,0,1791331200,2026-10-07T00:00:00Z
2026-10-05T21:34:23.855617Z,refresh,18726,1761241,5,1,1,0,1791331200,2026-10-07T00:00:00Z
2026-10-05T21:34:23.855617Z,refresh,18727,1761242,5,1,1,0,1791331200,2026-10-07T00:00:00Z
2026-10-05T21:34:23.855617Z,refresh,18728,1761243,5,1,1,0,1791331200,2026-10-07T00:00:00Z
2026-10-05T21:34:23.855617Z,refresh,18729,1761244,5,1,1,0,1791331200,2026-10-07T00:00:00Z
2026-10-05T21:34:23.855617Z,refresh,18730,1761245,5,1,1,0,1791331200,2026-10-07T00:00:00Z
2026-10-05T21:34:23.855617Z,refresh,18731,1761246,5,0,1,0,1791331200,2026-10-07T00:00:00Z
2026-10-05T21:34:23.855617Z,refresh,18732,1761310,5,1,1,0,1791331200,2026-10-07T00:00:00Z
2026-10-05T21:34:23.855617Z,refresh,18733,1761311,10,2,1,0,1791331200,2026-10-07T00:00:00Z
2026-10-05T21:34:23.855617Z,refresh,18734,1761312,10,2,1,0,1791331200,2026-10-07T00:00:00Z
2026-10-05T21:34:23.855617Z,refresh,18735,1761313,50,7,1,0,1791331200,2026-10-07T00:00:00Z
2026-10-05T21:34:23.855617Z,refresh,17125,1779931,45,10,1,0,1791333000,2026-10-07T00:30:00Z
2026-10-05T22:24:23.369843Z,refresh,10000,1761139,105,2,1,0,1791324000,2026-10-06T22:00:00Z
2026-10-05T22:24:23.369843Z,refresh,10001,1761140,100,0,1,0,1791324000,2026-10-06T22:00:00Z
2026-10-05T22:24:23.369843Z,refresh,10002,1761141,100,0,1,0,1791324000,2026-10-06T22:00:00Z
2026-10-05T22:24:23.369843Z,refresh,10003,1761142,100,1,1,0,1791324000,2026-10-06T22:00:00Z
2026-10-05T22:24:23.369843Z,refresh,10004,1761143,1525,8,1,0,1791324000,2026-10-06T22:00:00Z
2026-10-05T22:24:23.369843Z,refresh,10005,1761144,3050,19,1,0,1791324000,2026-10-06T22:00:00Z
2026-10-05T22:24:23.369843Z,refresh,10006,1761145,115,4,1,0,1791324000,2026-10-06T22:00:00Z
2026-10-05T22:24:23.369843Z,refresh,10007,1761146,105,2,1,0,1791324000,2026-10-06T22:00:00Z
2026-10-05T22:24:23.369843Z,refresh,10008,1761147,9050,37,1,0,1791324000,2026-10-06T22:00:00Z
2026-10-05T22:24:23.369843Z,refresh,10009,1761148,25600,31,1,0,1791324000,2026-10-06T22:00:00Z
2026-10-05T22:24:23.369843Z,refresh,10010,1761149,8100,106,1,0,1791324000,2026-10-06T22:00:00Z
2026-10-05T22:24:23.369843Z,refresh,10011,1761150,18800,178,1,0,1791324000,2026-10-06T22:00:00Z
2026-10-05T22:24:23.369843Z,refresh,10012,1761151,19450,52,1,0,1791324000,2026-10-06T22:00:00Z
2026-10-05T22:24:23.369843Z,refresh,10013,1761152,50000,95,1,0,1791324000,2026-10-06T22:00:00Z
2026-10-05T22:24:23.369843Z,refresh,10014,1761153,21650,47,1,0,1791324000,2026-10-06T22:00:00Z
2026-10-05T22:24:23.369843Z,refresh,10015,1761154,20900,35,1,0,1791324000,2026-10-06T22:00:00Z
2026-10-05T22:24:23.369843Z,refresh,10016,1761155,14600,26,1,0,1791324000,2026-10-06T22:00:00Z
2026-10-05T22:24:23.369843Z,refresh,10017,1761156,42750,57,1,0,1791324000,2026-10-06T22:00:00Z
2026-10-05T22:24:23.369843Z,refresh,10018,1761157,1250,5,1,0,1791324000,2026-10-06T22:00:00Z
2026-10-05T22:24:23.369843Z,refresh,10019,1761158,130,7,1,0,1791324000,2026-10-06T22:00:00Z
2026-10-05T22:24:23.369843Z,refresh,10050,1761119,2000,15,1,0,1791325800,2026-10-06T22:30:00Z
2026-10-05T22:24:23.369843Z,refresh,10051,1761120,705,3,1,0,1791325800,2026-10-06T22:30:00Z
2026-10-05T22:24:23.369843Z,refresh,10052,1761121,345,9,1,0,1791325800,2026-10-06T22:30:00Z
2026-10-05T22:24:23.369843Z,refresh,10053,1761122,2050,16,1,0,1791325800,2026-10-06T22:30:00Z
2026-10-05T22:24:23.369843Z,refresh,10054,1761123,725,13,1,0,1791325800,2026-10-06T22:30:00Z
2026-10-05T22:24:23.369843Z,refresh,10055,1761124,100,1,1,0,1791325800,2026-10-06T22:30:00Z
2026-10-05T22:24:23.369843Z,refresh,10056,1761125,120,5,1,0,1791325800,2026-10-06T22:30:00Z
2026-10-05T22:24:23.369843Z,refresh,10057,1761126,305,3,1,0,1791325800,2026-10-06T22:30:00Z
2026-10-05T22:24:23.369843Z,refresh,10058,1761127,505,3,1,0,1791325800,2026-10-06T22:30:00Z
2026-10-05T22:24:23.369843Z,refresh,10059,1761128,1025,14,1,0,1791325800,2026-10-06T22:30:00Z
2026-10-05T22:24:23.369843Z,refresh,10060,1761129,7800,63,1,0,1791325800,2026-10-06T22:30:00Z
2026-10-05T22:24:23.369843Z,refresh,10061,1761130,100,1,1,0,1791325800,2026-10-06T22:30:00Z
2026-10-05T22:24:23.369843Z,refresh,10062,1761131,6150,136,1,0,1791325800,2026-10-06T22:30:00Z
2026-10-05T22:24:23.369843Z,refresh,10063,1761132,700,9,1,0,1791325800,2026-10-06T22:30:00Z
2026-10-05T22:24:23.369843Z,refresh,10064,1761133,675,17,1,0,1791325800,2026-10-06T22:30:00Z
2026-10-05T22:24:23.369843Z,refresh,10065,1761134,505,11,1,0,1791325800,2026-10-06T22:30:00Z
2026-10-05T22:24:23.369843Z,refresh,10066,1761135,1005,3,1,0,1791325800,2026-10-06T22:30:00Z
2026-10-05T22:24:23.369843Z,refresh,10067,1761136,1005,3,1,0,1791325800,2026-10-06T22:30:00Z
2026-10-05T22:24:23.369843Z,refresh,10068,1761137,1005,3,1,0,1791325800,2026-10-06T22:30:00Z
2026-10-05T22:24:23.369843Z,refresh,10069,1761138,100,1,1,0,1791325800,2026-10-06T22:30:00Z
2026-10-05T22:24:23.369843Z,refresh,17100,1761063,100,1,1,0,1791327600,2026-10-06T23:00:00Z
2026-10-05T22:24:23.369843Z,refresh,17101,1761064,100,1,1,0,1791327600,2026-10-06T23:00:00Z
2026-10-05T22:24:23.369843Z,refresh,17102,1761065,100,0,1,0,1791327600,2026-10-06T23:00:00Z
2026-10-05T22:24:23.369843Z,refresh,17103,1761066,100,0,1,0,1791327600,2026-10-06T23:00:00Z
2026-10-05T22:24:23.369843Z,refresh,17104,1761067,100,0,1,0,1791327600,2026-10-06T23:00:00Z
2026-10-05T22:24:23.369843Z,refresh,17105,1761068,100,0,1,0,1791327600,2026-10-06T23:00:00Z
2026-10-05T22:24:23.369843Z,refresh,17106,1761069,100,0,1,0,1791327600,2026-10-06T23:00:00Z
2026-10-05T22:24:23.369843Z,refresh,17107,1761070,100,0,1,0,1791327600,2026-10-06T23:00:00Z
2026-10-05T22:24:23.369843Z,refresh,17108,1761071,100,1,1,0,1791327600,2026-10-06T23:00:00Z
2026-10-05T22:24:23.369843Z,refresh,17109,1761072,100,0,1,0,1791327600,2026-10-06T23:00:00Z
2026-10-05T22:24:23.369843Z,refresh,17110,1761073,100,0,1,0,1791327600,2026-10-06T23:00:00Z
2026-10-05T22:24:23.369843Z,refresh,17111,1761074,100,0,1,0,1791327600,2026-10-06T23:00:00Z
2026-10-05T22:24:23.369843Z,refresh,17112,1761075,100,0,1,0,1791327600,2026-10-06T23:00:00Z
2026-10-05T22:24:23.369843Z,refresh,17113,1761076,100,0,1,0,1791327600,2026-10-06T23:00:00Z
2026-10-05T22:24:23.369843Z,refresh,17114,1761077,100,0,1,0,1791327600,2026-10-06T23:00:00Z
2026-10-05T22:24:23.369843Z,refresh,17115,1761078,100,1,1,0,1791327600,2026-10-06T23:00:00Z
2026-10-05T22:24:23.369843Z,refresh,17116,1761079,100,0,1,0,1791327600,2026-10-06T23:00:00Z
2026-10-05T22:24:23.369843Z,refresh,17117,1761080,100,0,1,0,1791327600,2026-10-06T23:00:00Z
2026-10-05T22:24:23.369843Z,refresh,17118,1761081,100,1,1,0,1791327600,2026-10-06T23:00:00Z
2026-10-05T22:24:23.369843Z,refresh,17119,1761082,100,0,1,0,1791327600,2026-10-06T23:00:00Z
2026-10-05T22:24:23.369843Z,refresh,17120,1761083,100,0,1,0,1791327600,2026-10-06T23:00:00Z
2026-10-05T22:24:23.369843Z,refresh,17121,1761084,100,0,1,0,1791327600,2026-10-06T23:00:00Z
2026-10-05T22:24:23.369843Z,refresh,17122,1761085,100,0,1,0,1791327600,2026-10-06T23:00:00Z
2026-10-05T22:24:23.369843Z,refresh,10020,1761159,15050,109,1,0,1791329400,2026-10-06T23:30:00Z
2026-10-05T22:24:23.369843Z,refresh,10021,1761160,5,1,1,0,1791329400,2026-10-06T23:30:00Z
2026-10-05T22:24:23.369843Z,refresh,10022,1761161,130,7,1,0,1791329400,2026-10-06T23:30:00Z
2026-10-05T22:24:23.369843Z,refresh,10023,1761162,550,47,1,0,1791329400,2026-10-06T23:30:00Z
2026-10-05T22:24:23.369843Z,refresh,10024,1761163,5,1,1,0,1791329400,2026-10-06T23:30:00Z
2026-10-05T22:24:23.369843Z,refresh,10025,1761164,5,0,1,0,1791329400,2026-10-06T23:30:00Z
2026-10-05T22:24:23.369843Z,refresh,17850,1761247,5,0,1,0,1791329400,2026-10-06T23:30:00Z
2026-10-05T22:24:23.369843Z,refresh,17851,1761248,5,1,1,0,1791329400,2026-10-06T23:30:00Z
2026-10-05T22:24:23.369843Z,refresh,17852,1761249,360,12,1,0,1791329400,2026-10-06T23:30:00Z
2026-10-05T22:24:23.369843Z,refresh,17853,1761250,1350,46,1,0,1791329400,2026-10-06T23:30:00Z
2026-10-05T22:24:23.369843Z,refresh,17854,1761251,155,10,1,0,1791329400,2026-10-06T23:30:00Z
2026-10-05T22:24:23.369843Z,refresh,17855,1761252,5,1,1,0,1791329400,2026-10-06T23:30:00Z
2026-10-05T22:24:23.369843Z,refresh,17856,1761253,105,5,1,0,1791329400,2026-10-06T23:30:00Z
2026-10-05T22:24:23.369843Z,refresh,17857,1761254,5,1,1,0,1791329400,2026-10-06T23:30:00Z
2026-10-05T22:24:23.369843Z,refresh,17858,1761255,10,2,1,0,1791329400,2026-10-06T23:30:00Z
2026-10-05T22:24:23.369843Z,refresh,17859,1761256,5,1,1,0,1791329400,2026-10-06T23:30:00Z
2026-10-05T22:24:23.369843Z,refresh,17860,1761257,5,1,1,0,1791329400,2026-10-06T23:30:00Z
2026-10-05T22:24:23.369843Z,refresh,17861,1761258,5,1,1,0,1791329400,2026-10-06T23:30:00Z
2026-10-05T22:24:23.369843Z,refresh,17862,1761259,5,1,1,0,1791329400,2026-10-06T23:30:00Z
2026-10-05T22:24:23.369843Z,refresh,17863,1761260,5,1,1,0,1791329400,2026-10-06T23:30:00Z
2026-10-05T22:24:23.369843Z,refresh,17864,1761262,5,1,1,0,1791329400,2026-10-06T23:30:00Z
2026-10-05T22:24:23.369843Z,refresh,17865,1761263,15,3,1,0,1791329400,2026-10-06T23:30:00Z
2026-10-05T22:24:23.369843Z,refresh,17909,1761086,5,0,1,0,1791329400,2026-10-06T23:30:00Z
2026-10-05T22:24:23.369843Z,refresh,17911,1761088,5,0,1,0,1791329400,2026-10-06T23:30:00Z
2026-10-05T22:24:23.369843Z,refresh,17912,1761089,5,0,1,0,1791329400,2026-10-06T23:30:00Z
2026-10-05T22:24:23.369843Z,refresh,17913,1761090,5,0,1,0,1791329400,2026-10-06T23:30:00Z
2026-10-05T22:24:23.369843Z,refresh,17914,1761091,5,0,1,0,1791329400,2026-10-06T23:30:00Z
2026-10-05T22:24:23.369843Z,refresh,17915,1761092,5,0,1,0,1791329400,2026-10-06T23:30:00Z
2026-10-05T22:24:23.369843Z,refresh,17916,1761093,5,0,1,0,1791329400,2026-10-06T23:30:00Z
2026-10-05T22:24:23.369843Z,refresh,17917,1761094,5,1,1,0,1791329400,2026-10-06T23:30:00Z
2026-10-05T22:24:23.369843Z,refresh,17918,1761095,5,0,1,0,1791329400,2026-10-06T23:30:00Z
2026-10-05T22:24:23.369843Z,refresh,17919,1761096,5,0,1,0,1791329400,2026-10-06T23:30:00Z
2026-10-05T22:24:23.369843Z,refresh,17920,1761097,5,1,1,0,1791329400,2026-10-06T23:30:00Z
2026-10-05T22:24:23.369843Z,refresh,17921,1761098,5,1,1,0,1791329400,2026-10-06T23:30:00Z
2026-10-05T22:24:23.369843Z,refresh,17922,1761099,5,0,1,0,1791329400,2026-10-06T23:30:00Z
2026-10-05T22:24:23.369843Z,refresh,17923,1761100,5,0,1,0,1791329400,2026-10-06T23:30:00Z
2026-10-05T22:24:23.369843Z,refresh,17924,1761101,10,2,1,0,1791329400,2026-10-06T23:30:00Z
2026-10-05T22:24:23.369843Z,refresh,17925,1761102,5,1,1,0,1791329400,2026-10-06T23:30:00Z
2026-10-05T22:24:23.369843Z,refresh,17926,1761103,5,1,1,0,1791329400,2026-10-06T23:30:00Z
2026-10-05T22:24:23.369843Z,refresh,17927,1761104,105,5,1,0,1791329400,2026-10-06T23:30:00Z
2026-10-05T22:24:23.369843Z,refresh,17928,1761105,5,1,1,0,1791329400,2026-10-06T23:30:00Z
2026-10-05T22:24:23.369843Z,refresh,17929,1761106,5,1,1,0,1791329400,2026-10-06T23:30:00Z
2026-10-05T22:24:23.369843Z,refresh,17930,1761107,5,1,1,0,1791329400,2026-10-06T23:30:00Z
2026-10-05T22:24:23.369843Z,refresh,17931,1761108,15,4,1,0,1791329400,2026-10-06T23:30:00Z
2026-10-05T22:24:23.369843Z,refresh,17932,1761109,5,1,1,0,1791329400,2026-10-06T23:30:00Z
2026-10-05T22:24:23.369843Z,refresh,17933,1761110,5,0,1,0,1791329400,2026-10-06T23:30:00Z
2026-10-05T22:24:23.369843Z,refresh,17934,1761111,5,0,1,0,1791329400,2026-10-06T23:30:00Z
2026-10-05T22:24:23.369843Z,refresh,17935,1761112,5,0,1,0,1791329400,2026-10-06T23:30:00Z
2026-10-05T22:24:23.369843Z,refresh,17936,1761113,5,0,1,0,1791329400,2026-10-06T23:30:00Z
2026-10-05T22:24:23.369843Z,refresh,17937,1761114,5,1,1,0,1791329400,2026-10-06T23:30:00Z
2026-10-05T22:24:23.369843Z,refresh,17938,1761115,5,1,1,0,1791329400,2026-10-06T23:30:00Z
2026-10-05T22:24:23.369843Z,refresh,17939,1761116,5,1,1,0,1791329400,2026-10-06T23:30:00Z
2026-10-05T22:24:23.369843Z,refresh,17940,1761117,5,1,1,0,1791329400,2026-10-06T23:30:00Z
2026-10-05T22:24:23.369843Z,refresh,17941,1761118,360,12,1,0,1791329400,2026-10-06T23:30:00Z
2026-10-05T22:24:23.369843Z,refresh,18650,1761165,5,1,1,0,1791329400,2026-10-06T23:30:00Z
2026-10-05T22:24:23.369843Z,refresh,18651,1761166,5,1,1,0,1791329400,2026-10-06T23:30:00Z
2026-10-05T22:24:23.369843Z,refresh,18652,1761167,5,1,1,0,1791329400,2026-10-06T23:30:00Z
2026-10-05T22:24:23.369843Z,refresh,18653,1761168,5,1,1,0,1791329400,2026-10-06T23:30:00Z
2026-10-05T22:24:23.369843Z,refresh,18654,1761169,5,1,1,0,1791329400,2026-10-06T23:30:00Z
2026-10-05T22:24:23.369843Z,refresh,18655,1761170,5,1,1,0,1791329400,2026-10-06T23:30:00Z
2026-10-05T22:24:23.369843Z,refresh,18656,1761171,5,1,1,0,1791329400,2026-10-06T23:30:00Z
2026-10-05T22:24:23.369843Z,refresh,18657,1761172,5,1,1,0,1791329400,2026-10-06T23:30:00Z
2026-10-05T22:24:23.369843Z,refresh,18658,1761173,5,1,1,0,1791329400,2026-10-06T23:30:00Z
2026-10-05T22:24:23.369843Z,refresh,18659,1761174,5,1,1,0,1791329400,2026-10-06T23:30:00Z
2026-10-05T22:24:23.369843Z,refresh,18660,1761175,275,53,1,0,1791329400,2026-10-06T23:30:00Z
2026-10-05T22:24:23.369843Z,refresh,18661,1761176,25,6,1,0,1791329400,2026-10-06T23:30:00Z
2026-10-05T22:24:23.369843Z,refresh,18662,1761177,5,1,1,0,1791329400,2026-10-06T23:30:00Z
2026-10-05T22:24:23.369843Z,refresh,18663,1761178,5,1,1,0,1791329400,2026-10-06T23:30:00Z
2026-10-05T22:24:23.369843Z,refresh,18664,1761179,205,19,1,0,1791329400,2026-10-06T23:30:00Z
2026-10-05T22:24:23.369843Z,refresh,18665,1761180,205,33,1,0,1791329400,2026-10-06T23:30:00Z
2026-10-05T22:24:23.369843Z,refresh,18666,1761181,34,5,1,0,1791329400,2026-10-06T23:30:00Z
2026-10-05T22:24:23.369843Z,refresh,18667,1761182,5,0,1,0,1791329400,2026-10-06T23:30:00Z
2026-10-05T22:24:23.369843Z,refresh,18668,1761183,5,0,1,0,1791329400,2026-10-06T23:30:00Z
2026-10-05T22:24:23.369843Z,refresh,18669,1761184,55,10,1,0,1791329400,2026-10-06T23:30:00Z
2026-10-05T22:24:23.369843Z,refresh,18670,1761185,5,1,1,0,1791329400,2026-10-06T23:30:00Z
2026-10-05T22:24:23.369843Z,refresh,18671,1761186,105,21,1,0,1791329400,2026-10-06T23:30:00Z
2026-10-05T22:24:23.369843Z,refresh,18672,1761187,105,22,1,0,1791329400,2026-10-06T23:30:00Z
2026-10-05T22:24:23.369843Z,refresh,18673,1761188,24,5,1,0,1791329400,2026-10-06T23:30:00Z
2026-10-05T22:24:23.369843Z,refresh,18674,1761189,5,1,1,0,1791329400,2026-10-06T23:30:00Z
2026-10-05T22:24:23.369843Z,refresh,18675,1761190,55,12,1,0,1791329400,2026-10-06T23:30:00Z
2026-10-05T22:24:23.369843Z,refresh,18676,1761191,5,1,1,0,1791329400,2026-10-06T23:30:00Z
2026-10-05T22:24:23.369843Z,refresh,18677,1761192,35,8,1,0,1791329400,2026-10-06T23:30:00Z
2026-10-05T22:24:23.369843Z,refresh,18678,1761194,20,5,1,0,1791329400,2026-10-06T23:30:00Z
2026-10-05T22:24:23.369843Z,refresh,18679,1761195,5,1,1,0,1791329400,2026-10-06T23:30:00Z
2026-10-05T22:24:23.369843Z,refresh,18680,1761196,55,12,1,0,1791329400,2026-10-06T23:30:00Z
2026-10-05T22:24:23.369843Z,refresh,18681,1761197,70,11,1,0,1791329400,2026-10-06T23:30:00Z
2026-10-05T22:24:23.369843Z,refresh,18682,1761198,10,2,1,0,1791329400,2026-10-06T23:30:00Z
2026-10-05T22:24:23.369843Z,refresh,18683,1761199,5,1,1,0,1791329400,2026-10-06T23:30:00Z
2026-10-05T22:24:23.369843Z,refresh,18705,1761220,5,0,1,0,1791329400,2026-10-06T23:30:00Z
2026-10-05T22:24:23.369843Z,refresh,18706,1761221,5,0,1,0,1791329400,2026-10-06T23:30:00Z
2026-10-05T22:24:23.369843Z,refresh,18707,1761222,10,2,1,0,1791329400,2026-10-06T23:30:00Z
2026-10-05T22:24:23.369843Z,refresh,18708,1761223,45,6,1,0,1791329400,2026-10-06T23:30:00Z
2026-10-05T22:24:23.369843Z,refresh,18709,1761224,5,0,1,0,1791329400,2026-10-06T23:30:00Z
2026-10-05T22:24:23.369843Z,refresh,18710,1761225,5,0,1,0,1791329400,2026-10-06T23:30:00Z
2026-10-05T22:24:23.369843Z,refresh,18711,1761226,5,0,1,0,1791329400,2026-10-06T23:30:00Z
2026-10-05T22:24:23.369843Z,refresh,18712,1761227,5,0,1,0,1791329400,2026-10-06T23:30:00Z
2026-10-05T22:24:23.369843Z,refresh,18713,1761228,5,1,1,0,1791329400,2026-10-06T23:30:00Z
2026-10-05T22:24:23.369843Z,refresh,18714,1761229,5,1,1,0,1791329400,2026-10-06T23:30:00Z
2026-10-05T22:24:23.369843Z,refresh,18715,1761230,5,0,1,0,1791329400,2026-10-06T23:30:00Z
2026-10-05T22:24:23.369843Z,refresh,18716,1761231,155,5,1,0,1791329400,2026-10-06T23:30:00Z
2026-10-05T22:24:23.369843Z,refresh,18717,1761232,205,6,1,0,1791329400,2026-10-06T23:30:00Z
2026-10-05T22:24:23.369843Z,refresh,18718,1761233,105,22,1,0,1791329400,2026-10-06T23:30:00Z
2026-10-05T22:24:23.369843Z,refresh,18719,1761234,5,0,1,0,1791329400,2026-10-06T23:30:00Z
2026-10-05T22:24:23.369843Z,refresh,18720,1761235,5,0,1,0,1791329400,2026-10-06T23:30:00Z
2026-10-05T22:24:23.369843Z,refresh,17866,1761264,5,1,1,0,1791331200,2026-10-07T00:00:00Z
2026-10-05T22:24:23.369843Z,refresh,17867,1761265,10,2,1,0,1791331200,2026-10-07T00:00:00Z
2026-10-05T22:24:23.369843Z,refresh,17868,1761266,5,0,1,0,1791331200,2026-10-07T00:00:00Z
2026-10-05T22:24:23.369843Z,refresh,17869,1761268,10,2,1,0,1791331200,2026-10-07T00:00:00Z
2026-10-05T22:24:23.369843Z,refresh,17870,1761269,5,1,1,0,1791331200,2026-10-07T00:00:00Z
2026-10-05T22:24:23.369843Z,refresh,17871,1761270,5,1,1,0,1791331200,2026-10-07T00:00:00Z
2026-10-05T22:24:23.369843Z,refresh,17872,1761271,5,0,1,0,1791331200,2026-10-07T00:00:00Z
2026-10-05T22:24:23.369843Z,refresh,17873,1761272,10,2,1,0,1791331200,2026-10-07T00:00:00Z
2026-10-05T22:24:23.369843Z,refresh,17874,1761273,5,0,1,0,1791331200,2026-10-07T00:00:00Z
2026-10-05T22:24:23.369843Z,refresh,17875,1761274,105,13,1,0,1791331200,2026-10-07T00:00:00Z
2026-10-05T22:24:23.369843Z,refresh,17876,1761275,5,1,1,0,1791331200,2026-10-07T00:00:00Z
2026-10-05T22:24:23.369843Z,refresh,17877,1761276,5,1,1,0,1791331200,2026-10-07T00:00:00Z
2026-10-05T22:24:23.369843Z,refresh,17878,1761277,5,1,1,0,1791331200,2026-10-07T00:00:00Z
2026-10-05T22:24:23.369843Z,refresh,17879,1761278,5,1,1,0,1791331200,2026-10-07T00:00:00Z
2026-10-05T22:24:23.369843Z,refresh,17880,1761279,155,5,1,0,1791331200,2026-10-07T00:00:00Z
2026-10-05T22:24:23.369843Z,refresh,17881,1761280,10,2,1,0,1791331200,2026-10-07T00:00:00Z
2026-10-05T22:24:23.369843Z,refresh,17882,1761281,10,2,1,0,1791331200,2026-10-07T00:00:00Z
2026-10-05T22:24:23.369843Z,refresh,17883,1761282,34,7,1,0,1791331200,2026-10-07T00:00:00Z
2026-10-05T22:24:23.369843Z,refresh,17884,1761283,5,1,1,0,1791331200,2026-10-07T00:00:00Z
2026-10-05T22:24:23.369843Z,refresh,17885,1761284,5,1,1,0,1791331200,2026-10-07T00:00:00Z
2026-10-05T22:24:23.369843Z,refresh,17886,1761285,5,1,1,0,1791331200,2026-10-07T00:00:00Z
2026-10-05T22:24:23.369843Z,refresh,17887,1761286,5,1,1,0,1791331200,2026-10-07T00:00:00Z
2026-10-05T22:24:23.369843Z,refresh,17888,1761287,5,0,1,0,1791331200,2026-10-07T00:00:00Z
2026-10-05T22:24:23.369843Z,refresh,17889,1761288,105,12,1,0,1791331200,2026-10-07T00:00:00Z
2026-10-05T22:24:23.369843Z,refresh,17890,1761289,10,2,1,0,1791331200,2026-10-07T00:00:00Z
2026-10-05T22:24:23.369843Z,refresh,17891,1761291,510,48,1,0,1791331200,2026-10-07T00:00:00Z
2026-10-05T22:24:23.369843Z,refresh,17892,1761292,255,52,1,0,1791331200,2026-10-07T00:00:00Z
2026-10-05T22:24:23.369843Z,refresh,17893,1761293,5,1,1,0,1791331200,2026-10-07T00:00:00Z
2026-10-05T22:24:23.369843Z,refresh,17894,1761294,10,2,1,0,1791331200,2026-10-07T00:00:00Z
2026-10-05T22:24:23.369843Z,refresh,17895,1761295,114,24,1,0,1791331200,2026-10-07T00:00:00Z
2026-10-05T22:24:23.369843Z,refresh,17896,1761296,10,2,1,0,1791331200,2026-10-07T00:00:00Z
2026-10-05T22:24:23.369843Z,refresh,17897,1761297,55,12,1,0,1791331200,2026-10-07T00:00:00Z
2026-10-05T22:24:23.369843Z,refresh,17898,1761298,5,1,1,0,1791331200,2026-10-07T00:00:00Z
2026-10-05T22:24:23.369843Z,refresh,17899,1761299,10,2,1,0,1791331200,2026-10-07T00:00:00Z
2026-10-05T22:24:23.369843Z,refresh,17900,1761300,5,1,1,0,1791331200,2026-10-07T00:00:00Z
2026-10-05T22:24:23.369843Z,refresh,17901,1761301,31,7,1,0,1791331200,2026-10-07T00:00:00Z
2026-10-05T22:24:23.369843Z,refresh,17902,1761303,5,0,1,0,1791331200,2026-10-07T00:00:00Z
2026-10-05T22:24:23.369843Z,refresh,17903,1761304,370,53,1,0,1791331200,2026-10-07T00:00:00Z
2026-10-05T22:24:23.369843Z,refresh,17904,1761305,15,3,1,0,1791331200,2026-10-07T00:00:00Z
2026-10-05T22:24:23.369843Z,refresh,17905,1761306,25,6,1,0,1791331200,2026-10-07T00:00:00Z
2026-10-05T22:24:23.369843Z,refresh,17906,1761307,105,16,1,0,1791331200,2026-10-07T00:00:00Z
2026-10-05T22:24:23.369843Z,refresh,17907,1761308,105,4,1,0,1791331200,2026-10-07T00:00:00Z
2026-10-05T22:24:23.369843Z,refresh,17908,1761309,5,1,1,0,1791331200,2026-10-07T00:00:00Z
2026-10-05T22:24:23.369843Z,refresh,17910,1761314,5,1,1,0,1791331200,2026-10-07T00:00:00Z
2026-10-05T22:24:23.369843Z,refresh,18684,1761200,5,0,1,0,1791331200,2026-10-07T00:00:00Z
2026-10-05T22:24:23.369843Z,refresh,18685,1761201,5,1,1,0,1791331200,2026-10-07T00:00:00Z
2026-10-05T22:24:23.369843Z,refresh,18686,1761202,5,1,1,0,1791331200,2026-10-07T00:00:00Z
2026-10-05T22:24:23.369843Z,refresh,18687,1761203,5,1,1,0,1791331200,2026-10-07T00:00:00Z
2026-10-05T22:24:23.369843Z,refresh,18688,1761204,5,1,1,0,1791331200,2026-10-07T00:00:00Z
2026-10-05T22:24:23.369843Z,refresh,18689,1761205,55,12,1,0,1791331200,2026-10-07T00:00:00Z
2026-10-05T22:24:23.369843Z,refresh,18690,1761206,105,22,1,0,1791331200,2026-10-07T00:00:00Z
2026-10-05T22:24:23.369843Z,refresh,18691,1761207,5,1,1,0,1791331200,2026-10-07T00:00:00Z
2026-10-05T22:24:23.369843Z,refresh,18692,1761208,5,1,1,0,1791331200,2026-10-07T00:00:00Z
2026-10-05T22:24:23.369843Z,refresh,18693,1761209,5,1,1,0,1791331200,2026-10-07T00:00:00Z
2026-10-05T22:24:23.369843Z,refresh,18694,1761210,5,0,1,0,1791331200,2026-10-07T00:00:00Z
2026-10-05T22:24:23.369843Z,refresh,18695,1761211,5,0,1,0,1791331200,2026-10-07T00:00:00Z
2026-10-05T22:24:23.369843Z,refresh,18696,1761212,5,0,1,0,1791331200,2026-10-07T00:00:00Z
2026-10-05T22:24:23.369843Z,refresh,18697,1761213,5,0,1,0,1791331200,2026-10-07T00:00:00Z
2026-10-05T22:24:23.369843Z,refresh,18698,1761214,5,0,1,0,1791331200,2026-10-07T00:00:00Z
2026-10-05T22:24:23.369843Z,refresh,18699,1761215,5,0,1,0,1791331200,2026-10-07T00:00:00Z
2026-10-05T22:24:23.369843Z,refresh,18700,1761216,5,1,1,0,1791331200,2026-10-07T00:00:00Z
2026-10-05T22:24:23.369843Z,refresh,18701,1761217,310,18,1,0,1791331200,2026-10-07T00:00:00Z
2026-10-05T22:24:23.369843Z,refresh,18702,1761218,460,48,1,0,1791331200,2026-10-07T00:00:00Z
2026-10-05T22:24:23.369843Z,refresh,18703,1761219,55,5,1,0,1791331200,2026-10-07T00:00:00Z
2026-10-05T22:24:23.369843Z,refresh,18721,1761236,10,2,1,0,1791331200,2026-10-07T00:00:00Z
2026-10-05T22:24:23.369843Z,refresh,18722,1761237,55,12,1,0,1791331200,2026-10-07T00:00:00Z
2026-10-05T22:24:23.369843Z,refresh,18723,1761238,5,1,1,0,1791331200,2026-10-07T00:00:00Z
2026-10-05T22:24:23.369843Z,refresh,18724,1761239,5,1,1,0,1791331200,2026-10-07T00:00:00Z
2026-10-05T22:24:23.369843Z,refresh,18725,1761240,5,1,1,0,1791331200,2026-10-07T00:00:00Z
2026-10-05T22:24:23.369843Z,refresh,18726,1761241,5,1,1,0,1791331200,2026-10-07T00:00:00Z
2026-10-05T22:24:23.369843Z,refresh,18727,1761242,5,1,1,0,1791331200,2026-10-07T00:00:00Z
2026-10-05T22:24:23.369843Z,refresh,18728,1761243,5,1,1,0,1791331200,2026-10-07T00:00:00Z
2026-10-05T22:24:23.369843Z,refresh,18729,1761244,5,1,1,0,1791331200,2026-10-07T00:00:00Z
2026-10-05T22:24:23.369843Z,refresh,18730,1761245,5,1,1,0,1791331200,2026-10-07T00:00:00Z
2026-10-05T22:24:23.369843Z,refresh,18731,1761246,5,0,1,0,1791331200,2026-10-07T00:00:00Z
2026-10-05T22:24:23.369843Z,refresh,18732,1761310,5,1,1,0,1791331200,2026-10-07T00:00:00Z
2026-10-05T22:24:23.369843Z,refresh,18733,1761311,10,2,1,0,1791331200,2026-10-07T00:00:00Z
2026-10-05T22:24:23.369843Z,refresh,18734,1761312,10,2,1,0,1791331200,2026-10-07T00:00:00Z
2026-10-05T22:24:23.369843Z,refresh,18735,1761313,50,7,1,0,1791331200,2026-10-07T00:00:00Z
2026-10-05T22:24:23.369843Z,refresh,17125,1779931,45,10,1,0,1791333000,2026-10-07T00:30:00Z
2026-10-05T23:22:30.578676Z,refresh,10000,1761139,105,2,1,0,1791324000,2026-10-06T22:00:00Z
2026-10-05T23:22:30.578676Z,refresh,10001,1761140,100,0,1,0,1791324000,2026-10-06T22:00:00Z
2026-10-05T23:22:30.578676Z,refresh,10002,1761141,100,1,1,0,1791324000,2026-10-06T22:00:00Z
2026-10-05T23:22:30.578676Z,refresh,10003,1761142,140,9,1,0,1791324000,2026-10-06T22:00:00Z
2026-10-05T23:22:30.578676Z,refresh,10004,1761143,1525,8,1,0,1791324000,2026-10-06T22:00:00Z
2026-10-05T23:22:30.578676Z,refresh,10005,1761144,3050,19,1,0,1791324000,2026-10-06T22:00:00Z
2026-10-05T23:22:30.578676Z,refresh,10006,1761145,115,4,1,0,1791324000,2026-10-06T22:00:00Z
2026-10-05T23:22:30.578676Z,refresh,10007,1761146,105,2,1,0,1791324000,2026-10-06T22:00:00Z
2026-10-05T23:22:30.578676Z,refresh,10008,1761147,9050,37,1,0,1791324000,2026-10-06T22:00:00Z
2026-10-05T23:22:30.578676Z,refresh,10009,1761148,25600,31,1,0,1791324000,2026-10-06T22:00:00Z
2026-10-05T23:22:30.578676Z,refresh,10010,1761149,8100,106,1,0,1791324000,2026-10-06T22:00:00Z
2026-10-05T23:22:30.578676Z,refresh,10011,1761150,18800,178,1,0,1791324000,2026-10-06T22:00:00Z
2026-10-05T23:22:30.578676Z,refresh,10012,1761151,19450,52,1,0,1791324000,2026-10-06T22:00:00Z
2026-10-05T23:22:30.578676Z,refresh,10013,1761152,50000,95,1,0,1791324000,2026-10-06T22:00:00Z
2026-10-05T23:22:30.578676Z,refresh,10014,1761153,21650,47,1,0,1791324000,2026-10-06T22:00:00Z
2026-10-05T23:22:30.578676Z,refresh,10015,1761154,20900,35,1,0,1791324000,2026-10-06T22:00:00Z
2026-10-05T23:22:30.578676Z,refresh,10016,1761155,14600,26,1,0,1791324000,2026-10-06T22:00:00Z
2026-10-05T23:22:30.578676Z,refresh,10017,1761156,42750,57,1,0,1791324000,2026-10-06T22:00:00Z
2026-10-05T23:22:30.578676Z,refresh,10018,1761157,1250,5,1,0,1791324000,2026-10-06T22:00:00Z
2026-10-05T23:22:30.578676Z,refresh,10019,1761158,130,7,1,0,1791324000,2026-10-06T22:00:00Z
2026-10-05T23:22:30.578676Z,refresh,10050,1761119,2000,15,1,0,1791325800,2026-10-06T22:30:00Z
2026-10-05T23:22:30.578676Z,refresh,10051,1761120,705,3,1,0,1791325800,2026-10-06T22:30:00Z
2026-10-05T23:22:30.578676Z,refresh,10052,1761121,345,9,1,0,1791325800,2026-10-06T22:30:00Z
2026-10-05T23:22:30.578676Z,refresh,10053,1761122,2050,16,1,0,1791325800,2026-10-06T22:30:00Z
2026-10-05T23:22:30.578676Z,refresh,10054,1761123,725,13,1,0,1791325800,2026-10-06T22:30:00Z
2026-10-05T23:22:30.578676Z,refresh,10055,1761124,100,1,1,0,1791325800,2026-10-06T22:30:00Z
2026-10-05T23:22:30.578676Z,refresh,10056,1761125,120,5,1,0,1791325800,2026-10-06T22:30:00Z
2026-10-05T23:22:30.578676Z,refresh,10057,1761126,305,3,1,0,1791325800,2026-10-06T22:30:00Z
2026-10-05T23:22:30.578676Z,refresh,10058,1761127,505,3,1,0,1791325800,2026-10-06T22:30:00Z
2026-10-05T23:22:30.578676Z,refresh,10059,1761128,1025,14,1,0,1791325800,2026-10-06T22:30:00Z
2026-10-05T23:22:30.578676Z,refresh,10060,1761129,7800,63,1,0,1791325800,2026-10-06T22:30:00Z
2026-10-05T23:22:30.578676Z,refresh,10061,1761130,100,1,1,0,1791325800,2026-10-06T22:30:00Z
2026-10-05T23:22:30.578676Z,refresh,10062,1761131,6150,136,1,0,1791325800,2026-10-06T22:30:00Z
2026-10-05T23:22:30.578676Z,refresh,10063,1761132,700,9,1,0,1791325800,2026-10-06T22:30:00Z
2026-10-05T23:22:30.578676Z,refresh,10064,1761133,1550,20,1,0,1791325800,2026-10-06T22:30:00Z
2026-10-05T23:22:30.578676Z,refresh,10065,1761134,505,11,1,0,1791325800,2026-10-06T22:30:00Z
2026-10-05T23:22:30.578676Z,refresh,10066,1761135,1005,3,1,0,1791325800,2026-10-06T22:30:00Z
2026-10-05T23:22:30.578676Z,refresh,10067,1761136,1005,3,1,0,1791325800,2026-10-06T22:30:00Z
2026-10-05T23:22:30.578676Z,refresh,10068,1761137,1005,3,1,0,1791325800,2026-10-06T22:30:00Z
2026-10-05T23:22:30.578676Z,refresh,10069,1761138,100,1,1,0,1791325800,2026-10-06T22:30:00Z
2026-10-05T23:22:30.578676Z,refresh,17100,1761063,100,1,1,0,1791327600,2026-10-06T23:00:00Z
2026-10-05T23:22:30.578676Z,refresh,17101,1761064,100,1,1,0,1791327600,2026-10-06T23:00:00Z
2026-10-05T23:22:30.578676Z,refresh,17102,1761065,100,0,1,0,1791327600,2026-10-06T23:00:00Z
2026-10-05T23:22:30.578676Z,refresh,17103,1761066,100,0,1,0,1791327600,2026-10-06T23:00:00Z
2026-10-05T23:22:30.578676Z,refresh,17104,1761067,100,0,1,0,1791327600,2026-10-06T23:00:00Z
2026-10-05T23:22:30.578676Z,refresh,17105,1761068,100,0,1,0,1791327600,2026-10-06T23:00:00Z
2026-10-05T23:22:30.578676Z,refresh,17106,1761069,100,0,1,0,1791327600,2026-10-06T23:00:00Z
2026-10-05T23:22:30.578676Z,refresh,17107,1761070,100,0,1,0,1791327600,2026-10-06T23:00:00Z
2026-10-05T23:22:30.578676Z,refresh,17108,1761071,105,2,1,0,1791327600,2026-10-06T23:00:00Z
2026-10-05T23:22:30.578676Z,refresh,17109,1761072,100,0,1,0,1791327600,2026-10-06T23:00:00Z
2026-10-05T23:22:30.578676Z,refresh,17110,1761073,100,0,1,0,1791327600,2026-10-06T23:00:00Z
2026-10-05T23:22:30.578676Z,refresh,17111,1761074,100,0,1,0,1791327600,2026-10-06T23:00:00Z
2026-10-05T23:22:30.578676Z,refresh,17112,1761075,100,0,1,0,1791327600,2026-10-06T23:00:00Z
2026-10-05T23:22:30.578676Z,refresh,17113,1761076,100,0,1,0,1791327600,2026-10-06T23:00:00Z
2026-10-05T23:22:30.578676Z,refresh,17114,1761077,100,0,1,0,1791327600,2026-10-06T23:00:00Z
2026-10-05T23:22:30.578676Z,refresh,17115,1761078,100,1,1,0,1791327600,2026-10-06T23:00:00Z
2026-10-05T23:22:30.578676Z,refresh,17116,1761079,100,0,1,0,1791327600,2026-10-06T23:00:00Z
2026-10-05T23:22:30.578676Z,refresh,17117,1761080,100,0,1,0,1791327600,2026-10-06T23:00:00Z
2026-10-05T23:22:30.578676Z,refresh,17118,1761081,100,1,1,0,1791327600,2026-10-06T23:00:00Z
2026-10-05T23:22:30.578676Z,refresh,17119,1761082,100,0,1,0,1791327600,2026-10-06T23:00:00Z
2026-10-05T23:22:30.578676Z,refresh,17120,1761083,100,0,1,0,1791327600,2026-10-06T23:00:00Z
2026-10-05T23:22:30.578676Z,refresh,17121,1761084,100,0,1,0,1791327600,2026-10-06T23:00:00Z
2026-10-05T23:22:30.578676Z,refresh,17122,1761085,100,0,1,0,1791327600,2026-10-06T23:00:00Z
2026-10-05T23:22:30.578676Z,refresh,10020,1761159,15050,109,1,0,1791329400,2026-10-06T23:30:00Z
2026-10-05T23:22:30.578676Z,refresh,10021,1761160,5,1,1,0,1791329400,2026-10-06T23:30:00Z
2026-10-05T23:22:30.578676Z,refresh,10022,1761161,130,7,1,0,1791329400,2026-10-06T23:30:00Z
2026-10-05T23:22:30.578676Z,refresh,10023,1761162,550,47,1,0,1791329400,2026-10-06T23:30:00Z
2026-10-05T23:22:30.578676Z,refresh,10024,1761163,5,1,1,0,1791329400,2026-10-06T23:30:00Z
2026-10-05T23:22:30.578676Z,refresh,10025,1761164,5,0,1,0,1791329400,2026-10-06T23:30:00Z
2026-10-05T23:22:30.578676Z,refresh,17850,1761247,5,0,1,0,1791329400,2026-10-06T23:30:00Z
2026-10-05T23:22:30.578676Z,refresh,17851,1761248,5,1,1,0,1791329400,2026-10-06T23:30:00Z
2026-10-05T23:22:30.578676Z,refresh,17852,1761249,360,12,1,0,1791329400,2026-10-06T23:30:00Z
2026-10-05T23:22:30.578676Z,refresh,17853,1761250,1350,46,1,0,1791329400,2026-10-06T23:30:00Z
2026-10-05T23:22:30.578676Z,refresh,17854,1761251,155,10,1,0,1791329400,2026-10-06T23:30:00Z
2026-10-05T23:22:30.578676Z,refresh,17855,1761252,5,1,1,0,1791329400,2026-10-06T23:30:00Z
2026-10-05T23:22:30.578676Z,refresh,17856,1761253,105,5,1,0,1791329400,2026-10-06T23:30:00Z
2026-10-05T23:22:30.578676Z,refresh,17857,1761254,5,1,1,0,1791329400,2026-10-06T23:30:00Z
2026-10-05T23:22:30.578676Z,refresh,17858,1761255,10,2,1,0,1791329400,2026-10-06T23:30:00Z
2026-10-05T23:22:30.578676Z,refresh,17859,1761256,5,1,1,0,1791329400,2026-10-06T23:30:00Z
2026-10-05T23:22:30.578676Z,refresh,17860,1761257,5,1,1,0,1791329400,2026-10-06T23:30:00Z
2026-10-05T23:22:30.578676Z,refresh,17861,1761258,5,1,1,0,1791329400,2026-10-06T23:30:00Z
2026-10-05T23:22:30.578676Z,refresh,17862,1761259,5,1,1,0,1791329400,2026-10-06T23:30:00Z
2026-10-05T23:22:30.578676Z,refresh,17863,1761260,5,1,1,0,1791329400,2026-10-06T23:30:00Z
2026-10-05T23:22:30.578676Z,refresh,17864,1761262,5,1,1,0,1791329400,2026-10-06T23:30:00Z
2026-10-05T23:22:30.578676Z,refresh,17865,1761263,15,3,1,0,1791329400,2026-10-06T23:30:00Z
2026-10-05T23:22:30.578676Z,refresh,17909,1761086,5,0,1,0,1791329400,2026-10-06T23:30:00Z
2026-10-05T23:22:30.578676Z,refresh,17911,1761088,5,0,1,0,1791329400,2026-10-06T23:30:00Z
2026-10-05T23:22:30.578676Z,refresh,17912,1761089,5,0,1,0,1791329400,2026-10-06T23:30:00Z
2026-10-05T23:22:30.578676Z,refresh,17913,1761090,5,0,1,0,1791329400,2026-10-06T23:30:00Z
2026-10-05T23:22:30.578676Z,refresh,17914,1761091,5,0,1,0,1791329400,2026-10-06T23:30:00Z
2026-10-05T23:22:30.578676Z,refresh,17915,1761092,5,0,1,0,1791329400,2026-10-06T23:30:00Z
2026-10-05T23:22:30.578676Z,refresh,17916,1761093,5,0,1,0,1791329400,2026-10-06T23:30:00Z
2026-10-05T23:22:30.578676Z,refresh,17917,1761094,5,1,1,0,1791329400,2026-10-06T23:30:00Z
2026-10-05T23:22:30.578676Z,refresh,17918,1761095,5,0,1,0,1791329400,2026-10-06T23:30:00Z
2026-10-05T23:22:30.578676Z,refresh,17919,1761096,5,0,1,0,1791329400,2026-10-06T23:30:00Z
2026-10-05T23:22:30.578676Z,refresh,17920,1761097,5,1,1,0,1791329400,2026-10-06T23:30:00Z
2026-10-05T23:22:30.578676Z,refresh,17921,1761098,5,1,1,0,1791329400,2026-10-06T23:30:00Z
2026-10-05T23:22:30.578676Z,refresh,17922,1761099,5,0,1,0,1791329400,2026-10-06T23:30:00Z
2026-10-05T23:22:30.578676Z,refresh,17923,1761100,5,0,1,0,1791329400,2026-10-06T23:30:00Z
2026-10-05T23:22:30.578676Z,refresh,17924,1761101,10,2,1,0,1791329400,2026-10-06T23:30:00Z
2026-10-05T23:22:30.578676Z,refresh,17925,1761102,5,1,1,0,1791329400,2026-10-06T23:30:00Z
2026-10-05T23:22:30.578676Z,refresh,17926,1761103,5,1,1,0,1791329400,2026-10-06T23:30:00Z
2026-10-05T23:22:30.578676Z,refresh,17927,1761104,105,5,1,0,1791329400,2026-10-06T23:30:00Z
2026-10-05T23:22:30.578676Z,refresh,17928,1761105,5,1,1,0,1791329400,2026-10-06T23:30:00Z
2026-10-05T23:22:30.578676Z,refresh,17929,1761106,5,1,1,0,1791329400,2026-10-06T23:30:00Z
2026-10-05T23:22:30.578676Z,refresh,17930,1761107,5,1,1,0,1791329400,2026-10-06T23:30:00Z
2026-10-05T23:22:30.578676Z,refresh,17931,1761108,15,4,1,0,1791329400,2026-10-06T23:30:00Z
2026-10-05T23:22:30.578676Z,refresh,17932,1761109,5,1,1,0,1791329400,2026-10-06T23:30:00Z
2026-10-05T23:22:30.578676Z,refresh,17933,1761110,5,0,1,0,1791329400,2026-10-06T23:30:00Z
2026-10-05T23:22:30.578676Z,refresh,17934,1761111,5,0,1,0,1791329400,2026-10-06T23:30:00Z
2026-10-05T23:22:30.578676Z,refresh,17935,1761112,5,0,1,0,1791329400,2026-10-06T23:30:00Z
2026-10-05T23:22:30.578676Z,refresh,17936,1761113,5,0,1,0,1791329400,2026-10-06T23:30:00Z
2026-10-05T23:22:30.578676Z,refresh,17937,1761114,5,1,1,0,1791329400,2026-10-06T23:30:00Z
2026-10-05T23:22:30.578676Z,refresh,17938,1761115,5,1,1,0,1791329400,2026-10-06T23:30:00Z
2026-10-05T23:22:30.578676Z,refresh,17939,1761116,5,1,1,0,1791329400,2026-10-06T23:30:00Z
2026-10-05T23:22:30.578676Z,refresh,17940,1761117,5,1,1,0,1791329400,2026-10-06T23:30:00Z
2026-10-05T23:22:30.578676Z,refresh,17941,1761118,370,13,1,0,1791329400,2026-10-06T23:30:00Z
2026-10-05T23:22:30.578676Z,refresh,18650,1761165,5,1,1,0,1791329400,2026-10-06T23:30:00Z
2026-10-05T23:22:30.578676Z,refresh,18651,1761166,5,1,1,0,1791329400,2026-10-06T23:30:00Z
2026-10-05T23:22:30.578676Z,refresh,18652,1761167,5,1,1,0,1791329400,2026-10-06T23:30:00Z
2026-10-05T23:22:30.578676Z,refresh,18653,1761168,5,1,1,0,1791329400,2026-10-06T23:30:00Z
2026-10-05T23:22:30.578676Z,refresh,18654,1761169,10,2,1,0,1791329400,2026-10-06T23:30:00Z
2026-10-05T23:22:30.578676Z,refresh,18655,1761170,5,1,1,0,1791329400,2026-10-06T23:30:00Z
2026-10-05T23:22:30.578676Z,refresh,18656,1761171,5,1,1,0,1791329400,2026-10-06T23:30:00Z
2026-10-05T23:22:30.578676Z,refresh,18657,1761172,5,1,1,0,1791329400,2026-10-06T23:30:00Z
2026-10-05T23:22:30.578676Z,refresh,18658,1761173,5,1,1,0,1791329400,2026-10-06T23:30:00Z
2026-10-05T23:22:30.578676Z,refresh,18659,1761174,5,1,1,0,1791329400,2026-10-06T23:30:00Z
2026-10-05T23:22:30.578676Z,refresh,18660,1761175,285,54,1,0,1791329400,2026-10-06T23:30:00Z
2026-10-05T23:22:30.578676Z,refresh,18661,1761176,25,6,1,0,1791329400,2026-10-06T23:30:00Z
2026-10-05T23:22:30.578676Z,refresh,18662,1761177,5,1,1,0,1791329400,2026-10-06T23:30:00Z
2026-10-05T23:22:30.578676Z,refresh,18663,1761178,5,1,1,0,1791329400,2026-10-06T23:30:00Z
2026-10-05T23:22:30.578676Z,refresh,18664,1761179,215,21,1,0,1791329400,2026-10-06T23:30:00Z
2026-10-05T23:22:30.578676Z,refresh,18665,1761180,205,33,1,0,1791329400,2026-10-06T23:30:00Z
2026-10-05T23:22:30.578676Z,refresh,18666,1761181,34,5,1,0,1791329400,2026-10-06T23:30:00Z
2026-10-05T23:22:30.578676Z,refresh,18667,1761182,5,0,1,0,1791329400,2026-10-06T23:30:00Z
2026-10-05T23:22:30.578676Z,refresh,18668,1761183,5,0,1,0,1791329400,2026-10-06T23:30:00Z
2026-10-05T23:22:30.578676Z,refresh,18669,1761184,55,10,1,0,1791329400,2026-10-06T23:30:00Z
2026-10-05T23:22:30.578676Z,refresh,18670,1761185,5,1,1,0,1791329400,2026-10-06T23:30:00Z
2026-10-05T23:22:30.578676Z,refresh,18671,1761186,105,21,1,0,1791329400,2026-10-06T23:30:00Z
2026-10-05T23:22:30.578676Z,refresh,18672,1761187,105,22,1,0,1791329400,2026-10-06T23:30:00Z
2026-10-05T23:22:30.578676Z,refresh,18673,1761188,24,5,1,0,1791329400,2026-10-06T23:30:00Z
2026-10-05T23:22:30.578676Z,refresh,18674,1761189,10,2,1,0,1791329400,2026-10-06T23:30:00Z
2026-10-05T23:22:30.578676Z,refresh,18675,1761190,55,12,1,0,1791329400,2026-10-06T23:30:00Z
2026-10-05T23:22:30.578676Z,refresh,18676,1761191,5,1,1,0,1791329400,2026-10-06T23:30:00Z
2026-10-05T23:22:30.578676Z,refresh,18677,1761192,35,8,1,0,1791329400,2026-10-06T23:30:00Z
2026-10-05T23:22:30.578676Z,refresh,18678,1761194,20,5,1,0,1791329400,2026-10-06T23:30:00Z
2026-10-05T23:22:30.578676Z,refresh,18679,1761195,5,1,1,0,1791329400,2026-10-06T23:30:00Z
2026-10-05T23:22:30.578676Z,refresh,18680,1761196,55,12,1,0,1791329400,2026-10-06T23:30:00Z
2026-10-05T23:22:30.578676Z,refresh,18681,1761197,70,11,1,0,1791329400,2026-10-06T23:30:00Z
2026-10-05T23:22:30.578676Z,refresh,18682,1761198,10,2,1,0,1791329400,2026-10-06T23:30:00Z
2026-10-05T23:22:30.578676Z,refresh,18683,1761199,5,1,1,0,1791329400,2026-10-06T23:30:00Z
2026-10-05T23:22:30.578676Z,refresh,18705,1761220,5,0,1,0,1791329400,2026-10-06T23:30:00Z
2026-10-05T23:22:30.578676Z,refresh,18706,1761221,5,0,1,0,1791329400,2026-10-06T23:30:00Z
2026-10-05T23:22:30.578676Z,refresh,18707,1761222,10,2,1,0,1791329400,2026-10-06T23:30:00Z
2026-10-05T23:22:30.578676Z,refresh,18708,1761223,45,6,1,0,1791329400,2026-10-06T23:30:00Z
2026-10-05T23:22:30.578676Z,refresh,18709,1761224,5,0,1,0,1791329400,2026-10-06T23:30:00Z
2026-10-05T23:22:30.578676Z,refresh,18710,1761225,5,0,1,0,1791329400,2026-10-06T23:30:00Z
2026-10-05T23:22:30.578676Z,refresh,18711,1761226,5,0,1,0,1791329400,2026-10-06T23:30:00Z
2026-10-05T23:22:30.578676Z,refresh,18712,1761227,5,0,1,0,1791329400,2026-10-06T23:30:00Z
2026-10-05T23:22:30.578676Z,refresh,18713,1761228,5,1,1,0,1791329400,2026-10-06T23:30:00Z
2026-10-05T23:22:30.578676Z,refresh,18714,1761229,5,1,1,0,1791329400,2026-10-06T23:30:00Z
2026-10-05T23:22:30.578676Z,refresh,18715,1761230,5,0,1,0,1791329400,2026-10-06T23:30:00Z
2026-10-05T23:22:30.578676Z,refresh,18716,1761231,155,5,1,0,1791329400,2026-10-06T23:30:00Z
2026-10-05T23:22:30.578676Z,refresh,18717,1761232,205,6,1,0,1791329400,2026-10-06T23:30:00Z
2026-10-05T23:22:30.578676Z,refresh,18718,1761233,105,22,1,0,1791329400,2026-10-06T23:30:00Z
2026-10-05T23:22:30.578676Z,refresh,18719,1761234,5,0,1,0,1791329400,2026-10-06T23:30:00Z
2026-10-05T23:22:30.578676Z,refresh,18720,1761235,5,0,1,0,1791329400,2026-10-06T23:30:00Z
2026-10-05T23:22:30.578676Z,refresh,17866,1761264,5,1,1,0,1791331200,2026-10-07T00:00:00Z
2026-10-05T23:22:30.578676Z,refresh,17867,1761265,10,2,1,0,1791331200,2026-10-07T00:00:00Z
2026-10-05T23:22:30.578676Z,refresh,17868,1761266,5,0,1,0,1791331200,2026-10-07T00:00:00Z
2026-10-05T23:22:30.578676Z,refresh,17869,1761268,10,2,1,0,1791331200,2026-10-07T00:00:00Z
2026-10-05T23:22:30.578676Z,refresh,17870,1761269,5,1,1,0,1791331200,2026-10-07T00:00:00Z
2026-10-05T23:22:30.578676Z,refresh,17871,1761270,5,1,1,0,1791331200,2026-10-07T00:00:00Z
2026-10-05T23:22:30.578676Z,refresh,17872,1761271,5,0,1,0,1791331200,2026-10-07T00:00:00Z
2026-10-05T23:22:30.578676Z,refresh,17873,1761272,10,2,1,0,1791331200,2026-10-07T00:00:00Z
2026-10-05T23:22:30.578676Z,refresh,17874,1761273,5,0,1,0,1791331200,2026-10-07T00:00:00Z
2026-10-05T23:22:30.578676Z,refresh,17875,1761274,105,13,1,0,1791331200,2026-10-07T00:00:00Z
2026-10-05T23:22:30.578676Z,refresh,17876,1761275,5,1,1,0,1791331200,2026-10-07T00:00:00Z
2026-10-05T23:22:30.578676Z,refresh,17877,1761276,5,1,1,0,1791331200,2026-10-07T00:00:00Z
2026-10-05T23:22:30.578676Z,refresh,17878,1761277,5,1,1,0,1791331200,2026-10-07T00:00:00Z
2026-10-05T23:22:30.578676Z,refresh,17879,1761278,5,1,1,0,1791331200,2026-10-07T00:00:00Z
2026-10-05T23:22:30.578676Z,refresh,17880,1761279,155,5,1,0,1791331200,2026-10-07T00:00:00Z
2026-10-05T23:22:30.578676Z,refresh,17881,1761280,10,2,1,0,1791331200,2026-10-07T00:00:00Z
2026-10-05T23:22:30.578676Z,refresh,17882,1761281,10,2,1,0,1791331200,2026-10-07T00:00:00Z
2026-10-05T23:22:30.578676Z,refresh,17883,1761282,34,7,1,0,1791331200,2026-10-07T00:00:00Z
2026-10-05T23:22:30.578676Z,refresh,17884,1761283,5,1,1,0,1791331200,2026-10-07T00:00:00Z
2026-10-05T23:22:30.578676Z,refresh,17885,1761284,5,1,1,0,1791331200,2026-10-07T00:00:00Z
2026-10-05T23:22:30.578676Z,refresh,17886,1761285,5,1,1,0,1791331200,2026-10-07T00:00:00Z
2026-10-05T23:22:30.578676Z,refresh,17887,1761286,5,1,1,0,1791331200,2026-10-07T00:00:00Z
2026-10-05T23:22:30.578676Z,refresh,17888,1761287,5,0,1,0,1791331200,2026-10-07T00:00:00Z
2026-10-05T23:22:30.578676Z,refresh,17889,1761288,105,12,1,0,1791331200,2026-10-07T00:00:00Z
2026-10-05T23:22:30.578676Z,refresh,17890,1761289,10,2,1,0,1791331200,2026-10-07T00:00:00Z
2026-10-05T23:22:30.578676Z,refresh,17891,1761291,575,50,1,0,1791331200,2026-10-07T00:00:00Z
2026-10-05T23:22:30.578676Z,refresh,17892,1761292,255,52,1,0,1791331200,2026-10-07T00:00:00Z
2026-10-05T23:22:30.578676Z,refresh,17893,1761293,5,1,1,0,1791331200,2026-10-07T00:00:00Z
2026-10-05T23:22:30.578676Z,refresh,17894,1761294,10,2,1,0,1791331200,2026-10-07T00:00:00Z
2026-10-05T23:22:30.578676Z,refresh,17895,1761295,114,24,1,0,1791331200,2026-10-07T00:00:00Z
2026-10-05T23:22:30.578676Z,refresh,17896,1761296,10,2,1,0,1791331200,2026-10-07T00:00:00Z
2026-10-05T23:22:30.578676Z,refresh,17897,1761297,55,12,1,0,1791331200,2026-10-07T00:00:00Z
2026-10-05T23:22:30.578676Z,refresh,17898,1761298,5,1,1,0,1791331200,2026-10-07T00:00:00Z
2026-10-05T23:22:30.578676Z,refresh,17899,1761299,10,2,1,0,1791331200,2026-10-07T00:00:00Z
2026-10-05T23:22:30.578676Z,refresh,17900,1761300,5,1,1,0,1791331200,2026-10-07T00:00:00Z
2026-10-05T23:22:30.578676Z,refresh,17901,1761301,31,7,1,0,1791331200,2026-10-07T00:00:00Z
2026-10-05T23:22:30.578676Z,refresh,17902,1761303,5,0,1,0,1791331200,2026-10-07T00:00:00Z
2026-10-05T23:22:30.578676Z,refresh,17903,1761304,370,53,1,0,1791331200,2026-10-07T00:00:00Z
2026-10-05T23:22:30.578676Z,refresh,17904,1761305,15,3,1,0,1791331200,2026-10-07T00:00:00Z
2026-10-05T23:22:30.578676Z,refresh,17905,1761306,25,6,1,0,1791331200,2026-10-07T00:00:00Z
2026-10-05T23:22:30.578676Z,refresh,17906,1761307,105,16,1,0,1791331200,2026-10-07T00:00:00Z
2026-10-05T23:22:30.578676Z,refresh,17907,1761308,105,4,1,0,1791331200,2026-10-07T00:00:00Z
2026-10-05T23:22:30.578676Z,refresh,17908,1761309,5,1,1,0,1791331200,2026-10-07T00:00:00Z
2026-10-05T23:22:30.578676Z,refresh,17910,1761314,5,1,1,0,1791331200,2026-10-07T00:00:00Z
2026-10-05T23:22:30.578676Z,refresh,18684,1761200,5,0,1,0,1791331200,2026-10-07T00:00:00Z
2026-10-05T23:22:30.578676Z,refresh,18685,1761201,5,1,1,0,1791331200,2026-10-07T00:00:00Z
2026-10-05T23:22:30.578676Z,refresh,18686,1761202,5,1,1,0,1791331200,2026-10-07T00:00:00Z
2026-10-05T23:22:30.578676Z,refresh,18687,1761203,5,1,1,0,1791331200,2026-10-07T00:00:00Z
2026-10-05T23:22:30.578676Z,refresh,18688,1761204,5,1,1,0,1791331200,2026-10-07T00:00:00Z
2026-10-05T23:22:30.578676Z,refresh,18689,1761205,55,12,1,0,1791331200,2026-10-07T00:00:00Z
2026-10-05T23:22:30.578676Z,refresh,18690,1761206,105,22,1,0,1791331200,2026-10-07T00:00:00Z
2026-10-05T23:22:30.578676Z,refresh,18691,1761207,5,1,1,0,1791331200,2026-10-07T00:00:00Z
2026-10-05T23:22:30.578676Z,refresh,18692,1761208,5,1,1,0,1791331200,2026-10-07T00:00:00Z
2026-10-05T23:22:30.578676Z,refresh,18693,1761209,5,1,1,0,1791331200,2026-10-07T00:00:00Z
2026-10-05T23:22:30.578676Z,refresh,18694,1761210,5,0,1,0,1791331200,2026-10-07T00:00:00Z
2026-10-05T23:22:30.578676Z,refresh,18695,1761211,5,0,1,0,1791331200,2026-10-07T00:00:00Z
2026-10-05T23:22:30.578676Z,refresh,18696,1761212,5,0,1,0,1791331200,2026-10-07T00:00:00Z
2026-10-05T23:22:30.578676Z,refresh,18697,1761213,5,0,1,0,1791331200,2026-10-07T00:00:00Z
2026-10-05T23:22:30.578676Z,refresh,18698,1761214,5,0,1,0,1791331200,2026-10-07T00:00:00Z
2026-10-05T23:22:30.578676Z,refresh,18699,1761215,5,0,1,0,1791331200,2026-10-07T00:00:00Z
2026-10-05T23:22:30.578676Z,refresh,18700,1761216,5,1,1,0,1791331200,2026-10-07T00:00:00Z
2026-10-05T23:22:30.578676Z,refresh,18701,1761217,320,19,1,0,1791331200,2026-10-07T00:00:00Z
2026-10-05T23:22:30.578676Z,refresh,18702,1761218,460,48,1,0,1791331200,2026-10-07T00:00:00Z
2026-10-05T23:22:30.578676Z,refresh,18703,1761219,55,5,1,0,1791331200,2026-10-07T00:00:00Z
2026-10-05T23:22:30.578676Z,refresh,18721,1761236,10,2,1,0,1791331200,2026-10-07T00:00:00Z
2026-10-05T23:22:30.578676Z,refresh,18722,1761237,55,12,1,0,1791331200,2026-10-07T00:00:00Z
2026-10-05T23:22:30.578676Z,refresh,18723,1761238,5,1,1,0,1791331200,2026-10-07T00:00:00Z
2026-10-05T23:22:30.578676Z,refresh,18724,1761239,5,1,1,0,1791331200,2026-10-07T00:00:00Z
2026-10-05T23:22:30.578676Z,refresh,18725,1761240,5,1,1,0,1791331200,2026-10-07T00:00:00Z
2026-10-05T23:22:30.578676Z,refresh,18726,1761241,5,1,1,0,1791331200,2026-10-07T00:00:00Z
2026-10-05T23:22:30.578676Z,refresh,18727,1761242,5,1,1,0,1791331200,2026-10-07T00:00:00Z
2026-10-05T23:22:30.578676Z,refresh,18728,1761243,5,1,1,0,1791331200,2026-10-07T00:00:00Z
2026-10-05T23:22:30.578676Z,refresh,18729,1761244,5,1,1,0,1791331200,2026-10-07T00:00:00Z
2026-10-05T23:22:30.578676Z,refresh,18730,1761245,5,1,1,0,1791331200,2026-10-07T00:00:00Z
2026-10-05T23:22:30.578676Z,refresh,18731,1761246,5,0,1,0,1791331200,2026-10-07T00:00:00Z
2026-10-05T23:22:30.578676Z,refresh,18732,1761310,5,1,1,0,1791331200,2026-10-07T00:00:00Z
2026-10-05T23:22:30.578676Z,refresh,18733,1761311,10,2,1,0,1791331200,2026-10-07T00:00:00Z
2026-10-05T23:22:30.578676Z,refresh,18734,1761312,10,2,1,0,1791331200,2026-10-07T00:00:00Z
2026-10-05T23:22:30.578676Z,refresh,18735,1761313,50,7,1,0,1791331200,2026-10-07T00:00:00Z
2026-10-05T23:22:30.578676Z,refresh,17125,1779931,65,14,1,0,1791333000,2026-10-07T00:30:00Z
2026-10-06T00:35:30.783899Z,refresh,10000,1761139,105,2,1,0,1791324000,2026-10-06T22:00:00Z
2026-10-06T00:35:30.783899Z,refresh,10001,1761140,100,0,1,0,1791324000,2026-10-06T22:00:00Z
2026-10-06T00:35:30.783899Z,refresh,10002,1761141,100,1,1,0,1791324000,2026-10-06T22:00:00Z
2026-10-06T00:35:30.783899Z,refresh,10003,1761142,140,9,1,0,1791324000,2026-10-06T22:00:00Z
2026-10-06T00:35:30.783899Z,refresh,10004,1761143,1525,8,1,0,1791324000,2026-10-06T22:00:00Z
2026-10-06T00:35:30.783899Z,refresh,10005,1761144,3050,19,1,0,1791324000,2026-10-06T22:00:00Z
2026-10-06T00:35:30.783899Z,refresh,10006,1761145,310,16,1,0,1791324000,2026-10-06T22:00:00Z
2026-10-06T00:35:30.783899Z,refresh,10007,1761146,105,2,1,0,1791324000,2026-10-06T22:00:00Z
2026-10-06T00:35:30.783899Z,refresh,10008,1761147,9050,37,1,0,1791324000,2026-10-06T22:00:00Z
2026-10-06T00:35:30.783899Z,refresh,10009,1761148,25600,31,1,0,1791324000,2026-10-06T22:00:00Z
2026-10-06T00:35:30.783899Z,refresh,10010,1761149,10050,146,1,0,1791324000,2026-10-06T22:00:00Z
2026-10-06T00:35:30.783899Z,refresh,10011,1761150,18800,178,1,0,1791324000,2026-10-06T22:00:00Z
2026-10-06T00:35:30.783899Z,refresh,10012,1761151,19450,52,1,0,1791324000,2026-10-06T22:00:00Z
2026-10-06T00:35:30.783899Z,refresh,10013,1761152,50000,95,1,0,1791324000,2026-10-06T22:00:00Z
2026-10-06T00:35:30.783899Z,refresh,10014,1761153,21650,47,1,0,1791324000,2026-10-06T22:00:00Z
2026-10-06T00:35:30.783899Z,refresh,10015,1761154,20900,35,1,0,1791324000,2026-10-06T22:00:00Z
2026-10-06T00:35:30.783899Z,refresh,10016,1761155,14600,26,1,0,1791324000,2026-10-06T22:00:00Z
2026-10-06T00:35:30.783899Z,refresh,10017,1761156,42750,57,1,0,1791324000,2026-10-06T22:00:00Z
2026-10-06T00:35:30.783899Z,refresh,10018,1761157,1250,5,1,0,1791324000,2026-10-06T22:00:00Z
2026-10-06T00:35:30.783899Z,refresh,10019,1761158,130,7,1,0,1791324000,2026-10-06T22:00:00Z
2026-10-06T00:35:30.783899Z,refresh,10050,1761119,2100,17,1,0,1791325800,2026-10-06T22:30:00Z
2026-10-06T00:35:30.783899Z,refresh,10051,1761120,705,3,1,0,1791325800,2026-10-06T22:30:00Z
2026-10-06T00:35:30.783899Z,refresh,10052,1761121,1550,14,1,0,1791325800,2026-10-06T22:30:00Z
2026-10-06T00:35:30.783899Z,refresh,10053,1761122,2450,24,1,0,1791325800,2026-10-06T22:30:00Z
2026-10-06T00:35:30.783899Z,refresh,10054,1761123,725,13,1,0,1791325800,2026-10-06T22:30:00Z
2026-10-06T00:35:30.783899Z,refresh,10055,1761124,100,1,1,0,1791325800,2026-10-06T22:30:00Z
2026-10-06T00:35:30.783899Z,refresh,10056,1761125,120,5,1,0,1791325800,2026-10-06T22:30:00Z
2026-10-06T00:35:30.783899Z,refresh,10057,1761126,305,3,1,0,1791325800,2026-10-06T22:30:00Z
2026-10-06T00:35:30.783899Z,refresh,10058,1761127,505,3,1,0,1791325800,2026-10-06T22:30:00Z
2026-10-06T00:35:30.783899Z,refresh,10059,1761128,1025,14,1,0,1791325800,2026-10-06T22:30:00Z
2026-10-06T00:35:30.783899Z,refresh,10060,1761129,7800,63,1,0,1791325800,2026-10-06T22:30:00Z
2026-10-06T00:35:30.783899Z,refresh,10061,1761130,100,1,1,0,1791325800,2026-10-06T22:30:00Z
2026-10-06T00:35:30.783899Z,refresh,10062,1761131,6150,136,1,0,1791325800,2026-10-06T22:30:00Z
2026-10-06T00:35:30.783899Z,refresh,10063,1761132,700,9,1,0,1791325800,2026-10-06T22:30:00Z
2026-10-06T00:35:30.783899Z,refresh,10064,1761133,1550,20,1,0,1791325800,2026-10-06T22:30:00Z
2026-10-06T00:35:30.783899Z,refresh,10065,1761134,505,11,1,0,1791325800,2026-10-06T22:30:00Z
2026-10-06T00:35:30.783899Z,refresh,10066,1761135,1005,3,1,0,1791325800,2026-10-06T22:30:00Z
2026-10-06T00:35:30.783899Z,refresh,10067,1761136,1005,3,1,0,1791325800,2026-10-06T22:30:00Z
2026-10-06T00:35:30.783899Z,refresh,10068,1761137,1005,3,1,0,1791325800,2026-10-06T22:30:00Z
2026-10-06T00:35:30.783899Z,refresh,10069,1761138,100,1,1,0,1791325800,2026-10-06T22:30:00Z
2026-10-06T00:35:30.783899Z,refresh,17100,1761063,100,1,1,0,1791327600,2026-10-06T23:00:00Z
2026-10-06T00:35:30.783899Z,refresh,17101,1761064,100,1,1,0,1791327600,2026-10-06T23:00:00Z
2026-10-06T00:35:30.783899Z,refresh,17102,1761065,100,0,1,0,1791327600,2026-10-06T23:00:00Z
2026-10-06T00:35:30.783899Z,refresh,17103,1761066,100,0,1,0,1791327600,2026-10-06T23:00:00Z
2026-10-06T00:35:30.783899Z,refresh,17104,1761067,100,0,1,0,1791327600,2026-10-06T23:00:00Z
2026-10-06T00:35:30.783899Z,refresh,17105,1761068,100,0,1,0,1791327600,2026-10-06T23:00:00Z
2026-10-06T00:35:30.783899Z,refresh,17106,1761069,100,0,1,0,1791327600,2026-10-06T23:00:00Z
2026-10-06T00:35:30.783899Z,refresh,17107,1761070,100,0,1,0,1791327600,2026-10-06T23:00:00Z
2026-10-06T00:35:30.783899Z,refresh,17108,1761071,105,2,1,0,1791327600,2026-10-06T23:00:00Z
2026-10-06T00:35:30.783899Z,refresh,17109,1761072,100,0,1,0,1791327600,2026-10-06T23:00:00Z
2026-10-06T00:35:30.783899Z,refresh,17110,1761073,100,0,1,0,1791327600,2026-10-06T23:00:00Z
2026-10-06T00:35:30.783899Z,refresh,17111,1761074,100,0,1,0,1791327600,2026-10-06T23:00:00Z
2026-10-06T00:35:30.783899Z,refresh,17112,1761075,100,0,1,0,1791327600,2026-10-06T23:00:00Z
2026-10-06T00:35:30.783899Z,refresh,17113,1761076,100,0,1,0,1791327600,2026-10-06T23:00:00Z
2026-10-06T00:35:30.783899Z,refresh,17114,1761077,100,0,1,0,1791327600,2026-10-06T23:00:00Z
2026-10-06T00:35:30.783899Z,refresh,17115,1761078,100,1,1,0,1791327600,2026-10-06T23:00:00Z
2026-10-06T00:35:30.783899Z,refresh,17116,1761079,100,0,1,0,1791327600,2026-10-06T23:00:00Z
2026-10-06T00:35:30.783899Z,refresh,17117,1761080,100,0,1,0,1791327600,2026-10-06T23:00:00Z
2026-10-06T00:35:30.783899Z,refresh,17118,1761081,100,1,1,0,1791327600,2026-10-06T23:00:00Z
2026-10-06T00:35:30.783899Z,refresh,17119,1761082,100,0,1,0,1791327600,2026-10-06T23:00:00Z
2026-10-06T00:35:30.783899Z,refresh,17120,1761083,100,0,1,0,1791327600,2026-10-06T23:00:00Z
2026-10-06T00:35:30.783899Z,refresh,17121,1761084,100,0,1,0,1791327600,2026-10-06T23:00:00Z
2026-10-06T00:35:30.783899Z,refresh,17122,1761085,100,0,1,0,1791327600,2026-10-06T23:00:00Z
2026-10-06T00:35:30.783899Z,refresh,10020,1761159,15050,109,1,0,1791329400,2026-10-06T23:30:00Z
2026-10-06T00:35:30.783899Z,refresh,10021,1761160,5,1,1,0,1791329400,2026-10-06T23:30:00Z
2026-10-06T00:35:30.783899Z,refresh,10022,1761161,130,7,1,0,1791329400,2026-10-06T23:30:00Z
2026-10-06T00:35:30.783899Z,refresh,10023,1761162,550,47,1,0,1791329400,2026-10-06T23:30:00Z
2026-10-06T00:35:30.783899Z,refresh,10024,1761163,5,1,1,0,1791329400,2026-10-06T23:30:00Z
2026-10-06T00:35:30.783899Z,refresh,10025,1761164,5,0,1,0,1791329400,2026-10-06T23:30:00Z
2026-10-06T00:35:30.783899Z,refresh,17850,1761247,5,0,1,0,1791329400,2026-10-06T23:30:00Z
2026-10-06T00:35:30.783899Z,refresh,17851,1761248,5,1,1,0,1791329400,2026-10-06T23:30:00Z
2026-10-06T00:35:30.783899Z,refresh,17852,1761249,360,12,1,0,1791329400,2026-10-06T23:30:00Z
2026-10-06T00:35:30.783899Z,refresh,17853,1761250,1350,46,1,0,1791329400,2026-10-06T23:30:00Z
2026-10-06T00:35:30.783899Z,refresh,17854,1761251,155,10,1,0,1791329400,2026-10-06T23:30:00Z
2026-10-06T00:35:30.783899Z,refresh,17855,1761252,10,2,1,0,1791329400,2026-10-06T23:30:00Z
2026-10-06T00:35:30.783899Z,refresh,17856,1761253,105,5,1,0,1791329400,2026-10-06T23:30:00Z
2026-10-06T00:35:30.783899Z,refresh,17857,1761254,5,1,1,0,1791329400,2026-10-06T23:30:00Z
2026-10-06T00:35:30.783899Z,refresh,17858,1761255,10,2,1,0,1791329400,2026-10-06T23:30:00Z
2026-10-06T00:35:30.783899Z,refresh,17859,1761256,5,1,1,0,1791329400,2026-10-06T23:30:00Z
2026-10-06T00:35:30.783899Z,refresh,17860,1761257,5,1,1,0,1791329400,2026-10-06T23:30:00Z
2026-10-06T00:35:30.783899Z,refresh,17861,1761258,5,1,1,0,1791329400,2026-10-06T23:30:00Z
2026-10-06T00:35:30.783899Z,refresh,17862,1761259,5,1,1,0,1791329400,2026-10-06T23:30:00Z
2026-10-06T00:35:30.783899Z,refresh,17863,1761260,5,1,1,0,1791329400,2026-10-06T23:30:00Z
2026-10-06T00:35:30.783899Z,refresh,17864,1761262,5,1,1,0,1791329400,2026-10-06T23:30:00Z
2026-10-06T00:35:30.783899Z,refresh,17865,1761263,15,3,1,0,1791329400,2026-10-06T23:30:00Z
2026-10-06T00:35:30.783899Z,refresh,17909,1761086,5,0,1,0,1791329400,2026-10-06T23:30:00Z
2026-10-06T00:35:30.783899Z,refresh,17911,1761088,5,0,1,0,1791329400,2026-10-06T23:30:00Z
2026-10-06T00:35:30.783899Z,refresh,17912,1761089,5,0,1,0,1791329400,2026-10-06T23:30:00Z
2026-10-06T00:35:30.783899Z,refresh,17913,1761090,5,0,1,0,1791329400,2026-10-06T23:30:00Z
2026-10-06T00:35:30.783899Z,refresh,17914,1761091,5,0,1,0,1791329400,2026-10-06T23:30:00Z
2026-10-06T00:35:30.783899Z,refresh,17915,1761092,5,0,1,0,1791329400,2026-10-06T23:30:00Z
2026-10-06T00:35:30.783899Z,refresh,17916,1761093,5,0,1,0,1791329400,2026-10-06T23:30:00Z
2026-10-06T00:35:30.783899Z,refresh,17917,1761094,5,1,1,0,1791329400,2026-10-06T23:30:00Z
2026-10-06T00:35:30.783899Z,refresh,17918,1761095,5,0,1,0,1791329400,2026-10-06T23:30:00Z
2026-10-06T00:35:30.783899Z,refresh,17919,1761096,5,0,1,0,1791329400,2026-10-06T23:30:00Z
2026-10-06T00:35:30.783899Z,refresh,17920,1761097,5,1,1,0,1791329400,2026-10-06T23:30:00Z
2026-10-06T00:35:30.783899Z,refresh,17921,1761098,5,1,1,0,1791329400,2026-10-06T23:30:00Z
2026-10-06T00:35:30.783899Z,refresh,17922,1761099,5,0,1,0,1791329400,2026-10-06T23:30:00Z
2026-10-06T00:35:30.783899Z,refresh,17923,1761100,5,0,1,0,1791329400,2026-10-06T23:30:00Z
2026-10-06T00:35:30.783899Z,refresh,17924,1761101,10,2,1,0,1791329400,2026-10-06T23:30:00Z
2026-10-06T00:35:30.783899Z,refresh,17925,1761102,5,1,1,0,1791329400,2026-10-06T23:30:00Z
2026-10-06T00:35:30.783899Z,refresh,17926,1761103,5,1,1,0,1791329400,2026-10-06T23:30:00Z
2026-10-06T00:35:30.783899Z,refresh,17927,1761104,105,5,1,0,1791329400,2026-10-06T23:30:00Z
2026-10-06T00:35:30.783899Z,refresh,17928,1761105,5,1,1,0,1791329400,2026-10-06T23:30:00Z
2026-10-06T00:35:30.783899Z,refresh,17929,1761106,5,1,1,0,1791329400,2026-10-06T23:30:00Z
2026-10-06T00:35:30.783899Z,refresh,17930,1761107,5,1,1,0,1791329400,2026-10-06T23:30:00Z
2026-10-06T00:35:30.783899Z,refresh,17931,1761108,15,4,1,0,1791329400,2026-10-06T23:30:00Z
2026-10-06T00:35:30.783899Z,refresh,17932,1761109,5,1,1,0,1791329400,2026-10-06T23:30:00Z
2026-10-06T00:35:30.783899Z,refresh,17933,1761110,5,0,1,0,1791329400,2026-10-06T23:30:00Z
2026-10-06T00:35:30.783899Z,refresh,17934,1761111,5,0,1,0,1791329400,2026-10-06T23:30:00Z
2026-10-06T00:35:30.783899Z,refresh,17935,1761112,5,0,1,0,1791329400,2026-10-06T23:30:00Z
2026-10-06T00:35:30.783899Z,refresh,17936,1761113,5,0,1,0,1791329400,2026-10-06T23:30:00Z
2026-10-06T00:35:30.783899Z,refresh,17937,1761114,5,1,1,0,1791329400,2026-10-06T23:30:00Z
2026-10-06T00:35:30.783899Z,refresh,17938,1761115,5,1,1,0,1791329400,2026-10-06T23:30:00Z
2026-10-06T00:35:30.783899Z,refresh,17939,1761116,5,1,1,0,1791329400,2026-10-06T23:30:00Z
2026-10-06T00:35:30.783899Z,refresh,17940,1761117,5,1,1,0,1791329400,2026-10-06T23:30:00Z
2026-10-06T00:35:30.783899Z,refresh,17941,1761118,410,18,1,0,1791329400,2026-10-06T23:30:00Z
2026-10-06T00:35:30.783899Z,refresh,18650,1761165,5,1,1,0,1791329400,2026-10-06T23:30:00Z
2026-10-06T00:35:30.783899Z,refresh,18651,1761166,5,1,1,0,1791329400,2026-10-06T23:30:00Z
2026-10-06T00:35:30.783899Z,refresh,18652,1761167,5,1,1,0,1791329400,2026-10-06T23:30:00Z
2026-10-06T00:35:30.783899Z,refresh,18653,1761168,5,1,1,0,1791329400,2026-10-06T23:30:00Z
2026-10-06T00:35:30.783899Z,refresh,18654,1761169,10,2,1,0,1791329400,2026-10-06T23:30:00Z
2026-10-06T00:35:30.783899Z,refresh,18655,1761170,5,1,1,0,1791329400,2026-10-06T23:30:00Z
2026-10-06T00:35:30.783899Z,refresh,18656,1761171,5,1,1,0,1791329400,2026-10-06T23:30:00Z
2026-10-06T00:35:30.783899Z,refresh,18657,1761172,5,1,1,0,1791329400,2026-10-06T23:30:00Z
2026-10-06T00:35:30.783899Z,refresh,18658,1761173,5,1,1,0,1791329400,2026-10-06T23:30:00Z
2026-10-06T00:35:30.783899Z,refresh,18659,1761174,5,1,1,0,1791329400,2026-10-06T23:30:00Z
2026-10-06T00:35:30.783899Z,refresh,18660,1761175,285,54,1,0,1791329400,2026-10-06T23:30:00Z
2026-10-06T00:35:30.783899Z,refresh,18661,1761176,25,6,1,0,1791329400,2026-10-06T23:30:00Z
2026-10-06T00:35:30.783899Z,refresh,18662,1761177,5,1,1,0,1791329400,2026-10-06T23:30:00Z
2026-10-06T00:35:30.783899Z,refresh,18663,1761178,5,1,1,0,1791329400,2026-10-06T23:30:00Z
2026-10-06T00:35:30.783899Z,refresh,18664,1761179,215,21,1,0,1791329400,2026-10-06T23:30:00Z
2026-10-06T00:35:30.783899Z,refresh,18665,1761180,205,33,1,0,1791329400,2026-10-06T23:30:00Z
2026-10-06T00:35:30.783899Z,refresh,18666,1761181,34,5,1,0,1791329400,2026-10-06T23:30:00Z
2026-10-06T00:35:30.783899Z,refresh,18667,1761182,5,0,1,0,1791329400,2026-10-06T23:30:00Z
2026-10-06T00:35:30.783899Z,refresh,18668,1761183,5,0,1,0,1791329400,2026-10-06T23:30:00Z
2026-10-06T00:35:30.783899Z,refresh,18669,1761184,55,10,1,0,1791329400,2026-10-06T23:30:00Z
2026-10-06T00:35:30.783899Z,refresh,18670,1761185,5,1,1,0,1791329400,2026-10-06T23:30:00Z
2026-10-06T00:35:30.783899Z,refresh,18671,1761186,105,21,1,0,1791329400,2026-10-06T23:30:00Z
2026-10-06T00:35:30.783899Z,refresh,18672,1761187,105,22,1,0,1791329400,2026-10-06T23:30:00Z
2026-10-06T00:35:30.783899Z,refresh,18673,1761188,24,5,1,0,1791329400,2026-10-06T23:30:00Z
2026-10-06T00:35:30.783899Z,refresh,18674,1761189,10,2,1,0,1791329400,2026-10-06T23:30:00Z
2026-10-06T00:35:30.783899Z,refresh,18675,1761190,55,12,1,0,1791329400,2026-10-06T23:30:00Z
2026-10-06T00:35:30.783899Z,refresh,18676,1761191,5,1,1,0,1791329400,2026-10-06T23:30:00Z
2026-10-06T00:35:30.783899Z,refresh,18677,1761192,35,8,1,0,1791329400,2026-10-06T23:30:00Z
2026-10-06T00:35:30.783899Z,refresh,18678,1761194,20,5,1,0,1791329400,2026-10-06T23:30:00Z
2026-10-06T00:35:30.783899Z,refresh,18679,1761195,5,1,1,0,1791329400,2026-10-06T23:30:00Z
2026-10-06T00:35:30.783899Z,refresh,18680,1761196,55,12,1,0,1791329400,2026-10-06T23:30:00Z
2026-10-06T00:35:30.783899Z,refresh,18681,1761197,70,11,1,0,1791329400,2026-10-06T23:30:00Z
2026-10-06T00:35:30.783899Z,refresh,18682,1761198,10,2,1,0,1791329400,2026-10-06T23:30:00Z
2026-10-06T00:35:30.783899Z,refresh,18683,1761199,5,1,1,0,1791329400,2026-10-06T23:30:00Z
2026-10-06T00:35:30.783899Z,refresh,18705,1761220,5,0,1,0,1791329400,2026-10-06T23:30:00Z
2026-10-06T00:35:30.783899Z,refresh,18706,1761221,5,0,1,0,1791329400,2026-10-06T23:30:00Z
2026-10-06T00:35:30.783899Z,refresh,18707,1761222,10,2,1,0,1791329400,2026-10-06T23:30:00Z
2026-10-06T00:35:30.783899Z,refresh,18708,1761223,45,6,1,0,1791329400,2026-10-06T23:30:00Z
2026-10-06T00:35:30.783899Z,refresh,18709,1761224,5,0,1,0,1791329400,2026-10-06T23:30:00Z
2026-10-06T00:35:30.783899Z,refresh,18710,1761225,5,0,1,0,1791329400,2026-10-06T23:30:00Z
2026-10-06T00:35:30.783899Z,refresh,18711,1761226,5,0,1,0,1791329400,2026-10-06T23:30:00Z
2026-10-06T00:35:30.783899Z,refresh,18712,1761227,5,0,1,0,1791329400,2026-10-06T23:30:00Z
2026-10-06T00:35:30.783899Z,refresh,18713,1761228,5,1,1,0,1791329400,2026-10-06T23:30:00Z
2026-10-06T00:35:30.783899Z,refresh,18714,1761229,5,1,1,0,1791329400,2026-10-06T23:30:00Z
2026-10-06T00:35:30.783899Z,refresh,18715,1761230,5,0,1,0,1791329400,2026-10-06T23:30:00Z
2026-10-06T00:35:30.783899Z,refresh,18716,1761231,155,5,1,0,1791329400,2026-10-06T23:30:00Z
2026-10-06T00:35:30.783899Z,refresh,18717,1761232,205,6,1,0,1791329400,2026-10-06T23:30:00Z
2026-10-06T00:35:30.783899Z,refresh,18718,1761233,105,22,1,0,1791329400,2026-10-06T23:30:00Z
2026-10-06T00:35:30.783899Z,refresh,18719,1761234,5,0,1,0,1791329400,2026-10-06T23:30:00Z
2026-10-06T00:35:30.783899Z,refresh,18720,1761235,5,0,1,0,1791329400,2026-10-06T23:30:00Z
2026-10-06T00:35:30.783899Z,refresh,17866,1761264,5,1,1,0,1791331200,2026-10-07T00:00:00Z
2026-10-06T00:35:30.783899Z,refresh,17867,1761265,10,2,1,0,1791331200,2026-10-07T00:00:00Z
2026-10-06T00:35:30.783899Z,refresh,17868,1761266,5,0,1,0,1791331200,2026-10-07T00:00:00Z
2026-10-06T00:35:30.783899Z,refresh,17869,1761268,10,2,1,0,1791331200,2026-10-07T00:00:00Z
2026-10-06T00:35:30.783899Z,refresh,17870,1761269,5,1,1,0,1791331200,2026-10-07T00:00:00Z
2026-10-06T00:35:30.783899Z,refresh,17871,1761270,5,1,1,0,1791331200,2026-10-07T00:00:00Z
2026-10-06T00:35:30.783899Z,refresh,17872,1761271,5,0,1,0,1791331200,2026-10-07T00:00:00Z
2026-10-06T00:35:30.783899Z,refresh,17873,1761272,10,2,1,0,1791331200,2026-10-07T00:00:00Z
2026-10-06T00:35:30.783899Z,refresh,17874,1761273,5,0,1,0,1791331200,2026-10-07T00:00:00Z
2026-10-06T00:35:30.783899Z,refresh,17875,1761274,105,13,1,0,1791331200,2026-10-07T00:00:00Z
2026-10-06T00:35:30.783899Z,refresh,17876,1761275,5,1,1,0,1791331200,2026-10-07T00:00:00Z
2026-10-06T00:35:30.783899Z,refresh,17877,1761276,5,1,1,0,1791331200,2026-10-07T00:00:00Z
2026-10-06T00:35:30.783899Z,refresh,17878,1761277,5,1,1,0,1791331200,2026-10-07T00:00:00Z
2026-10-06T00:35:30.783899Z,refresh,17879,1761278,5,1,1,0,1791331200,2026-10-07T00:00:00Z
2026-10-06T00:35:30.783899Z,refresh,17880,1761279,155,5,1,0,1791331200,2026-10-07T00:00:00Z
2026-10-06T00:35:30.783899Z,refresh,17881,1761280,10,2,1,0,1791331200,2026-10-07T00:00:00Z
2026-10-06T00:35:30.783899Z,refresh,17882,1761281,10,2,1,0,1791331200,2026-10-07T00:00:00Z
2026-10-06T00:35:30.783899Z,refresh,17883,1761282,34,7,1,0,1791331200,2026-10-07T00:00:00Z
2026-10-06T00:35:30.783899Z,refresh,17884,1761283,5,1,1,0,1791331200,2026-10-07T00:00:00Z
2026-10-06T00:35:30.783899Z,refresh,17885,1761284,5,1,1,0,1791331200,2026-10-07T00:00:00Z
2026-10-06T00:35:30.783899Z,refresh,17886,1761285,5,1,1,0,1791331200,2026-10-07T00:00:00Z
2026-10-06T00:35:30.783899Z,refresh,17887,1761286,5,1,1,0,1791331200,2026-10-07T00:00:00Z
2026-10-06T00:35:30.783899Z,refresh,17888,1761287,5,0,1,0,1791331200,2026-10-07T00:00:00Z
2026-10-06T00:35:30.783899Z,refresh,17889,1761288,105,12,1,0,1791331200,2026-10-07T00:00:00Z
2026-10-06T00:35:30.783899Z,refresh,17890,1761289,10,2,1,0,1791331200,2026-10-07T00:00:00Z
2026-10-06T00:35:30.783899Z,refresh,17891,1761291,575,50,1,0,1791331200,2026-10-07T00:00:00Z
2026-10-06T00:35:30.783899Z,refresh,17892,1761292,255,52,1,0,1791331200,2026-10-07T00:00:00Z
2026-10-06T00:35:30.783899Z,refresh,17893,1761293,5,1,1,0,1791331200,2026-10-07T00:00:00Z
2026-10-06T00:35:30.783899Z,refresh,17894,1761294,10,2,1,0,1791331200,2026-10-07T00:00:00Z
2026-10-06T00:35:30.783899Z,refresh,17895,1761295,114,24,1,0,1791331200,2026-10-07T00:00:00Z
2026-10-06T00:35:30.783899Z,refresh,17896,1761296,10,2,1,0,1791331200,2026-10-07T00:00:00Z
2026-10-06T00:35:30.783899Z,refresh,17897,1761297,55,12,1,0,1791331200,2026-10-07T00:00:00Z
2026-10-06T00:35:30.783899Z,refresh,17898,1761298,5,1,1,0,1791331200,2026-10-07T00:00:00Z
2026-10-06T00:35:30.783899Z,refresh,17899,1761299,10,2,1,0,1791331200,2026-10-07T00:00:00Z
2026-10-06T00:35:30.783899Z,refresh,17900,1761300,5,1,1,0,1791331200,2026-10-07T00:00:00Z
2026-10-06T00:35:30.783899Z,refresh,17901,1761301,31,7,1,0,1791331200,2026-10-07T00:00:00Z
2026-10-06T00:35:30.783899Z,refresh,17902,1761303,5,0,1,0,1791331200,2026-10-07T00:00:00Z
2026-10-06T00:35:30.783899Z,refresh,17903,1761304,370,53,1,0,1791331200,2026-10-07T00:00:00Z
2026-10-06T00:35:30.783899Z,refresh,17904,1761305,15,3,1,0,1791331200,2026-10-07T00:00:00Z
2026-10-06T00:35:30.783899Z,refresh,17905,1761306,25,6,1,0,1791331200,2026-10-07T00:00:00Z
2026-10-06T00:35:30.783899Z,refresh,17906,1761307,105,16,1,0,1791331200,2026-10-07T00:00:00Z
2026-10-06T00:35:30.783899Z,refresh,17907,1761308,105,4,1,0,1791331200,2026-10-07T00:00:00Z
2026-10-06T00:35:30.783899Z,refresh,17908,1761309,5,1,1,0,1791331200,2026-10-07T00:00:00Z
2026-10-06T00:35:30.783899Z,refresh,17910,1761314,5,1,1,0,1791331200,2026-10-07T00:00:00Z
2026-10-06T00:35:30.783899Z,refresh,18684,1761200,5,0,1,0,1791331200,2026-10-07T00:00:00Z
2026-10-06T00:35:30.783899Z,refresh,18685,1761201,5,1,1,0,1791331200,2026-10-07T00:00:00Z
2026-10-06T00:35:30.783899Z,refresh,18686,1761202,5,1,1,0,1791331200,2026-10-07T00:00:00Z
2026-10-06T00:35:30.783899Z,refresh,18687,1761203,5,1,1,0,1791331200,2026-10-07T00:00:00Z
2026-10-06T00:35:30.783899Z,refresh,18688,1761204,5,1,1,0,1791331200,2026-10-07T00:00:00Z
2026-10-06T00:35:30.783899Z,refresh,18689,1761205,55,12,1,0,1791331200,2026-10-07T00:00:00Z
2026-10-06T00:35:30.783899Z,refresh,18690,1761206,105,22,1,0,1791331200,2026-10-07T00:00:00Z
2026-10-06T00:35:30.783899Z,refresh,18691,1761207,5,1,1,0,1791331200,2026-10-07T00:00:00Z
2026-10-06T00:35:30.783899Z,refresh,18692,1761208,5,1,1,0,1791331200,2026-10-07T00:00:00Z
2026-10-06T00:35:30.783899Z,refresh,18693,1761209,5,1,1,0,1791331200,2026-10-07T00:00:00Z
2026-10-06T00:35:30.783899Z,refresh,18694,1761210,5,0,1,0,1791331200,2026-10-07T00:00:00Z
2026-10-06T00:35:30.783899Z,refresh,18695,1761211,5,0,1,0,1791331200,2026-10-07T00:00:00Z
2026-10-06T00:35:30.783899Z,refresh,18696,1761212,5,0,1,0,1791331200,2026-10-07T00:00:00Z
2026-10-06T00:35:30.783899Z,refresh,18697,1761213,5,0,1,0,1791331200,2026-10-07T00:00:00Z
2026-10-06T00:35:30.783899Z,refresh,18698,1761214,5,0,1,0,1791331200,2026-10-07T00:00:00Z
2026-10-06T00:35:30.783899Z,refresh,18699,1761215,5,0,1,0,1791331200,2026-10-07T00:00:00Z
2026-10-06T00:35:30.783899Z,refresh,18700,1761216,5,1,1,0,1791331200,2026-10-07T00:00:00Z
2026-10-06T00:35:30.783899Z,refresh,18701,1761217,320,19,1,0,1791331200,2026-10-07T00:00:00Z
2026-10-06T00:35:30.783899Z,refresh,18702,1761218,460,48,1,0,1791331200,2026-10-07T00:00:00Z
2026-10-06T00:35:30.783899Z,refresh,18703,1761219,55,5,1,0,1791331200,2026-10-07T00:00:00Z
2026-10-06T00:35:30.783899Z,refresh,18721,1761236,10,2,1,0,1791331200,2026-10-07T00:00:00Z
2026-10-06T00:35:30.783899Z,refresh,18722,1761237,55,12,1,0,1791331200,2026-10-07T00:00:00Z
2026-10-06T00:35:30.783899Z,refresh,18723,1761238,5,1,1,0,1791331200,2026-10-07T00:00:00Z
2026-10-06T00:35:30.783899Z,refresh,18724,1761239,5,1,1,0,1791331200,2026-10-07T00:00:00Z
2026-10-06T00:35:30.783899Z,refresh,18725,1761240,5,1,1,0,1791331200,2026-10-07T00:00:00Z
2026-10-06T00:35:30.783899Z,refresh,18726,1761241,5,1,1,0,1791331200,2026-10-07T00:00:00Z
2026-10-06T00:35:30.783899Z,refresh,18727,1761242,5,1,1,0,1791331200,2026-10-07T00:00:00Z
2026-10-06T00:35:30.783899Z,refresh,18728,1761243,5,1,1,0,1791331200,2026-10-07T00:00:00Z
2026-10-06T00:35:30.783899Z,refresh,18729,1761244,5,1,1,0,1791331200,2026-10-07T00:00:00Z
2026-10-06T00:35:30.783899Z,refresh,18730,1761245,5,1,1,0,1791331200,2026-10-07T00:00:00Z
2026-10-06T00:35:30.783899Z,refresh,18731,1761246,5,0,1,0,1791331200,2026-10-07T00:00:00Z
2026-10-06T00:35:30.783899Z,refresh,18732,1761310,5,1,1,0,1791331200,2026-10-07T00:00:00Z
2026-10-06T00:35:30.783899Z,refresh,18733,1761311,10,2,1,0,1791331200,2026-10-07T00:00:00Z
2026-10-06T00:35:30.783899Z,refresh,18734,1761312,10,2,1,0,1791331200,2026-10-07T00:00:00Z
2026-10-06T00:35:30.783899Z,refresh,18735,1761313,50,7,1,0,1791331200,2026-10-07T00:00:00Z
2026-10-06T00:35:30.783899Z,refresh,17125,1779931,65,14,1,0,1791333000,2026-10-07T00:30:00Z
2026-10-06T01:26:19.820058Z,refresh,10000,1761139,105,2,1,0,1791324000,2026-10-06T22:00:00Z
2026-10-06T01:26:19.820058Z,refresh,10001,1761140,100,0,1,0,1791324000,2026-10-06T22:00:00Z
2026-10-06T01:26:19.820058Z,refresh,10002,1761141,100,1,1,0,1791324000,2026-10-06T22:00:00Z
2026-10-06T01:26:19.820058Z,refresh,10003,1761142,1025,12,1,0,1791324000,2026-10-06T22:00:00Z
2026-10-06T01:26:19.820058Z,refresh,10004,1761143,1525,8,1,0,1791324000,2026-10-06T22:00:00Z
2026-10-06T01:26:19.820058Z,refresh,10005,1761144,3050,19,1,0,1791324000,2026-10-06T22:00:00Z
2026-10-06T01:26:19.820058Z,refresh,10006,1761145,310,16,1,0,1791324000,2026-10-06T22:00:00Z
2026-10-06T01:26:19.820058Z,refresh,10007,1761146,505,4,1,0,1791324000,2026-10-06T22:00:00Z
2026-10-06T01:26:19.820058Z,refresh,10008,1761147,9050,37,1,0,1791324000,2026-10-06T22:00:00Z
2026-10-06T01:26:19.820058Z,refresh,10009,1761148,25600,31,1,0,1791324000,2026-10-06T22:00:00Z
2026-10-06T01:26:19.820058Z,refresh,10010,1761149,10550,151,1,0,1791324000,2026-10-06T22:00:00Z
2026-10-06T01:26:19.820058Z,refresh,10011,1761150,20100,191,1,0,1791324000,2026-10-06T22:00:00Z
2026-10-06T01:26:19.820058Z,refresh,10012,1761151,20100,59,1,0,1791324000,2026-10-06T22:00:00Z
2026-10-06T01:26:19.820058Z,refresh,10013,1761152,50000,95,1,0,1791324000,2026-10-06T22:00:00Z
2026-10-06T01:26:19.820058Z,refresh,10014,1761153,22850,59,1,0,1791324000,2026-10-06T22:00:00Z
2026-10-06T01:26:19.820058Z,refresh,10015,1761154,20900,35,1,0,1791324000,2026-10-06T22:00:00Z
2026-10-06T01:26:19.820058Z,refresh,10016,1761155,14600,26,1,0,1791324000,2026-10-06T22:00:00Z
2026-10-06T01:26:19.820058Z,refresh,10017,1761156,42750,57,1,0,1791324000,2026-10-06T22:00:00Z
2026-10-06T01:26:19.820058Z,refresh,10018,1761157,1250,5,1,0,1791324000,2026-10-06T22:00:00Z
2026-10-06T01:26:19.820058Z,refresh,10019,1761158,1025,28,1,0,1791324000,2026-10-06T22:00:00Z
2026-10-06T01:26:19.820058Z,refresh,10050,1761119,2100,17,1,0,1791325800,2026-10-06T22:30:00Z
2026-10-06T01:26:19.820058Z,refresh,10051,1761120,705,3,1,0,1791325800,2026-10-06T22:30:00Z
2026-10-06T01:26:19.820058Z,refresh,10052,1761121,1550,14,1,0,1791325800,2026-10-06T22:30:00Z
2026-10-06T01:26:19.820058Z,refresh,10053,1761122,2450,24,1,0,1791325800,2026-10-06T22:30:00Z
2026-10-06T01:26:19.820058Z,refresh,10054,1761123,1550,35,1,0,1791325800,2026-10-06T22:30:00Z
2026-10-06T01:26:19.820058Z,refresh,10055,1761124,325,5,1,0,1791325800,2026-10-06T22:30:00Z
2026-10-06T01:26:19.820058Z,refresh,10056,1761125,120,5,1,0,1791325800,2026-10-06T22:30:00Z
2026-10-06T01:26:19.820058Z,refresh,10057,1761126,305,3,1,0,1791325800,2026-10-06T22:30:00Z
2026-10-06T01:26:19.820058Z,refresh,10058,1761127,505,3,1,0,1791325800,2026-10-06T22:30:00Z
2026-10-06T01:26:19.820058Z,refresh,10059,1761128,1025,14,1,0,1791325800,2026-10-06T22:30:00Z
2026-10-06T01:26:19.820058Z,refresh,10060,1761129,7800,63,1,0,1791325800,2026-10-06T22:30:00Z
2026-10-06T01:26:19.820058Z,refresh,10061,1761130,100,1,1,0,1791325800,2026-10-06T22:30:00Z
2026-10-06T01:26:19.820058Z,refresh,10062,1761131,6150,136,1,0,1791325800,2026-10-06T22:30:00Z
2026-10-06T01:26:19.820058Z,refresh,10063,1761132,1525,15,1,0,1791325800,2026-10-06T22:30:00Z
2026-10-06T01:26:19.820058Z,refresh,10064,1761133,1600,21,1,0,1791325800,2026-10-06T22:30:00Z
2026-10-06T01:26:19.820058Z,refresh,10065,1761134,1550,42,1,0,1791325800,2026-10-06T22:30:00Z
2026-10-06T01:26:19.820058Z,refresh,10066,1761135,1550,14,1,0,1791325800,2026-10-06T22:30:00Z
2026-10-06T01:26:19.820058Z,refresh,10067,1761136,1550,5,1,0,1791325800,2026-10-06T22:30:00Z
2026-10-06T01:26:19.820058Z,refresh,10068,1761137,1550,5,1,0,1791325800,2026-10-06T22:30:00Z
2026-10-06T01:26:19.820058Z,refresh,10069,1761138,1120,65,1,0,1791325800,2026-10-06T22:30:00Z
2026-10-06T01:26:19.820058Z,refresh,17100,1761063,105,2,1,0,1791327600,2026-10-06T23:00:00Z
2026-10-06T01:26:19.820058Z,refresh,17101,1761064,105,2,1,0,1791327600,2026-10-06T23:00:00Z
2026-10-06T01:26:19.820058Z,refresh,17102,1761065,100,1,1,0,1791327600,2026-10-06T23:00:00Z
2026-10-06T01:26:19.820058Z,refresh,17103,1761066,100,1,1,0,1791327600,2026-10-06T23:00:00Z
2026-10-06T01:26:19.820058Z,refresh,17104,1761067,100,1,1,0,1791327600,2026-10-06T23:00:00Z
2026-10-06T01:26:19.820058Z,refresh,17105,1761068,100,1,1,0,1791327600,2026-10-06T23:00:00Z
2026-10-06T01:26:19.820058Z,refresh,17106,1761069,100,1,1,0,1791327600,2026-10-06T23:00:00Z
2026-10-06T01:26:19.820058Z,refresh,17107,1761070,100,1,1,0,1791327600,2026-10-06T23:00:00Z
2026-10-06T01:26:19.820058Z,refresh,17108,1761071,110,3,1,0,1791327600,2026-10-06T23:00:00Z
2026-10-06T01:26:19.820058Z,refresh,17109,1761072,100,1,1,0,1791327600,2026-10-06T23:00:00Z
2026-10-06T01:26:19.820058Z,refresh,17110,1761073,100,1,1,0,1791327600,2026-10-06T23:00:00Z
2026-10-06T01:26:19.820058Z,refresh,17111,1761074,100,1,1,0,1791327600,2026-10-06T23:00:00Z
2026-10-06T01:26:19.820058Z,refresh,17112,1761075,100,1,1,0,1791327600,2026-10-06T23:00:00Z
2026-10-06T01:26:19.820058Z,refresh,17113,1761076,100,1,1,0,1791327600,2026-10-06T23:00:00Z
2026-10-06T01:26:19.820058Z,refresh,17114,1761077,100,1,1,0,1791327600,2026-10-06T23:00:00Z
2026-10-06T01:26:19.820058Z,refresh,17115,1761078,105,2,1,0,1791327600,2026-10-06T23:00:00Z
2026-10-06T01:26:19.820058Z,refresh,17116,1761079,100,1,1,0,1791327600,2026-10-06T23:00:00Z
2026-10-06T01:26:19.820058Z,refresh,17117,1761080,100,1,1,0,1791327600,2026-10-06T23:00:00Z
2026-10-06T01:26:19.820058Z,refresh,17118,1761081,105,2,1,0,1791327600,2026-10-06T23:00:00Z
2026-10-06T01:26:19.820058Z,refresh,17119,1761082,100,1,1,0,1791327600,2026-10-06T23:00:00Z
2026-10-06T01:26:19.820058Z,refresh,17120,1761083,100,1,1,0,1791327600,2026-10-06T23:00:00Z
2026-10-06T01:26:19.820058Z,refresh,17121,1761084,100,1,1,0,1791327600,2026-10-06T23:00:00Z
2026-10-06T01:26:19.820058Z,refresh,17122,1761085,100,1,1,0,1791327600,2026-10-06T23:00:00Z
2026-10-06T01:26:19.820058Z,refresh,10020,1761159,15050,109,1,0,1791329400,2026-10-06T23:30:00Z
2026-10-06T01:26:19.820058Z,refresh,10021,1761160,5,1,1,0,1791329400,2026-10-06T23:30:00Z
2026-10-06T01:26:19.820058Z,refresh,10022,1761161,310,38,1,0,1791329400,2026-10-06T23:30:00Z
2026-10-06T01:26:19.820058Z,refresh,10023,1761162,550,47,1,0,1791329400,2026-10-06T23:30:00Z
2026-10-06T01:26:19.820058Z,refresh,10024,1761163,5,1,1,0,1791329400,2026-10-06T23:30:00Z
2026-10-06T01:26:19.820058Z,refresh,10025,1761164,5,0,1,0,1791329400,2026-10-06T23:30:00Z
2026-10-06T01:26:19.820058Z,refresh,17850,1761247,5,0,1,0,1791329400,2026-10-06T23:30:00Z
2026-10-06T01:26:19.820058Z,refresh,17851,1761248,5,1,1,0,1791329400,2026-10-06T23:30:00Z
2026-10-06T01:26:19.820058Z,refresh,17852,1761249,370,13,1,0,1791329400,2026-10-06T23:30:00Z
2026-10-06T01:26:19.820058Z,refresh,17853,1761250,1350,46,1,0,1791329400,2026-10-06T23:30:00Z
2026-10-06T01:26:19.820058Z,refresh,17854,1761251,155,10,1,0,1791329400,2026-10-06T23:30:00Z
2026-10-06T01:26:19.820058Z,refresh,17855,1761252,10,2,1,0,1791329400,2026-10-06T23:30:00Z
2026-10-06T01:26:19.820058Z,refresh,17856,1761253,105,5,1,0,1791329400,2026-10-06T23:30:00Z
2026-10-06T01:26:19.820058Z,refresh,17857,1761254,5,1,1,0,1791329400,2026-10-06T23:30:00Z
2026-10-06T01:26:19.820058Z,refresh,17858,1761255,10,2,1,0,1791329400,2026-10-06T23:30:00Z
2026-10-06T01:26:19.820058Z,refresh,17859,1761256,5,1,1,0,1791329400,2026-10-06T23:30:00Z
2026-10-06T01:26:19.820058Z,refresh,17860,1761257,5,1,1,0,1791329400,2026-10-06T23:30:00Z
2026-10-06T01:26:19.820058Z,refresh,17861,1761258,5,1,1,0,1791329400,2026-10-06T23:30:00Z
2026-10-06T01:26:19.820058Z,refresh,17862,1761259,5,1,1,0,1791329400,2026-10-06T23:30:00Z
2026-10-06T01:26:19.820058Z,refresh,17863,1761260,5,1,1,0,1791329400,2026-10-06T23:30:00Z
2026-10-06T01:26:19.820058Z,refresh,17864,1761262,5,1,1,0,1791329400,2026-10-06T23:30:00Z
2026-10-06T01:26:19.820058Z,refresh,17865,1761263,15,3,1,0,1791329400,2026-10-06T23:30:00Z
2026-10-06T01:26:19.820058Z,refresh,17909,1761086,5,0,1,0,1791329400,2026-10-06T23:30:00Z
2026-10-06T01:26:19.820058Z,refresh,17911,1761088,5,0,1,0,1791329400,2026-10-06T23:30:00Z
2026-10-06T01:26:19.820058Z,refresh,17912,1761089,5,0,1,0,1791329400,2026-10-06T23:30:00Z
2026-10-06T01:26:19.820058Z,refresh,17913,1761090,5,0,1,0,1791329400,2026-10-06T23:30:00Z
2026-10-06T01:26:19.820058Z,refresh,17914,1761091,5,0,1,0,1791329400,2026-10-06T23:30:00Z
2026-10-06T01:26:19.820058Z,refresh,17915,1761092,5,0,1,0,1791329400,2026-10-06T23:30:00Z
2026-10-06T01:26:19.820058Z,refresh,17916,1761093,5,0,1,0,1791329400,2026-10-06T23:30:00Z
2026-10-06T01:26:19.820058Z,refresh,17917,1761094,5,1,1,0,1791329400,2026-10-06T23:30:00Z
2026-10-06T01:26:19.820058Z,refresh,17918,1761095,5,0,1,0,1791329400,2026-10-06T23:30:00Z
2026-10-06T01:26:19.820058Z,refresh,17919,1761096,5,0,1,0,1791329400,2026-10-06T23:30:00Z
2026-10-06T01:26:19.820058Z,refresh,17920,1761097,5,1,1,0,1791329400,2026-10-06T23:30:00Z
2026-10-06T01:26:19.820058Z,refresh,17921,1761098,5,1,1,0,1791329400,2026-10-06T23:30:00Z
2026-10-06T01:26:19.820058Z,refresh,17922,1761099,5,0,1,0,1791329400,2026-10-06T23:30:00Z
2026-10-06T01:26:19.820058Z,refresh,17923,1761100,5,0,1,0,1791329400,2026-10-06T23:30:00Z
2026-10-06T01:26:19.820058Z,refresh,17924,1761101,10,2,1,0,1791329400,2026-10-06T23:30:00Z
2026-10-06T01:26:19.820058Z,refresh,17925,1761102,5,1,1,0,1791329400,2026-10-06T23:30:00Z
2026-10-06T01:26:19.820058Z,refresh,17926,1761103,5,1,1,0,1791329400,2026-10-06T23:30:00Z
2026-10-06T01:26:19.820058Z,refresh,17927,1761104,105,5,1,0,1791329400,2026-10-06T23:30:00Z
2026-10-06T01:26:19.820058Z,refresh,17928,1761105,5,1,1,0,1791329400,2026-10-06T23:30:00Z
2026-10-06T01:26:19.820058Z,refresh,17929,1761106,5,1,1,0,1791329400,2026-10-06T23:30:00Z
2026-10-06T01:26:19.820058Z,refresh,17930,1761107,5,1,1,0,1791329400,2026-10-06T23:30:00Z
2026-10-06T01:26:19.820058Z,refresh,17931,1761108,15,4,1,0,1791329400,2026-10-06T23:30:00Z
2026-10-06T01:26:19.820058Z,refresh,17932,1761109,5,1,1,0,1791329400,2026-10-06T23:30:00Z
2026-10-06T01:26:19.820058Z,refresh,17933,1761110,5,1,1,0,1791329400,2026-10-06T23:30:00Z
2026-10-06T01:26:19.820058Z,refresh,17934,1761111,5,0,1,0,1791329400,2026-10-06T23:30:00Z
2026-10-06T01:26:19.820058Z,refresh,17935,1761112,5,0,1,0,1791329400,2026-10-06T23:30:00Z
2026-10-06T01:26:19.820058Z,refresh,17936,1761113,5,0,1,0,1791329400,2026-10-06T23:30:00Z
2026-10-06T01:26:19.820058Z,refresh,17937,1761114,5,1,1,0,1791329400,2026-10-06T23:30:00Z
2026-10-06T01:26:19.820058Z,refresh,17938,1761115,5,1,1,0,1791329400,2026-10-06T23:30:00Z
2026-10-06T01:26:19.820058Z,refresh,17939,1761116,5,1,1,0,1791329400,2026-10-06T23:30:00Z
2026-10-06T01:26:19.820058Z,refresh,17940,1761117,10,2,1,0,1791329400,2026-10-06T23:30:00Z
2026-10-06T01:26:19.820058Z,refresh,17941,1761118,410,18,1,0,1791329400,2026-10-06T23:30:00Z
2026-10-06T01:26:19.820058Z,refresh,18650,1761165,5,1,1,0,1791329400,2026-10-06T23:30:00Z
2026-10-06T01:26:19.820058Z,refresh,18651,1761166,35,8,1,0,1791329400,2026-10-06T23:30:00Z
2026-10-06T01:26:19.820058Z,refresh,18652,1761167,5,1,1,0,1791329400,2026-10-06T23:30:00Z
2026-10-06T01:26:19.820058Z,refresh,18653,1761168,5,1,1,0,1791329400,2026-10-06T23:30:00Z
2026-10-06T01:26:19.820058Z,refresh,18654,1761169,10,2,1,0,1791329400,2026-10-06T23:30:00Z
2026-10-06T01:26:19.820058Z,refresh,18655,1761170,5,1,1,0,1791329400,2026-10-06T23:30:00Z
2026-10-06T01:26:19.820058Z,refresh,18656,1761171,5,1,1,0,1791329400,2026-10-06T23:30:00Z
2026-10-06T01:26:19.820058Z,refresh,18657,1761172,5,1,1,0,1791329400,2026-10-06T23:30:00Z
2026-10-06T01:26:19.820058Z,refresh,18658,1761173,5,1,1,0,1791329400,2026-10-06T23:30:00Z
2026-10-06T01:26:19.820058Z,refresh,18659,1761174,5,1,1,0,1791329400,2026-10-06T23:30:00Z
2026-10-06T01:26:19.820058Z,refresh,18660,1761175,285,54,1,0,1791329400,2026-10-06T23:30:00Z
2026-10-06T01:26:19.820058Z,refresh,18661,1761176,25,6,1,0,1791329400,2026-10-06T23:30:00Z
2026-10-06T01:26:19.820058Z,refresh,18662,1761177,5,1,1,0,1791329400,2026-10-06T23:30:00Z
2026-10-06T01:26:19.820058Z,refresh,18663,1761178,5,1,1,0,1791329400,2026-10-06T23:30:00Z
2026-10-06T01:26:19.820058Z,refresh,18664,1761179,215,21,1,0,1791329400,2026-10-06T23:30:00Z
2026-10-06T01:26:19.820058Z,refresh,18665,1761180,205,33,1,0,1791329400,2026-10-06T23:30:00Z
2026-10-06T01:26:19.820058Z,refresh,18666,1761181,34,5,1,0,1791329400,2026-10-06T23:30:00Z
2026-10-06T01:26:19.820058Z,refresh,18667,1761182,5,0,1,0,1791329400,2026-10-06T23:30:00Z
2026-10-06T01:26:19.820058Z,refresh,18668,1761183,5,0,1,0,1791329400,2026-10-06T23:30:00Z
2026-10-06T01:26:19.820058Z,refresh,18669,1761184,55,10,1,0,1791329400,2026-10-06T23:30:00Z
2026-10-06T01:26:19.820058Z,refresh,18670,1761185,5,1,1,0,1791329400,2026-10-06T23:30:00Z
2026-10-06T01:26:19.820058Z,refresh,18671,1761186,105,21,1,0,1791329400,2026-10-06T23:30:00Z
2026-10-06T01:26:19.820058Z,refresh,18672,1761187,105,22,1,0,1791329400,2026-10-06T23:30:00Z
2026-10-06T01:26:19.820058Z,refresh,18673,1761188,24,5,1,0,1791329400,2026-10-06T23:30:00Z
2026-10-06T01:26:19.820058Z,refresh,18674,1761189,10,2,1,0,1791329400,2026-10-06T23:30:00Z
2026-10-06T01:26:19.820058Z,refresh,18675,1761190,55,12,1,0,1791329400,2026-10-06T23:30:00Z
2026-10-06T01:26:19.820058Z,refresh,18676,1761191,5,1,1,0,1791329400,2026-10-06T23:30:00Z
2026-10-06T01:26:19.820058Z,refresh,18677,1761192,35,8,1,0,1791329400,2026-10-06T23:30:00Z
2026-10-06T01:26:19.820058Z,refresh,18678,1761194,20,5,1,0,1791329400,2026-10-06T23:30:00Z
2026-10-06T01:26:19.820058Z,refresh,18679,1761195,5,1,1,0,1791329400,2026-10-06T23:30:00Z
2026-10-06T01:26:19.820058Z,refresh,18680,1761196,55,12,1,0,1791329400,2026-10-06T23:30:00Z
2026-10-06T01:26:19.820058Z,refresh,18681,1761197,70,11,1,0,1791329400,2026-10-06T23:30:00Z
2026-10-06T01:26:19.820058Z,refresh,18682,1761198,10,2,1,0,1791329400,2026-10-06T23:30:00Z
2026-10-06T01:26:19.820058Z,refresh,18683,1761199,5,1,1,0,1791329400,2026-10-06T23:30:00Z
2026-10-06T01:26:19.820058Z,refresh,18705,1761220,5,0,1,0,1791329400,2026-10-06T23:30:00Z
2026-10-06T01:26:19.820058Z,refresh,18706,1761221,5,0,1,0,1791329400,2026-10-06T23:30:00Z
2026-10-06T01:26:19.820058Z,refresh,18707,1761222,10,2,1,0,1791329400,2026-10-06T23:30:00Z
2026-10-06T01:26:19.820058Z,refresh,18708,1761223,45,6,1,0,1791329400,2026-10-06T23:30:00Z
2026-10-06T01:26:19.820058Z,refresh,18709,1761224,5,0,1,0,1791329400,2026-10-06T23:30:00Z
2026-10-06T01:26:19.820058Z,refresh,18710,1761225,5,0,1,0,1791329400,2026-10-06T23:30:00Z
2026-10-06T01:26:19.820058Z,refresh,18711,1761226,5,0,1,0,1791329400,2026-10-06T23:30:00Z
2026-10-06T01:26:19.820058Z,refresh,18712,1761227,5,1,1,0,1791329400,2026-10-06T23:30:00Z
2026-10-06T01:26:19.820058Z,refresh,18713,1761228,10,2,1,0,1791329400,2026-10-06T23:30:00Z
2026-10-06T01:26:19.820058Z,refresh,18714,1761229,5,1,1,0,1791329400,2026-10-06T23:30:00Z
2026-10-06T01:26:19.820058Z,refresh,18715,1761230,5,0,1,0,1791329400,2026-10-06T23:30:00Z
2026-10-06T01:26:19.820058Z,refresh,18716,1761231,155,5,1,0,1791329400,2026-10-06T23:30:00Z
2026-10-06T01:26:19.820058Z,refresh,18717,1761232,205,6,1,0,1791329400,2026-10-06T23:30:00Z
2026-10-06T01:26:19.820058Z,refresh,18718,1761233,105,22,1,0,1791329400,2026-10-06T23:30:00Z
2026-10-06T01:26:19.820058Z,refresh,18719,1761234,5,0,1,0,1791329400,2026-10-06T23:30:00Z
2026-10-06T01:26:19.820058Z,refresh,18720,1761235,5,0,1,0,1791329400,2026-10-06T23:30:00Z
2026-10-06T01:26:19.820058Z,refresh,17866,1761264,5,1,1,0,1791331200,2026-10-07T00:00:00Z
2026-10-06T01:26:19.820058Z,refresh,17867,1761265,10,2,1,0,1791331200,2026-10-07T00:00:00Z
2026-10-06T01:26:19.820058Z,refresh,17868,1761266,5,1,1,0,1791331200,2026-10-07T00:00:00Z
2026-10-06T01:26:19.820058Z,refresh,17869,1761268,10,2,1,0,1791331200,2026-10-07T00:00:00Z
2026-10-06T01:26:19.820058Z,refresh,17870,1761269,5,1,1,0,1791331200,2026-10-07T00:00:00Z
2026-10-06T01:26:19.820058Z,refresh,17871,1761270,5,1,1,0,1791331200,2026-10-07T00:00:00Z
2026-10-06T01:26:19.820058Z,refresh,17872,1761271,5,0,1,0,1791331200,2026-10-07T00:00:00Z
2026-10-06T01:26:19.820058Z,refresh,17873,1761272,10,2,1,0,1791331200,2026-10-07T00:00:00Z
2026-10-06T01:26:19.820058Z,refresh,17874,1761273,5,0,1,0,1791331200,2026-10-07T00:00:00Z
2026-10-06T01:26:19.820058Z,refresh,17875,1761274,105,13,1,0,1791331200,2026-10-07T00:00:00Z
2026-10-06T01:26:19.820058Z,refresh,17876,1761275,5,1,1,0,1791331200,2026-10-07T00:00:00Z
2026-10-06T01:26:19.820058Z,refresh,17877,1761276,5,1,1,0,1791331200,2026-10-07T00:00:00Z
2026-10-06T01:26:19.820058Z,refresh,17878,1761277,5,1,1,0,1791331200,2026-10-07T00:00:00Z
2026-10-06T01:26:19.820058Z,refresh,17879,1761278,5,1,1,0,1791331200,2026-10-07T00:00:00Z
2026-10-06T01:26:19.820058Z,refresh,17880,1761279,155,5,1,0,1791331200,2026-10-07T00:00:00Z
2026-10-06T01:26:19.820058Z,refresh,17881,1761280,10,2,1,0,1791331200,2026-10-07T00:00:00Z
2026-10-06T01:26:19.820058Z,refresh,17882,1761281,10,2,1,0,1791331200,2026-10-07T00:00:00Z
2026-10-06T01:26:19.820058Z,refresh,17883,1761282,34,7,1,0,1791331200,2026-10-07T00:00:00Z
2026-10-06T01:26:19.820058Z,refresh,17884,1761283,10,2,1,0,1791331200,2026-10-07T00:00:00Z
2026-10-06T01:26:19.820058Z,refresh,17885,1761284,5,1,1,0,1791331200,2026-10-07T00:00:00Z
2026-10-06T01:26:19.820058Z,refresh,17886,1761285,5,1,1,0,1791331200,2026-10-07T00:00:00Z
2026-10-06T01:26:19.820058Z,refresh,17887,1761286,5,1,1,0,1791331200,2026-10-07T00:00:00Z
2026-10-06T01:26:19.820058Z,refresh,17888,1761287,5,0,1,0,1791331200,2026-10-07T00:00:00Z
2026-10-06T01:26:19.820058Z,refresh,17889,1761288,105,12,1,0,1791331200,2026-10-07T00:00:00Z
2026-10-06T01:26:19.820058Z,refresh,17890,1761289,10,2,1,0,1791331200,2026-10-07T00:00:00Z
2026-10-06T01:26:19.820058Z,refresh,17891,1761291,575,50,1,0,1791331200,2026-10-07T00:00:00Z
2026-10-06T01:26:19.820058Z,refresh,17892,1761292,255,52,1,0,1791331200,2026-10-07T00:00:00Z
2026-10-06T01:26:19.820058Z,refresh,17893,1761293,5,1,1,0,1791331200,2026-10-07T00:00:00Z
2026-10-06T01:26:19.820058Z,refresh,17894,1761294,10,2,1,0,1791331200,2026-10-07T00:00:00Z
2026-10-06T01:26:19.820058Z,refresh,17895,1761295,114,24,1,0,1791331200,2026-10-07T00:00:00Z
2026-10-06T01:26:19.820058Z,refresh,17896,1761296,10,2,1,0,1791331200,2026-10-07T00:00:00Z
2026-10-06T01:26:19.820058Z,refresh,17897,1761297,55,12,1,0,1791331200,2026-10-07T00:00:00Z
2026-10-06T01:26:19.820058Z,refresh,17898,1761298,5,1,1,0,1791331200,2026-10-07T00:00:00Z
2026-10-06T01:26:19.820058Z,refresh,17899,1761299,10,2,1,0,1791331200,2026-10-07T00:00:00Z
2026-10-06T01:26:19.820058Z,refresh,17900,1761300,5,1,1,0,1791331200,2026-10-07T00:00:00Z
2026-10-06T01:26:19.820058Z,refresh,17901,1761301,31,7,1,0,1791331200,2026-10-07T00:00:00Z
2026-10-06T01:26:19.820058Z,refresh,17902,1761303,5,0,1,0,1791331200,2026-10-07T00:00:00Z
2026-10-06T01:26:19.820058Z,refresh,17903,1761304,370,53,1,0,1791331200,2026-10-07T00:00:00Z
2026-10-06T01:26:19.820058Z,refresh,17904,1761305,15,3,1,0,1791331200,2026-10-07T00:00:00Z
2026-10-06T01:26:19.820058Z,refresh,17905,1761306,25,6,1,0,1791331200,2026-10-07T00:00:00Z
2026-10-06T01:26:19.820058Z,refresh,17906,1761307,105,16,1,0,1791331200,2026-10-07T00:00:00Z
2026-10-06T01:26:19.820058Z,refresh,17907,1761308,105,4,1,0,1791331200,2026-10-07T00:00:00Z
2026-10-06T01:26:19.820058Z,refresh,17908,1761309,5,1,1,0,1791331200,2026-10-07T00:00:00Z
2026-10-06T01:26:19.820058Z,refresh,17910,1761314,5,1,1,0,1791331200,2026-10-07T00:00:00Z
2026-10-06T01:26:19.820058Z,refresh,18684,1761200,5,0,1,0,1791331200,2026-10-07T00:00:00Z
2026-10-06T01:26:19.820058Z,refresh,18685,1761201,5,1,1,0,1791331200,2026-10-07T00:00:00Z
2026-10-06T01:26:19.820058Z,refresh,18686,1761202,5,1,1,0,1791331200,2026-10-07T00:00:00Z
2026-10-06T01:26:19.820058Z,refresh,18687,1761203,5,1,1,0,1791331200,2026-10-07T00:00:00Z
2026-10-06T01:26:19.820058Z,refresh,18688,1761204,5,1,1,0,1791331200,2026-10-07T00:00:00Z
2026-10-06T01:26:19.820058Z,refresh,18689,1761205,55,12,1,0,1791331200,2026-10-07T00:00:00Z
2026-10-06T01:26:19.820058Z,refresh,18690,1761206,105,22,1,0,1791331200,2026-10-07T00:00:00Z
2026-10-06T01:26:19.820058Z,refresh,18691,1761207,5,1,1,0,1791331200,2026-10-07T00:00:00Z
2026-10-06T01:26:19.820058Z,refresh,18692,1761208,5,1,1,0,1791331200,2026-10-07T00:00:00Z
2026-10-06T01:26:19.820058Z,refresh,18693,1761209,5,1,1,0,1791331200,2026-10-07T00:00:00Z
2026-10-06T01:26:19.820058Z,refresh,18694,1761210,5,1,1,0,1791331200,2026-10-07T00:00:00Z
2026-10-06T01:26:19.820058Z,refresh,18695,1761211,5,1,1,0,1791331200,2026-10-07T00:00:00Z
2026-10-06T01:26:19.820058Z,refresh,18696,1761212,5,1,1,0,1791331200,2026-10-07T00:00:00Z
2026-10-06T01:26:19.820058Z,refresh,18697,1761213,5,1,1,0,1791331200,2026-10-07T00:00:00Z
2026-10-06T01:26:19.820058Z,refresh,18698,1761214,5,1,1,0,1791331200,2026-10-07T00:00:00Z
2026-10-06T01:26:19.820058Z,refresh,18699,1761215,5,1,1,0,1791331200,2026-10-07T00:00:00Z
2026-10-06T01:26:19.820058Z,refresh,18700,1761216,5,1,1,0,1791331200,2026-10-07T00:00:00Z
2026-10-06T01:26:19.820058Z,refresh,18701,1761217,320,19,1,0,1791331200,2026-10-07T00:00:00Z
2026-10-06T01:26:19.820058Z,refresh,18702,1761218,460,48,1,0,1791331200,2026-10-07T00:00:00Z
2026-10-06T01:26:19.820058Z,refresh,18703,1761219,55,5,1,0,1791331200,2026-10-07T00:00:00Z
2026-10-06T01:26:19.820058Z,refresh,18721,1761236,10,2,1,0,1791331200,2026-10-07T00:00:00Z
2026-10-06T01:26:19.820058Z,refresh,18722,1761237,55,12,1,0,1791331200,2026-10-07T00:00:00Z
2026-10-06T01:26:19.820058Z,refresh,18723,1761238,5,1,1,0,1791331200,2026-10-07T00:00:00Z
2026-10-06T01:26:19.820058Z,refresh,18724,1761239,5,1,1,0,1791331200,2026-10-07T00:00:00Z
2026-10-06T01:26:19.820058Z,refresh,18725,1761240,5,1,1,0,1791331200,2026-10-07T00:00:00Z
2026-10-06T01:26:19.820058Z,refresh,18726,1761241,5,1,1,0,1791331200,2026-10-07T00:00:00Z
2026-10-06T01:26:19.820058Z,refresh,18727,1761242,5,1,1,0,1791331200,2026-10-07T00:00:00Z
2026-10-06T01:26:19.820058Z,refresh,18728,1761243,5,1,1,0,1791331200,2026-10-07T00:00:00Z
2026-10-06T01:26:19.820058Z,refresh,18729,1761244,10,2,1,0,1791331200,2026-10-07T00:00:00Z
2026-10-06T01:26:19.820058Z,refresh,18730,1761245,5,1,1,0,1791331200,2026-10-07T00:00:00Z
2026-10-06T01:26:19.820058Z,refresh,18731,1761246,5,0,1,0,1791331200,2026-10-07T00:00:00Z
2026-10-06T01:26:19.820058Z,refresh,18732,1761310,5,1,1,0,1791331200,2026-10-07T00:00:00Z
2026-10-06T01:26:19.820058Z,refresh,18733,1761311,10,2,1,0,1791331200,2026-10-07T00:00:00Z
2026-10-06T01:26:19.820058Z,refresh,18734,1761312,10,2,1,0,1791331200,2026-10-07T00:00:00Z
2026-10-06T01:26:19.820058Z,refresh,18735,1761313,50,7,1,0,1791331200,2026-10-07T00:00:00Z
2026-10-06T01:26:19.820058Z,refresh,17125,1779931,65,14,1,0,1791333000,2026-10-07T00:30:00Z
2026-10-06T02:25:01.654999Z,refresh,10000,1761139,105,2,1,0,1791324000,2026-10-06T22:00:00Z
2026-10-06T02:25:01.654999Z,refresh,10001,1761140,100,0,1,0,1791324000,2026-10-06T22:00:00Z
2026-10-06T02:25:01.654999Z,refresh,10002,1761141,100,1,1,0,1791324000,2026-10-06T22:00:00Z
2026-10-06T02:25:01.654999Z,refresh,10003,1761142,1025,12,1,0,1791324000,2026-10-06T22:00:00Z
2026-10-06T02:25:01.654999Z,refresh,10004,1761143,2600,30,1,0,1791324000,2026-10-06T22:00:00Z
2026-10-06T02:25:01.654999Z,refresh,10005,1761144,3100,20,1,0,1791324000,2026-10-06T22:00:00Z
2026-10-06T02:25:01.654999Z,refresh,10006,1761145,1600,30,1,0,1791324000,2026-10-06T22:00:00Z
2026-10-06T02:25:01.654999Z,refresh,10007,1761146,1075,16,1,0,1791324000,2026-10-06T22:00:00Z
2026-10-06T02:25:01.654999Z,refresh,10008,1761147,9050,37,1,0,1791324000,2026-10-06T22:00:00Z
2026-10-06T02:25:01.654999Z,refresh,10009,1761148,25600,31,1,0,1791324000,2026-10-06T22:00:00Z
2026-10-06T02:25:01.654999Z,refresh,10010,1761149,10550,151,1,0,1791324000,2026-10-06T22:00:00Z
2026-10-06T02:25:01.654999Z,refresh,10011,1761150,20100,191,1,0,1791324000,2026-10-06T22:00:00Z
2026-10-06T02:25:01.654999Z,refresh,10012,1761151,20100,59,1,0,1791324000,2026-10-06T22:00:00Z
2026-10-06T02:25:01.654999Z,refresh,10013,1761152,50000,95,1,0,1791324000,2026-10-06T22:00:00Z
2026-10-06T02:25:01.654999Z,refresh,10014,1761153,23650,67,1,0,1791324000,2026-10-06T22:00:00Z
2026-10-06T02:25:01.654999Z,refresh,10015,1761154,20900,35,1,0,1791324000,2026-10-06T22:00:00Z
2026-10-06T02:25:01.654999Z,refresh,10016,1761155,15100,31,1,0,1791324000,2026-10-06T22:00:00Z
2026-10-06T02:25:01.654999Z,refresh,10017,1761156,42750,57,1,0,1791324000,2026-10-06T22:00:00Z
2026-10-06T02:25:01.654999Z,refresh,10018,1761157,2550,32,1,0,1791324000,2026-10-06T22:00:00Z
2026-10-06T02:25:01.654999Z,refresh,10019,1761158,1025,28,1,0,1791324000,2026-10-06T22:00:00Z
2026-10-06T02:25:01.654999Z,refresh,10050,1761119,3100,33,1,0,1791325800,2026-10-06T22:30:00Z
2026-10-06T02:25:01.654999Z,refresh,10051,1761120,705,3,1,0,1791325800,2026-10-06T22:30:00Z
2026-10-06T02:25:01.654999Z,refresh,10052,1761121,1550,14,1,0,1791325800,2026-10-06T22:30:00Z
2026-10-06T02:25:01.654999Z,refresh,10053,1761122,2950,34,1,0,1791325800,2026-10-06T22:30:00Z
2026-10-06T02:25:01.654999Z,refresh,10054,1761123,1550,35,1,0,1791325800,2026-10-06T22:30:00Z
2026-10-06T02:25:01.654999Z,refresh,10055,1761124,325,5,1,0,1791325800,2026-10-06T22:30:00Z
2026-10-06T02:25:01.654999Z,refresh,10056,1761125,120,5,1,0,1791325800,2026-10-06T22:30:00Z
2026-10-06T02:25:01.654999Z,refresh,10057,1761126,305,3,1,0,1791325800,2026-10-06T22:30:00Z
2026-10-06T02:25:01.654999Z,refresh,10058,1761127,755,13,1,0,1791325800,2026-10-06T22:30:00Z
2026-10-06T02:25:01.654999Z,refresh,10059,1761128,1350,21,1,0,1791325800,2026-10-06T22:30:00Z
2026-10-06T02:25:01.654999Z,refresh,10060,1761129,7800,63,1,0,1791325800,2026-10-06T22:30:00Z
2026-10-06T02:25:01.654999Z,refresh,10061,1761130,1550,40,1,0,1791325800,2026-10-06T22:30:00Z
2026-10-06T02:25:01.654999Z,refresh,10062,1761131,6200,137,1,0,1791325800,2026-10-06T22:30:00Z
2026-10-06T02:25:01.654999Z,refresh,10063,1761132,1525,15,1,0,1791325800,2026-10-06T22:30:00Z
2026-10-06T02:25:01.654999Z,refresh,10064,1761133,1700,24,1,0,1791325800,2026-10-06T22:30:00Z
2026-10-06T02:25:01.654999Z,refresh,10065,1761134,1650,44,1,0,1791325800,2026-10-06T22:30:00Z
2026-10-06T02:25:01.654999Z,refresh,10066,1761135,1650,16,1,0,1791325800,2026-10-06T22:30:00Z
2026-10-06T02:25:01.654999Z,refresh,10067,1761136,1550,5,1,0,1791325800,2026-10-06T22:30:00Z
2026-10-06T02:25:01.654999Z,refresh,10068,1761137,2100,17,1,0,1791325800,2026-10-06T22:30:00Z
2026-10-06T02:25:01.654999Z,refresh,10069,1761138,1320,69,1,0,1791325800,2026-10-06T22:30:00Z
2026-10-06T02:25:01.654999Z,refresh,17100,1761063,110,3,1,0,1791327600,2026-10-06T23:00:00Z
2026-10-06T02:25:01.654999Z,refresh,17101,1761064,110,3,1,0,1791327600,2026-10-06T23:00:00Z
2026-10-06T02:25:01.654999Z,refresh,17102,1761065,100,1,1,0,1791327600,2026-10-06T23:00:00Z
2026-10-06T02:25:01.654999Z,refresh,17103,1761066,105,2,1,0,1791327600,2026-10-06T23:00:00Z
2026-10-06T02:25:01.654999Z,refresh,17104,1761067,120,5,1,0,1791327600,2026-10-06T23:00:00Z
2026-10-06T02:25:01.654999Z,refresh,17105,1761068,105,2,1,0,1791327600,2026-10-06T23:00:00Z
2026-10-06T02:25:01.654999Z,refresh,17106,1761069,105,2,1,0,1791327600,2026-10-06T23:00:00Z
2026-10-06T02:25:01.654999Z,refresh,17107,1761070,105,2,1,0,1791327600,2026-10-06T23:00:00Z
2026-10-06T02:25:01.654999Z,refresh,17108,1761071,120,5,1,0,1791327600,2026-10-06T23:00:00Z
2026-10-06T02:25:01.654999Z,refresh,17109,1761072,110,3,1,0,1791327600,2026-10-06T23:00:00Z
2026-10-06T02:25:01.654999Z,refresh,17110,1761073,110,3,1,0,1791327600,2026-10-06T23:00:00Z
2026-10-06T02:25:01.654999Z,refresh,17111,1761074,115,4,1,0,1791327600,2026-10-06T23:00:00Z
2026-10-06T02:25:01.654999Z,refresh,17112,1761075,205,11,1,0,1791327600,2026-10-06T23:00:00Z
2026-10-06T02:25:01.654999Z,refresh,17113,1761076,105,2,1,0,1791327600,2026-10-06T23:00:00Z
2026-10-06T02:25:01.654999Z,refresh,17114,1761077,110,3,1,0,1791327600,2026-10-06T23:00:00Z
2026-10-06T02:25:01.654999Z,refresh,17115,1761078,115,4,1,0,1791327600,2026-10-06T23:00:00Z
2026-10-06T02:25:01.654999Z,refresh,17116,1761079,110,3,1,0,1791327600,2026-10-06T23:00:00Z
2026-10-06T02:25:01.654999Z,refresh,17117,1761080,105,2,1,0,1791327600,2026-10-06T23:00:00Z
2026-10-06T02:25:01.654999Z,refresh,17118,1761081,105,2,1,0,1791327600,2026-10-06T23:00:00Z
2026-10-06T02:25:01.654999Z,refresh,17119,1761082,100,1,1,0,1791327600,2026-10-06T23:00:00Z
2026-10-06T02:25:01.654999Z,refresh,17120,1761083,105,2,1,0,1791327600,2026-10-06T23:00:00Z
2026-10-06T02:25:01.654999Z,refresh,17121,1761084,105,2,1,0,1791327600,2026-10-06T23:00:00Z
2026-10-06T02:25:01.654999Z,refresh,17122,1761085,170,15,1,0,1791327600,2026-10-06T23:00:00Z
2026-10-06T02:25:01.654999Z,refresh,10020,1761159,16050,119,1,0,1791329400,2026-10-06T23:30:00Z
2026-10-06T02:25:01.654999Z,refresh,10021,1761160,5,1,1,0,1791329400,2026-10-06T23:30:00Z
2026-10-06T02:25:01.654999Z,refresh,10022,1761161,330,40,1,0,1791329400,2026-10-06T23:30:00Z
2026-10-06T02:25:01.654999Z,refresh,10023,1761162,550,47,1,0,1791329400,2026-10-06T23:30:00Z
2026-10-06T02:25:01.654999Z,refresh,10024,1761163,5,1,1,0,1791329400,2026-10-06T23:30:00Z
2026-10-06T02:25:01.654999Z,refresh,10025,1761164,5,0,1,0,1791329400,2026-10-06T23:30:00Z
2026-10-06T02:25:01.654999Z,refresh,17850,1761247,5,0,1,0,1791329400,2026-10-06T23:30:00Z
2026-10-06T02:25:01.654999Z,refresh,17851,1761248,5,1,1,0,1791329400,2026-10-06T23:30:00Z
2026-10-06T02:25:01.654999Z,refresh,17852,1761249,380,14,1,0,1791329400,2026-10-06T23:30:00Z
2026-10-06T02:25:01.654999Z,refresh,17853,1761250,1350,46,1,0,1791329400,2026-10-06T23:30:00Z
2026-10-06T02:25:01.654999Z,refresh,17854,1761251,155,10,1,0,1791329400,2026-10-06T23:30:00Z
2026-10-06T02:25:01.654999Z,refresh,17855,1761252,100,20,1,0,1791329400,2026-10-06T23:30:00Z
2026-10-06T02:25:01.654999Z,refresh,17856,1761253,175,20,1,0,1791329400,2026-10-06T23:30:00Z
2026-10-06T02:25:01.654999Z,refresh,17857,1761254,105,8,1,0,1791329400,2026-10-06T23:30:00Z
2026-10-06T02:25:01.654999Z,refresh,17858,1761255,55,11,1,0,1791329400,2026-10-06T23:30:00Z
2026-10-06T02:25:01.654999Z,refresh,17859,1761256,5,1,1,0,1791329400,2026-10-06T23:30:00Z
2026-10-06T02:25:01.654999Z,refresh,17860,1761257,5,1,1,0,1791329400,2026-10-06T23:30:00Z
2026-10-06T02:25:01.654999Z,refresh,17861,1761258,5,1,1,0,1791329400,2026-10-06T23:30:00Z
2026-10-06T02:25:01.654999Z,refresh,17862,1761259,5,1,1,0,1791329400,2026-10-06T23:30:00Z
2026-10-06T02:25:01.654999Z,refresh,17863,1761260,5,1,1,0,1791329400,2026-10-06T23:30:00Z
2026-10-06T02:25:01.654999Z,refresh,17864,1761262,5,1,1,0,1791329400,2026-10-06T23:30:00Z
2026-10-06T02:25:01.654999Z,refresh,17865,1761263,15,3,1,0,1791329400,2026-10-06T23:30:00Z
2026-10-06T02:25:01.654999Z,refresh,17909,1761086,5,0,1,0,1791329400,2026-10-06T23:30:00Z
2026-10-06T02:25:01.654999Z,refresh,17911,1761088,5,0,1,0,1791329400,2026-10-06T23:30:00Z
2026-10-06T02:25:01.654999Z,refresh,17912,1761089,5,0,1,0,1791329400,2026-10-06T23:30:00Z
2026-10-06T02:25:01.654999Z,refresh,17913,1761090,5,0,1,0,1791329400,2026-10-06T23:30:00Z
2026-10-06T02:25:01.654999Z,refresh,17914,1761091,5,0,1,0,1791329400,2026-10-06T23:30:00Z
2026-10-06T02:25:01.654999Z,refresh,17915,1761092,5,0,1,0,1791329400,2026-10-06T23:30:00Z
2026-10-06T02:25:01.654999Z,refresh,17916,1761093,5,0,1,0,1791329400,2026-10-06T23:30:00Z
2026-10-06T02:25:01.654999Z,refresh,17917,1761094,5,1,1,0,1791329400,2026-10-06T23:30:00Z
2026-10-06T02:25:01.654999Z,refresh,17918,1761095,5,0,1,0,1791329400,2026-10-06T23:30:00Z
2026-10-06T02:25:01.654999Z,refresh,17919,1761096,5,0,1,0,1791329400,2026-10-06T23:30:00Z
2026-10-06T02:25:01.654999Z,refresh,17920,1761097,5,1,1,0,1791329400,2026-10-06T23:30:00Z
2026-10-06T02:25:01.654999Z,refresh,17921,1761098,5,1,1,0,1791329400,2026-10-06T23:30:00Z
2026-10-06T02:25:01.654999Z,refresh,17922,1761099,5,0,1,0,1791329400,2026-10-06T23:30:00Z
2026-10-06T02:25:01.654999Z,refresh,17923,1761100,5,0,1,0,1791329400,2026-10-06T23:30:00Z
2026-10-06T02:25:01.654999Z,refresh,17924,1761101,10,2,1,0,1791329400,2026-10-06T23:30:00Z
2026-10-06T02:25:01.654999Z,refresh,17925,1761102,5,1,1,0,1791329400,2026-10-06T23:30:00Z
2026-10-06T02:25:01.654999Z,refresh,17926,1761103,5,1,1,0,1791329400,2026-10-06T23:30:00Z
2026-10-06T02:25:01.654999Z,refresh,17927,1761104,105,5,1,0,1791329400,2026-10-06T23:30:00Z
2026-10-06T02:25:01.654999Z,refresh,17928,1761105,5,1,1,0,1791329400,2026-10-06T23:30:00Z
2026-10-06T02:25:01.654999Z,refresh,17929,1761106,5,1,1,0,1791329400,2026-10-06T23:30:00Z
2026-10-06T02:25:01.654999Z,refresh,17930,1761107,5,1,1,0,1791329400,2026-10-06T23:30:00Z
2026-10-06T02:25:01.654999Z,refresh,17931,1761108,15,4,1,0,1791329400,2026-10-06T23:30:00Z
2026-10-06T02:25:01.654999Z,refresh,17932,1761109,5,1,1,0,1791329400,2026-10-06T23:30:00Z
2026-10-06T02:25:01.654999Z,refresh,17933,1761110,5,1,1,0,1791329400,2026-10-06T23:30:00Z
2026-10-06T02:25:01.654999Z,refresh,17934,1761111,5,0,1,0,1791329400,2026-10-06T23:30:00Z
2026-10-06T02:25:01.654999Z,refresh,17935,1761112,5,0,1,0,1791329400,2026-10-06T23:30:00Z
2026-10-06T02:25:01.654999Z,refresh,17936,1761113,5,0,1,0,1791329400,2026-10-06T23:30:00Z
2026-10-06T02:25:01.654999Z,refresh,17937,1761114,5,1,1,0,1791329400,2026-10-06T23:30:00Z
2026-10-06T02:25:01.654999Z,refresh,17938,1761115,5,1,1,0,1791329400,2026-10-06T23:30:00Z
2026-10-06T02:25:01.654999Z,refresh,17939,1761116,5,1,1,0,1791329400,2026-10-06T23:30:00Z
2026-10-06T02:25:01.654999Z,refresh,17940,1761117,25,5,1,0,1791329400,2026-10-06T23:30:00Z
2026-10-06T02:25:01.654999Z,refresh,17941,1761118,420,19,1,0,1791329400,2026-10-06T23:30:00Z
2026-10-06T02:25:01.654999Z,refresh,18650,1761165,5,1,1,0,1791329400,2026-10-06T23:30:00Z
2026-10-06T02:25:01.654999Z,refresh,18651,1761166,35,8,1,0,1791329400,2026-10-06T23:30:00Z
2026-10-06T02:25:01.654999Z,refresh,18652,1761167,5,1,1,0,1791329400,2026-10-06T23:30:00Z
2026-10-06T02:25:01.654999Z,refresh,18653,1761168,5,1,1,0,1791329400,2026-10-06T23:30:00Z
2026-10-06T02:25:01.654999Z,refresh,18654,1761169,15,3,1,0,1791329400,2026-10-06T23:30:00Z
2026-10-06T02:25:01.654999Z,refresh,18655,1761170,5,1,1,0,1791329400,2026-10-06T23:30:00Z
2026-10-06T02:25:01.654999Z,refresh,18656,1761171,5,1,1,0,1791329400,2026-10-06T23:30:00Z
2026-10-06T02:25:01.654999Z,refresh,18657,1761172,105,8,1,0,1791329400,2026-10-06T23:30:00Z
2026-10-06T02:25:01.654999Z,refresh,18658,1761173,10,2,1,0,1791329400,2026-10-06T23:30:00Z
2026-10-06T02:25:01.654999Z,refresh,18659,1761174,5,1,1,0,1791329400,2026-10-06T23:30:00Z
2026-10-06T02:25:01.654999Z,refresh,18660,1761175,410,67,1,0,1791329400,2026-10-06T23:30:00Z
2026-10-06T02:25:01.654999Z,refresh,18661,1761176,30,7,1,0,1791329400,2026-10-06T23:30:00Z
2026-10-06T02:25:01.654999Z,refresh,18662,1761177,5,1,1,0,1791329400,2026-10-06T23:30:00Z
2026-10-06T02:25:01.654999Z,refresh,18663,1761178,205,24,1,0,1791329400,2026-10-06T23:30:00Z
2026-10-06T02:25:01.654999Z,refresh,18664,1761179,255,30,1,0,1791329400,2026-10-06T23:30:00Z
2026-10-06T02:25:01.654999Z,refresh,18665,1761180,205,33,1,0,1791329400,2026-10-06T23:30:00Z
2026-10-06T02:25:01.654999Z,refresh,18666,1761181,34,5,1,0,1791329400,2026-10-06T23:30:00Z
2026-10-06T02:25:01.654999Z,refresh,18667,1761182,5,0,1,0,1791329400,2026-10-06T23:30:00Z
2026-10-06T02:25:01.654999Z,refresh,18668,1761183,5,1,1,0,1791329400,2026-10-06T23:30:00Z
2026-10-06T02:25:01.654999Z,refresh,18669,1761184,55,10,1,0,1791329400,2026-10-06T23:30:00Z
2026-10-06T02:25:01.654999Z,refresh,18670,1761185,10,2,1,0,1791329400,2026-10-06T23:30:00Z
2026-10-06T02:25:01.654999Z,refresh,18671,1761186,120,24,1,0,1791329400,2026-10-06T23:30:00Z
2026-10-06T02:25:01.654999Z,refresh,18672,1761187,115,24,1,0,1791329400,2026-10-06T23:30:00Z
2026-10-06T02:25:01.654999Z,refresh,18673,1761188,24,5,1,0,1791329400,2026-10-06T23:30:00Z
2026-10-06T02:25:01.654999Z,refresh,18674,1761189,15,3,1,0,1791329400,2026-10-06T23:30:00Z
2026-10-06T02:25:01.654999Z,refresh,18675,1761190,55,12,1,0,1791329400,2026-10-06T23:30:00Z
2026-10-06T02:25:01.654999Z,refresh,18676,1761191,5,1,1,0,1791329400,2026-10-06T23:30:00Z
2026-10-06T02:25:01.654999Z,refresh,18677,1761192,35,8,1,0,1791329400,2026-10-06T23:30:00Z
2026-10-06T02:25:01.654999Z,refresh,18678,1761194,20,5,1,0,1791329400,2026-10-06T23:30:00Z
2026-10-06T02:25:01.654999Z,refresh,18679,1761195,5,1,1,0,1791329400,2026-10-06T23:30:00Z
2026-10-06T02:25:01.654999Z,refresh,18680,1761196,55,12,1,0,1791329400,2026-10-06T23:30:00Z
2026-10-06T02:25:01.654999Z,refresh,18681,1761197,70,11,1,0,1791329400,2026-10-06T23:30:00Z
2026-10-06T02:25:01.654999Z,refresh,18682,1761198,10,2,1,0,1791329400,2026-10-06T23:30:00Z
2026-10-06T02:25:01.654999Z,refresh,18683,1761199,5,1,1,0,1791329400,2026-10-06T23:30:00Z
2026-10-06T02:25:01.654999Z,refresh,18705,1761220,5,0,1,0,1791329400,2026-10-06T23:30:00Z
2026-10-06T02:25:01.654999Z,refresh,18706,1761221,5,0,1,0,1791329400,2026-10-06T23:30:00Z
2026-10-06T02:25:01.654999Z,refresh,18707,1761222,10,2,1,0,1791329400,2026-10-06T23:30:00Z
2026-10-06T02:25:01.654999Z,refresh,18708,1761223,45,6,1,0,1791329400,2026-10-06T23:30:00Z
2026-10-06T02:25:01.654999Z,refresh,18709,1761224,5,0,1,0,1791329400,2026-10-06T23:30:00Z
2026-10-06T02:25:01.654999Z,refresh,18710,1761225,5,0,1,0,1791329400,2026-10-06T23:30:00Z
2026-10-06T02:25:01.654999Z,refresh,18711,1761226,5,0,1,0,1791329400,2026-10-06T23:30:00Z
2026-10-06T02:25:01.654999Z,refresh,18712,1761227,5,1,1,0,1791329400,2026-10-06T23:30:00Z
2026-10-06T02:25:01.654999Z,refresh,18713,1761228,45,9,1,0,1791329400,2026-10-06T23:30:00Z
2026-10-06T02:25:01.654999Z,refresh,18714,1761229,5,1,1,0,1791329400,2026-10-06T23:30:00Z
2026-10-06T02:25:01.654999Z,refresh,18715,1761230,5,1,1,0,1791329400,2026-10-06T23:30:00Z
2026-10-06T02:25:01.654999Z,refresh,18716,1761231,155,5,1,0,1791329400,2026-10-06T23:30:00Z
2026-10-06T02:25:01.654999Z,refresh,18717,1761232,205,6,1,0,1791329400,2026-10-06T23:30:00Z
2026-10-06T02:25:01.654999Z,refresh,18718,1761233,110,23,1,0,1791329400,2026-10-06T23:30:00Z
2026-10-06T02:25:01.654999Z,refresh,18719,1761234,5,0,1,0,1791329400,2026-10-06T23:30:00Z
2026-10-06T02:25:01.654999Z,refresh,18720,1761235,5,0,1,0,1791329400,2026-10-06T23:30:00Z
2026-10-06T02:25:01.654999Z,refresh,17866,1761264,5,1,1,0,1791331200,2026-10-07T00:00:00Z
2026-10-06T02:25:01.654999Z,refresh,17867,1761265,10,2,1,0,1791331200,2026-10-07T00:00:00Z
2026-10-06T02:25:01.654999Z,refresh,17868,1761266,5,1,1,0,1791331200,2026-10-07T00:00:00Z
2026-10-06T02:25:01.654999Z,refresh,17869,1761268,10,2,1,0,1791331200,2026-10-07T00:00:00Z
2026-10-06T02:25:01.654999Z,refresh,17870,1761269,5,1,1,0,1791331200,2026-10-07T00:00:00Z
2026-10-06T02:25:01.654999Z,refresh,17871,1761270,5,1,1,0,1791331200,2026-10-07T00:00:00Z
2026-10-06T02:25:01.654999Z,refresh,17872,1761271,5,0,1,0,1791331200,2026-10-07T00:00:00Z
2026-10-06T02:25:01.654999Z,refresh,17873,1761272,10,2,1,0,1791331200,2026-10-07T00:00:00Z
2026-10-06T02:25:01.654999Z,refresh,17874,1761273,5,0,1,0,1791331200,2026-10-07T00:00:00Z
2026-10-06T02:25:01.654999Z,refresh,17875,1761274,155,24,1,0,1791331200,2026-10-07T00:00:00Z
2026-10-06T02:25:01.654999Z,refresh,17876,1761275,10,2,1,0,1791331200,2026-10-07T00:00:00Z
2026-10-06T02:25:01.654999Z,refresh,17877,1761276,5,1,1,0,1791331200,2026-10-07T00:00:00Z
2026-10-06T02:25:01.654999Z,refresh,17878,1761277,35,8,1,0,1791331200,2026-10-07T00:00:00Z
2026-10-06T02:25:01.654999Z,refresh,17879,1761278,5,1,1,0,1791331200,2026-10-07T00:00:00Z
2026-10-06T02:25:01.654999Z,refresh,17880,1761279,205,16,1,0,1791331200,2026-10-07T00:00:00Z
2026-10-06T02:25:01.654999Z,refresh,17881,1761280,10,2,1,0,1791331200,2026-10-07T00:00:00Z
2026-10-06T02:25:01.654999Z,refresh,17882,1761281,10,2,1,0,1791331200,2026-10-07T00:00:00Z
2026-10-06T02:25:01.654999Z,refresh,17883,1761282,34,7,1,0,1791331200,2026-10-07T00:00:00Z
2026-10-06T02:25:01.654999Z,refresh,17884,1761283,10,2,1,0,1791331200,2026-10-07T00:00:00Z
2026-10-06T02:25:01.654999Z,refresh,17885,1761284,5,1,1,0,1791331200,2026-10-07T00:00:00Z
2026-10-06T02:25:01.654999Z,refresh,17886,1761285,5,1,1,0,1791331200,2026-10-07T00:00:00Z
2026-10-06T02:25:01.654999Z,refresh,17887,1761286,5,1,1,0,1791331200,2026-10-07T00:00:00Z
2026-10-06T02:25:01.654999Z,refresh,17888,1761287,5,0,1,0,1791331200,2026-10-07T00:00:00Z
2026-10-06T02:25:01.654999Z,refresh,17889,1761288,105,12,1,0,1791331200,2026-10-07T00:00:00Z
2026-10-06T02:25:01.654999Z,refresh,17890,1761289,10,2,1,0,1791331200,2026-10-07T00:00:00Z
2026-10-06T02:25:01.654999Z,refresh,17891,1761291,575,50,1,0,1791331200,2026-10-07T00:00:00Z
2026-10-06T02:25:01.654999Z,refresh,17892,1761292,255,52,1,0,1791331200,2026-10-07T00:00:00Z
2026-10-06T02:25:01.654999Z,refresh,17893,1761293,5,1,1,0,1791331200,2026-10-07T00:00:00Z
2026-10-06T02:25:01.654999Z,refresh,17894,1761294,10,2,1,0,1791331200,2026-10-07T00:00:00Z
2026-10-06T02:25:01.654999Z,refresh,17895,1761295,114,24,1,0,1791331200,2026-10-07T00:00:00Z
2026-10-06T02:25:01.654999Z,refresh,17896,1761296,10,2,1,0,1791331200,2026-10-07T00:00:00Z
2026-10-06T02:25:01.654999Z,refresh,17897,1761297,55,12,1,0,1791331200,2026-10-07T00:00:00Z
2026-10-06T02:25:01.654999Z,refresh,17898,1761298,5,1,1,0,1791331200,2026-10-07T00:00:00Z
2026-10-06T02:25:01.654999Z,refresh,17899,1761299,10,2,1,0,1791331200,2026-10-07T00:00:00Z
2026-10-06T02:25:01.654999Z,refresh,17900,1761300,20,4,1,0,1791331200,2026-10-07T00:00:00Z
2026-10-06T02:25:01.654999Z,refresh,17901,1761301,31,7,1,0,1791331200,2026-10-07T00:00:00Z
2026-10-06T02:25:01.654999Z,refresh,17902,1761303,5,0,1,0,1791331200,2026-10-07T00:00:00Z
2026-10-06T02:25:01.654999Z,refresh,17903,1761304,370,53,1,0,1791331200,2026-10-07T00:00:00Z
2026-10-06T02:25:01.654999Z,refresh,17904,1761305,15,3,1,0,1791331200,2026-10-07T00:00:00Z
2026-10-06T02:25:01.654999Z,refresh,17905,1761306,30,7,1,0,1791331200,2026-10-07T00:00:00Z
2026-10-06T02:25:01.654999Z,refresh,17906,1761307,110,17,1,0,1791331200,2026-10-07T00:00:00Z
2026-10-06T02:25:01.654999Z,refresh,17907,1761308,110,5,1,0,1791331200,2026-10-07T00:00:00Z
2026-10-06T02:25:01.654999Z,refresh,17908,1761309,10,2,1,0,1791331200,2026-10-07T00:00:00Z
2026-10-06T02:25:01.654999Z,refresh,17910,1761314,5,1,1,0,1791331200,2026-10-07T00:00:00Z
2026-10-06T02:25:01.654999Z,refresh,18684,1761200,5,0,1,0,1791331200,2026-10-07T00:00:00Z
2026-10-06T02:25:01.654999Z,refresh,18685,1761201,5,1,1,0,1791331200,2026-10-07T00:00:00Z
2026-10-06T02:25:01.654999Z,refresh,18686,1761202,5,1,1,0,1791331200,2026-10-07T00:00:00Z
2026-10-06T02:25:01.654999Z,refresh,18687,1761203,5,1,1,0,1791331200,2026-10-07T00:00:00Z
2026-10-06T02:25:01.654999Z,refresh,18688,1761204,5,1,1,0,1791331200,2026-10-07T00:00:00Z
2026-10-06T02:25:01.654999Z,refresh,18689,1761205,60,13,1,0,1791331200,2026-10-07T00:00:00Z
2026-10-06T02:25:01.654999Z,refresh,18690,1761206,110,23,1,0,1791331200,2026-10-07T00:00:00Z
2026-10-06T02:25:01.654999Z,refresh,18691,1761207,10,2,1,0,1791331200,2026-10-07T00:00:00Z
2026-10-06T02:25:01.654999Z,refresh,18692,1761208,10,2,1,0,1791331200,2026-10-07T00:00:00Z
2026-10-06T02:25:01.654999Z,refresh,18693,1761209,10,2,1,0,1791331200,2026-10-07T00:00:00Z
2026-10-06T02:25:01.654999Z,refresh,18694,1761210,5,1,1,0,1791331200,2026-10-07T00:00:00Z
2026-10-06T02:25:01.654999Z,refresh,18695,1761211,5,1,1,0,1791331200,2026-10-07T00:00:00Z
2026-10-06T02:25:01.654999Z,refresh,18696,1761212,5,1,1,0,1791331200,2026-10-07T00:00:00Z
2026-10-06T02:25:01.654999Z,refresh,18697,1761213,5,1,1,0,1791331200,2026-10-07T00:00:00Z
2026-10-06T02:25:01.654999Z,refresh,18698,1761214,5,1,1,0,1791331200,2026-10-07T00:00:00Z
2026-10-06T02:25:01.654999Z,refresh,18699,1761215,5,1,1,0,1791331200,2026-10-07T00:00:00Z
2026-10-06T02:25:01.654999Z,refresh,18700,1761216,5,1,1,0,1791331200,2026-10-07T00:00:00Z
2026-10-06T02:25:01.654999Z,refresh,18701,1761217,320,19,1,0,1791331200,2026-10-07T00:00:00Z
2026-10-06T02:25:01.654999Z,refresh,18702,1761218,460,48,1,0,1791331200,2026-10-07T00:00:00Z
2026-10-06T02:25:01.654999Z,refresh,18703,1761219,55,5,1,0,1791331200,2026-10-07T00:00:00Z
2026-10-06T02:25:01.654999Z,refresh,18721,1761236,10,2,1,0,1791331200,2026-10-07T00:00:00Z
2026-10-06T02:25:01.654999Z,refresh,18722,1761237,55,12,1,0,1791331200,2026-10-07T00:00:00Z
2026-10-06T02:25:01.654999Z,refresh,18723,1761238,5,1,1,0,1791331200,2026-10-07T00:00:00Z
2026-10-06T02:25:01.654999Z,refresh,18724,1761239,5,1,1,0,1791331200,2026-10-07T00:00:00Z
2026-10-06T02:25:01.654999Z,refresh,18725,1761240,5,1,1,0,1791331200,2026-10-07T00:00:00Z
2026-10-06T02:25:01.654999Z,refresh,18726,1761241,5,1,1,0,1791331200,2026-10-07T00:00:00Z
2026-10-06T02:25:01.654999Z,refresh,18727,1761242,5,1,1,0,1791331200,2026-10-07T00:00:00Z
2026-10-06T02:25:01.654999Z,refresh,18728,1761243,5,1,1,0,1791331200,2026-10-07T00:00:00Z
2026-10-06T02:25:01.654999Z,refresh,18729,1761244,10,2,1,0,1791331200,2026-10-07T00:00:00Z
2026-10-06T02:25:01.654999Z,refresh,18730,1761245,15,3,1,0,1791331200,2026-10-07T00:00:00Z
2026-10-06T02:25:01.654999Z,refresh,18731,1761246,5,0,1,0,1791331200,2026-10-07T00:00:00Z
2026-10-06T02:25:01.654999Z,refresh,18732,1761310,5,1,1,0,1791331200,2026-10-07T00:00:00Z
2026-10-06T02:25:01.654999Z,refresh,18733,1761311,10,2,1,0,1791331200,2026-10-07T00:00:00Z
2026-10-06T02:25:01.654999Z,refresh,18734,1761312,10,2,1,0,1791331200,2026-10-07T00:00:00Z
2026-10-06T02:25:01.654999Z,refresh,18735,1761313,50,7,1,0,1791331200,2026-10-07T00:00:00Z
2026-10-06T02:25:01.654999Z,refresh,17125,1779931,65,14,1,0,1791333000,2026-10-07T00:30:00Z
2026-10-06T03:24:57.683708Z,refresh,10000,1761139,105,2,1,0,1791324000,2026-10-06T22:00:00Z
2026-10-06T03:24:57.683708Z,refresh,10001,1761140,100,0,1,0,1791324000,2026-10-06T22:00:00Z
2026-10-06T03:24:57.683708Z,refresh,10002,1761141,100,1,1,0,1791324000,2026-10-06T22:00:00Z
2026-10-06T03:24:57.683708Z,refresh,10003,1761142,1025,12,1,0,1791324000,2026-10-06T22:00:00Z
2026-10-06T03:24:57.683708Z,refresh,10004,1761143,2600,30,1,0,1791324000,2026-10-06T22:00:00Z
2026-10-06T03:24:57.683708Z,refresh,10005,1761144,3100,20,1,0,1791324000,2026-10-06T22:00:00Z
2026-10-06T03:24:57.683708Z,refresh,10006,1761145,2050,32,1,0,1791324000,2026-10-06T22:00:00Z
2026-10-06T03:24:57.683708Z,refresh,10007,1761146,1075,16,1,0,1791324000,2026-10-06T22:00:00Z
2026-10-06T03:24:57.683708Z,refresh,10008,1761147,9050,37,1,0,1791324000,2026-10-06T22:00:00Z
2026-10-06T03:24:57.683708Z,refresh,10009,1761148,25600,31,1,0,1791324000,2026-10-06T22:00:00Z
2026-10-06T03:24:57.683708Z,refresh,10010,1761149,13550,182,1,0,1791324000,2026-10-06T22:00:00Z
2026-10-06T03:24:57.683708Z,refresh,10011,1761150,20100,191,1,0,1791324000,2026-10-06T22:00:00Z
2026-10-06T03:24:57.683708Z,refresh,10012,1761151,20100,59,1,0,1791324000,2026-10-06T22:00:00Z
2026-10-06T03:24:57.683708Z,refresh,10013,1761152,50000,95,1,0,1791324000,2026-10-06T22:00:00Z
2026-10-06T03:24:57.683708Z,refresh,10014,1761153,23650,67,1,0,1791324000,2026-10-06T22:00:00Z
2026-10-06T03:24:57.683708Z,refresh,10015,1761154,20900,35,1,0,1791324000,2026-10-06T22:00:00Z
2026-10-06T03:24:57.683708Z,refresh,10016,1761155,15100,31,1,0,1791324000,2026-10-06T22:00:00Z
2026-10-06T03:24:57.683708Z,refresh,10017,1761156,42750,57,1,0,1791324000,2026-10-06T22:00:00Z
2026-10-06T03:24:57.683708Z,refresh,10018,1761157,2550,32,1,0,1791324000,2026-10-06T22:00:00Z
2026-10-06T03:24:57.683708Z,refresh,10019,1761158,1025,28,1,0,1791324000,2026-10-06T22:00:00Z
2026-10-06T03:24:57.683708Z,refresh,10050,1761119,3350,38,1,0,1791325800,2026-10-06T22:30:00Z
2026-10-06T03:24:57.683708Z,refresh,10051,1761120,705,3,1,0,1791325800,2026-10-06T22:30:00Z
2026-10-06T03:24:57.683708Z,refresh,10052,1761121,1550,14,1,0,1791325800,2026-10-06T22:30:00Z
2026-10-06T03:24:57.683708Z,refresh,10053,1761122,2950,34,1,0,1791325800,2026-10-06T22:30:00Z
2026-10-06T03:24:57.683708Z,refresh,10054,1761123,1550,35,1,0,1791325800,2026-10-06T22:30:00Z
2026-10-06T03:24:57.683708Z,refresh,10055,1761124,325,5,1,0,1791325800,2026-10-06T22:30:00Z
2026-10-06T03:24:57.683708Z,refresh,10056,1761125,120,5,1,0,1791325800,2026-10-06T22:30:00Z
2026-10-06T03:24:57.683708Z,refresh,10057,1761126,305,3,1,0,1791325800,2026-10-06T22:30:00Z
2026-10-06T03:24:57.683708Z,refresh,10058,1761127,755,13,1,0,1791325800,2026-10-06T22:30:00Z
2026-10-06T03:24:57.683708Z,refresh,10059,1761128,1400,22,1,0,1791325800,2026-10-06T22:30:00Z
2026-10-06T03:24:57.683708Z,refresh,10060,1761129,7800,63,1,0,1791325800,2026-10-06T22:30:00Z
2026-10-06T03:24:57.683708Z,refresh,10061,1761130,1550,40,1,0,1791325800,2026-10-06T22:30:00Z
2026-10-06T03:24:57.683708Z,refresh,10062,1761131,6200,137,1,0,1791325800,2026-10-06T22:30:00Z
2026-10-06T03:24:57.683708Z,refresh,10063,1761132,1525,15,1,0,1791325800,2026-10-06T22:30:00Z
2026-10-06T03:24:57.683708Z,refresh,10064,1761133,1700,24,1,0,1791325800,2026-10-06T22:30:00Z
2026-10-06T03:24:57.683708Z,refresh,10065,1761134,1650,44,1,0,1791325800,2026-10-06T22:30:00Z
2026-10-06T03:24:57.683708Z,refresh,10066,1761135,1650,16,1,0,1791325800,2026-10-06T22:30:00Z
2026-10-06T03:24:57.683708Z,refresh,10067,1761136,1550,5,1,0,1791325800,2026-10-06T22:30:00Z
2026-10-06T03:24:57.683708Z,refresh,10068,1761137,2100,17,1,0,1791325800,2026-10-06T22:30:00Z
2026-10-06T03:24:57.683708Z,refresh,10069,1761138,1320,69,1,0,1791325800,2026-10-06T22:30:00Z
2026-10-06T03:24:57.683708Z,refresh,17100,1761063,110,3,1,0,1791327600,2026-10-06T23:00:00Z
2026-10-06T03:24:57.683708Z,refresh,17101,1761064,110,3,1,0,1791327600,2026-10-06T23:00:00Z
2026-10-06T03:24:57.683708Z,refresh,17102,1761065,100,1,1,0,1791327600,2026-10-06T23:00:00Z
2026-10-06T03:24:57.683708Z,refresh,17103,1761066,105,2,1,0,1791327600,2026-10-06T23:00:00Z
2026-10-06T03:24:57.683708Z,refresh,17104,1761067,120,5,1,0,1791327600,2026-10-06T23:00:00Z
2026-10-06T03:24:57.683708Z,refresh,17105,1761068,105,2,1,0,1791327600,2026-10-06T23:00:00Z
2026-10-06T03:24:57.683708Z,refresh,17106,1761069,105,2,1,0,1791327600,2026-10-06T23:00:00Z
2026-10-06T03:24:57.683708Z,refresh,17107,1761070,105,2,1,0,1791327600,2026-10-06T23:00:00Z
2026-10-06T03:24:57.683708Z,refresh,17108,1761071,120,5,1,0,1791327600,2026-10-06T23:00:00Z
2026-10-06T03:24:57.683708Z,refresh,17109,1761072,110,3,1,0,1791327600,2026-10-06T23:00:00Z
2026-10-06T03:24:57.683708Z,refresh,17110,1761073,110,3,1,0,1791327600,2026-10-06T23:00:00Z
2026-10-06T03:24:57.683708Z,refresh,17111,1761074,115,4,1,0,1791327600,2026-10-06T23:00:00Z
2026-10-06T03:24:57.683708Z,refresh,17112,1761075,205,11,1,0,1791327600,2026-10-06T23:00:00Z
2026-10-06T03:24:57.683708Z,refresh,17113,1761076,105,2,1,0,1791327600,2026-10-06T23:00:00Z
2026-10-06T03:24:57.683708Z,refresh,17114,1761077,110,3,1,0,1791327600,2026-10-06T23:00:00Z
2026-10-06T03:24:57.683708Z,refresh,17115,1761078,115,4,1,0,1791327600,2026-10-06T23:00:00Z
2026-10-06T03:24:57.683708Z,refresh,17116,1761079,110,3,1,0,1791327600,2026-10-06T23:00:00Z
2026-10-06T03:24:57.683708Z,refresh,17117,1761080,105,2,1,0,1791327600,2026-10-06T23:00:00Z
2026-10-06T03:24:57.683708Z,refresh,17118,1761081,105,2,1,0,1791327600,2026-10-06T23:00:00Z
2026-10-06T03:24:57.683708Z,refresh,17119,1761082,100,1,1,0,1791327600,2026-10-06T23:00:00Z
2026-10-06T03:24:57.683708Z,refresh,17120,1761083,105,2,1,0,1791327600,2026-10-06T23:00:00Z
2026-10-06T03:24:57.683708Z,refresh,17121,1761084,105,2,1,0,1791327600,2026-10-06T23:00:00Z
2026-10-06T03:24:57.683708Z,refresh,17122,1761085,170,15,1,0,1791327600,2026-10-06T23:00:00Z
2026-10-06T03:24:57.683708Z,refresh,10020,1761159,16050,119,1,0,1791329400,2026-10-06T23:30:00Z
2026-10-06T03:24:57.683708Z,refresh,10021,1761160,5,1,1,0,1791329400,2026-10-06T23:30:00Z
2026-10-06T03:24:57.683708Z,refresh,10022,1761161,330,40,1,0,1791329400,2026-10-06T23:30:00Z
2026-10-06T03:24:57.683708Z,refresh,10023,1761162,550,47,1,0,1791329400,2026-10-06T23:30:00Z
2026-10-06T03:24:57.683708Z,refresh,10024,1761163,5,1,1,0,1791329400,2026-10-06T23:30:00Z
2026-10-06T03:24:57.683708Z,refresh,10025,1761164,5,0,1,0,1791329400,2026-10-06T23:30:00Z
2026-10-06T03:24:57.683708Z,refresh,17850,1761247,5,0,1,0,1791329400,2026-10-06T23:30:00Z
2026-10-06T03:24:57.683708Z,refresh,17851,1761248,5,1,1,0,1791329400,2026-10-06T23:30:00Z
2026-10-06T03:24:57.683708Z,refresh,17852,1761249,390,15,1,0,1791329400,2026-10-06T23:30:00Z
2026-10-06T03:24:57.683708Z,refresh,17853,1761250,1350,46,1,0,1791329400,2026-10-06T23:30:00Z
2026-10-06T03:24:57.683708Z,refresh,17854,1761251,155,10,1,0,1791329400,2026-10-06T23:30:00Z
2026-10-06T03:24:57.683708Z,refresh,17855,1761252,100,20,1,0,1791329400,2026-10-06T23:30:00Z
2026-10-06T03:24:57.683708Z,refresh,17856,1761253,175,20,1,0,1791329400,2026-10-06T23:30:00Z
2026-10-06T03:24:57.683708Z,refresh,17857,1761254,105,8,1,0,1791329400,2026-10-06T23:30:00Z
2026-10-06T03:24:57.683708Z,refresh,17858,1761255,55,11,1,0,1791329400,2026-10-06T23:30:00Z
2026-10-06T03:24:57.683708Z,refresh,17859,1761256,5,1,1,0,1791329400,2026-10-06T23:30:00Z
2026-10-06T03:24:57.683708Z,refresh,17860,1761257,5,1,1,0,1791329400,2026-10-06T23:30:00Z
2026-10-06T03:24:57.683708Z,refresh,17861,1761258,10,2,1,0,1791329400,2026-10-06T23:30:00Z
2026-10-06T03:24:57.683708Z,refresh,17862,1761259,5,1,1,0,1791329400,2026-10-06T23:30:00Z
2026-10-06T03:24:57.683708Z,refresh,17863,1761260,5,1,1,0,1791329400,2026-10-06T23:30:00Z
2026-10-06T03:24:57.683708Z,refresh,17864,1761262,5,1,1,0,1791329400,2026-10-06T23:30:00Z
2026-10-06T03:24:57.683708Z,refresh,17865,1761263,15,3,1,0,1791329400,2026-10-06T23:30:00Z
2026-10-06T03:24:57.683708Z,refresh,17909,1761086,5,0,1,0,1791329400,2026-10-06T23:30:00Z
2026-10-06T03:24:57.683708Z,refresh,17911,1761088,5,0,1,0,1791329400,2026-10-06T23:30:00Z
2026-10-06T03:24:57.683708Z,refresh,17912,1761089,5,0,1,0,1791329400,2026-10-06T23:30:00Z
2026-10-06T03:24:57.683708Z,refresh,17913,1761090,5,0,1,0,1791329400,2026-10-06T23:30:00Z
2026-10-06T03:24:57.683708Z,refresh,17914,1761091,5,0,1,0,1791329400,2026-10-06T23:30:00Z
2026-10-06T03:24:57.683708Z,refresh,17915,1761092,5,0,1,0,1791329400,2026-10-06T23:30:00Z
2026-10-06T03:24:57.683708Z,refresh,17916,1761093,5,0,1,0,1791329400,2026-10-06T23:30:00Z
2026-10-06T03:24:57.683708Z,refresh,17917,1761094,5,1,1,0,1791329400,2026-10-06T23:30:00Z
2026-10-06T03:24:57.683708Z,refresh,17918,1761095,5,0,1,0,1791329400,2026-10-06T23:30:00Z
2026-10-06T03:24:57.683708Z,refresh,17919,1761096,5,0,1,0,1791329400,2026-10-06T23:30:00Z
2026-10-06T03:24:57.683708Z,refresh,17920,1761097,5,1,1,0,1791329400,2026-10-06T23:30:00Z
2026-10-06T03:24:57.683708Z,refresh,17921,1761098,5,1,1,0,1791329400,2026-10-06T23:30:00Z
2026-10-06T03:24:57.683708Z,refresh,17922,1761099,5,0,1,0,1791329400,2026-10-06T23:30:00Z
2026-10-06T03:24:57.683708Z,refresh,17923,1761100,5,0,1,0,1791329400,2026-10-06T23:30:00Z
2026-10-06T03:24:57.683708Z,refresh,17924,1761101,10,2,1,0,1791329400,2026-10-06T23:30:00Z
2026-10-06T03:24:57.683708Z,refresh,17925,1761102,5,1,1,0,1791329400,2026-10-06T23:30:00Z
2026-10-06T03:24:57.683708Z,refresh,17926,1761103,5,1,1,0,1791329400,2026-10-06T23:30:00Z
2026-10-06T03:24:57.683708Z,refresh,17927,1761104,105,5,1,0,1791329400,2026-10-06T23:30:00Z
2026-10-06T03:24:57.683708Z,refresh,17928,1761105,5,1,1,0,1791329400,2026-10-06T23:30:00Z
2026-10-06T03:24:57.683708Z,refresh,17929,1761106,5,1,1,0,1791329400,2026-10-06T23:30:00Z
2026-10-06T03:24:57.683708Z,refresh,17930,1761107,5,1,1,0,1791329400,2026-10-06T23:30:00Z
2026-10-06T03:24:57.683708Z,refresh,17931,1761108,15,4,1,0,1791329400,2026-10-06T23:30:00Z
2026-10-06T03:24:57.683708Z,refresh,17932,1761109,5,1,1,0,1791329400,2026-10-06T23:30:00Z
2026-10-06T03:24:57.683708Z,refresh,17933,1761110,5,1,1,0,1791329400,2026-10-06T23:30:00Z
2026-10-06T03:24:57.683708Z,refresh,17934,1761111,5,0,1,0,1791329400,2026-10-06T23:30:00Z
2026-10-06T03:24:57.683708Z,refresh,17935,1761112,5,0,1,0,1791329400,2026-10-06T23:30:00Z
2026-10-06T03:24:57.683708Z,refresh,17936,1761113,5,0,1,0,1791329400,2026-10-06T23:30:00Z
2026-10-06T03:24:57.683708Z,refresh,17937,1761114,5,1,1,0,1791329400,2026-10-06T23:30:00Z
2026-10-06T03:24:57.683708Z,refresh,17938,1761115,5,1,1,0,1791329400,2026-10-06T23:30:00Z
2026-10-06T03:24:57.683708Z,refresh,17939,1761116,5,1,1,0,1791329400,2026-10-06T23:30:00Z
2026-10-06T03:24:57.683708Z,refresh,17940,1761117,25,5,1,0,1791329400,2026-10-06T23:30:00Z
2026-10-06T03:24:57.683708Z,refresh,17941,1761118,420,19,1,0,1791329400,2026-10-06T23:30:00Z
2026-10-06T03:24:57.683708Z,refresh,18650,1761165,5,1,1,0,1791329400,2026-10-06T23:30:00Z
2026-10-06T03:24:57.683708Z,refresh,18651,1761166,35,8,1,0,1791329400,2026-10-06T23:30:00Z
2026-10-06T03:24:57.683708Z,refresh,18652,1761167,5,1,1,0,1791329400,2026-10-06T23:30:00Z
2026-10-06T03:24:57.683708Z,refresh,18653,1761168,5,1,1,0,1791329400,2026-10-06T23:30:00Z
2026-10-06T03:24:57.683708Z,refresh,18654,1761169,15,3,1,0,1791329400,2026-10-06T23:30:00Z
2026-10-06T03:24:57.683708Z,refresh,18655,1761170,5,1,1,0,1791329400,2026-10-06T23:30:00Z
2026-10-06T03:24:57.683708Z,refresh,18656,1761171,5,1,1,0,1791329400,2026-10-06T23:30:00Z
2026-10-06T03:24:57.683708Z,refresh,18657,1761172,105,8,1,0,1791329400,2026-10-06T23:30:00Z
2026-10-06T03:24:57.683708Z,refresh,18658,1761173,10,2,1,0,1791329400,2026-10-06T23:30:00Z
2026-10-06T03:24:57.683708Z,refresh,18659,1761174,5,1,1,0,1791329400,2026-10-06T23:30:00Z
2026-10-06T03:24:57.683708Z,refresh,18660,1761175,410,67,1,0,1791329400,2026-10-06T23:30:00Z
2026-10-06T03:24:57.683708Z,refresh,18661,1761176,30,7,1,0,1791329400,2026-10-06T23:30:00Z
2026-10-06T03:24:57.683708Z,refresh,18662,1761177,5,1,1,0,1791329400,2026-10-06T23:30:00Z
2026-10-06T03:24:57.683708Z,refresh,18663,1761178,205,24,1,0,1791329400,2026-10-06T23:30:00Z
2026-10-06T03:24:57.683708Z,refresh,18664,1761179,255,30,1,0,1791329400,2026-10-06T23:30:00Z
2026-10-06T03:24:57.683708Z,refresh,18665,1761180,205,33,1,0,1791329400,2026-10-06T23:30:00Z
2026-10-06T03:24:57.683708Z,refresh,18666,1761181,34,5,1,0,1791329400,2026-10-06T23:30:00Z
2026-10-06T03:24:57.683708Z,refresh,18667,1761182,5,0,1,0,1791329400,2026-10-06T23:30:00Z
2026-10-06T03:24:57.683708Z,refresh,18668,1761183,5,1,1,0,1791329400,2026-10-06T23:30:00Z
2026-10-06T03:24:57.683708Z,refresh,18669,1761184,55,10,1,0,1791329400,2026-10-06T23:30:00Z
2026-10-06T03:24:57.683708Z,refresh,18670,1761185,10,2,1,0,1791329400,2026-10-06T23:30:00Z
2026-10-06T03:24:57.683708Z,refresh,18671,1761186,120,24,1,0,1791329400,2026-10-06T23:30:00Z
2026-10-06T03:24:57.683708Z,refresh,18672,1761187,115,24,1,0,1791329400,2026-10-06T23:30:00Z
2026-10-06T03:24:57.683708Z,refresh,18673,1761188,24,5,1,0,1791329400,2026-10-06T23:30:00Z
2026-10-06T03:24:57.683708Z,refresh,18674,1761189,15,3,1,0,1791329400,2026-10-06T23:30:00Z
2026-10-06T03:24:57.683708Z,refresh,18675,1761190,55,12,1,0,1791329400,2026-10-06T23:30:00Z
2026-10-06T03:24:57.683708Z,refresh,18676,1761191,5,1,1,0,1791329400,2026-10-06T23:30:00Z
2026-10-06T03:24:57.683708Z,refresh,18677,1761192,35,8,1,0,1791329400,2026-10-06T23:30:00Z
2026-10-06T03:24:57.683708Z,refresh,18678,1761194,20,5,1,0,1791329400,2026-10-06T23:30:00Z
2026-10-06T03:24:57.683708Z,refresh,18679,1761195,5,1,1,0,1791329400,2026-10-06T23:30:00Z
2026-10-06T03:24:57.683708Z,refresh,18680,1761196,55,12,1,0,1791329400,2026-10-06T23:30:00Z
2026-10-06T03:24:57.683708Z,refresh,18681,1761197,70,11,1,0,1791329400,2026-10-06T23:30:00Z
2026-10-06T03:24:57.683708Z,refresh,18682,1761198,10,2,1,0,1791329400,2026-10-06T23:30:00Z
2026-10-06T03:24:57.683708Z,refresh,18683,1761199,5,1,1,0,1791329400,2026-10-06T23:30:00Z
2026-10-06T03:24:57.683708Z,refresh,18705,1761220,5,0,1,0,1791329400,2026-10-06T23:30:00Z
2026-10-06T03:24:57.683708Z,refresh,18706,1761221,5,0,1,0,1791329400,2026-10-06T23:30:00Z
2026-10-06T03:24:57.683708Z,refresh,18707,1761222,10,2,1,0,1791329400,2026-10-06T23:30:00Z
2026-10-06T03:24:57.683708Z,refresh,18708,1761223,45,6,1,0,1791329400,2026-10-06T23:30:00Z
2026-10-06T03:24:57.683708Z,refresh,18709,1761224,5,0,1,0,1791329400,2026-10-06T23:30:00Z
2026-10-06T03:24:57.683708Z,refresh,18710,1761225,5,0,1,0,1791329400,2026-10-06T23:30:00Z
2026-10-06T03:24:57.683708Z,refresh,18711,1761226,5,0,1,0,1791329400,2026-10-06T23:30:00Z
2026-10-06T03:24:57.683708Z,refresh,18712,1761227,5,1,1,0,1791329400,2026-10-06T23:30:00Z
2026-10-06T03:24:57.683708Z,refresh,18713,1761228,45,9,1,0,1791329400,2026-10-06T23:30:00Z
2026-10-06T03:24:57.683708Z,refresh,18714,1761229,5,1,1,0,1791329400,2026-10-06T23:30:00Z
2026-10-06T03:24:57.683708Z,refresh,18715,1761230,5,1,1,0,1791329400,2026-10-06T23:30:00Z
2026-10-06T03:24:57.683708Z,refresh,18716,1761231,155,5,1,0,1791329400,2026-10-06T23:30:00Z
2026-10-06T03:24:57.683708Z,refresh,18717,1761232,205,6,1,0,1791329400,2026-10-06T23:30:00Z
2026-10-06T03:24:57.683708Z,refresh,18718,1761233,110,23,1,0,1791329400,2026-10-06T23:30:00Z
2026-10-06T03:24:57.683708Z,refresh,18719,1761234,5,0,1,0,1791329400,2026-10-06T23:30:00Z
2026-10-06T03:24:57.683708Z,refresh,18720,1761235,5,0,1,0,1791329400,2026-10-06T23:30:00Z
2026-10-06T03:24:57.683708Z,refresh,17866,1761264,5,1,1,0,1791331200,2026-10-07T00:00:00Z
2026-10-06T03:24:57.683708Z,refresh,17867,1761265,10,2,1,0,1791331200,2026-10-07T00:00:00Z
2026-10-06T03:24:57.683708Z,refresh,17868,1761266,5,1,1,0,1791331200,2026-10-07T00:00:00Z
2026-10-06T03:24:57.683708Z,refresh,17869,1761268,10,2,1,0,1791331200,2026-10-07T00:00:00Z
2026-10-06T03:24:57.683708Z,refresh,17870,1761269,5,1,1,0,1791331200,2026-10-07T00:00:00Z
2026-10-06T03:24:57.683708Z,refresh,17871,1761270,5,1,1,0,1791331200,2026-10-07T00:00:00Z
2026-10-06T03:24:57.683708Z,refresh,17872,1761271,5,0,1,0,1791331200,2026-10-07T00:00:00Z
2026-10-06T03:24:57.683708Z,refresh,17873,1761272,10,2,1,0,1791331200,2026-10-07T00:00:00Z
2026-10-06T03:24:57.683708Z,refresh,17874,1761273,5,0,1,0,1791331200,2026-10-07T00:00:00Z
2026-10-06T03:24:57.683708Z,refresh,17875,1761274,155,24,1,0,1791331200,2026-10-07T00:00:00Z
2026-10-06T03:24:57.683708Z,refresh,17876,1761275,10,2,1,0,1791331200,2026-10-07T00:00:00Z
2026-10-06T03:24:57.683708Z,refresh,17877,1761276,5,1,1,0,1791331200,2026-10-07T00:00:00Z
2026-10-06T03:24:57.683708Z,refresh,17878,1761277,35,8,1,0,1791331200,2026-10-07T00:00:00Z
2026-10-06T03:24:57.683708Z,refresh,17879,1761278,5,1,1,0,1791331200,2026-10-07T00:00:00Z
2026-10-06T03:24:57.683708Z,refresh,17880,1761279,205,16,1,0,1791331200,2026-10-07T00:00:00Z
2026-10-06T03:24:57.683708Z,refresh,17881,1761280,10,2,1,0,1791331200,2026-10-07T00:00:00Z
2026-10-06T03:24:57.683708Z,refresh,17882,1761281,10,2,1,0,1791331200,2026-10-07T00:00:00Z
2026-10-06T03:24:57.683708Z,refresh,17883,1761282,34,7,1,0,1791331200,2026-10-07T00:00:00Z
2026-10-06T03:24:57.683708Z,refresh,17884,1761283,10,2,1,0,1791331200,2026-10-07T00:00:00Z
2026-10-06T03:24:57.683708Z,refresh,17885,1761284,5,1,1,0,1791331200,2026-10-07T00:00:00Z
2026-10-06T03:24:57.683708Z,refresh,17886,1761285,5,1,1,0,1791331200,2026-10-07T00:00:00Z
2026-10-06T03:24:57.683708Z,refresh,17887,1761286,5,1,1,0,1791331200,2026-10-07T00:00:00Z
2026-10-06T03:24:57.683708Z,refresh,17888,1761287,5,0,1,0,1791331200,2026-10-07T00:00:00Z
2026-10-06T03:24:57.683708Z,refresh,17889,1761288,105,12,1,0,1791331200,2026-10-07T00:00:00Z
2026-10-06T03:24:57.683708Z,refresh,17890,1761289,10,2,1,0,1791331200,2026-10-07T00:00:00Z
2026-10-06T03:24:57.683708Z,refresh,17891,1761291,575,50,1,0,1791331200,2026-10-07T00:00:00Z
2026-10-06T03:24:57.683708Z,refresh,17892,1761292,255,52,1,0,1791331200,2026-10-07T00:00:00Z
2026-10-06T03:24:57.683708Z,refresh,17893,1761293,5,1,1,0,1791331200,2026-10-07T00:00:00Z
2026-10-06T03:24:57.683708Z,refresh,17894,1761294,10,2,1,0,1791331200,2026-10-07T00:00:00Z
2026-10-06T03:24:57.683708Z,refresh,17895,1761295,114,24,1,0,1791331200,2026-10-07T00:00:00Z
2026-10-06T03:24:57.683708Z,refresh,17896,1761296,10,2,1,0,1791331200,2026-10-07T00:00:00Z
2026-10-06T03:24:57.683708Z,refresh,17897,1761297,55,12,1,0,1791331200,2026-10-07T00:00:00Z
2026-10-06T03:24:57.683708Z,refresh,17898,1761298,5,1,1,0,1791331200,2026-10-07T00:00:00Z
2026-10-06T03:24:57.683708Z,refresh,17899,1761299,10,2,1,0,1791331200,2026-10-07T00:00:00Z
2026-10-06T03:24:57.683708Z,refresh,17900,1761300,20,4,1,0,1791331200,2026-10-07T00:00:00Z
2026-10-06T03:24:57.683708Z,refresh,17901,1761301,31,7,1,0,1791331200,2026-10-07T00:00:00Z
2026-10-06T03:24:57.683708Z,refresh,17902,1761303,5,0,1,0,1791331200,2026-10-07T00:00:00Z
2026-10-06T03:24:57.683708Z,refresh,17903,1761304,370,53,1,0,1791331200,2026-10-07T00:00:00Z
2026-10-06T03:24:57.683708Z,refresh,17904,1761305,15,3,1,0,1791331200,2026-10-07T00:00:00Z
2026-10-06T03:24:57.683708Z,refresh,17905,1761306,30,7,1,0,1791331200,2026-10-07T00:00:00Z
2026-10-06T03:24:57.683708Z,refresh,17906,1761307,110,17,1,0,1791331200,2026-10-07T00:00:00Z
2026-10-06T03:24:57.683708Z,refresh,17907,1761308,110,5,1,0,1791331200,2026-10-07T00:00:00Z
2026-10-06T03:24:57.683708Z,refresh,17908,1761309,10,2,1,0,1791331200,2026-10-07T00:00:00Z
2026-10-06T03:24:57.683708Z,refresh,17910,1761314,5,1,1,0,1791331200,2026-10-07T00:00:00Z
2026-10-06T03:24:57.683708Z,refresh,18684,1761200,5,0,1,0,1791331200,2026-10-07T00:00:00Z
2026-10-06T03:24:57.683708Z,refresh,18685,1761201,5,1,1,0,1791331200,2026-10-07T00:00:00Z
2026-10-06T03:24:57.683708Z,refresh,18686,1761202,5,1,1,0,1791331200,2026-10-07T00:00:00Z
2026-10-06T03:24:57.683708Z,refresh,18687,1761203,5,1,1,0,1791331200,2026-10-07T00:00:00Z
2026-10-06T03:24:57.683708Z,refresh,18688,1761204,5,1,1,0,1791331200,2026-10-07T00:00:00Z
2026-10-06T03:24:57.683708Z,refresh,18689,1761205,60,13,1,0,1791331200,2026-10-07T00:00:00Z
2026-10-06T03:24:57.683708Z,refresh,18690,1761206,110,23,1,0,1791331200,2026-10-07T00:00:00Z
2026-10-06T03:24:57.683708Z,refresh,18691,1761207,10,2,1,0,1791331200,2026-10-07T00:00:00Z
2026-10-06T03:24:57.683708Z,refresh,18692,1761208,10,2,1,0,1791331200,2026-10-07T00:00:00Z
2026-10-06T03:24:57.683708Z,refresh,18693,1761209,10,2,1,0,1791331200,2026-10-07T00:00:00Z
2026-10-06T03:24:57.683708Z,refresh,18694,1761210,5,1,1,0,1791331200,2026-10-07T00:00:00Z
2026-10-06T03:24:57.683708Z,refresh,18695,1761211,5,1,1,0,1791331200,2026-10-07T00:00:00Z
2026-10-06T03:24:57.683708Z,refresh,18696,1761212,5,1,1,0,1791331200,2026-10-07T00:00:00Z
2026-10-06T03:24:57.683708Z,refresh,18697,1761213,5,1,1,0,1791331200,2026-10-07T00:00:00Z
2026-10-06T03:24:57.683708Z,refresh,18698,1761214,5,1,1,0,1791331200,2026-10-07T00:00:00Z
2026-10-06T03:24:57.683708Z,refresh,18699,1761215,5,1,1,0,1791331200,2026-10-07T00:00:00Z
2026-10-06T03:24:57.683708Z,refresh,18700,1761216,5,1,1,0,1791331200,2026-10-07T00:00:00Z
2026-10-06T03:24:57.683708Z,refresh,18701,1761217,320,19,1,0,1791331200,2026-10-07T00:00:00Z
2026-10-06T03:24:57.683708Z,refresh,18702,1761218,460,48,1,0,1791331200,2026-10-07T00:00:00Z
2026-10-06T03:24:57.683708Z,refresh,18703,1761219,55,5,1,0,1791331200,2026-10-07T00:00:00Z
2026-10-06T03:24:57.683708Z,refresh,18721,1761236,10,2,1,0,1791331200,2026-10-07T00:00:00Z
2026-10-06T03:24:57.683708Z,refresh,18722,1761237,55,12,1,0,1791331200,2026-10-07T00:00:00Z
2026-10-06T03:24:57.683708Z,refresh,18723,1761238,5,1,1,0,1791331200,2026-10-07T00:00:00Z
2026-10-06T03:24:57.683708Z,refresh,18724,1761239,5,1,1,0,1791331200,2026-10-07T00:00:00Z
2026-10-06T03:24:57.683708Z,refresh,18725,1761240,5,1,1,0,1791331200,2026-10-07T00:00:00Z
2026-10-06T03:24:57.683708Z,refresh,18726,1761241,5,1,1,0,1791331200,2026-10-07T00:00:00Z
2026-10-06T03:24:57.683708Z,refresh,18727,1761242,5,1,1,0,1791331200,2026-10-07T00:00:00Z
2026-10-06T03:24:57.683708Z,refresh,18728,1761243,5,1,1,0,1791331200,2026-10-07T00:00:00Z
2026-10-06T03:24:57.683708Z,refresh,18729,1761244,10,2,1,0,1791331200,2026-10-07T00:00:00Z
2026-10-06T03:24:57.683708Z,refresh,18730,1761245,15,3,1,0,1791331200,2026-10-07T00:00:00Z
2026-10-06T03:24:57.683708Z,refresh,18731,1761246,5,0,1,0,1791331200,2026-10-07T00:00:00Z
2026-10-06T03:24:57.683708Z,refresh,18732,1761310,5,1,1,0,1791331200,2026-10-07T00:00:00Z
2026-10-06T03:24:57.683708Z,refresh,18733,1761311,10,2,1,0,1791331200,2026-10-07T00:00:00Z
2026-10-06T03:24:57.683708Z,refresh,18734,1761312,10,2,1,0,1791331200,2026-10-07T00:00:00Z
2026-10-06T03:24:57.683708Z,refresh,18735,1761313,50,7,1,0,1791331200,2026-10-07T00:00:00Z
2026-10-06T03:24:57.683708Z,refresh,17125,1779931,65,14,1,0,1791333000,2026-10-07T00:30:00Z
2026-10-06T04:06:03.653545Z,refresh,10000,1761139,105,2,1,0,1791324000,2026-10-06T22:00:00Z
2026-10-06T04:06:03.653545Z,refresh,10001,1761140,100,0,1,0,1791324000,2026-10-06T22:00:00Z
2026-10-06T04:06:03.653545Z,refresh,10002,1761141,100,1,1,0,1791324000,2026-10-06T22:00:00Z
2026-10-06T04:06:03.653545Z,refresh,10003,1761142,1025,12,1,0,1791324000,2026-10-06T22:00:00Z
2026-10-06T04:06:03.653545Z,refresh,10004,1761143,2600,30,1,0,1791324000,2026-10-06T22:00:00Z
2026-10-06T04:06:03.653545Z,refresh,10005,1761144,3100,20,1,0,1791324000,2026-10-06T22:00:00Z
2026-10-06T04:06:03.653545Z,refresh,10006,1761145,2050,32,1,0,1791324000,2026-10-06T22:00:00Z
2026-10-06T04:06:03.653545Z,refresh,10007,1761146,1075,16,1,0,1791324000,2026-10-06T22:00:00Z
2026-10-06T04:06:03.653545Z,refresh,10008,1761147,9050,37,1,0,1791324000,2026-10-06T22:00:00Z
2026-10-06T04:06:03.653545Z,refresh,10009,1761148,25600,31,1,0,1791324000,2026-10-06T22:00:00Z
2026-10-06T04:06:03.653545Z,refresh,10010,1761149,13550,182,1,0,1791324000,2026-10-06T22:00:00Z
2026-10-06T04:06:03.653545Z,refresh,10011,1761150,20100,191,1,0,1791324000,2026-10-06T22:00:00Z
2026-10-06T04:06:03.653545Z,refresh,10012,1761151,20100,59,1,0,1791324000,2026-10-06T22:00:00Z
2026-10-06T04:06:03.653545Z,refresh,10013,1761152,50000,95,1,0,1791324000,2026-10-06T22:00:00Z
2026-10-06T04:06:03.653545Z,refresh,10014,1761153,23650,67,1,0,1791324000,2026-10-06T22:00:00Z
2026-10-06T04:06:03.653545Z,refresh,10015,1761154,20900,35,1,0,1791324000,2026-10-06T22:00:00Z
2026-10-06T04:06:03.653545Z,refresh,10016,1761155,15100,31,1,0,1791324000,2026-10-06T22:00:00Z
2026-10-06T04:06:03.653545Z,refresh,10017,1761156,42750,57,1,0,1791324000,2026-10-06T22:00:00Z
2026-10-06T04:06:03.653545Z,refresh,10018,1761157,2550,32,1,0,1791324000,2026-10-06T22:00:00Z
2026-10-06T04:06:03.653545Z,refresh,10019,1761158,1075,29,1,0,1791324000,2026-10-06T22:00:00Z
2026-10-06T04:06:03.653545Z,refresh,10050,1761119,3550,42,1,0,1791325800,2026-10-06T22:30:00Z
2026-10-06T04:06:03.653545Z,refresh,10051,1761120,705,3,1,0,1791325800,2026-10-06T22:30:00Z
2026-10-06T04:06:03.653545Z,refresh,10052,1761121,1550,14,1,0,1791325800,2026-10-06T22:30:00Z
2026-10-06T04:06:03.653545Z,refresh,10053,1761122,2950,34,1,0,1791325800,2026-10-06T22:30:00Z
2026-10-06T04:06:03.653545Z,refresh,10054,1761123,1550,35,1,0,1791325800,2026-10-06T22:30:00Z
2026-10-06T04:06:03.653545Z,refresh,10055,1761124,325,5,1,0,1791325800,2026-10-06T22:30:00Z
2026-10-06T04:06:03.653545Z,refresh,10056,1761125,120,5,1,0,1791325800,2026-10-06T22:30:00Z
2026-10-06T04:06:03.653545Z,refresh,10057,1761126,305,3,1,0,1791325800,2026-10-06T22:30:00Z
2026-10-06T04:06:03.653545Z,refresh,10058,1761127,755,13,1,0,1791325800,2026-10-06T22:30:00Z
2026-10-06T04:06:03.653545Z,refresh,10059,1761128,1400,22,1,0,1791325800,2026-10-06T22:30:00Z
2026-10-06T04:06:03.653545Z,refresh,10060,1761129,7800,63,1,0,1791325800,2026-10-06T22:30:00Z
2026-10-06T04:06:03.653545Z,refresh,10061,1761130,1550,40,1,0,1791325800,2026-10-06T22:30:00Z
2026-10-06T04:06:03.653545Z,refresh,10062,1761131,6200,137,1,0,1791325800,2026-10-06T22:30:00Z
2026-10-06T04:06:03.653545Z,refresh,10063,1761132,1525,15,1,0,1791325800,2026-10-06T22:30:00Z
2026-10-06T04:06:03.653545Z,refresh,10064,1761133,1700,24,1,0,1791325800,2026-10-06T22:30:00Z
2026-10-06T04:06:03.653545Z,refresh,10065,1761134,1650,44,1,0,1791325800,2026-10-06T22:30:00Z
2026-10-06T04:06:03.653545Z,refresh,10066,1761135,1650,16,1,0,1791325800,2026-10-06T22:30:00Z
2026-10-06T04:06:03.653545Z,refresh,10067,1761136,1550,5,1,0,1791325800,2026-10-06T22:30:00Z
2026-10-06T04:06:03.653545Z,refresh,10068,1761137,2100,17,1,0,1791325800,2026-10-06T22:30:00Z
2026-10-06T04:06:03.653545Z,refresh,10069,1761138,1320,69,1,0,1791325800,2026-10-06T22:30:00Z
2026-10-06T04:06:03.653545Z,refresh,17100,1761063,115,4,1,0,1791327600,2026-10-06T23:00:00Z
2026-10-06T04:06:03.653545Z,refresh,17101,1761064,110,3,1,0,1791327600,2026-10-06T23:00:00Z
2026-10-06T04:06:03.653545Z,refresh,17102,1761065,100,1,1,0,1791327600,2026-10-06T23:00:00Z
2026-10-06T04:06:03.653545Z,refresh,17103,1761066,105,2,1,0,1791327600,2026-10-06T23:00:00Z
2026-10-06T04:06:03.653545Z,refresh,17104,1761067,120,5,1,0,1791327600,2026-10-06T23:00:00Z
2026-10-06T04:06:03.653545Z,refresh,17105,1761068,105,2,1,0,1791327600,2026-10-06T23:00:00Z
2026-10-06T04:06:03.653545Z,refresh,17106,1761069,105,2,1,0,1791327600,2026-10-06T23:00:00Z
2026-10-06T04:06:03.653545Z,refresh,17107,1761070,110,3,1,0,1791327600,2026-10-06T23:00:00Z
2026-10-06T04:06:03.653545Z,refresh,17108,1761071,120,5,1,0,1791327600,2026-10-06T23:00:00Z
2026-10-06T04:06:03.653545Z,refresh,17109,1761072,110,3,1,0,1791327600,2026-10-06T23:00:00Z
2026-10-06T04:06:03.653545Z,refresh,17110,1761073,110,3,1,0,1791327600,2026-10-06T23:00:00Z
2026-10-06T04:06:03.653545Z,refresh,17111,1761074,115,4,1,0,1791327600,2026-10-06T23:00:00Z
2026-10-06T04:06:03.653545Z,refresh,17112,1761075,205,11,1,0,1791327600,2026-10-06T23:00:00Z
2026-10-06T04:06:03.653545Z,refresh,17113,1761076,105,2,1,0,1791327600,2026-10-06T23:00:00Z
2026-10-06T04:06:03.653545Z,refresh,17114,1761077,110,3,1,0,1791327600,2026-10-06T23:00:00Z
2026-10-06T04:06:03.653545Z,refresh,17115,1761078,115,4,1,0,1791327600,2026-10-06T23:00:00Z
2026-10-06T04:06:03.653545Z,refresh,17116,1761079,115,4,1,0,1791327600,2026-10-06T23:00:00Z
2026-10-06T04:06:03.653545Z,refresh,17117,1761080,105,2,1,0,1791327600,2026-10-06T23:00:00Z
2026-10-06T04:06:03.653545Z,refresh,17118,1761081,105,2,1,0,1791327600,2026-10-06T23:00:00Z
2026-10-06T04:06:03.653545Z,refresh,17119,1761082,100,1,1,0,1791327600,2026-10-06T23:00:00Z
2026-10-06T04:06:03.653545Z,refresh,17120,1761083,105,2,1,0,1791327600,2026-10-06T23:00:00Z
2026-10-06T04:06:03.653545Z,refresh,17121,1761084,105,2,1,0,1791327600,2026-10-06T23:00:00Z
2026-10-06T04:06:03.653545Z,refresh,17122,1761085,170,15,1,0,1791327600,2026-10-06T23:00:00Z
2026-10-06T04:06:03.653545Z,refresh,10020,1761159,16050,119,1,0,1791329400,2026-10-06T23:30:00Z
2026-10-06T04:06:03.653545Z,refresh,10021,1761160,5,1,1,0,1791329400,2026-10-06T23:30:00Z
2026-10-06T04:06:03.653545Z,refresh,10022,1761161,330,40,1,0,1791329400,2026-10-06T23:30:00Z
2026-10-06T04:06:03.653545Z,refresh,10023,1761162,550,47,1,0,1791329400,2026-10-06T23:30:00Z
2026-10-06T04:06:03.653545Z,refresh,10024,1761163,5,1,1,0,1791329400,2026-10-06T23:30:00Z
2026-10-06T04:06:03.653545Z,refresh,10025,1761164,5,0,1,0,1791329400,2026-10-06T23:30:00Z
2026-10-06T04:06:03.653545Z,refresh,17850,1761247,5,0,1,0,1791329400,2026-10-06T23:30:00Z
2026-10-06T04:06:03.653545Z,refresh,17851,1761248,5,1,1,0,1791329400,2026-10-06T23:30:00Z
2026-10-06T04:06:03.653545Z,refresh,17852,1761249,390,15,1,0,1791329400,2026-10-06T23:30:00Z
2026-10-06T04:06:03.653545Z,refresh,17853,1761250,1350,46,1,0,1791329400,2026-10-06T23:30:00Z
2026-10-06T04:06:03.653545Z,refresh,17854,1761251,155,10,1,0,1791329400,2026-10-06T23:30:00Z
2026-10-06T04:06:03.653545Z,refresh,17855,1761252,100,20,1,0,1791329400,2026-10-06T23:30:00Z
2026-10-06T04:06:03.653545Z,refresh,17856,1761253,175,20,1,0,1791329400,2026-10-06T23:30:00Z
2026-10-06T04:06:03.653545Z,refresh,17857,1761254,105,8,1,0,1791329400,2026-10-06T23:30:00Z
2026-10-06T04:06:03.653545Z,refresh,17858,1761255,55,11,1,0,1791329400,2026-10-06T23:30:00Z
2026-10-06T04:06:03.653545Z,refresh,17859,1761256,5,1,1,0,1791329400,2026-10-06T23:30:00Z
2026-10-06T04:06:03.653545Z,refresh,17860,1761257,5,1,1,0,1791329400,2026-10-06T23:30:00Z
2026-10-06T04:06:03.653545Z,refresh,17861,1761258,10,2,1,0,1791329400,2026-10-06T23:30:00Z
2026-10-06T04:06:03.653545Z,refresh,17862,1761259,5,1,1,0,1791329400,2026-10-06T23:30:00Z
2026-10-06T04:06:03.653545Z,refresh,17863,1761260,5,1,1,0,1791329400,2026-10-06T23:30:00Z
2026-10-06T04:06:03.653545Z,refresh,17864,1761262,10,3,1,0,1791329400,2026-10-06T23:30:00Z
2026-10-06T04:06:03.653545Z,refresh,17865,1761263,15,3,1,0,1791329400,2026-10-06T23:30:00Z
2026-10-06T04:06:03.653545Z,refresh,17909,1761086,5,0,1,0,1791329400,2026-10-06T23:30:00Z
2026-10-06T04:06:03.653545Z,refresh,17911,1761088,5,0,1,0,1791329400,2026-10-06T23:30:00Z
2026-10-06T04:06:03.653545Z,refresh,17912,1761089,5,0,1,0,1791329400,2026-10-06T23:30:00Z
2026-10-06T04:06:03.653545Z,refresh,17913,1761090,5,0,1,0,1791329400,2026-10-06T23:30:00Z
2026-10-06T04:06:03.653545Z,refresh,17914,1761091,5,0,1,0,1791329400,2026-10-06T23:30:00Z
2026-10-06T04:06:03.653545Z,refresh,17915,1761092,5,0,1,0,1791329400,2026-10-06T23:30:00Z
2026-10-06T04:06:03.653545Z,refresh,17916,1761093,5,0,1,0,1791329400,2026-10-06T23:30:00Z
2026-10-06T04:06:03.653545Z,refresh,17917,1761094,5,1,1,0,1791329400,2026-10-06T23:30:00Z
2026-10-06T04:06:03.653545Z,refresh,17918,1761095,5,0,1,0,1791329400,2026-10-06T23:30:00Z
2026-10-06T04:06:03.653545Z,refresh,17919,1761096,5,0,1,0,1791329400,2026-10-06T23:30:00Z
2026-10-06T04:06:03.653545Z,refresh,17920,1761097,5,1,1,0,1791329400,2026-10-06T23:30:00Z
2026-10-06T04:06:03.653545Z,refresh,17921,1761098,5,1,1,0,1791329400,2026-10-06T23:30:00Z
2026-10-06T04:06:03.653545Z,refresh,17922,1761099,5,0,1,0,1791329400,2026-10-06T23:30:00Z
2026-10-06T04:06:03.653545Z,refresh,17923,1761100,5,0,1,0,1791329400,2026-10-06T23:30:00Z
2026-10-06T04:06:03.653545Z,refresh,17924,1761101,10,2,1,0,1791329400,2026-10-06T23:30:00Z
2026-10-06T04:06:03.653545Z,refresh,17925,1761102,5,1,1,0,1791329400,2026-10-06T23:30:00Z
2026-10-06T04:06:03.653545Z,refresh,17926,1761103,5,1,1,0,1791329400,2026-10-06T23:30:00Z
2026-10-06T04:06:03.653545Z,refresh,17927,1761104,105,5,1,0,1791329400,2026-10-06T23:30:00Z
2026-10-06T04:06:03.653545Z,refresh,17928,1761105,5,1,1,0,1791329400,2026-10-06T23:30:00Z
2026-10-06T04:06:03.653545Z,refresh,17929,1761106,5,1,1,0,1791329400,2026-10-06T23:30:00Z
2026-10-06T04:06:03.653545Z,refresh,17930,1761107,5,1,1,0,1791329400,2026-10-06T23:30:00Z
2026-10-06T04:06:03.653545Z,refresh,17931,1761108,15,4,1,0,1791329400,2026-10-06T23:30:00Z
2026-10-06T04:06:03.653545Z,refresh,17932,1761109,5,1,1,0,1791329400,2026-10-06T23:30:00Z
2026-10-06T04:06:03.653545Z,refresh,17933,1761110,5,1,1,0,1791329400,2026-10-06T23:30:00Z
2026-10-06T04:06:03.653545Z,refresh,17934,1761111,5,0,1,0,1791329400,2026-10-06T23:30:00Z
2026-10-06T04:06:03.653545Z,refresh,17935,1761112,5,0,1,0,1791329400,2026-10-06T23:30:00Z
2026-10-06T04:06:03.653545Z,refresh,17936,1761113,5,0,1,0,1791329400,2026-10-06T23:30:00Z
2026-10-06T04:06:03.653545Z,refresh,17937,1761114,5,1,1,0,1791329400,2026-10-06T23:30:00Z
2026-10-06T04:06:03.653545Z,refresh,17938,1761115,5,1,1,0,1791329400,2026-10-06T23:30:00Z
2026-10-06T04:06:03.653545Z,refresh,17939,1761116,5,1,1,0,1791329400,2026-10-06T23:30:00Z
2026-10-06T04:06:03.653545Z,refresh,17940,1761117,25,5,1,0,1791329400,2026-10-06T23:30:00Z
2026-10-06T04:06:03.653545Z,refresh,17941,1761118,420,19,1,0,1791329400,2026-10-06T23:30:00Z
2026-10-06T04:06:03.653545Z,refresh,18650,1761165,5,1,1,0,1791329400,2026-10-06T23:30:00Z
2026-10-06T04:06:03.653545Z,refresh,18651,1761166,35,8,1,0,1791329400,2026-10-06T23:30:00Z
2026-10-06T04:06:03.653545Z,refresh,18652,1761167,5,1,1,0,1791329400,2026-10-06T23:30:00Z
2026-10-06T04:06:03.653545Z,refresh,18653,1761168,5,1,1,0,1791329400,2026-10-06T23:30:00Z
2026-10-06T04:06:03.653545Z,refresh,18654,1761169,15,3,1,0,1791329400,2026-10-06T23:30:00Z
2026-10-06T04:06:03.653545Z,refresh,18655,1761170,5,1,1,0,1791329400,2026-10-06T23:30:00Z
2026-10-06T04:06:03.653545Z,refresh,18656,1761171,5,1,1,0,1791329400,2026-10-06T23:30:00Z
2026-10-06T04:06:03.653545Z,refresh,18657,1761172,105,8,1,0,1791329400,2026-10-06T23:30:00Z
2026-10-06T04:06:03.653545Z,refresh,18658,1761173,10,2,1,0,1791329400,2026-10-06T23:30:00Z
2026-10-06T04:06:03.653545Z,refresh,18659,1761174,5,1,1,0,1791329400,2026-10-06T23:30:00Z
2026-10-06T04:06:03.653545Z,refresh,18660,1761175,410,67,1,0,1791329400,2026-10-06T23:30:00Z
2026-10-06T04:06:03.653545Z,refresh,18661,1761176,30,7,1,0,1791329400,2026-10-06T23:30:00Z
2026-10-06T04:06:03.653545Z,refresh,18662,1761177,5,1,1,0,1791329400,2026-10-06T23:30:00Z
2026-10-06T04:06:03.653545Z,refresh,18663,1761178,205,24,1,0,1791329400,2026-10-06T23:30:00Z
2026-10-06T04:06:03.653545Z,refresh,18664,1761179,255,30,1,0,1791329400,2026-10-06T23:30:00Z
2026-10-06T04:06:03.653545Z,refresh,18665,1761180,205,33,1,0,1791329400,2026-10-06T23:30:00Z
2026-10-06T04:06:03.653545Z,refresh,18666,1761181,34,5,1,0,1791329400,2026-10-06T23:30:00Z
2026-10-06T04:06:03.653545Z,refresh,18667,1761182,5,0,1,0,1791329400,2026-10-06T23:30:00Z
2026-10-06T04:06:03.653545Z,refresh,18668,1761183,5,1,1,0,1791329400,2026-10-06T23:30:00Z
2026-10-06T04:06:03.653545Z,refresh,18669,1761184,55,10,1,0,1791329400,2026-10-06T23:30:00Z
2026-10-06T04:06:03.653545Z,refresh,18670,1761185,10,2,1,0,1791329400,2026-10-06T23:30:00Z
2026-10-06T04:06:03.653545Z,refresh,18671,1761186,120,24,1,0,1791329400,2026-10-06T23:30:00Z
2026-10-06T04:06:03.653545Z,refresh,18672,1761187,115,24,1,0,1791329400,2026-10-06T23:30:00Z
2026-10-06T04:06:03.653545Z,refresh,18673,1761188,24,5,1,0,1791329400,2026-10-06T23:30:00Z
2026-10-06T04:06:03.653545Z,refresh,18674,1761189,15,3,1,0,1791329400,2026-10-06T23:30:00Z
2026-10-06T04:06:03.653545Z,refresh,18675,1761190,55,12,1,0,1791329400,2026-10-06T23:30:00Z
2026-10-06T04:06:03.653545Z,refresh,18676,1761191,5,1,1,0,1791329400,2026-10-06T23:30:00Z
2026-10-06T04:06:03.653545Z,refresh,18677,1761192,35,8,1,0,1791329400,2026-10-06T23:30:00Z
2026-10-06T04:06:03.653545Z,refresh,18678,1761194,20,5,1,0,1791329400,2026-10-06T23:30:00Z
2026-10-06T04:06:03.653545Z,refresh,18679,1761195,5,1,1,0,1791329400,2026-10-06T23:30:00Z
2026-10-06T04:06:03.653545Z,refresh,18680,1761196,55,12,1,0,1791329400,2026-10-06T23:30:00Z
2026-10-06T04:06:03.653545Z,refresh,18681,1761197,70,11,1,0,1791329400,2026-10-06T23:30:00Z
2026-10-06T04:06:03.653545Z,refresh,18682,1761198,10,2,1,0,1791329400,2026-10-06T23:30:00Z
2026-10-06T04:06:03.653545Z,refresh,18683,1761199,5,1,1,0,1791329400,2026-10-06T23:30:00Z
2026-10-06T04:06:03.653545Z,refresh,18705,1761220,5,0,1,0,1791329400,2026-10-06T23:30:00Z
2026-10-06T04:06:03.653545Z,refresh,18706,1761221,5,0,1,0,1791329400,2026-10-06T23:30:00Z
2026-10-06T04:06:03.653545Z,refresh,18707,1761222,10,2,1,0,1791329400,2026-10-06T23:30:00Z
2026-10-06T04:06:03.653545Z,refresh,18708,1761223,45,6,1,0,1791329400,2026-10-06T23:30:00Z
2026-10-06T04:06:03.653545Z,refresh,18709,1761224,5,0,1,0,1791329400,2026-10-06T23:30:00Z
2026-10-06T04:06:03.653545Z,refresh,18710,1761225,5,0,1,0,1791329400,2026-10-06T23:30:00Z
2026-10-06T04:06:03.653545Z,refresh,18711,1761226,5,0,1,0,1791329400,2026-10-06T23:30:00Z
2026-10-06T04:06:03.653545Z,refresh,18712,1761227,5,1,1,0,1791329400,2026-10-06T23:30:00Z
2026-10-06T04:06:03.653545Z,refresh,18713,1761228,45,9,1,0,1791329400,2026-10-06T23:30:00Z
2026-10-06T04:06:03.653545Z,refresh,18714,1761229,5,1,1,0,1791329400,2026-10-06T23:30:00Z
2026-10-06T04:06:03.653545Z,refresh,18715,1761230,5,1,1,0,1791329400,2026-10-06T23:30:00Z
2026-10-06T04:06:03.653545Z,refresh,18716,1761231,155,5,1,0,1791329400,2026-10-06T23:30:00Z
2026-10-06T04:06:03.653545Z,refresh,18717,1761232,205,6,1,0,1791329400,2026-10-06T23:30:00Z
2026-10-06T04:06:03.653545Z,refresh,18718,1761233,110,23,1,0,1791329400,2026-10-06T23:30:00Z
2026-10-06T04:06:03.653545Z,refresh,18719,1761234,5,0,1,0,1791329400,2026-10-06T23:30:00Z
2026-10-06T04:06:03.653545Z,refresh,18720,1761235,5,0,1,0,1791329400,2026-10-06T23:30:00Z
2026-10-06T04:06:03.653545Z,refresh,17866,1761264,5,1,1,0,1791331200,2026-10-07T00:00:00Z
2026-10-06T04:06:03.653545Z,refresh,17867,1761265,10,2,1,0,1791331200,2026-10-07T00:00:00Z
2026-10-06T04:06:03.653545Z,refresh,17868,1761266,5,1,1,0,1791331200,2026-10-07T00:00:00Z
2026-10-06T04:06:03.653545Z,refresh,17869,1761268,10,2,1,0,1791331200,2026-10-07T00:00:00Z
2026-10-06T04:06:03.653545Z,refresh,17870,1761269,5,1,1,0,1791331200,2026-10-07T00:00:00Z
2026-10-06T04:06:03.653545Z,refresh,17871,1761270,5,1,1,0,1791331200,2026-10-07T00:00:00Z
2026-10-06T04:06:03.653545Z,refresh,17872,1761271,5,0,1,0,1791331200,2026-10-07T00:00:00Z
2026-10-06T04:06:03.653545Z,refresh,17873,1761272,10,2,1,0,1791331200,2026-10-07T00:00:00Z
2026-10-06T04:06:03.653545Z,refresh,17874,1761273,5,0,1,0,1791331200,2026-10-07T00:00:00Z
2026-10-06T04:06:03.653545Z,refresh,17875,1761274,155,24,1,0,1791331200,2026-10-07T00:00:00Z
2026-10-06T04:06:03.653545Z,refresh,17876,1761275,10,2,1,0,1791331200,2026-10-07T00:00:00Z
2026-10-06T04:06:03.653545Z,refresh,17877,1761276,5,1,1,0,1791331200,2026-10-07T00:00:00Z
2026-10-06T04:06:03.653545Z,refresh,17878,1761277,35,8,1,0,1791331200,2026-10-07T00:00:00Z
2026-10-06T04:06:03.653545Z,refresh,17879,1761278,5,1,1,0,1791331200,2026-10-07T00:00:00Z
2026-10-06T04:06:03.653545Z,refresh,17880,1761279,205,16,1,0,1791331200,2026-10-07T00:00:00Z
2026-10-06T04:06:03.653545Z,refresh,17881,1761280,10,2,1,0,1791331200,2026-10-07T00:00:00Z
2026-10-06T04:06:03.653545Z,refresh,17882,1761281,10,2,1,0,1791331200,2026-10-07T00:00:00Z
2026-10-06T04:06:03.653545Z,refresh,17883,1761282,34,7,1,0,1791331200,2026-10-07T00:00:00Z
2026-10-06T04:06:03.653545Z,refresh,17884,1761283,10,2,1,0,1791331200,2026-10-07T00:00:00Z
2026-10-06T04:06:03.653545Z,refresh,17885,1761284,5,1,1,0,1791331200,2026-10-07T00:00:00Z
2026-10-06T04:06:03.653545Z,refresh,17886,1761285,5,1,1,0,1791331200,2026-10-07T00:00:00Z
2026-10-06T04:06:03.653545Z,refresh,17887,1761286,5,1,1,0,1791331200,2026-10-07T00:00:00Z
2026-10-06T04:06:03.653545Z,refresh,17888,1761287,5,0,1,0,1791331200,2026-10-07T00:00:00Z
2026-10-06T04:06:03.653545Z,refresh,17889,1761288,105,12,1,0,1791331200,2026-10-07T00:00:00Z
2026-10-06T04:06:03.653545Z,refresh,17890,1761289,10,2,1,0,1791331200,2026-10-07T00:00:00Z
2026-10-06T04:06:03.653545Z,refresh,17891,1761291,575,50,1,0,1791331200,2026-10-07T00:00:00Z
2026-10-06T04:06:03.653545Z,refresh,17892,1761292,255,52,1,0,1791331200,2026-10-07T00:00:00Z
2026-10-06T04:06:03.653545Z,refresh,17893,1761293,5,1,1,0,1791331200,2026-10-07T00:00:00Z
2026-10-06T04:06:03.653545Z,refresh,17894,1761294,10,2,1,0,1791331200,2026-10-07T00:00:00Z
2026-10-06T04:06:03.653545Z,refresh,17895,1761295,114,24,1,0,1791331200,2026-10-07T00:00:00Z
2026-10-06T04:06:03.653545Z,refresh,17896,1761296,10,2,1,0,1791331200,2026-10-07T00:00:00Z
2026-10-06T04:06:03.653545Z,refresh,17897,1761297,55,12,1,0,1791331200,2026-10-07T00:00:00Z
2026-10-06T04:06:03.653545Z,refresh,17898,1761298,5,1,1,0,1791331200,2026-10-07T00:00:00Z
2026-10-06T04:06:03.653545Z,refresh,17899,1761299,10,2,1,0,1791331200,2026-10-07T00:00:00Z
2026-10-06T04:06:03.653545Z,refresh,17900,1761300,20,4,1,0,1791331200,2026-10-07T00:00:00Z
2026-10-06T04:06:03.653545Z,refresh,17901,1761301,31,7,1,0,1791331200,2026-10-07T00:00:00Z
2026-10-06T04:06:03.653545Z,refresh,17902,1761303,5,0,1,0,1791331200,2026-10-07T00:00:00Z
2026-10-06T04:06:03.653545Z,refresh,17903,1761304,370,53,1,0,1791331200,2026-10-07T00:00:00Z
2026-10-06T04:06:03.653545Z,refresh,17904,1761305,15,3,1,0,1791331200,2026-10-07T00:00:00Z
2026-10-06T04:06:03.653545Z,refresh,17905,1761306,30,7,1,0,1791331200,2026-10-07T00:00:00Z
2026-10-06T04:06:03.653545Z,refresh,17906,1761307,110,17,1,0,1791331200,2026-10-07T00:00:00Z
2026-10-06T04:06:03.653545Z,refresh,17907,1761308,110,5,1,0,1791331200,2026-10-07T00:00:00Z
2026-10-06T04:06:03.653545Z,refresh,17908,1761309,10,2,1,0,1791331200,2026-10-07T00:00:00Z
2026-10-06T04:06:03.653545Z,refresh,17910,1761314,5,1,1,0,1791331200,2026-10-07T00:00:00Z
2026-10-06T04:06:03.653545Z,refresh,18684,1761200,5,0,1,0,1791331200,2026-10-07T00:00:00Z
2026-10-06T04:06:03.653545Z,refresh,18685,1761201,5,1,1,0,1791331200,2026-10-07T00:00:00Z
2026-10-06T04:06:03.653545Z,refresh,18686,1761202,5,1,1,0,1791331200,2026-10-07T00:00:00Z
2026-10-06T04:06:03.653545Z,refresh,18687,1761203,5,1,1,0,1791331200,2026-10-07T00:00:00Z
2026-10-06T04:06:03.653545Z,refresh,18688,1761204,5,1,1,0,1791331200,2026-10-07T00:00:00Z
2026-10-06T04:06:03.653545Z,refresh,18689,1761205,60,13,1,0,1791331200,2026-10-07T00:00:00Z
2026-10-06T04:06:03.653545Z,refresh,18690,1761206,110,23,1,0,1791331200,2026-10-07T00:00:00Z
2026-10-06T04:06:03.653545Z,refresh,18691,1761207,10,2,1,0,1791331200,2026-10-07T00:00:00Z
2026-10-06T04:06:03.653545Z,refresh,18692,1761208,10,2,1,0,1791331200,2026-10-07T00:00:00Z
2026-10-06T04:06:03.653545Z,refresh,18693,1761209,10,2,1,0,1791331200,2026-10-07T00:00:00Z
2026-10-06T04:06:03.653545Z,refresh,18694,1761210,5,1,1,0,1791331200,2026-10-07T00:00:00Z
2026-10-06T04:06:03.653545Z,refresh,18695,1761211,5,1,1,0,1791331200,2026-10-07T00:00:00Z
2026-10-06T04:06:03.653545Z,refresh,18696,1761212,5,1,1,0,1791331200,2026-10-07T00:00:00Z
2026-10-06T04:06:03.653545Z,refresh,18697,1761213,5,1,1,0,1791331200,2026-10-07T00:00:00Z
2026-10-06T04:06:03.653545Z,refresh,18698,1761214,5,1,1,0,1791331200,2026-10-07T00:00:00Z
2026-10-06T04:06:03.653545Z,refresh,18699,1761215,5,1,1,0,1791331200,2026-10-07T00:00:00Z
2026-10-06T04:06:03.653545Z,refresh,18700,1761216,5,1,1,0,1791331200,2026-10-07T00:00:00Z
2026-10-06T04:06:03.653545Z,refresh,18701,1761217,320,19,1,0,1791331200,2026-10-07T00:00:00Z
2026-10-06T04:06:03.653545Z,refresh,18702,1761218,460,48,1,0,1791331200,2026-10-07T00:00:00Z
2026-10-06T04:06:03.653545Z,refresh,18703,1761219,55,5,1,0,1791331200,2026-10-07T00:00:00Z
2026-10-06T04:06:03.653545Z,refresh,18721,1761236,10,2,1,0,1791331200,2026-10-07T00:00:00Z
2026-10-06T04:06:03.653545Z,refresh,18722,1761237,55,12,1,0,1791331200,2026-10-07T00:00:00Z
2026-10-06T04:06:03.653545Z,refresh,18723,1761238,5,1,1,0,1791331200,2026-10-07T00:00:00Z
2026-10-06T04:06:03.653545Z,refresh,18724,1761239,5,1,1,0,1791331200,2026-10-07T00:00:00Z
2026-10-06T04:06:03.653545Z,refresh,18725,1761240,5,1,1,0,1791331200,2026-10-07T00:00:00Z
2026-10-06T04:06:03.653545Z,refresh,18726,1761241,5,1,1,0,1791331200,2026-10-07T00:00:00Z
2026-10-06T04:06:03.653545Z,refresh,18727,1761242,5,1,1,0,1791331200,2026-10-07T00:00:00Z
2026-10-06T04:06:03.653545Z,refresh,18728,1761243,5,1,1,0,1791331200,2026-10-07T00:00:00Z
2026-10-06T04:06:03.653545Z,refresh,18729,1761244,10,2,1,0,1791331200,2026-10-07T00:00:00Z
2026-10-06T04:06:03.653545Z,refresh,18730,1761245,15,3,1,0,1791331200,2026-10-07T00:00:00Z
2026-10-06T04:06:03.653545Z,refresh,18731,1761246,5,0,1,0,1791331200,2026-10-07T00:00:00Z
2026-10-06T04:06:03.653545Z,refresh,18732,1761310,5,1,1,0,1791331200,2026-10-07T00:00:00Z
2026-10-06T04:06:03.653545Z,refresh,18733,1761311,10,2,1,0,1791331200,2026-10-07T00:00:00Z
2026-10-06T04:06:03.653545Z,refresh,18734,1761312,10,2,1,0,1791331200,2026-10-07T00:00:00Z
2026-10-06T04:06:03.653545Z,refresh,18735,1761313,50,7,1,0,1791331200,2026-10-07T00:00:00Z
2026-10-06T04:06:03.653545Z,refresh,17125,1779931,65,14,1,0,1791333000,2026-10-07T00:30:00Z
2026-10-06T04:26:26.645040Z,refresh,10000,1761139,105,2,1,0,1791324000,2026-10-06T22:00:00Z
2026-10-06T04:26:26.645040Z,refresh,10001,1761140,100,0,1,0,1791324000,2026-10-06T22:00:00Z
2026-10-06T04:26:26.645040Z,refresh,10002,1761141,100,1,1,0,1791324000,2026-10-06T22:00:00Z
2026-10-06T04:26:26.645040Z,refresh,10003,1761142,1025,12,1,0,1791324000,2026-10-06T22:00:00Z
2026-10-06T04:26:26.645040Z,refresh,10004,1761143,2600,30,1,0,1791324000,2026-10-06T22:00:00Z
2026-10-06T04:26:26.645040Z,refresh,10005,1761144,3100,20,1,0,1791324000,2026-10-06T22:00:00Z
2026-10-06T04:26:26.645040Z,refresh,10006,1761145,2050,32,1,0,1791324000,2026-10-06T22:00:00Z
2026-10-06T04:26:26.645040Z,refresh,10007,1761146,1075,16,1,0,1791324000,2026-10-06T22:00:00Z
2026-10-06T04:26:26.645040Z,refresh,10008,1761147,9050,37,1,0,1791324000,2026-10-06T22:00:00Z
2026-10-06T04:26:26.645040Z,refresh,10009,1761148,25600,31,1,0,1791324000,2026-10-06T22:00:00Z
2026-10-06T04:26:26.645040Z,refresh,10010,1761149,13550,182,1,0,1791324000,2026-10-06T22:00:00Z
2026-10-06T04:26:26.645040Z,refresh,10011,1761150,20100,191,1,0,1791324000,2026-10-06T22:00:00Z
2026-10-06T04:26:26.645040Z,refresh,10012,1761151,20100,59,1,0,1791324000,2026-10-06T22:00:00Z
2026-10-06T04:26:26.645040Z,refresh,10013,1761152,50000,95,1,0,1791324000,2026-10-06T22:00:00Z
2026-10-06T04:26:26.645040Z,refresh,10014,1761153,23650,67,1,0,1791324000,2026-10-06T22:00:00Z
2026-10-06T04:26:26.645040Z,refresh,10015,1761154,20900,35,1,0,1791324000,2026-10-06T22:00:00Z
2026-10-06T04:26:26.645040Z,refresh,10016,1761155,15100,31,1,0,1791324000,2026-10-06T22:00:00Z
2026-10-06T04:26:26.645040Z,refresh,10017,1761156,42750,57,1,0,1791324000,2026-10-06T22:00:00Z
2026-10-06T04:26:26.645040Z,refresh,10018,1761157,2550,32,1,0,1791324000,2026-10-06T22:00:00Z
2026-10-06T04:26:26.645040Z,refresh,10019,1761158,1075,29,1,0,1791324000,2026-10-06T22:00:00Z
2026-10-06T04:26:26.645040Z,refresh,10050,1761119,3550,42,1,0,1791325800,2026-10-06T22:30:00Z
2026-10-06T04:26:26.645040Z,refresh,10051,1761120,705,3,1,0,1791325800,2026-10-06T22:30:00Z
2026-10-06T04:26:26.645040Z,refresh,10052,1761121,1550,14,1,0,1791325800,2026-10-06T22:30:00Z
2026-10-06T04:26:26.645040Z,refresh,10053,1761122,2950,34,1,0,1791325800,2026-10-06T22:30:00Z
2026-10-06T04:26:26.645040Z,refresh,10054,1761123,1550,35,1,0,1791325800,2026-10-06T22:30:00Z
2026-10-06T04:26:26.645040Z,refresh,10055,1761124,325,5,1,0,1791325800,2026-10-06T22:30:00Z
2026-10-06T04:26:26.645040Z,refresh,10056,1761125,120,5,1,0,1791325800,2026-10-06T22:30:00Z
2026-10-06T04:26:26.645040Z,refresh,10057,1761126,305,3,1,0,1791325800,2026-10-06T22:30:00Z
2026-10-06T04:26:26.645040Z,refresh,10058,1761127,755,13,1,0,1791325800,2026-10-06T22:30:00Z
2026-10-06T04:26:26.645040Z,refresh,10059,1761128,1400,22,1,0,1791325800,2026-10-06T22:30:00Z
2026-10-06T04:26:26.645040Z,refresh,10060,1761129,7800,63,1,0,1791325800,2026-10-06T22:30:00Z
2026-10-06T04:26:26.645040Z,refresh,10061,1761130,1550,40,1,0,1791325800,2026-10-06T22:30:00Z
2026-10-06T04:26:26.645040Z,refresh,10062,1761131,6200,137,1,0,1791325800,2026-10-06T22:30:00Z
2026-10-06T04:26:26.645040Z,refresh,10063,1761132,1525,15,1,0,1791325800,2026-10-06T22:30:00Z
2026-10-06T04:26:26.645040Z,refresh,10064,1761133,1700,24,1,0,1791325800,2026-10-06T22:30:00Z
2026-10-06T04:26:26.645040Z,refresh,10065,1761134,1650,44,1,0,1791325800,2026-10-06T22:30:00Z
2026-10-06T04:26:26.645040Z,refresh,10066,1761135,1650,16,1,0,1791325800,2026-10-06T22:30:00Z
2026-10-06T04:26:26.645040Z,refresh,10067,1761136,1550,5,1,0,1791325800,2026-10-06T22:30:00Z
2026-10-06T04:26:26.645040Z,refresh,10068,1761137,2100,17,1,0,1791325800,2026-10-06T22:30:00Z
2026-10-06T04:26:26.645040Z,refresh,10069,1761138,1320,69,1,0,1791325800,2026-10-06T22:30:00Z
2026-10-06T04:26:26.645040Z,refresh,17100,1761063,115,4,1,0,1791327600,2026-10-06T23:00:00Z
2026-10-06T04:26:26.645040Z,refresh,17101,1761064,110,3,1,0,1791327600,2026-10-06T23:00:00Z
2026-10-06T04:26:26.645040Z,refresh,17102,1761065,100,1,1,0,1791327600,2026-10-06T23:00:00Z
2026-10-06T04:26:26.645040Z,refresh,17103,1761066,105,2,1,0,1791327600,2026-10-06T23:00:00Z
2026-10-06T04:26:26.645040Z,refresh,17104,1761067,120,5,1,0,1791327600,2026-10-06T23:00:00Z
2026-10-06T04:26:26.645040Z,refresh,17105,1761068,105,2,1,0,1791327600,2026-10-06T23:00:00Z
2026-10-06T04:26:26.645040Z,refresh,17106,1761069,105,2,1,0,1791327600,2026-10-06T23:00:00Z
2026-10-06T04:26:26.645040Z,refresh,17107,1761070,110,3,1,0,1791327600,2026-10-06T23:00:00Z
2026-10-06T04:26:26.645040Z,refresh,17108,1761071,120,5,1,0,1791327600,2026-10-06T23:00:00Z
2026-10-06T04:26:26.645040Z,refresh,17109,1761072,110,3,1,0,1791327600,2026-10-06T23:00:00Z
2026-10-06T04:26:26.645040Z,refresh,17110,1761073,110,3,1,0,1791327600,2026-10-06T23:00:00Z
2026-10-06T04:26:26.645040Z,refresh,17111,1761074,115,4,1,0,1791327600,2026-10-06T23:00:00Z
2026-10-06T04:26:26.645040Z,refresh,17112,1761075,205,11,1,0,1791327600,2026-10-06T23:00:00Z
2026-10-06T04:26:26.645040Z,refresh,17113,1761076,105,2,1,0,1791327600,2026-10-06T23:00:00Z
2026-10-06T04:26:26.645040Z,refresh,17114,1761077,110,3,1,0,1791327600,2026-10-06T23:00:00Z
2026-10-06T04:26:26.645040Z,refresh,17115,1761078,115,4,1,0,1791327600,2026-10-06T23:00:00Z
2026-10-06T04:26:26.645040Z,refresh,17116,1761079,115,4,1,0,1791327600,2026-10-06T23:00:00Z
2026-10-06T04:26:26.645040Z,refresh,17117,1761080,105,2,1,0,1791327600,2026-10-06T23:00:00Z
2026-10-06T04:26:26.645040Z,refresh,17118,1761081,105,2,1,0,1791327600,2026-10-06T23:00:00Z
2026-10-06T04:26:26.645040Z,refresh,17119,1761082,100,1,1,0,1791327600,2026-10-06T23:00:00Z
2026-10-06T04:26:26.645040Z,refresh,17120,1761083,105,2,1,0,1791327600,2026-10-06T23:00:00Z
2026-10-06T04:26:26.645040Z,refresh,17121,1761084,105,2,1,0,1791327600,2026-10-06T23:00:00Z
2026-10-06T04:26:26.645040Z,refresh,17122,1761085,170,15,1,0,1791327600,2026-10-06T23:00:00Z
2026-10-06T04:26:26.645040Z,refresh,10020,1761159,16050,119,1,0,1791329400,2026-10-06T23:30:00Z
2026-10-06T04:26:26.645040Z,refresh,10021,1761160,5,1,1,0,1791329400,2026-10-06T23:30:00Z
2026-10-06T04:26:26.645040Z,refresh,10022,1761161,330,40,1,0,1791329400,2026-10-06T23:30:00Z
2026-10-06T04:26:26.645040Z,refresh,10023,1761162,550,47,1,0,1791329400,2026-10-06T23:30:00Z
2026-10-06T04:26:26.645040Z,refresh,10024,1761163,5,1,1,0,1791329400,2026-10-06T23:30:00Z
2026-10-06T04:26:26.645040Z,refresh,10025,1761164,5,0,1,0,1791329400,2026-10-06T23:30:00Z
2026-10-06T04:26:26.645040Z,refresh,17850,1761247,5,0,1,0,1791329400,2026-10-06T23:30:00Z
2026-10-06T04:26:26.645040Z,refresh,17851,1761248,5,1,1,0,1791329400,2026-10-06T23:30:00Z
2026-10-06T04:26:26.645040Z,refresh,17852,1761249,390,15,1,0,1791329400,2026-10-06T23:30:00Z
2026-10-06T04:26:26.645040Z,refresh,17853,1761250,1350,46,1,0,1791329400,2026-10-06T23:30:00Z
2026-10-06T04:26:26.645040Z,refresh,17854,1761251,155,10,1,0,1791329400,2026-10-06T23:30:00Z
2026-10-06T04:26:26.645040Z,refresh,17855,1761252,100,20,1,0,1791329400,2026-10-06T23:30:00Z
2026-10-06T04:26:26.645040Z,refresh,17856,1761253,175,20,1,0,1791329400,2026-10-06T23:30:00Z
2026-10-06T04:26:26.645040Z,refresh,17857,1761254,105,8,1,0,1791329400,2026-10-06T23:30:00Z
2026-10-06T04:26:26.645040Z,refresh,17858,1761255,55,11,1,0,1791329400,2026-10-06T23:30:00Z
2026-10-06T04:26:26.645040Z,refresh,17859,1761256,5,1,1,0,1791329400,2026-10-06T23:30:00Z
2026-10-06T04:26:26.645040Z,refresh,17860,1761257,5,1,1,0,1791329400,2026-10-06T23:30:00Z
2026-10-06T04:26:26.645040Z,refresh,17861,1761258,10,2,1,0,1791329400,2026-10-06T23:30:00Z
2026-10-06T04:26:26.645040Z,refresh,17862,1761259,5,1,1,0,1791329400,2026-10-06T23:30:00Z
2026-10-06T04:26:26.645040Z,refresh,17863,1761260,5,1,1,0,1791329400,2026-10-06T23:30:00Z
2026-10-06T04:26:26.645040Z,refresh,17864,1761262,10,3,1,0,1791329400,2026-10-06T23:30:00Z
2026-10-06T04:26:26.645040Z,refresh,17865,1761263,15,3,1,0,1791329400,2026-10-06T23:30:00Z
2026-10-06T04:26:26.645040Z,refresh,17909,1761086,5,0,1,0,1791329400,2026-10-06T23:30:00Z
2026-10-06T04:26:26.645040Z,refresh,17911,1761088,5,0,1,0,1791329400,2026-10-06T23:30:00Z
2026-10-06T04:26:26.645040Z,refresh,17912,1761089,5,0,1,0,1791329400,2026-10-06T23:30:00Z
2026-10-06T04:26:26.645040Z,refresh,17913,1761090,5,0,1,0,1791329400,2026-10-06T23:30:00Z
2026-10-06T04:26:26.645040Z,refresh,17914,1761091,5,0,1,0,1791329400,2026-10-06T23:30:00Z
2026-10-06T04:26:26.645040Z,refresh,17915,1761092,5,0,1,0,1791329400,2026-10-06T23:30:00Z
2026-10-06T04:26:26.645040Z,refresh,17916,1761093,5,0,1,0,1791329400,2026-10-06T23:30:00Z
2026-10-06T04:26:26.645040Z,refresh,17917,1761094,5,1,1,0,1791329400,2026-10-06T23:30:00Z
2026-10-06T04:26:26.645040Z,refresh,17918,1761095,5,0,1,0,1791329400,2026-10-06T23:30:00Z
2026-10-06T04:26:26.645040Z,refresh,17919,1761096,5,0,1,0,1791329400,2026-10-06T23:30:00Z
2026-10-06T04:26:26.645040Z,refresh,17920,1761097,5,1,1,0,1791329400,2026-10-06T23:30:00Z
2026-10-06T04:26:26.645040Z,refresh,17921,1761098,5,1,1,0,1791329400,2026-10-06T23:30:00Z
2026-10-06T04:26:26.645040Z,refresh,17922,1761099,5,0,1,0,1791329400,2026-10-06T23:30:00Z
2026-10-06T04:26:26.645040Z,refresh,17923,1761100,5,0,1,0,1791329400,2026-10-06T23:30:00Z
2026-10-06T04:26:26.645040Z,refresh,17924,1761101,10,2,1,0,1791329400,2026-10-06T23:30:00Z
2026-10-06T04:26:26.645040Z,refresh,17925,1761102,5,1,1,0,1791329400,2026-10-06T23:30:00Z
2026-10-06T04:26:26.645040Z,refresh,17926,1761103,5,1,1,0,1791329400,2026-10-06T23:30:00Z
2026-10-06T04:26:26.645040Z,refresh,17927,1761104,105,5,1,0,1791329400,2026-10-06T23:30:00Z
2026-10-06T04:26:26.645040Z,refresh,17928,1761105,5,1,1,0,1791329400,2026-10-06T23:30:00Z
2026-10-06T04:26:26.645040Z,refresh,17929,1761106,5,1,1,0,1791329400,2026-10-06T23:30:00Z
2026-10-06T04:26:26.645040Z,refresh,17930,1761107,5,1,1,0,1791329400,2026-10-06T23:30:00Z
2026-10-06T04:26:26.645040Z,refresh,17931,1761108,15,4,1,0,1791329400,2026-10-06T23:30:00Z
2026-10-06T04:26:26.645040Z,refresh,17932,1761109,5,1,1,0,1791329400,2026-10-06T23:30:00Z
2026-10-06T04:26:26.645040Z,refresh,17933,1761110,5,1,1,0,1791329400,2026-10-06T23:30:00Z
2026-10-06T04:26:26.645040Z,refresh,17934,1761111,5,0,1,0,1791329400,2026-10-06T23:30:00Z
2026-10-06T04:26:26.645040Z,refresh,17935,1761112,5,0,1,0,1791329400,2026-10-06T23:30:00Z
2026-10-06T04:26:26.645040Z,refresh,17936,1761113,5,0,1,0,1791329400,2026-10-06T23:30:00Z
2026-10-06T04:26:26.645040Z,refresh,17937,1761114,5,1,1,0,1791329400,2026-10-06T23:30:00Z
2026-10-06T04:26:26.645040Z,refresh,17938,1761115,5,1,1,0,1791329400,2026-10-06T23:30:00Z
2026-10-06T04:26:26.645040Z,refresh,17939,1761116,5,1,1,0,1791329400,2026-10-06T23:30:00Z
2026-10-06T04:26:26.645040Z,refresh,17940,1761117,25,5,1,0,1791329400,2026-10-06T23:30:00Z
2026-10-06T04:26:26.645040Z,refresh,17941,1761118,420,19,1,0,1791329400,2026-10-06T23:30:00Z
2026-10-06T04:26:26.645040Z,refresh,18650,1761165,5,1,1,0,1791329400,2026-10-06T23:30:00Z
2026-10-06T04:26:26.645040Z,refresh,18651,1761166,35,8,1,0,1791329400,2026-10-06T23:30:00Z
2026-10-06T04:26:26.645040Z,refresh,18652,1761167,5,1,1,0,1791329400,2026-10-06T23:30:00Z
2026-10-06T04:26:26.645040Z,refresh,18653,1761168,5,1,1,0,1791329400,2026-10-06T23:30:00Z
2026-10-06T04:26:26.645040Z,refresh,18654,1761169,15,3,1,0,1791329400,2026-10-06T23:30:00Z
2026-10-06T04:26:26.645040Z,refresh,18655,1761170,5,1,1,0,1791329400,2026-10-06T23:30:00Z
2026-10-06T04:26:26.645040Z,refresh,18656,1761171,5,1,1,0,1791329400,2026-10-06T23:30:00Z
2026-10-06T04:26:26.645040Z,refresh,18657,1761172,105,8,1,0,1791329400,2026-10-06T23:30:00Z
2026-10-06T04:26:26.645040Z,refresh,18658,1761173,10,2,1,0,1791329400,2026-10-06T23:30:00Z
2026-10-06T04:26:26.645040Z,refresh,18659,1761174,5,1,1,0,1791329400,2026-10-06T23:30:00Z
2026-10-06T04:26:26.645040Z,refresh,18660,1761175,410,67,1,0,1791329400,2026-10-06T23:30:00Z
2026-10-06T04:26:26.645040Z,refresh,18661,1761176,30,7,1,0,1791329400,2026-10-06T23:30:00Z
2026-10-06T04:26:26.645040Z,refresh,18662,1761177,5,1,1,0,1791329400,2026-10-06T23:30:00Z
2026-10-06T04:26:26.645040Z,refresh,18663,1761178,205,24,1,0,1791329400,2026-10-06T23:30:00Z
2026-10-06T04:26:26.645040Z,refresh,18664,1761179,255,30,1,0,1791329400,2026-10-06T23:30:00Z
2026-10-06T04:26:26.645040Z,refresh,18665,1761180,205,33,1,0,1791329400,2026-10-06T23:30:00Z
2026-10-06T04:26:26.645040Z,refresh,18666,1761181,34,5,1,0,1791329400,2026-10-06T23:30:00Z
2026-10-06T04:26:26.645040Z,refresh,18667,1761182,5,0,1,0,1791329400,2026-10-06T23:30:00Z
2026-10-06T04:26:26.645040Z,refresh,18668,1761183,5,1,1,0,1791329400,2026-10-06T23:30:00Z
2026-10-06T04:26:26.645040Z,refresh,18669,1761184,55,10,1,0,1791329400,2026-10-06T23:30:00Z
2026-10-06T04:26:26.645040Z,refresh,18670,1761185,10,2,1,0,1791329400,2026-10-06T23:30:00Z
2026-10-06T04:26:26.645040Z,refresh,18671,1761186,120,24,1,0,1791329400,2026-10-06T23:30:00Z
2026-10-06T04:26:26.645040Z,refresh,18672,1761187,115,24,1,0,1791329400,2026-10-06T23:30:00Z
2026-10-06T04:26:26.645040Z,refresh,18673,1761188,24,5,1,0,1791329400,2026-10-06T23:30:00Z
2026-10-06T04:26:26.645040Z,refresh,18674,1761189,15,3,1,0,1791329400,2026-10-06T23:30:00Z
2026-10-06T04:26:26.645040Z,refresh,18675,1761190,55,12,1,0,1791329400,2026-10-06T23:30:00Z
2026-10-06T04:26:26.645040Z,refresh,18676,1761191,5,1,1,0,1791329400,2026-10-06T23:30:00Z
2026-10-06T04:26:26.645040Z,refresh,18677,1761192,35,8,1,0,1791329400,2026-10-06T23:30:00Z
2026-10-06T04:26:26.645040Z,refresh,18678,1761194,20,5,1,0,1791329400,2026-10-06T23:30:00Z
2026-10-06T04:26:26.645040Z,refresh,18679,1761195,5,1,1,0,1791329400,2026-10-06T23:30:00Z
2026-10-06T04:26:26.645040Z,refresh,18680,1761196,55,12,1,0,1791329400,2026-10-06T23:30:00Z
2026-10-06T04:26:26.645040Z,refresh,18681,1761197,70,11,1,0,1791329400,2026-10-06T23:30:00Z
2026-10-06T04:26:26.645040Z,refresh,18682,1761198,10,2,1,0,1791329400,2026-10-06T23:30:00Z
2026-10-06T04:26:26.645040Z,refresh,18683,1761199,5,1,1,0,1791329400,2026-10-06T23:30:00Z
2026-10-06T04:26:26.645040Z,refresh,18705,1761220,5,0,1,0,1791329400,2026-10-06T23:30:00Z
2026-10-06T04:26:26.645040Z,refresh,18706,1761221,5,0,1,0,1791329400,2026-10-06T23:30:00Z
2026-10-06T04:26:26.645040Z,refresh,18707,1761222,10,2,1,0,1791329400,2026-10-06T23:30:00Z
2026-10-06T04:26:26.645040Z,refresh,18708,1761223,45,6,1,0,1791329400,2026-10-06T23:30:00Z
2026-10-06T04:26:26.645040Z,refresh,18709,1761224,5,0,1,0,1791329400,2026-10-06T23:30:00Z
2026-10-06T04:26:26.645040Z,refresh,18710,1761225,5,0,1,0,1791329400,2026-10-06T23:30:00Z
2026-10-06T04:26:26.645040Z,refresh,18711,1761226,5,0,1,0,1791329400,2026-10-06T23:30:00Z
2026-10-06T04:26:26.645040Z,refresh,18712,1761227,5,1,1,0,1791329400,2026-10-06T23:30:00Z
2026-10-06T04:26:26.645040Z,refresh,18713,1761228,45,9,1,0,1791329400,2026-10-06T23:30:00Z
2026-10-06T04:26:26.645040Z,refresh,18714,1761229,5,1,1,0,1791329400,2026-10-06T23:30:00Z
2026-10-06T04:26:26.645040Z,refresh,18715,1761230,5,1,1,0,1791329400,2026-10-06T23:30:00Z
2026-10-06T04:26:26.645040Z,refresh,18716,1761231,155,5,1,0,1791329400,2026-10-06T23:30:00Z
2026-10-06T04:26:26.645040Z,refresh,18717,1761232,205,6,1,0,1791329400,2026-10-06T23:30:00Z
2026-10-06T04:26:26.645040Z,refresh,18718,1761233,110,23,1,0,1791329400,2026-10-06T23:30:00Z
2026-10-06T04:26:26.645040Z,refresh,18719,1761234,5,0,1,0,1791329400,2026-10-06T23:30:00Z
2026-10-06T04:26:26.645040Z,refresh,18720,1761235,5,0,1,0,1791329400,2026-10-06T23:30:00Z
2026-10-06T04:26:26.645040Z,refresh,17866,1761264,5,1,1,0,1791331200,2026-10-07T00:00:00Z
2026-10-06T04:26:26.645040Z,refresh,17867,1761265,10,2,1,0,1791331200,2026-10-07T00:00:00Z
2026-10-06T04:26:26.645040Z,refresh,17868,1761266,5,1,1,0,1791331200,2026-10-07T00:00:00Z
2026-10-06T04:26:26.645040Z,refresh,17869,1761268,10,2,1,0,1791331200,2026-10-07T00:00:00Z
2026-10-06T04:26:26.645040Z,refresh,17870,1761269,5,1,1,0,1791331200,2026-10-07T00:00:00Z
2026-10-06T04:26:26.645040Z,refresh,17871,1761270,5,1,1,0,1791331200,2026-10-07T00:00:00Z
2026-10-06T04:26:26.645040Z,refresh,17872,1761271,5,0,1,0,1791331200,2026-10-07T00:00:00Z
2026-10-06T04:26:26.645040Z,refresh,17873,1761272,10,2,1,0,1791331200,2026-10-07T00:00:00Z
2026-10-06T04:26:26.645040Z,refresh,17874,1761273,5,0,1,0,1791331200,2026-10-07T00:00:00Z
2026-10-06T04:26:26.645040Z,refresh,17875,1761274,155,24,1,0,1791331200,2026-10-07T00:00:00Z
2026-10-06T04:26:26.645040Z,refresh,17876,1761275,10,2,1,0,1791331200,2026-10-07T00:00:00Z
2026-10-06T04:26:26.645040Z,refresh,17877,1761276,5,1,1,0,1791331200,2026-10-07T00:00:00Z
2026-10-06T04:26:26.645040Z,refresh,17878,1761277,35,8,1,0,1791331200,2026-10-07T00:00:00Z
2026-10-06T04:26:26.645040Z,refresh,17879,1761278,5,1,1,0,1791331200,2026-10-07T00:00:00Z
2026-10-06T04:26:26.645040Z,refresh,17880,1761279,205,16,1,0,1791331200,2026-10-07T00:00:00Z
2026-10-06T04:26:26.645040Z,refresh,17881,1761280,10,2,1,0,1791331200,2026-10-07T00:00:00Z
2026-10-06T04:26:26.645040Z,refresh,17882,1761281,10,2,1,0,1791331200,2026-10-07T00:00:00Z
2026-10-06T04:26:26.645040Z,refresh,17883,1761282,34,7,1,0,1791331200,2026-10-07T00:00:00Z
2026-10-06T04:26:26.645040Z,refresh,17884,1761283,10,2,1,0,1791331200,2026-10-07T00:00:00Z
2026-10-06T04:26:26.645040Z,refresh,17885,1761284,5,1,1,0,1791331200,2026-10-07T00:00:00Z
2026-10-06T04:26:26.645040Z,refresh,17886,1761285,5,1,1,0,1791331200,2026-10-07T00:00:00Z
2026-10-06T04:26:26.645040Z,refresh,17887,1761286,5,1,1,0,1791331200,2026-10-07T00:00:00Z
2026-10-06T04:26:26.645040Z,refresh,17888,1761287,5,0,1,0,1791331200,2026-10-07T00:00:00Z
2026-10-06T04:26:26.645040Z,refresh,17889,1761288,105,12,1,0,1791331200,2026-10-07T00:00:00Z
2026-10-06T04:26:26.645040Z,refresh,17890,1761289,10,2,1,0,1791331200,2026-10-07T00:00:00Z
2026-10-06T04:26:26.645040Z,refresh,17891,1761291,575,50,1,0,1791331200,2026-10-07T00:00:00Z
2026-10-06T04:26:26.645040Z,refresh,17892,1761292,255,52,1,0,1791331200,2026-10-07T00:00:00Z
2026-10-06T04:26:26.645040Z,refresh,17893,1761293,5,1,1,0,1791331200,2026-10-07T00:00:00Z
2026-10-06T04:26:26.645040Z,refresh,17894,1761294,10,2,1,0,1791331200,2026-10-07T00:00:00Z
2026-10-06T04:26:26.645040Z,refresh,17895,1761295,114,24,1,0,1791331200,2026-10-07T00:00:00Z
2026-10-06T04:26:26.645040Z,refresh,17896,1761296,10,2,1,0,1791331200,2026-10-07T00:00:00Z
2026-10-06T04:26:26.645040Z,refresh,17897,1761297,55,12,1,0,1791331200,2026-10-07T00:00:00Z
2026-10-06T04:26:26.645040Z,refresh,17898,1761298,5,1,1,0,1791331200,2026-10-07T00:00:00Z
2026-10-06T04:26:26.645040Z,refresh,17899,1761299,10,2,1,0,1791331200,2026-10-07T00:00:00Z
2026-10-06T04:26:26.645040Z,refresh,17900,1761300,20,4,1,0,1791331200,2026-10-07T00:00:00Z
2026-10-06T04:26:26.645040Z,refresh,17901,1761301,31,7,1,0,1791331200,2026-10-07T00:00:00Z
2026-10-06T04:26:26.645040Z,refresh,17902,1761303,5,0,1,0,1791331200,2026-10-07T00:00:00Z
2026-10-06T04:26:26.645040Z,refresh,17903,1761304,370,53,1,0,1791331200,2026-10-07T00:00:00Z
2026-10-06T04:26:26.645040Z,refresh,17904,1761305,15,3,1,0,1791331200,2026-10-07T00:00:00Z
2026-10-06T04:26:26.645040Z,refresh,17905,1761306,30,7,1,0,1791331200,2026-10-07T00:00:00Z
2026-10-06T04:26:26.645040Z,refresh,17906,1761307,110,17,1,0,1791331200,2026-10-07T00:00:00Z
2026-10-06T04:26:26.645040Z,refresh,17907,1761308,110,5,1,0,1791331200,2026-10-07T00:00:00Z
2026-10-06T04:26:26.645040Z,refresh,17908,1761309,10,2,1,0,1791331200,2026-10-07T00:00:00Z
2026-10-06T04:26:26.645040Z,refresh,17910,1761314,5,1,1,0,1791331200,2026-10-07T00:00:00Z
2026-10-06T04:26:26.645040Z,refresh,18684,1761200,5,0,1,0,1791331200,2026-10-07T00:00:00Z
2026-10-06T04:26:26.645040Z,refresh,18685,1761201,5,1,1,0,1791331200,2026-10-07T00:00:00Z
2026-10-06T04:26:26.645040Z,refresh,18686,1761202,5,1,1,0,1791331200,2026-10-07T00:00:00Z
2026-10-06T04:26:26.645040Z,refresh,18687,1761203,5,1,1,0,1791331200,2026-10-07T00:00:00Z
2026-10-06T04:26:26.645040Z,refresh,18688,1761204,5,1,1,0,1791331200,2026-10-07T00:00:00Z
2026-10-06T04:26:26.645040Z,refresh,18689,1761205,60,13,1,0,1791331200,2026-10-07T00:00:00Z
2026-10-06T04:26:26.645040Z,refresh,18690,1761206,110,23,1,0,1791331200,2026-10-07T00:00:00Z
2026-10-06T04:26:26.645040Z,refresh,18691,1761207,10,2,1,0,1791331200,2026-10-07T00:00:00Z
2026-10-06T04:26:26.645040Z,refresh,18692,1761208,10,2,1,0,1791331200,2026-10-07T00:00:00Z
2026-10-06T04:26:26.645040Z,refresh,18693,1761209,10,2,1,0,1791331200,2026-10-07T00:00:00Z
2026-10-06T04:26:26.645040Z,refresh,18694,1761210,5,1,1,0,1791331200,2026-10-07T00:00:00Z
2026-10-06T04:26:26.645040Z,refresh,18695,1761211,5,1,1,0,1791331200,2026-10-07T00:00:00Z
2026-10-06T04:26:26.645040Z,refresh,18696,1761212,5,1,1,0,1791331200,2026-10-07T00:00:00Z
2026-10-06T04:26:26.645040Z,refresh,18697,1761213,5,1,1,0,1791331200,2026-10-07T00:00:00Z
2026-10-06T04:26:26.645040Z,refresh,18698,1761214,5,1,1,0,1791331200,2026-10-07T00:00:00Z
2026-10-06T04:26:26.645040Z,refresh,18699,1761215,5,1,1,0,1791331200,2026-10-07T00:00:00Z
2026-10-06T04:26:26.645040Z,refresh,18700,1761216,5,1,1,0,1791331200,2026-10-07T00:00:00Z
2026-10-06T04:26:26.645040Z,refresh,18701,1761217,320,19,1,0,1791331200,2026-10-07T00:00:00Z
2026-10-06T04:26:26.645040Z,refresh,18702,1761218,460,48,1,0,1791331200,2026-10-07T00:00:00Z
2026-10-06T04:26:26.645040Z,refresh,18703,1761219,55,5,1,0,1791331200,2026-10-07T00:00:00Z
2026-10-06T04:26:26.645040Z,refresh,18721,1761236,10,2,1,0,1791331200,2026-10-07T00:00:00Z
2026-10-06T04:26:26.645040Z,refresh,18722,1761237,55,12,1,0,1791331200,2026-10-07T00:00:00Z
2026-10-06T04:26:26.645040Z,refresh,18723,1761238,5,1,1,0,1791331200,2026-10-07T00:00:00Z
2026-10-06T04:26:26.645040Z,refresh,18724,1761239,5,1,1,0,1791331200,2026-10-07T00:00:00Z
2026-10-06T04:26:26.645040Z,refresh,18725,1761240,5,1,1,0,1791331200,2026-10-07T00:00:00Z
2026-10-06T04:26:26.645040Z,refresh,18726,1761241,5,1,1,0,1791331200,2026-10-07T00:00:00Z
2026-10-06T04:26:26.645040Z,refresh,18727,1761242,5,1,1,0,1791331200,2026-10-07T00:00:00Z
2026-10-06T04:26:26.645040Z,refresh,18728,1761243,5,1,1,0,1791331200,2026-10-07T00:00:00Z
2026-10-06T04:26:26.645040Z,refresh,18729,1761244,10,2,1,0,1791331200,2026-10-07T00:00:00Z
2026-10-06T04:26:26.645040Z,refresh,18730,1761245,15,3,1,0,1791331200,2026-10-07T00:00:00Z
2026-10-06T04:26:26.645040Z,refresh,18731,1761246,5,0,1,0,1791331200,2026-10-07T00:00:00Z
2026-10-06T04:26:26.645040Z,refresh,18732,1761310,5,1,1,0,1791331200,2026-10-07T00:00:00Z
2026-10-06T04:26:26.645040Z,refresh,18733,1761311,10,2,1,0,1791331200,2026-10-07T00:00:00Z
2026-10-06T04:26:26.645040Z,refresh,18734,1761312,10,2,1,0,1791331200,2026-10-07T00:00:00Z
2026-10-06T04:26:26.645040Z,refresh,18735,1761313,50,7,1,0,1791331200,2026-10-07T00:00:00Z
2026-10-06T04:26:26.645040Z,refresh,17125,1779931,65,14,1,0,1791333000,2026-10-07T00:30:00Z
2026-10-06T04:32:41.184329Z,refresh,10000,1761139,105,2,1,0,1791324000,2026-10-06T22:00:00Z
2026-10-06T04:32:41.184329Z,refresh,10001,1761140,100,0,1,0,1791324000,2026-10-06T22:00:00Z
2026-10-06T04:32:41.184329Z,refresh,10002,1761141,100,1,1,0,1791324000,2026-10-06T22:00:00Z
2026-10-06T04:32:41.184329Z,refresh,10003,1761142,1025,12,1,0,1791324000,2026-10-06T22:00:00Z
2026-10-06T04:32:41.184329Z,refresh,10004,1761143,2600,30,1,0,1791324000,2026-10-06T22:00:00Z
2026-10-06T04:32:41.184329Z,refresh,10005,1761144,3100,20,1,0,1791324000,2026-10-06T22:00:00Z
2026-10-06T04:32:41.184329Z,refresh,10006,1761145,2050,32,1,0,1791324000,2026-10-06T22:00:00Z
2026-10-06T04:32:41.184329Z,refresh,10007,1761146,1075,16,1,0,1791324000,2026-10-06T22:00:00Z
2026-10-06T04:32:41.184329Z,refresh,10008,1761147,9050,37,1,0,1791324000,2026-10-06T22:00:00Z
2026-10-06T04:32:41.184329Z,refresh,10009,1761148,25600,31,1,0,1791324000,2026-10-06T22:00:00Z
2026-10-06T04:32:41.184329Z,refresh,10010,1761149,13550,182,1,0,1791324000,2026-10-06T22:00:00Z
2026-10-06T04:32:41.184329Z,refresh,10011,1761150,20100,191,1,0,1791324000,2026-10-06T22:00:00Z
2026-10-06T04:32:41.184329Z,refresh,10012,1761151,20100,59,1,0,1791324000,2026-10-06T22:00:00Z
2026-10-06T04:32:41.184329Z,refresh,10013,1761152,50000,95,1,0,1791324000,2026-10-06T22:00:00Z
2026-10-06T04:32:41.184329Z,refresh,10014,1761153,23650,67,1,0,1791324000,2026-10-06T22:00:00Z
2026-10-06T04:32:41.184329Z,refresh,10015,1761154,20900,35,1,0,1791324000,2026-10-06T22:00:00Z
2026-10-06T04:32:41.184329Z,refresh,10016,1761155,15100,31,1,0,1791324000,2026-10-06T22:00:00Z
2026-10-06T04:32:41.184329Z,refresh,10017,1761156,42750,57,1,0,1791324000,2026-10-06T22:00:00Z
2026-10-06T04:32:41.184329Z,refresh,10018,1761157,2550,32,1,0,1791324000,2026-10-06T22:00:00Z
2026-10-06T04:32:41.184329Z,refresh,10019,1761158,1075,29,1,0,1791324000,2026-10-06T22:00:00Z
2026-10-06T04:32:41.184329Z,refresh,10050,1761119,3550,42,1,0,1791325800,2026-10-06T22:30:00Z
2026-10-06T04:32:41.184329Z,refresh,10051,1761120,705,3,1,0,1791325800,2026-10-06T22:30:00Z
2026-10-06T04:32:41.184329Z,refresh,10052,1761121,1550,14,1,0,1791325800,2026-10-06T22:30:00Z
2026-10-06T04:32:41.184329Z,refresh,10053,1761122,2950,34,1,0,1791325800,2026-10-06T22:30:00Z
2026-10-06T04:32:41.184329Z,refresh,10054,1761123,1550,35,1,0,1791325800,2026-10-06T22:30:00Z
2026-10-06T04:32:41.184329Z,refresh,10055,1761124,325,5,1,0,1791325800,2026-10-06T22:30:00Z
2026-10-06T04:32:41.184329Z,refresh,10056,1761125,120,5,1,0,1791325800,2026-10-06T22:30:00Z
2026-10-06T04:32:41.184329Z,refresh,10057,1761126,305,3,1,0,1791325800,2026-10-06T22:30:00Z
2026-10-06T04:32:41.184329Z,refresh,10058,1761127,755,13,1,0,1791325800,2026-10-06T22:30:00Z
2026-10-06T04:32:41.184329Z,refresh,10059,1761128,1400,22,1,0,1791325800,2026-10-06T22:30:00Z
2026-10-06T04:32:41.184329Z,refresh,10060,1761129,7800,63,1,0,1791325800,2026-10-06T22:30:00Z
2026-10-06T04:32:41.184329Z,refresh,10061,1761130,1550,40,1,0,1791325800,2026-10-06T22:30:00Z
2026-10-06T04:32:41.184329Z,refresh,10062,1761131,6200,137,1,0,1791325800,2026-10-06T22:30:00Z
2026-10-06T04:32:41.184329Z,refresh,10063,1761132,1525,15,1,0,1791325800,2026-10-06T22:30:00Z
2026-10-06T04:32:41.184329Z,refresh,10064,1761133,1700,24,1,0,1791325800,2026-10-06T22:30:00Z
2026-10-06T04:32:41.184329Z,refresh,10065,1761134,1650,44,1,0,1791325800,2026-10-06T22:30:00Z
2026-10-06T04:32:41.184329Z,refresh,10066,1761135,1650,16,1,0,1791325800,2026-10-06T22:30:00Z
2026-10-06T04:32:41.184329Z,refresh,10067,1761136,1550,5,1,0,1791325800,2026-10-06T22:30:00Z
2026-10-06T04:32:41.184329Z,refresh,10068,1761137,2100,17,1,0,1791325800,2026-10-06T22:30:00Z
2026-10-06T04:32:41.184329Z,refresh,10069,1761138,1320,69,1,0,1791325800,2026-10-06T22:30:00Z
2026-10-06T04:32:41.184329Z,refresh,17100,1761063,115,4,1,0,1791327600,2026-10-06T23:00:00Z
2026-10-06T04:32:41.184329Z,refresh,17101,1761064,110,3,1,0,1791327600,2026-10-06T23:00:00Z
2026-10-06T04:32:41.184329Z,refresh,17102,1761065,100,1,1,0,1791327600,2026-10-06T23:00:00Z
2026-10-06T04:32:41.184329Z,refresh,17103,1761066,105,2,1,0,1791327600,2026-10-06T23:00:00Z
2026-10-06T04:32:41.184329Z,refresh,17104,1761067,120,5,1,0,1791327600,2026-10-06T23:00:00Z
2026-10-06T04:32:41.184329Z,refresh,17105,1761068,105,2,1,0,1791327600,2026-10-06T23:00:00Z
2026-10-06T04:32:41.184329Z,refresh,17106,1761069,105,2,1,0,1791327600,2026-10-06T23:00:00Z
2026-10-06T04:32:41.184329Z,refresh,17107,1761070,110,3,1,0,1791327600,2026-10-06T23:00:00Z
2026-10-06T04:32:41.184329Z,refresh,17108,1761071,120,5,1,0,1791327600,2026-10-06T23:00:00Z
2026-10-06T04:32:41.184329Z,refresh,17109,1761072,110,3,1,0,1791327600,2026-10-06T23:00:00Z
2026-10-06T04:32:41.184329Z,refresh,17110,1761073,110,3,1,0,1791327600,2026-10-06T23:00:00Z
2026-10-06T04:32:41.184329Z,refresh,17111,1761074,115,4,1,0,1791327600,2026-10-06T23:00:00Z
2026-10-06T04:32:41.184329Z,refresh,17112,1761075,205,11,1,0,1791327600,2026-10-06T23:00:00Z
2026-10-06T04:32:41.184329Z,refresh,17113,1761076,105,2,1,0,1791327600,2026-10-06T23:00:00Z
2026-10-06T04:32:41.184329Z,refresh,17114,1761077,110,3,1,0,1791327600,2026-10-06T23:00:00Z
2026-10-06T04:32:41.184329Z,refresh,17115,1761078,115,4,1,0,1791327600,2026-10-06T23:00:00Z
2026-10-06T04:32:41.184329Z,refresh,17116,1761079,115,4,1,0,1791327600,2026-10-06T23:00:00Z
2026-10-06T04:32:41.184329Z,refresh,17117,1761080,105,2,1,0,1791327600,2026-10-06T23:00:00Z
2026-10-06T04:32:41.184329Z,refresh,17118,1761081,105,2,1,0,1791327600,2026-10-06T23:00:00Z
2026-10-06T04:32:41.184329Z,refresh,17119,1761082,100,1,1,0,1791327600,2026-10-06T23:00:00Z
2026-10-06T04:32:41.184329Z,refresh,17120,1761083,105,2,1,0,1791327600,2026-10-06T23:00:00Z
2026-10-06T04:32:41.184329Z,refresh,17121,1761084,105,2,1,0,1791327600,2026-10-06T23:00:00Z
2026-10-06T04:32:41.184329Z,refresh,17122,1761085,170,15,1,0,1791327600,2026-10-06T23:00:00Z
2026-10-06T04:32:41.184329Z,refresh,10020,1761159,16050,119,1,0,1791329400,2026-10-06T23:30:00Z
2026-10-06T04:32:41.184329Z,refresh,10021,1761160,5,1,1,0,1791329400,2026-10-06T23:30:00Z
2026-10-06T04:32:41.184329Z,refresh,10022,1761161,330,40,1,0,1791329400,2026-10-06T23:30:00Z
2026-10-06T04:32:41.184329Z,refresh,10023,1761162,550,47,1,0,1791329400,2026-10-06T23:30:00Z
2026-10-06T04:32:41.184329Z,refresh,10024,1761163,5,1,1,0,1791329400,2026-10-06T23:30:00Z
2026-10-06T04:32:41.184329Z,refresh,10025,1761164,5,0,1,0,1791329400,2026-10-06T23:30:00Z
2026-10-06T04:32:41.184329Z,refresh,17850,1761247,5,0,1,0,1791329400,2026-10-06T23:30:00Z
2026-10-06T04:32:41.184329Z,refresh,17851,1761248,5,1,1,0,1791329400,2026-10-06T23:30:00Z
2026-10-06T04:32:41.184329Z,refresh,17852,1761249,390,15,1,0,1791329400,2026-10-06T23:30:00Z
2026-10-06T04:32:41.184329Z,refresh,17853,1761250,1350,46,1,0,1791329400,2026-10-06T23:30:00Z
2026-10-06T04:32:41.184329Z,refresh,17854,1761251,155,10,1,0,1791329400,2026-10-06T23:30:00Z
2026-10-06T04:32:41.184329Z,refresh,17855,1761252,100,20,1,0,1791329400,2026-10-06T23:30:00Z
2026-10-06T04:32:41.184329Z,refresh,17856,1761253,175,20,1,0,1791329400,2026-10-06T23:30:00Z
2026-10-06T04:32:41.184329Z,refresh,17857,1761254,105,8,1,0,1791329400,2026-10-06T23:30:00Z
2026-10-06T04:32:41.184329Z,refresh,17858,1761255,55,11,1,0,1791329400,2026-10-06T23:30:00Z
2026-10-06T04:32:41.184329Z,refresh,17859,1761256,5,1,1,0,1791329400,2026-10-06T23:30:00Z
2026-10-06T04:32:41.184329Z,refresh,17860,1761257,5,1,1,0,1791329400,2026-10-06T23:30:00Z
2026-10-06T04:32:41.184329Z,refresh,17861,1761258,10,2,1,0,1791329400,2026-10-06T23:30:00Z
2026-10-06T04:32:41.184329Z,refresh,17862,1761259,5,1,1,0,1791329400,2026-10-06T23:30:00Z
2026-10-06T04:32:41.184329Z,refresh,17863,1761260,5,1,1,0,1791329400,2026-10-06T23:30:00Z
2026-10-06T04:32:41.184329Z,refresh,17864,1761262,10,3,1,0,1791329400,2026-10-06T23:30:00Z
2026-10-06T04:32:41.184329Z,refresh,17865,1761263,15,3,1,0,1791329400,2026-10-06T23:30:00Z
2026-10-06T04:32:41.184329Z,refresh,17909,1761086,5,0,1,0,1791329400,2026-10-06T23:30:00Z
2026-10-06T04:32:41.184329Z,refresh,17911,1761088,5,0,1,0,1791329400,2026-10-06T23:30:00Z
2026-10-06T04:32:41.184329Z,refresh,17912,1761089,5,0,1,0,1791329400,2026-10-06T23:30:00Z
2026-10-06T04:32:41.184329Z,refresh,17913,1761090,5,0,1,0,1791329400,2026-10-06T23:30:00Z
2026-10-06T04:32:41.184329Z,refresh,17914,1761091,5,0,1,0,1791329400,2026-10-06T23:30:00Z
2026-10-06T04:32:41.184329Z,refresh,17915,1761092,5,0,1,0,1791329400,2026-10-06T23:30:00Z
2026-10-06T04:32:41.184329Z,refresh,17916,1761093,5,0,1,0,1791329400,2026-10-06T23:30:00Z
2026-10-06T04:32:41.184329Z,refresh,17917,1761094,5,1,1,0,1791329400,2026-10-06T23:30:00Z
2026-10-06T04:32:41.184329Z,refresh,17918,1761095,5,0,1,0,1791329400,2026-10-06T23:30:00Z
2026-10-06T04:32:41.184329Z,refresh,17919,1761096,5,0,1,0,1791329400,2026-10-06T23:30:00Z
2026-10-06T04:32:41.184329Z,refresh,17920,1761097,5,1,1,0,1791329400,2026-10-06T23:30:00Z
2026-10-06T04:32:41.184329Z,refresh,17921,1761098,5,1,1,0,1791329400,2026-10-06T23:30:00Z
2026-10-06T04:32:41.184329Z,refresh,17922,1761099,5,0,1,0,1791329400,2026-10-06T23:30:00Z
2026-10-06T04:32:41.184329Z,refresh,17923,1761100,5,0,1,0,1791329400,2026-10-06T23:30:00Z
2026-10-06T04:32:41.184329Z,refresh,17924,1761101,10,2,1,0,1791329400,2026-10-06T23:30:00Z
2026-10-06T04:32:41.184329Z,refresh,17925,1761102,5,1,1,0,1791329400,2026-10-06T23:30:00Z
2026-10-06T04:32:41.184329Z,refresh,17926,1761103,5,1,1,0,1791329400,2026-10-06T23:30:00Z
2026-10-06T04:32:41.184329Z,refresh,17927,1761104,105,5,1,0,1791329400,2026-10-06T23:30:00Z
2026-10-06T04:32:41.184329Z,refresh,17928,1761105,5,1,1,0,1791329400,2026-10-06T23:30:00Z
2026-10-06T04:32:41.184329Z,refresh,17929,1761106,5,1,1,0,1791329400,2026-10-06T23:30:00Z
2026-10-06T04:32:41.184329Z,refresh,17930,1761107,5,1,1,0,1791329400,2026-10-06T23:30:00Z
2026-10-06T04:32:41.184329Z,refresh,17931,1761108,15,4,1,0,1791329400,2026-10-06T23:30:00Z
2026-10-06T04:32:41.184329Z,refresh,17932,1761109,5,1,1,0,1791329400,2026-10-06T23:30:00Z
2026-10-06T04:32:41.184329Z,refresh,17933,1761110,5,1,1,0,1791329400,2026-10-06T23:30:00Z
2026-10-06T04:32:41.184329Z,refresh,17934,1761111,5,0,1,0,1791329400,2026-10-06T23:30:00Z
2026-10-06T04:32:41.184329Z,refresh,17935,1761112,5,0,1,0,1791329400,2026-10-06T23:30:00Z
2026-10-06T04:32:41.184329Z,refresh,17936,1761113,5,0,1,0,1791329400,2026-10-06T23:30:00Z
2026-10-06T04:32:41.184329Z,refresh,17937,1761114,5,1,1,0,1791329400,2026-10-06T23:30:00Z
2026-10-06T04:32:41.184329Z,refresh,17938,1761115,5,1,1,0,1791329400,2026-10-06T23:30:00Z
2026-10-06T04:32:41.184329Z,refresh,17939,1761116,5,1,1,0,1791329400,2026-10-06T23:30:00Z
2026-10-06T04:32:41.184329Z,refresh,17940,1761117,25,5,1,0,1791329400,2026-10-06T23:30:00Z
2026-10-06T04:32:41.184329Z,refresh,17941,1761118,420,19,1,0,1791329400,2026-10-06T23:30:00Z
2026-10-06T04:32:41.184329Z,refresh,18650,1761165,5,1,1,0,1791329400,2026-10-06T23:30:00Z
2026-10-06T04:32:41.184329Z,refresh,18651,1761166,35,8,1,0,1791329400,2026-10-06T23:30:00Z
2026-10-06T04:32:41.184329Z,refresh,18652,1761167,5,1,1,0,1791329400,2026-10-06T23:30:00Z
2026-10-06T04:32:41.184329Z,refresh,18653,1761168,5,1,1,0,1791329400,2026-10-06T23:30:00Z
2026-10-06T04:32:41.184329Z,refresh,18654,1761169,15,3,1,0,1791329400,2026-10-06T23:30:00Z
2026-10-06T04:32:41.184329Z,refresh,18655,1761170,5,1,1,0,1791329400,2026-10-06T23:30:00Z
2026-10-06T04:32:41.184329Z,refresh,18656,1761171,5,1,1,0,1791329400,2026-10-06T23:30:00Z
2026-10-06T04:32:41.184329Z,refresh,18657,1761172,105,8,1,0,1791329400,2026-10-06T23:30:00Z
2026-10-06T04:32:41.184329Z,refresh,18658,1761173,10,2,1,0,1791329400,2026-10-06T23:30:00Z
2026-10-06T04:32:41.184329Z,refresh,18659,1761174,5,1,1,0,1791329400,2026-10-06T23:30:00Z
2026-10-06T04:32:41.184329Z,refresh,18660,1761175,410,67,1,0,1791329400,2026-10-06T23:30:00Z
2026-10-06T04:32:41.184329Z,refresh,18661,1761176,30,7,1,0,1791329400,2026-10-06T23:30:00Z
2026-10-06T04:32:41.184329Z,refresh,18662,1761177,5,1,1,0,1791329400,2026-10-06T23:30:00Z
2026-10-06T04:32:41.184329Z,refresh,18663,1761178,205,24,1,0,1791329400,2026-10-06T23:30:00Z
2026-10-06T04:32:41.184329Z,refresh,18664,1761179,255,30,1,0,1791329400,2026-10-06T23:30:00Z
2026-10-06T04:32:41.184329Z,refresh,18665,1761180,205,33,1,0,1791329400,2026-10-06T23:30:00Z
2026-10-06T04:32:41.184329Z,refresh,18666,1761181,34,5,1,0,1791329400,2026-10-06T23:30:00Z
2026-10-06T04:32:41.184329Z,refresh,18667,1761182,5,0,1,0,1791329400,2026-10-06T23:30:00Z
2026-10-06T04:32:41.184329Z,refresh,18668,1761183,5,1,1,0,1791329400,2026-10-06T23:30:00Z
2026-10-06T04:32:41.184329Z,refresh,18669,1761184,55,10,1,0,1791329400,2026-10-06T23:30:00Z
2026-10-06T04:32:41.184329Z,refresh,18670,1761185,10,2,1,0,1791329400,2026-10-06T23:30:00Z
2026-10-06T04:32:41.184329Z,refresh,18671,1761186,120,24,1,0,1791329400,2026-10-06T23:30:00Z
2026-10-06T04:32:41.184329Z,refresh,18672,1761187,115,24,1,0,1791329400,2026-10-06T23:30:00Z
2026-10-06T04:32:41.184329Z,refresh,18673,1761188,24,5,1,0,1791329400,2026-10-06T23:30:00Z
2026-10-06T04:32:41.184329Z,refresh,18674,1761189,15,3,1,0,1791329400,2026-10-06T23:30:00Z
2026-10-06T04:32:41.184329Z,refresh,18675,1761190,55,12,1,0,1791329400,2026-10-06T23:30:00Z
2026-10-06T04:32:41.184329Z,refresh,18676,1761191,5,1,1,0,1791329400,2026-10-06T23:30:00Z
2026-10-06T04:32:41.184329Z,refresh,18677,1761192,35,8,1,0,1791329400,2026-10-06T23:30:00Z
2026-10-06T04:32:41.184329Z,refresh,18678,1761194,20,5,1,0,1791329400,2026-10-06T23:30:00Z
2026-10-06T04:32:41.184329Z,refresh,18679,1761195,5,1,1,0,1791329400,2026-10-06T23:30:00Z
2026-10-06T04:32:41.184329Z,refresh,18680,1761196,55,12,1,0,1791329400,2026-10-06T23:30:00Z
2026-10-06T04:32:41.184329Z,refresh,18681,1761197,70,11,1,0,1791329400,2026-10-06T23:30:00Z
2026-10-06T04:32:41.184329Z,refresh,18682,1761198,10,2,1,0,1791329400,2026-10-06T23:30:00Z
2026-10-06T04:32:41.184329Z,refresh,18683,1761199,5,1,1,0,1791329400,2026-10-06T23:30:00Z
2026-10-06T04:32:41.184329Z,refresh,18705,1761220,5,0,1,0,1791329400,2026-10-06T23:30:00Z
2026-10-06T04:32:41.184329Z,refresh,18706,1761221,5,0,1,0,1791329400,2026-10-06T23:30:00Z
2026-10-06T04:32:41.184329Z,refresh,18707,1761222,10,2,1,0,1791329400,2026-10-06T23:30:00Z
2026-10-06T04:32:41.184329Z,refresh,18708,1761223,45,6,1,0,1791329400,2026-10-06T23:30:00Z
2026-10-06T04:32:41.184329Z,refresh,18709,1761224,5,0,1,0,1791329400,2026-10-06T23:30:00Z
2026-10-06T04:32:41.184329Z,refresh,18710,1761225,5,0,1,0,1791329400,2026-10-06T23:30:00Z
2026-10-06T04:32:41.184329Z,refresh,18711,1761226,5,0,1,0,1791329400,2026-10-06T23:30:00Z
2026-10-06T04:32:41.184329Z,refresh,18712,1761227,5,1,1,0,1791329400,2026-10-06T23:30:00Z
2026-10-06T04:32:41.184329Z,refresh,18713,1761228,45,9,1,0,1791329400,2026-10-06T23:30:00Z
2026-10-06T04:32:41.184329Z,refresh,18714,1761229,5,1,1,0,1791329400,2026-10-06T23:30:00Z
2026-10-06T04:32:41.184329Z,refresh,18715,1761230,5,1,1,0,1791329400,2026-10-06T23:30:00Z
2026-10-06T04:32:41.184329Z,refresh,18716,1761231,155,5,1,0,1791329400,2026-10-06T23:30:00Z
2026-10-06T04:32:41.184329Z,refresh,18717,1761232,205,6,1,0,1791329400,2026-10-06T23:30:00Z
2026-10-06T04:32:41.184329Z,refresh,18718,1761233,110,23,1,0,1791329400,2026-10-06T23:30:00Z
2026-10-06T04:32:41.184329Z,refresh,18719,1761234,5,0,1,0,1791329400,2026-10-06T23:30:00Z
2026-10-06T04:32:41.184329Z,refresh,18720,1761235,5,0,1,0,1791329400,2026-10-06T23:30:00Z
2026-10-06T04:32:41.184329Z,refresh,17866,1761264,5,1,1,0,1791331200,2026-10-07T00:00:00Z
2026-10-06T04:32:41.184329Z,refresh,17867,1761265,10,2,1,0,1791331200,2026-10-07T00:00:00Z
2026-10-06T04:32:41.184329Z,refresh,17868,1761266,5,1,1,0,1791331200,2026-10-07T00:00:00Z
2026-10-06T04:32:41.184329Z,refresh,17869,1761268,10,2,1,0,1791331200,2026-10-07T00:00:00Z
2026-10-06T04:32:41.184329Z,refresh,17870,1761269,5,1,1,0,1791331200,2026-10-07T00:00:00Z
2026-10-06T04:32:41.184329Z,refresh,17871,1761270,5,1,1,0,1791331200,2026-10-07T00:00:00Z
2026-10-06T04:32:41.184329Z,refresh,17872,1761271,5,0,1,0,1791331200,2026-10-07T00:00:00Z
2026-10-06T04:32:41.184329Z,refresh,17873,1761272,10,2,1,0,1791331200,2026-10-07T00:00:00Z
2026-10-06T04:32:41.184329Z,refresh,17874,1761273,5,0,1,0,1791331200,2026-10-07T00:00:00Z
2026-10-06T04:32:41.184329Z,refresh,17875,1761274,155,24,1,0,1791331200,2026-10-07T00:00:00Z
2026-10-06T04:32:41.184329Z,refresh,17876,1761275,10,2,1,0,1791331200,2026-10-07T00:00:00Z
2026-10-06T04:32:41.184329Z,refresh,17877,1761276,5,1,1,0,1791331200,2026-10-07T00:00:00Z
2026-10-06T04:32:41.184329Z,refresh,17878,1761277,35,8,1,0,1791331200,2026-10-07T00:00:00Z
2026-10-06T04:32:41.184329Z,refresh,17879,1761278,5,1,1,0,1791331200,2026-10-07T00:00:00Z
2026-10-06T04:32:41.184329Z,refresh,17880,1761279,205,16,1,0,1791331200,2026-10-07T00:00:00Z
2026-10-06T04:32:41.184329Z,refresh,17881,1761280,10,2,1,0,1791331200,2026-10-07T00:00:00Z
2026-10-06T04:32:41.184329Z,refresh,17882,1761281,10,2,1,0,1791331200,2026-10-07T00:00:00Z
2026-10-06T04:32:41.184329Z,refresh,17883,1761282,34,7,1,0,1791331200,2026-10-07T00:00:00Z
2026-10-06T04:32:41.184329Z,refresh,17884,1761283,10,2,1,0,1791331200,2026-10-07T00:00:00Z
2026-10-06T04:32:41.184329Z,refresh,17885,1761284,5,1,1,0,1791331200,2026-10-07T00:00:00Z
2026-10-06T04:32:41.184329Z,refresh,17886,1761285,5,1,1,0,1791331200,2026-10-07T00:00:00Z
2026-10-06T04:32:41.184329Z,refresh,17887,1761286,5,1,1,0,1791331200,2026-10-07T00:00:00Z
2026-10-06T04:32:41.184329Z,refresh,17888,1761287,5,0,1,0,1791331200,2026-10-07T00:00:00Z
2026-10-06T04:32:41.184329Z,refresh,17889,1761288,105,12,1,0,1791331200,2026-10-07T00:00:00Z
2026-10-06T04:32:41.184329Z,refresh,17890,1761289,10,2,1,0,1791331200,2026-10-07T00:00:00Z
2026-10-06T04:32:41.184329Z,refresh,17891,1761291,575,50,1,0,1791331200,2026-10-07T00:00:00Z
2026-10-06T04:32:41.184329Z,refresh,17892,1761292,255,52,1,0,1791331200,2026-10-07T00:00:00Z
2026-10-06T04:32:41.184329Z,refresh,17893,1761293,5,1,1,0,1791331200,2026-10-07T00:00:00Z
2026-10-06T04:32:41.184329Z,refresh,17894,1761294,10,2,1,0,1791331200,2026-10-07T00:00:00Z
2026-10-06T04:32:41.184329Z,refresh,17895,1761295,114,24,1,0,1791331200,2026-10-07T00:00:00Z
2026-10-06T04:32:41.184329Z,refresh,17896,1761296,10,2,1,0,1791331200,2026-10-07T00:00:00Z
2026-10-06T04:32:41.184329Z,refresh,17897,1761297,55,12,1,0,1791331200,2026-10-07T00:00:00Z
2026-10-06T04:32:41.184329Z,refresh,17898,1761298,5,1,1,0,1791331200,2026-10-07T00:00:00Z
2026-10-06T04:32:41.184329Z,refresh,17899,1761299,10,2,1,0,1791331200,2026-10-07T00:00:00Z
2026-10-06T04:32:41.184329Z,refresh,17900,1761300,20,4,1,0,1791331200,2026-10-07T00:00:00Z
2026-10-06T04:32:41.184329Z,refresh,17901,1761301,31,7,1,0,1791331200,2026-10-07T00:00:00Z
2026-10-06T04:32:41.184329Z,refresh,17902,1761303,5,0,1,0,1791331200,2026-10-07T00:00:00Z
2026-10-06T04:32:41.184329Z,refresh,17903,1761304,370,53,1,0,1791331200,2026-10-07T00:00:00Z
2026-10-06T04:32:41.184329Z,refresh,17904,1761305,15,3,1,0,1791331200,2026-10-07T00:00:00Z
2026-10-06T04:32:41.184329Z,refresh,17905,1761306,30,7,1,0,1791331200,2026-10-07T00:00:00Z
2026-10-06T04:32:41.184329Z,refresh,17906,1761307,110,17,1,0,1791331200,2026-10-07T00:00:00Z
2026-10-06T04:32:41.184329Z,refresh,17907,1761308,110,5,1,0,1791331200,2026-10-07T00:00:00Z
2026-10-06T04:32:41.184329Z,refresh,17908,1761309,10,2,1,0,1791331200,2026-10-07T00:00:00Z
2026-10-06T04:32:41.184329Z,refresh,17910,1761314,5,1,1,0,1791331200,2026-10-07T00:00:00Z
2026-10-06T04:32:41.184329Z,refresh,18684,1761200,5,0,1,0,1791331200,2026-10-07T00:00:00Z
2026-10-06T04:32:41.184329Z,refresh,18685,1761201,5,1,1,0,1791331200,2026-10-07T00:00:00Z
2026-10-06T04:32:41.184329Z,refresh,18686,1761202,5,1,1,0,1791331200,2026-10-07T00:00:00Z
2026-10-06T04:32:41.184329Z,refresh,18687,1761203,5,1,1,0,1791331200,2026-10-07T00:00:00Z
2026-10-06T04:32:41.184329Z,refresh,18688,1761204,5,1,1,0,1791331200,2026-10-07T00:00:00Z
2026-10-06T04:32:41.184329Z,refresh,18689,1761205,60,13,1,0,1791331200,2026-10-07T00:00:00Z
2026-10-06T04:32:41.184329Z,refresh,18690,1761206,110,23,1,0,1791331200,2026-10-07T00:00:00Z
2026-10-06T04:32:41.184329Z,refresh,18691,1761207,10,2,1,0,1791331200,2026-10-07T00:00:00Z
2026-10-06T04:32:41.184329Z,refresh,18692,1761208,10,2,1,0,1791331200,2026-10-07T00:00:00Z
2026-10-06T04:32:41.184329Z,refresh,18693,1761209,10,2,1,0,1791331200,2026-10-07T00:00:00Z
2026-10-06T04:32:41.184329Z,refresh,18694,1761210,5,1,1,0,1791331200,2026-10-07T00:00:00Z
2026-10-06T04:32:41.184329Z,refresh,18695,1761211,5,1,1,0,1791331200,2026-10-07T00:00:00Z
2026-10-06T04:32:41.184329Z,refresh,18696,1761212,5,1,1,0,1791331200,2026-10-07T00:00:00Z
2026-10-06T04:32:41.184329Z,refresh,18697,1761213,5,1,1,0,1791331200,2026-10-07T00:00:00Z
2026-10-06T04:32:41.184329Z,refresh,18698,1761214,5,1,1,0,1791331200,2026-10-07T00:00:00Z
2026-10-06T04:32:41.184329Z,refresh,18699,1761215,5,1,1,0,1791331200,2026-10-07T00:00:00Z
2026-10-06T04:32:41.184329Z,refresh,18700,1761216,5,1,1,0,1791331200,2026-10-07T00:00:00Z
2026-10-06T04:32:41.184329Z,refresh,18701,1761217,320,19,1,0,1791331200,2026-10-07T00:00:00Z
2026-10-06T04:32:41.184329Z,refresh,18702,1761218,460,48,1,0,1791331200,2026-10-07T00:00:00Z
2026-10-06T04:32:41.184329Z,refresh,18703,1761219,55,5,1,0,1791331200,2026-10-07T00:00:00Z
2026-10-06T04:32:41.184329Z,refresh,18721,1761236,10,2,1,0,1791331200,2026-10-07T00:00:00Z
2026-10-06T04:32:41.184329Z,refresh,18722,1761237,55,12,1,0,1791331200,2026-10-07T00:00:00Z
2026-10-06T04:32:41.184329Z,refresh,18723,1761238,5,1,1,0,1791331200,2026-10-07T00:00:00Z
2026-10-06T04:32:41.184329Z,refresh,18724,1761239,5,1,1,0,1791331200,2026-10-07T00:00:00Z
2026-10-06T04:32:41.184329Z,refresh,18725,1761240,5,1,1,0,1791331200,2026-10-07T00:00:00Z
2026-10-06T04:32:41.184329Z,refresh,18726,1761241,5,1,1,0,1791331200,2026-10-07T00:00:00Z
2026-10-06T04:32:41.184329Z,refresh,18727,1761242,5,1,1,0,1791331200,2026-10-07T00:00:00Z
2026-10-06T04:32:41.184329Z,refresh,18728,1761243,5,1,1,0,1791331200,2026-10-07T00:00:00Z
2026-10-06T04:32:41.184329Z,refresh,18729,1761244,10,2,1,0,1791331200,2026-10-07T00:00:00Z
2026-10-06T04:32:41.184329Z,refresh,18730,1761245,15,3,1,0,1791331200,2026-10-07T00:00:00Z
2026-10-06T04:32:41.184329Z,refresh,18731,1761246,5,0,1,0,1791331200,2026-10-07T00:00:00Z
2026-10-06T04:32:41.184329Z,refresh,18732,1761310,5,1,1,0,1791331200,2026-10-07T00:00:00Z
2026-10-06T04:32:41.184329Z,refresh,18733,1761311,10,2,1,0,1791331200,2026-10-07T00:00:00Z
2026-10-06T04:32:41.184329Z,refresh,18734,1761312,10,2,1,0,1791331200,2026-10-07T00:00:00Z
2026-10-06T04:32:41.184329Z,refresh,18735,1761313,50,7,1,0,1791331200,2026-10-07T00:00:00Z
2026-10-06T04:32:41.184329Z,refresh,17125,1779931,65,14,1,0,1791333000,2026-10-07T00:30:00Z
2026-10-06T04:50:52.500842Z,refresh,10000,1761139,105,2,1,0,1791324000,2026-10-06T22:00:00Z
2026-10-06T04:50:52.500842Z,refresh,10001,1761140,100,0,1,0,1791324000,2026-10-06T22:00:00Z
2026-10-06T04:50:52.500842Z,refresh,10002,1761141,100,1,1,0,1791324000,2026-10-06T22:00:00Z
2026-10-06T04:50:52.500842Z,refresh,10003,1761142,1025,12,1,0,1791324000,2026-10-06T22:00:00Z
2026-10-06T04:50:52.500842Z,refresh,10004,1761143,2600,30,1,0,1791324000,2026-10-06T22:00:00Z
2026-10-06T04:50:52.500842Z,refresh,10005,1761144,3100,20,1,0,1791324000,2026-10-06T22:00:00Z
2026-10-06T04:50:52.500842Z,refresh,10006,1761145,2050,32,1,0,1791324000,2026-10-06T22:00:00Z
2026-10-06T04:50:52.500842Z,refresh,10007,1761146,1075,16,1,0,1791324000,2026-10-06T22:00:00Z
2026-10-06T04:50:52.500842Z,refresh,10008,1761147,9050,37,1,0,1791324000,2026-10-06T22:00:00Z
2026-10-06T04:50:52.500842Z,refresh,10009,1761148,25600,31,1,0,1791324000,2026-10-06T22:00:00Z
2026-10-06T04:50:52.500842Z,refresh,10010,1761149,13550,182,1,0,1791324000,2026-10-06T22:00:00Z
2026-10-06T04:50:52.500842Z,refresh,10011,1761150,20100,191,1,0,1791324000,2026-10-06T22:00:00Z
2026-10-06T04:50:52.500842Z,refresh,10012,1761151,20100,59,1,0,1791324000,2026-10-06T22:00:00Z
2026-10-06T04:50:52.500842Z,refresh,10013,1761152,50000,95,1,0,1791324000,2026-10-06T22:00:00Z
2026-10-06T04:50:52.500842Z,refresh,10014,1761153,23650,67,1,0,1791324000,2026-10-06T22:00:00Z
2026-10-06T04:50:52.500842Z,refresh,10015,1761154,20900,35,1,0,1791324000,2026-10-06T22:00:00Z
2026-10-06T04:50:52.500842Z,refresh,10016,1761155,15100,31,1,0,1791324000,2026-10-06T22:00:00Z
2026-10-06T04:50:52.500842Z,refresh,10017,1761156,42750,57,1,0,1791324000,2026-10-06T22:00:00Z
2026-10-06T04:50:52.500842Z,refresh,10018,1761157,2550,32,1,0,1791324000,2026-10-06T22:00:00Z
2026-10-06T04:50:52.500842Z,refresh,10019,1761158,1075,29,1,0,1791324000,2026-10-06T22:00:00Z
2026-10-06T04:50:52.500842Z,refresh,10050,1761119,3550,42,1,0,1791325800,2026-10-06T22:30:00Z
2026-10-06T04:50:52.500842Z,refresh,10051,1761120,705,3,1,0,1791325800,2026-10-06T22:30:00Z
2026-10-06T04:50:52.500842Z,refresh,10052,1761121,1550,14,1,0,1791325800,2026-10-06T22:30:00Z
2026-10-06T04:50:52.500842Z,refresh,10053,1761122,2950,34,1,0,1791325800,2026-10-06T22:30:00Z
2026-10-06T04:50:52.500842Z,refresh,10054,1761123,1550,35,1,0,1791325800,2026-10-06T22:30:00Z
2026-10-06T04:50:52.500842Z,refresh,10055,1761124,325,5,1,0,1791325800,2026-10-06T22:30:00Z
2026-10-06T04:50:52.500842Z,refresh,10056,1761125,120,5,1,0,1791325800,2026-10-06T22:30:00Z
2026-10-06T04:50:52.500842Z,refresh,10057,1761126,305,3,1,0,1791325800,2026-10-06T22:30:00Z
2026-10-06T04:50:52.500842Z,refresh,10058,1761127,755,13,1,0,1791325800,2026-10-06T22:30:00Z
2026-10-06T04:50:52.500842Z,refresh,10059,1761128,1400,22,1,0,1791325800,2026-10-06T22:30:00Z
2026-10-06T04:50:52.500842Z,refresh,10060,1761129,7800,63,1,0,1791325800,2026-10-06T22:30:00Z
2026-10-06T04:50:52.500842Z,refresh,10061,1761130,1550,40,1,0,1791325800,2026-10-06T22:30:00Z
2026-10-06T04:50:52.500842Z,refresh,10062,1761131,6200,137,1,0,1791325800,2026-10-06T22:30:00Z
2026-10-06T04:50:52.500842Z,refresh,10063,1761132,1525,15,1,0,1791325800,2026-10-06T22:30:00Z
2026-10-06T04:50:52.500842Z,refresh,10064,1761133,1700,24,1,0,1791325800,2026-10-06T22:30:00Z
2026-10-06T04:50:52.500842Z,refresh,10065,1761134,1650,44,1,0,1791325800,2026-10-06T22:30:00Z
2026-10-06T04:50:52.500842Z,refresh,10066,1761135,1650,16,1,0,1791325800,2026-10-06T22:30:00Z
2026-10-06T04:50:52.500842Z,refresh,10067,1761136,1550,5,1,0,1791325800,2026-10-06T22:30:00Z
2026-10-06T04:50:52.500842Z,refresh,10068,1761137,2100,17,1,0,1791325800,2026-10-06T22:30:00Z
2026-10-06T04:50:52.500842Z,refresh,10069,1761138,1320,69,1,0,1791325800,2026-10-06T22:30:00Z
2026-10-06T04:50:52.500842Z,refresh,17100,1761063,115,4,1,0,1791327600,2026-10-06T23:00:00Z
2026-10-06T04:50:52.500842Z,refresh,17101,1761064,110,3,1,0,1791327600,2026-10-06T23:00:00Z
2026-10-06T04:50:52.500842Z,refresh,17102,1761065,100,1,1,0,1791327600,2026-10-06T23:00:00Z
2026-10-06T04:50:52.500842Z,refresh,17103,1761066,105,2,1,0,1791327600,2026-10-06T23:00:00Z
2026-10-06T04:50:52.500842Z,refresh,17104,1761067,120,5,1,0,1791327600,2026-10-06T23:00:00Z
2026-10-06T04:50:52.500842Z,refresh,17105,1761068,105,2,1,0,1791327600,2026-10-06T23:00:00Z
2026-10-06T04:50:52.500842Z,refresh,17106,1761069,105,2,1,0,1791327600,2026-10-06T23:00:00Z
2026-10-06T04:50:52.500842Z,refresh,17107,1761070,110,3,1,0,1791327600,2026-10-06T23:00:00Z
2026-10-06T04:50:52.500842Z,refresh,17108,1761071,120,5,1,0,1791327600,2026-10-06T23:00:00Z
2026-10-06T04:50:52.500842Z,refresh,17109,1761072,110,3,1,0,1791327600,2026-10-06T23:00:00Z
2026-10-06T04:50:52.500842Z,refresh,17110,1761073,110,3,1,0,1791327600,2026-10-06T23:00:00Z
2026-10-06T04:50:52.500842Z,refresh,17111,1761074,115,4,1,0,1791327600,2026-10-06T23:00:00Z
2026-10-06T04:50:52.500842Z,refresh,17112,1761075,205,11,1,0,1791327600,2026-10-06T23:00:00Z
2026-10-06T04:50:52.500842Z,refresh,17113,1761076,105,2,1,0,1791327600,2026-10-06T23:00:00Z
2026-10-06T04:50:52.500842Z,refresh,17114,1761077,110,3,1,0,1791327600,2026-10-06T23:00:00Z
2026-10-06T04:50:52.500842Z,refresh,17115,1761078,115,4,1,0,1791327600,2026-10-06T23:00:00Z
2026-10-06T04:50:52.500842Z,refresh,17116,1761079,115,4,1,0,1791327600,2026-10-06T23:00:00Z
2026-10-06T04:50:52.500842Z,refresh,17117,1761080,105,2,1,0,1791327600,2026-10-06T23:00:00Z
2026-10-06T04:50:52.500842Z,refresh,17118,1761081,105,2,1,0,1791327600,2026-10-06T23:00:00Z
2026-10-06T04:50:52.500842Z,refresh,17119,1761082,100,1,1,0,1791327600,2026-10-06T23:00:00Z
2026-10-06T04:50:52.500842Z,refresh,17120,1761083,105,2,1,0,1791327600,2026-10-06T23:00:00Z
2026-10-06T04:50:52.500842Z,refresh,17121,1761084,105,2,1,0,1791327600,2026-10-06T23:00:00Z
2026-10-06T04:50:52.500842Z,refresh,17122,1761085,170,15,1,0,1791327600,2026-10-06T23:00:00Z
2026-10-06T04:50:52.500842Z,refresh,10020,1761159,16050,119,1,0,1791329400,2026-10-06T23:30:00Z
2026-10-06T04:50:52.500842Z,refresh,10021,1761160,5,1,1,0,1791329400,2026-10-06T23:30:00Z
2026-10-06T04:50:52.500842Z,refresh,10022,1761161,330,40,1,0,1791329400,2026-10-06T23:30:00Z
2026-10-06T04:50:52.500842Z,refresh,10023,1761162,550,47,1,0,1791329400,2026-10-06T23:30:00Z
2026-10-06T04:50:52.500842Z,refresh,10024,1761163,5,1,1,0,1791329400,2026-10-06T23:30:00Z
2026-10-06T04:50:52.500842Z,refresh,10025,1761164,5,0,1,0,1791329400,2026-10-06T23:30:00Z
2026-10-06T04:50:52.500842Z,refresh,17850,1761247,5,0,1,0,1791329400,2026-10-06T23:30:00Z
2026-10-06T04:50:52.500842Z,refresh,17851,1761248,5,1,1,0,1791329400,2026-10-06T23:30:00Z
2026-10-06T04:50:52.500842Z,refresh,17852,1761249,390,15,1,0,1791329400,2026-10-06T23:30:00Z
2026-10-06T04:50:52.500842Z,refresh,17853,1761250,1350,46,1,0,1791329400,2026-10-06T23:30:00Z
2026-10-06T04:50:52.500842Z,refresh,17854,1761251,155,10,1,0,1791329400,2026-10-06T23:30:00Z
2026-10-06T04:50:52.500842Z,refresh,17855,1761252,100,20,1,0,1791329400,2026-10-06T23:30:00Z
2026-10-06T04:50:52.500842Z,refresh,17856,1761253,180,21,1,0,1791329400,2026-10-06T23:30:00Z
2026-10-06T04:50:52.500842Z,refresh,17857,1761254,110,9,1,0,1791329400,2026-10-06T23:30:00Z
2026-10-06T04:50:52.500842Z,refresh,17858,1761255,60,12,1,0,1791329400,2026-10-06T23:30:00Z
2026-10-06T04:50:52.500842Z,refresh,17859,1761256,5,1,1,0,1791329400,2026-10-06T23:30:00Z
2026-10-06T04:50:52.500842Z,refresh,17860,1761257,5,1,1,0,1791329400,2026-10-06T23:30:00Z
2026-10-06T04:50:52.500842Z,refresh,17861,1761258,30,7,1,0,1791329400,2026-10-06T23:30:00Z
2026-10-06T04:50:52.500842Z,refresh,17862,1761259,5,1,1,0,1791329400,2026-10-06T23:30:00Z
2026-10-06T04:50:52.500842Z,refresh,17863,1761260,5,1,1,0,1791329400,2026-10-06T23:30:00Z
2026-10-06T04:50:52.500842Z,refresh,17864,1761262,10,3,1,0,1791329400,2026-10-06T23:30:00Z
2026-10-06T04:50:52.500842Z,refresh,17865,1761263,15,3,1,0,1791329400,2026-10-06T23:30:00Z
2026-10-06T04:50:52.500842Z,refresh,17909,1761086,5,0,1,0,1791329400,2026-10-06T23:30:00Z
2026-10-06T04:50:52.500842Z,refresh,17911,1761088,5,0,1,0,1791329400,2026-10-06T23:30:00Z
2026-10-06T04:50:52.500842Z,refresh,17912,1761089,5,0,1,0,1791329400,2026-10-06T23:30:00Z
2026-10-06T04:50:52.500842Z,refresh,17913,1761090,5,0,1,0,1791329400,2026-10-06T23:30:00Z
2026-10-06T04:50:52.500842Z,refresh,17914,1761091,5,0,1,0,1791329400,2026-10-06T23:30:00Z
2026-10-06T04:50:52.500842Z,refresh,17915,1761092,5,0,1,0,1791329400,2026-10-06T23:30:00Z
2026-10-06T04:50:52.500842Z,refresh,17916,1761093,5,0,1,0,1791329400,2026-10-06T23:30:00Z
2026-10-06T04:50:52.500842Z,refresh,17917,1761094,5,1,1,0,1791329400,2026-10-06T23:30:00Z
2026-10-06T04:50:52.500842Z,refresh,17918,1761095,5,0,1,0,1791329400,2026-10-06T23:30:00Z
2026-10-06T04:50:52.500842Z,refresh,17919,1761096,5,0,1,0,1791329400,2026-10-06T23:30:00Z
2026-10-06T04:50:52.500842Z,refresh,17920,1761097,5,1,1,0,1791329400,2026-10-06T23:30:00Z
2026-10-06T04:50:52.500842Z,refresh,17921,1761098,5,1,1,0,1791329400,2026-10-06T23:30:00Z
2026-10-06T04:50:52.500842Z,refresh,17922,1761099,5,0,1,0,1791329400,2026-10-06T23:30:00Z
2026-10-06T04:50:52.500842Z,refresh,17923,1761100,5,0,1,0,1791329400,2026-10-06T23:30:00Z
2026-10-06T04:50:52.500842Z,refresh,17924,1761101,10,2,1,0,1791329400,2026-10-06T23:30:00Z
2026-10-06T04:50:52.500842Z,refresh,17925,1761102,5,1,1,0,1791329400,2026-10-06T23:30:00Z
2026-10-06T04:50:52.500842Z,refresh,17926,1761103,5,1,1,0,1791329400,2026-10-06T23:30:00Z
2026-10-06T04:50:52.500842Z,refresh,17927,1761104,105,5,1,0,1791329400,2026-10-06T23:30:00Z
2026-10-06T04:50:52.500842Z,refresh,17928,1761105,5,1,1,0,1791329400,2026-10-06T23:30:00Z
2026-10-06T04:50:52.500842Z,refresh,17929,1761106,5,1,1,0,1791329400,2026-10-06T23:30:00Z
2026-10-06T04:50:52.500842Z,refresh,17930,1761107,5,1,1,0,1791329400,2026-10-06T23:30:00Z
2026-10-06T04:50:52.500842Z,refresh,17931,1761108,15,4,1,0,1791329400,2026-10-06T23:30:00Z
2026-10-06T04:50:52.500842Z,refresh,17932,1761109,5,1,1,0,1791329400,2026-10-06T23:30:00Z
2026-10-06T04:50:52.500842Z,refresh,17933,1761110,5,1,1,0,1791329400,2026-10-06T23:30:00Z
2026-10-06T04:50:52.500842Z,refresh,17934,1761111,5,0,1,0,1791329400,2026-10-06T23:30:00Z
2026-10-06T04:50:52.500842Z,refresh,17935,1761112,5,0,1,0,1791329400,2026-10-06T23:30:00Z
2026-10-06T04:50:52.500842Z,refresh,17936,1761113,5,0,1,0,1791329400,2026-10-06T23:30:00Z
2026-10-06T04:50:52.500842Z,refresh,17937,1761114,5,1,1,0,1791329400,2026-10-06T23:30:00Z
2026-10-06T04:50:52.500842Z,refresh,17938,1761115,5,1,1,0,1791329400,2026-10-06T23:30:00Z
2026-10-06T04:50:52.500842Z,refresh,17939,1761116,5,1,1,0,1791329400,2026-10-06T23:30:00Z
2026-10-06T04:50:52.500842Z,refresh,17940,1761117,25,5,1,0,1791329400,2026-10-06T23:30:00Z
2026-10-06T04:50:52.500842Z,refresh,17941,1761118,420,19,1,0,1791329400,2026-10-06T23:30:00Z
2026-10-06T04:50:52.500842Z,refresh,18650,1761165,5,1,1,0,1791329400,2026-10-06T23:30:00Z
2026-10-06T04:50:52.500842Z,refresh,18651,1761166,40,9,1,0,1791329400,2026-10-06T23:30:00Z
2026-10-06T04:50:52.500842Z,refresh,18652,1761167,5,1,1,0,1791329400,2026-10-06T23:30:00Z
2026-10-06T04:50:52.500842Z,refresh,18653,1761168,5,1,1,0,1791329400,2026-10-06T23:30:00Z
2026-10-06T04:50:52.500842Z,refresh,18654,1761169,15,3,1,0,1791329400,2026-10-06T23:30:00Z
2026-10-06T04:50:52.500842Z,refresh,18655,1761170,5,1,1,0,1791329400,2026-10-06T23:30:00Z
2026-10-06T04:50:52.500842Z,refresh,18656,1761171,5,1,1,0,1791329400,2026-10-06T23:30:00Z
2026-10-06T04:50:52.500842Z,refresh,18657,1761172,110,9,1,0,1791329400,2026-10-06T23:30:00Z
2026-10-06T04:50:52.500842Z,refresh,18658,1761173,15,3,1,0,1791329400,2026-10-06T23:30:00Z
2026-10-06T04:50:52.500842Z,refresh,18659,1761174,5,1,1,0,1791329400,2026-10-06T23:30:00Z
2026-10-06T04:50:52.500842Z,refresh,18660,1761175,410,67,1,0,1791329400,2026-10-06T23:30:00Z
2026-10-06T04:50:52.500842Z,refresh,18661,1761176,35,8,1,0,1791329400,2026-10-06T23:30:00Z
2026-10-06T04:50:52.500842Z,refresh,18662,1761177,5,1,1,0,1791329400,2026-10-06T23:30:00Z
2026-10-06T04:50:52.500842Z,refresh,18663,1761178,210,25,1,0,1791329400,2026-10-06T23:30:00Z
2026-10-06T04:50:52.500842Z,refresh,18664,1761179,255,30,1,0,1791329400,2026-10-06T23:30:00Z
2026-10-06T04:50:52.500842Z,refresh,18665,1761180,205,33,1,0,1791329400,2026-10-06T23:30:00Z
2026-10-06T04:50:52.500842Z,refresh,18666,1761181,39,6,1,0,1791329400,2026-10-06T23:30:00Z
2026-10-06T04:50:52.500842Z,refresh,18667,1761182,5,0,1,0,1791329400,2026-10-06T23:30:00Z
2026-10-06T04:50:52.500842Z,refresh,18668,1761183,5,1,1,0,1791329400,2026-10-06T23:30:00Z
2026-10-06T04:50:52.500842Z,refresh,18669,1761184,55,10,1,0,1791329400,2026-10-06T23:30:00Z
2026-10-06T04:50:52.500842Z,refresh,18670,1761185,10,2,1,0,1791329400,2026-10-06T23:30:00Z
2026-10-06T04:50:52.500842Z,refresh,18671,1761186,120,24,1,0,1791329400,2026-10-06T23:30:00Z
2026-10-06T04:50:52.500842Z,refresh,18672,1761187,115,24,1,0,1791329400,2026-10-06T23:30:00Z
2026-10-06T04:50:52.500842Z,refresh,18673,1761188,24,5,1,0,1791329400,2026-10-06T23:30:00Z
2026-10-06T04:50:52.500842Z,refresh,18674,1761189,15,3,1,0,1791329400,2026-10-06T23:30:00Z
2026-10-06T04:50:52.500842Z,refresh,18675,1761190,55,12,1,0,1791329400,2026-10-06T23:30:00Z
2026-10-06T04:50:52.500842Z,refresh,18676,1761191,5,1,1,0,1791329400,2026-10-06T23:30:00Z
2026-10-06T04:50:52.500842Z,refresh,18677,1761192,35,8,1,0,1791329400,2026-10-06T23:30:00Z
2026-10-06T04:50:52.500842Z,refresh,18678,1761194,20,5,1,0,1791329400,2026-10-06T23:30:00Z
2026-10-06T04:50:52.500842Z,refresh,18679,1761195,5,1,1,0,1791329400,2026-10-06T23:30:00Z
2026-10-06T04:50:52.500842Z,refresh,18680,1761196,55,12,1,0,1791329400,2026-10-06T23:30:00Z
2026-10-06T04:50:52.500842Z,refresh,18681,1761197,70,11,1,0,1791329400,2026-10-06T23:30:00Z
2026-10-06T04:50:52.500842Z,refresh,18682,1761198,10,2,1,0,1791329400,2026-10-06T23:30:00Z
2026-10-06T04:50:52.500842Z,refresh,18683,1761199,5,1,1,0,1791329400,2026-10-06T23:30:00Z
2026-10-06T04:50:52.500842Z,refresh,18705,1761220,5,0,1,0,1791329400,2026-10-06T23:30:00Z
2026-10-06T04:50:52.500842Z,refresh,18706,1761221,5,0,1,0,1791329400,2026-10-06T23:30:00Z
2026-10-06T04:50:52.500842Z,refresh,18707,1761222,10,2,1,0,1791329400,2026-10-06T23:30:00Z
2026-10-06T04:50:52.500842Z,refresh,18708,1761223,45,6,1,0,1791329400,2026-10-06T23:30:00Z
2026-10-06T04:50:52.500842Z,refresh,18709,1761224,5,0,1,0,1791329400,2026-10-06T23:30:00Z
2026-10-06T04:50:52.500842Z,refresh,18710,1761225,5,0,1,0,1791329400,2026-10-06T23:30:00Z
2026-10-06T04:50:52.500842Z,refresh,18711,1761226,5,0,1,0,1791329400,2026-10-06T23:30:00Z
2026-10-06T04:50:52.500842Z,refresh,18712,1761227,5,1,1,0,1791329400,2026-10-06T23:30:00Z
2026-10-06T04:50:52.500842Z,refresh,18713,1761228,45,9,1,0,1791329400,2026-10-06T23:30:00Z
2026-10-06T04:50:52.500842Z,refresh,18714,1761229,5,1,1,0,1791329400,2026-10-06T23:30:00Z
2026-10-06T04:50:52.500842Z,refresh,18715,1761230,5,1,1,0,1791329400,2026-10-06T23:30:00Z
2026-10-06T04:50:52.500842Z,refresh,18716,1761231,155,5,1,0,1791329400,2026-10-06T23:30:00Z
2026-10-06T04:50:52.500842Z,refresh,18717,1761232,205,6,1,0,1791329400,2026-10-06T23:30:00Z
2026-10-06T04:50:52.500842Z,refresh,18718,1761233,110,23,1,0,1791329400,2026-10-06T23:30:00Z
2026-10-06T04:50:52.500842Z,refresh,18719,1761234,5,0,1,0,1791329400,2026-10-06T23:30:00Z
2026-10-06T04:50:52.500842Z,refresh,18720,1761235,5,0,1,0,1791329400,2026-10-06T23:30:00Z
2026-10-06T04:50:52.500842Z,refresh,17866,1761264,5,1,1,0,1791331200,2026-10-07T00:00:00Z
2026-10-06T04:50:52.500842Z,refresh,17867,1761265,10,2,1,0,1791331200,2026-10-07T00:00:00Z
2026-10-06T04:50:52.500842Z,refresh,17868,1761266,5,1,1,0,1791331200,2026-10-07T00:00:00Z
2026-10-06T04:50:52.500842Z,refresh,17869,1761268,10,2,1,0,1791331200,2026-10-07T00:00:00Z
2026-10-06T04:50:52.500842Z,refresh,17870,1761269,5,1,1,0,1791331200,2026-10-07T00:00:00Z
2026-10-06T04:50:52.500842Z,refresh,17871,1761270,5,1,1,0,1791331200,2026-10-07T00:00:00Z
2026-10-06T04:50:52.500842Z,refresh,17872,1761271,5,0,1,0,1791331200,2026-10-07T00:00:00Z
2026-10-06T04:50:52.500842Z,refresh,17873,1761272,10,2,1,0,1791331200,2026-10-07T00:00:00Z
2026-10-06T04:50:52.500842Z,refresh,17874,1761273,5,0,1,0,1791331200,2026-10-07T00:00:00Z
2026-10-06T04:50:52.500842Z,refresh,17875,1761274,155,24,1,0,1791331200,2026-10-07T00:00:00Z
2026-10-06T04:50:52.500842Z,refresh,17876,1761275,10,2,1,0,1791331200,2026-10-07T00:00:00Z
2026-10-06T04:50:52.500842Z,refresh,17877,1761276,5,1,1,0,1791331200,2026-10-07T00:00:00Z
2026-10-06T04:50:52.500842Z,refresh,17878,1761277,35,8,1,0,1791331200,2026-10-07T00:00:00Z
2026-10-06T04:50:52.500842Z,refresh,17879,1761278,5,1,1,0,1791331200,2026-10-07T00:00:00Z
2026-10-06T04:50:52.500842Z,refresh,17880,1761279,205,16,1,0,1791331200,2026-10-07T00:00:00Z
2026-10-06T04:50:52.500842Z,refresh,17881,1761280,10,2,1,0,1791331200,2026-10-07T00:00:00Z
2026-10-06T04:50:52.500842Z,refresh,17882,1761281,10,2,1,0,1791331200,2026-10-07T00:00:00Z
2026-10-06T04:50:52.500842Z,refresh,17883,1761282,34,7,1,0,1791331200,2026-10-07T00:00:00Z
2026-10-06T04:50:52.500842Z,refresh,17884,1761283,10,2,1,0,1791331200,2026-10-07T00:00:00Z
2026-10-06T04:50:52.500842Z,refresh,17885,1761284,5,1,1,0,1791331200,2026-10-07T00:00:00Z
2026-10-06T04:50:52.500842Z,refresh,17886,1761285,5,1,1,0,1791331200,2026-10-07T00:00:00Z
2026-10-06T04:50:52.500842Z,refresh,17887,1761286,5,1,1,0,1791331200,2026-10-07T00:00:00Z
2026-10-06T04:50:52.500842Z,refresh,17888,1761287,5,0,1,0,1791331200,2026-10-07T00:00:00Z
2026-10-06T04:50:52.500842Z,refresh,17889,1761288,105,12,1,0,1791331200,2026-10-07T00:00:00Z
2026-10-06T04:50:52.500842Z,refresh,17890,1761289,10,2,1,0,1791331200,2026-10-07T00:00:00Z
2026-10-06T04:50:52.500842Z,refresh,17891,1761291,575,50,1,0,1791331200,2026-10-07T00:00:00Z
2026-10-06T04:50:52.500842Z,refresh,17892,1761292,255,52,1,0,1791331200,2026-10-07T00:00:00Z
2026-10-06T04:50:52.500842Z,refresh,17893,1761293,5,1,1,0,1791331200,2026-10-07T00:00:00Z
2026-10-06T04:50:52.500842Z,refresh,17894,1761294,10,2,1,0,1791331200,2026-10-07T00:00:00Z
2026-10-06T04:50:52.500842Z,refresh,17895,1761295,114,24,1,0,1791331200,2026-10-07T00:00:00Z
2026-10-06T04:50:52.500842Z,refresh,17896,1761296,10,2,1,0,1791331200,2026-10-07T00:00:00Z
2026-10-06T04:50:52.500842Z,refresh,17897,1761297,55,12,1,0,1791331200,2026-10-07T00:00:00Z
2026-10-06T04:50:52.500842Z,refresh,17898,1761298,5,1,1,0,1791331200,2026-10-07T00:00:00Z
2026-10-06T04:50:52.500842Z,refresh,17899,1761299,10,2,1,0,1791331200,2026-10-07T00:00:00Z
2026-10-06T04:50:52.500842Z,refresh,17900,1761300,20,4,1,0,1791331200,2026-10-07T00:00:00Z
2026-10-06T04:50:52.500842Z,refresh,17901,1761301,31,7,1,0,1791331200,2026-10-07T00:00:00Z
2026-10-06T04:50:52.500842Z,refresh,17902,1761303,5,0,1,0,1791331200,2026-10-07T00:00:00Z
2026-10-06T04:50:52.500842Z,refresh,17903,1761304,370,53,1,0,1791331200,2026-10-07T00:00:00Z
2026-10-06T04:50:52.500842Z,refresh,17904,1761305,15,3,1,0,1791331200,2026-10-07T00:00:00Z
2026-10-06T04:50:52.500842Z,refresh,17905,1761306,30,7,1,0,1791331200,2026-10-07T00:00:00Z
2026-10-06T04:50:52.500842Z,refresh,17906,1761307,110,17,1,0,1791331200,2026-10-07T00:00:00Z
2026-10-06T04:50:52.500842Z,refresh,17907,1761308,110,5,1,0,1791331200,2026-10-07T00:00:00Z
2026-10-06T04:50:52.500842Z,refresh,17908,1761309,10,2,1,0,1791331200,2026-10-07T00:00:00Z
2026-10-06T04:50:52.500842Z,refresh,17910,1761314,5,1,1,0,1791331200,2026-10-07T00:00:00Z
2026-10-06T04:50:52.500842Z,refresh,18684,1761200,5,0,1,0,1791331200,2026-10-07T00:00:00Z
2026-10-06T04:50:52.500842Z,refresh,18685,1761201,5,1,1,0,1791331200,2026-10-07T00:00:00Z
2026-10-06T04:50:52.500842Z,refresh,18686,1761202,5,1,1,0,1791331200,2026-10-07T00:00:00Z
2026-10-06T04:50:52.500842Z,refresh,18687,1761203,5,1,1,0,1791331200,2026-10-07T00:00:00Z
2026-10-06T04:50:52.500842Z,refresh,18688,1761204,5,1,1,0,1791331200,2026-10-07T00:00:00Z
2026-10-06T04:50:52.500842Z,refresh,18689,1761205,60,13,1,0,1791331200,2026-10-07T00:00:00Z
2026-10-06T04:50:52.500842Z,refresh,18690,1761206,110,23,1,0,1791331200,2026-10-07T00:00:00Z
2026-10-06T04:50:52.500842Z,refresh,18691,1761207,10,2,1,0,1791331200,2026-10-07T00:00:00Z
2026-10-06T04:50:52.500842Z,refresh,18692,1761208,10,2,1,0,1791331200,2026-10-07T00:00:00Z
2026-10-06T04:50:52.500842Z,refresh,18693,1761209,10,2,1,0,1791331200,2026-10-07T00:00:00Z
2026-10-06T04:50:52.500842Z,refresh,18694,1761210,5,1,1,0,1791331200,2026-10-07T00:00:00Z
2026-10-06T04:50:52.500842Z,refresh,18695,1761211,5,1,1,0,1791331200,2026-10-07T00:00:00Z
2026-10-06T04:50:52.500842Z,refresh,18696,1761212,5,1,1,0,1791331200,2026-10-07T00:00:00Z
2026-10-06T04:50:52.500842Z,refresh,18697,1761213,5,1,1,0,1791331200,2026-10-07T00:00:00Z
2026-10-06T04:50:52.500842Z,refresh,18698,1761214,5,1,1,0,1791331200,2026-10-07T00:00:00Z
2026-10-06T04:50:52.500842Z,refresh,18699,1761215,5,1,1,0,1791331200,2026-10-07T00:00:00Z
2026-10-06T04:50:52.500842Z,refresh,18700,1761216,5,1,1,0,1791331200,2026-10-07T00:00:00Z
2026-10-06T04:50:52.500842Z,refresh,18701,1761217,320,19,1,0,1791331200,2026-10-07T00:00:00Z
2026-10-06T04:50:52.500842Z,refresh,18702,1761218,460,48,1,0,1791331200,2026-10-07T00:00:00Z
2026-10-06T04:50:52.500842Z,refresh,18703,1761219,55,5,1,0,1791331200,2026-10-07T00:00:00Z
2026-10-06T04:50:52.500842Z,refresh,18721,1761236,10,2,1,0,1791331200,2026-10-07T00:00:00Z
2026-10-06T04:50:52.500842Z,refresh,18722,1761237,55,12,1,0,1791331200,2026-10-07T00:00:00Z
2026-10-06T04:50:52.500842Z,refresh,18723,1761238,5,1,1,0,1791331200,2026-10-07T00:00:00Z
2026-10-06T04:50:52.500842Z,refresh,18724,1761239,5,1,1,0,1791331200,2026-10-07T00:00:00Z
2026-10-06T04:50:52.500842Z,refresh,18725,1761240,5,1,1,0,1791331200,2026-10-07T00:00:00Z
2026-10-06T04:50:52.500842Z,refresh,18726,1761241,5,1,1,0,1791331200,2026-10-07T00:00:00Z
2026-10-06T04:50:52.500842Z,refresh,18727,1761242,5,1,1,0,1791331200,2026-10-07T00:00:00Z
2026-10-06T04:50:52.500842Z,refresh,18728,1761243,5,1,1,0,1791331200,2026-10-07T00:00:00Z
2026-10-06T04:50:52.500842Z,refresh,18729,1761244,10,2,1,0,1791331200,2026-10-07T00:00:00Z
2026-10-06T04:50:52.500842Z,refresh,18730,1761245,15,3,1,0,1791331200,2026-10-07T00:00:00Z
2026-10-06T04:50:52.500842Z,refresh,18731,1761246,5,0,1,0,1791331200,2026-10-07T00:00:00Z
2026-10-06T04:50:52.500842Z,refresh,18732,1761310,5,1,1,0,1791331200,2026-10-07T00:00:00Z
2026-10-06T04:50:52.500842Z,refresh,18733,1761311,10,2,1,0,1791331200,2026-10-07T00:00:00Z
2026-10-06T04:50:52.500842Z,refresh,18734,1761312,10,2,1,0,1791331200,2026-10-07T00:00:00Z
2026-10-06T04:50:52.500842Z,refresh,18735,1761313,50,7,1,0,1791331200,2026-10-07T00:00:00Z
2026-10-06T04:50:52.500842Z,refresh,17125,1779931,65,14,1,0,1791333000,2026-10-07T00:30:00Z
2026-10-06T05:04:50.633916Z,refresh,10000,1761139,105,2,1,0,1791324000,2026-10-06T22:00:00Z
2026-10-06T05:04:50.633916Z,refresh,10001,1761140,100,0,1,0,1791324000,2026-10-06T22:00:00Z
2026-10-06T05:04:50.633916Z,refresh,10002,1761141,100,1,1,0,1791324000,2026-10-06T22:00:00Z
2026-10-06T05:04:50.633916Z,refresh,10003,1761142,1025,12,1,0,1791324000,2026-10-06T22:00:00Z
2026-10-06T05:04:50.633916Z,refresh,10004,1761143,2600,30,1,0,1791324000,2026-10-06T22:00:00Z
2026-10-06T05:04:50.633916Z,refresh,10005,1761144,3100,20,1,0,1791324000,2026-10-06T22:00:00Z
2026-10-06T05:04:50.633916Z,refresh,10006,1761145,2050,32,1,0,1791324000,2026-10-06T22:00:00Z
2026-10-06T05:04:50.633916Z,refresh,10007,1761146,1075,16,1,0,1791324000,2026-10-06T22:00:00Z
2026-10-06T05:04:50.633916Z,refresh,10008,1761147,9050,37,1,0,1791324000,2026-10-06T22:00:00Z
2026-10-06T05:04:50.633916Z,refresh,10009,1761148,25600,31,1,0,1791324000,2026-10-06T22:00:00Z
2026-10-06T05:04:50.633916Z,refresh,10010,1761149,13550,182,1,0,1791324000,2026-10-06T22:00:00Z
2026-10-06T05:04:50.633916Z,refresh,10011,1761150,20100,191,1,0,1791324000,2026-10-06T22:00:00Z
2026-10-06T05:04:50.633916Z,refresh,10012,1761151,20100,59,1,0,1791324000,2026-10-06T22:00:00Z
2026-10-06T05:04:50.633916Z,refresh,10013,1761152,50000,95,1,0,1791324000,2026-10-06T22:00:00Z
2026-10-06T05:04:50.633916Z,refresh,10014,1761153,23650,67,1,0,1791324000,2026-10-06T22:00:00Z
2026-10-06T05:04:50.633916Z,refresh,10015,1761154,20900,35,1,0,1791324000,2026-10-06T22:00:00Z
2026-10-06T05:04:50.633916Z,refresh,10016,1761155,15100,31,1,0,1791324000,2026-10-06T22:00:00Z
2026-10-06T05:04:50.633916Z,refresh,10017,1761156,42750,57,1,0,1791324000,2026-10-06T22:00:00Z
2026-10-06T05:04:50.633916Z,refresh,10018,1761157,2550,32,1,0,1791324000,2026-10-06T22:00:00Z
2026-10-06T05:04:50.633916Z,refresh,10019,1761158,1075,29,1,0,1791324000,2026-10-06T22:00:00Z
2026-10-06T05:04:50.633916Z,refresh,10050,1761119,3550,42,1,0,1791325800,2026-10-06T22:30:00Z
2026-10-06T05:04:50.633916Z,refresh,10051,1761120,705,3,1,0,1791325800,2026-10-06T22:30:00Z
2026-10-06T05:04:50.633916Z,refresh,10052,1761121,1550,14,1,0,1791325800,2026-10-06T22:30:00Z
2026-10-06T05:04:50.633916Z,refresh,10053,1761122,2950,34,1,0,1791325800,2026-10-06T22:30:00Z
2026-10-06T05:04:50.633916Z,refresh,10054,1761123,1550,35,1,0,1791325800,2026-10-06T22:30:00Z
2026-10-06T05:04:50.633916Z,refresh,10055,1761124,325,5,1,0,1791325800,2026-10-06T22:30:00Z
2026-10-06T05:04:50.633916Z,refresh,10056,1761125,120,5,1,0,1791325800,2026-10-06T22:30:00Z
2026-10-06T05:04:50.633916Z,refresh,10057,1761126,305,3,1,0,1791325800,2026-10-06T22:30:00Z
2026-10-06T05:04:50.633916Z,refresh,10058,1761127,755,13,1,0,1791325800,2026-10-06T22:30:00Z
2026-10-06T05:04:50.633916Z,refresh,10059,1761128,1400,22,1,0,1791325800,2026-10-06T22:30:00Z
2026-10-06T05:04:50.633916Z,refresh,10060,1761129,7800,63,1,0,1791325800,2026-10-06T22:30:00Z
2026-10-06T05:04:50.633916Z,refresh,10061,1761130,1550,40,1,0,1791325800,2026-10-06T22:30:00Z
2026-10-06T05:04:50.633916Z,refresh,10062,1761131,6200,137,1,0,1791325800,2026-10-06T22:30:00Z
2026-10-06T05:04:50.633916Z,refresh,10063,1761132,1525,15,1,0,1791325800,2026-10-06T22:30:00Z
2026-10-06T05:04:50.633916Z,refresh,10064,1761133,1700,24,1,0,1791325800,2026-10-06T22:30:00Z
2026-10-06T05:04:50.633916Z,refresh,10065,1761134,1650,44,1,0,1791325800,2026-10-06T22:30:00Z
2026-10-06T05:04:50.633916Z,refresh,10066,1761135,1650,16,1,0,1791325800,2026-10-06T22:30:00Z
2026-10-06T05:04:50.633916Z,refresh,10067,1761136,1550,5,1,0,1791325800,2026-10-06T22:30:00Z
2026-10-06T05:04:50.633916Z,refresh,10068,1761137,2100,17,1,0,1791325800,2026-10-06T22:30:00Z
2026-10-06T05:04:50.633916Z,refresh,10069,1761138,1320,69,1,0,1791325800,2026-10-06T22:30:00Z
2026-10-06T05:04:50.633916Z,refresh,17100,1761063,115,4,1,0,1791327600,2026-10-06T23:00:00Z
2026-10-06T05:04:50.633916Z,refresh,17101,1761064,110,3,1,0,1791327600,2026-10-06T23:00:00Z
2026-10-06T05:04:50.633916Z,refresh,17102,1761065,100,1,1,0,1791327600,2026-10-06T23:00:00Z
2026-10-06T05:04:50.633916Z,refresh,17103,1761066,105,2,1,0,1791327600,2026-10-06T23:00:00Z
2026-10-06T05:04:50.633916Z,refresh,17104,1761067,120,5,1,0,1791327600,2026-10-06T23:00:00Z
2026-10-06T05:04:50.633916Z,refresh,17105,1761068,105,2,1,0,1791327600,2026-10-06T23:00:00Z
2026-10-06T05:04:50.633916Z,refresh,17106,1761069,105,2,1,0,1791327600,2026-10-06T23:00:00Z
2026-10-06T05:04:50.633916Z,refresh,17107,1761070,110,3,1,0,1791327600,2026-10-06T23:00:00Z
2026-10-06T05:04:50.633916Z,refresh,17108,1761071,120,5,1,0,1791327600,2026-10-06T23:00:00Z
2026-10-06T05:04:50.633916Z,refresh,17109,1761072,110,3,1,0,1791327600,2026-10-06T23:00:00Z
2026-10-06T05:04:50.633916Z,refresh,17110,1761073,110,3,1,0,1791327600,2026-10-06T23:00:00Z
2026-10-06T05:04:50.633916Z,refresh,17111,1761074,115,4,1,0,1791327600,2026-10-06T23:00:00Z
2026-10-06T05:04:50.633916Z,refresh,17112,1761075,205,11,1,0,1791327600,2026-10-06T23:00:00Z
2026-10-06T05:04:50.633916Z,refresh,17113,1761076,105,2,1,0,1791327600,2026-10-06T23:00:00Z
2026-10-06T05:04:50.633916Z,refresh,17114,1761077,110,3,1,0,1791327600,2026-10-06T23:00:00Z
2026-10-06T05:04:50.633916Z,refresh,17115,1761078,115,4,1,0,1791327600,2026-10-06T23:00:00Z
2026-10-06T05:04:50.633916Z,refresh,17116,1761079,115,4,1,0,1791327600,2026-10-06T23:00:00Z
2026-10-06T05:04:50.633916Z,refresh,17117,1761080,105,2,1,0,1791327600,2026-10-06T23:00:00Z
2026-10-06T05:04:50.633916Z,refresh,17118,1761081,105,2,1,0,1791327600,2026-10-06T23:00:00Z
2026-10-06T05:04:50.633916Z,refresh,17119,1761082,100,1,1,0,1791327600,2026-10-06T23:00:00Z
2026-10-06T05:04:50.633916Z,refresh,17120,1761083,105,2,1,0,1791327600,2026-10-06T23:00:00Z
2026-10-06T05:04:50.633916Z,refresh,17121,1761084,105,2,1,0,1791327600,2026-10-06T23:00:00Z
2026-10-06T05:04:50.633916Z,refresh,17122,1761085,170,15,1,0,1791327600,2026-10-06T23:00:00Z
2026-10-06T05:04:50.633916Z,refresh,10020,1761159,16050,119,1,0,1791329400,2026-10-06T23:30:00Z
2026-10-06T05:04:50.633916Z,refresh,10021,1761160,5,1,1,0,1791329400,2026-10-06T23:30:00Z
2026-10-06T05:04:50.633916Z,refresh,10022,1761161,330,40,1,0,1791329400,2026-10-06T23:30:00Z
2026-10-06T05:04:50.633916Z,refresh,10023,1761162,550,47,1,0,1791329400,2026-10-06T23:30:00Z
2026-10-06T05:04:50.633916Z,refresh,10024,1761163,5,1,1,0,1791329400,2026-10-06T23:30:00Z
2026-10-06T05:04:50.633916Z,refresh,10025,1761164,5,0,1,0,1791329400,2026-10-06T23:30:00Z
2026-10-06T05:04:50.633916Z,refresh,17850,1761247,5,0,1,0,1791329400,2026-10-06T23:30:00Z
2026-10-06T05:04:50.633916Z,refresh,17851,1761248,5,1,1,0,1791329400,2026-10-06T23:30:00Z
2026-10-06T05:04:50.633916Z,refresh,17852,1761249,390,15,1,0,1791329400,2026-10-06T23:30:00Z
2026-10-06T05:04:50.633916Z,refresh,17853,1761250,1350,46,1,0,1791329400,2026-10-06T23:30:00Z
2026-10-06T05:04:50.633916Z,refresh,17854,1761251,155,10,1,0,1791329400,2026-10-06T23:30:00Z
2026-10-06T05:04:50.633916Z,refresh,17855,1761252,100,20,1,0,1791329400,2026-10-06T23:30:00Z
2026-10-06T05:04:50.633916Z,refresh,17856,1761253,180,21,1,0,1791329400,2026-10-06T23:30:00Z
2026-10-06T05:04:50.633916Z,refresh,17857,1761254,110,9,1,0,1791329400,2026-10-06T23:30:00Z
2026-10-06T05:04:50.633916Z,refresh,17858,1761255,60,12,1,0,1791329400,2026-10-06T23:30:00Z
2026-10-06T05:04:50.633916Z,refresh,17859,1761256,5,1,1,0,1791329400,2026-10-06T23:30:00Z
2026-10-06T05:04:50.633916Z,refresh,17860,1761257,5,1,1,0,1791329400,2026-10-06T23:30:00Z
2026-10-06T05:04:50.633916Z,refresh,17861,1761258,30,7,1,0,1791329400,2026-10-06T23:30:00Z
2026-10-06T05:04:50.633916Z,refresh,17862,1761259,5,1,1,0,1791329400,2026-10-06T23:30:00Z
2026-10-06T05:04:50.633916Z,refresh,17863,1761260,5,1,1,0,1791329400,2026-10-06T23:30:00Z
2026-10-06T05:04:50.633916Z,refresh,17864,1761262,10,3,1,0,1791329400,2026-10-06T23:30:00Z
2026-10-06T05:04:50.633916Z,refresh,17865,1761263,15,3,1,0,1791329400,2026-10-06T23:30:00Z
2026-10-06T05:04:50.633916Z,refresh,17909,1761086,5,0,1,0,1791329400,2026-10-06T23:30:00Z
2026-10-06T05:04:50.633916Z,refresh,17911,1761088,5,0,1,0,1791329400,2026-10-06T23:30:00Z
2026-10-06T05:04:50.633916Z,refresh,17912,1761089,5,0,1,0,1791329400,2026-10-06T23:30:00Z
2026-10-06T05:04:50.633916Z,refresh,17913,1761090,5,0,1,0,1791329400,2026-10-06T23:30:00Z
2026-10-06T05:04:50.633916Z,refresh,17914,1761091,5,0,1,0,1791329400,2026-10-06T23:30:00Z
2026-10-06T05:04:50.633916Z,refresh,17915,1761092,5,0,1,0,1791329400,2026-10-06T23:30:00Z
2026-10-06T05:04:50.633916Z,refresh,17916,1761093,5,0,1,0,1791329400,2026-10-06T23:30:00Z
2026-10-06T05:04:50.633916Z,refresh,17917,1761094,5,1,1,0,1791329400,2026-10-06T23:30:00Z
2026-10-06T05:04:50.633916Z,refresh,17918,1761095,5,0,1,0,1791329400,2026-10-06T23:30:00Z
2026-10-06T05:04:50.633916Z,refresh,17919,1761096,5,0,1,0,1791329400,2026-10-06T23:30:00Z
2026-10-06T05:04:50.633916Z,refresh,17920,1761097,5,1,1,0,1791329400,2026-10-06T23:30:00Z
2026-10-06T05:04:50.633916Z,refresh,17921,1761098,5,1,1,0,1791329400,2026-10-06T23:30:00Z
2026-10-06T05:04:50.633916Z,refresh,17922,1761099,5,0,1,0,1791329400,2026-10-06T23:30:00Z
2026-10-06T05:04:50.633916Z,refresh,17923,1761100,5,0,1,0,1791329400,2026-10-06T23:30:00Z
2026-10-06T05:04:50.633916Z,refresh,17924,1761101,10,2,1,0,1791329400,2026-10-06T23:30:00Z
2026-10-06T05:04:50.633916Z,refresh,17925,1761102,5,1,1,0,1791329400,2026-10-06T23:30:00Z
2026-10-06T05:04:50.633916Z,refresh,17926,1761103,5,1,1,0,1791329400,2026-10-06T23:30:00Z
2026-10-06T05:04:50.633916Z,refresh,17927,1761104,105,5,1,0,1791329400,2026-10-06T23:30:00Z
2026-10-06T05:04:50.633916Z,refresh,17928,1761105,5,1,1,0,1791329400,2026-10-06T23:30:00Z
2026-10-06T05:04:50.633916Z,refresh,17929,1761106,5,1,1,0,1791329400,2026-10-06T23:30:00Z
2026-10-06T05:04:50.633916Z,refresh,17930,1761107,5,1,1,0,1791329400,2026-10-06T23:30:00Z
2026-10-06T05:04:50.633916Z,refresh,17931,1761108,15,4,1,0,1791329400,2026-10-06T23:30:00Z
2026-10-06T05:04:50.633916Z,refresh,17932,1761109,5,1,1,0,1791329400,2026-10-06T23:30:00Z
2026-10-06T05:04:50.633916Z,refresh,17933,1761110,5,1,1,0,1791329400,2026-10-06T23:30:00Z
2026-10-06T05:04:50.633916Z,refresh,17934,1761111,5,0,1,0,1791329400,2026-10-06T23:30:00Z
2026-10-06T05:04:50.633916Z,refresh,17935,1761112,5,0,1,0,1791329400,2026-10-06T23:30:00Z
2026-10-06T05:04:50.633916Z,refresh,17936,1761113,5,0,1,0,1791329400,2026-10-06T23:30:00Z
2026-10-06T05:04:50.633916Z,refresh,17937,1761114,5,1,1,0,1791329400,2026-10-06T23:30:00Z
2026-10-06T05:04:50.633916Z,refresh,17938,1761115,5,1,1,0,1791329400,2026-10-06T23:30:00Z
2026-10-06T05:04:50.633916Z,refresh,17939,1761116,5,1,1,0,1791329400,2026-10-06T23:30:00Z
2026-10-06T05:04:50.633916Z,refresh,17940,1761117,25,5,1,0,1791329400,2026-10-06T23:30:00Z
2026-10-06T05:04:50.633916Z,refresh,17941,1761118,420,19,1,0,1791329400,2026-10-06T23:30:00Z
2026-10-06T05:04:50.633916Z,refresh,18650,1761165,5,1,1,0,1791329400,2026-10-06T23:30:00Z
2026-10-06T05:04:50.633916Z,refresh,18651,1761166,40,9,1,0,1791329400,2026-10-06T23:30:00Z
2026-10-06T05:04:50.633916Z,refresh,18652,1761167,5,1,1,0,1791329400,2026-10-06T23:30:00Z
2026-10-06T05:04:50.633916Z,refresh,18653,1761168,5,1,1,0,1791329400,2026-10-06T23:30:00Z
2026-10-06T05:04:50.633916Z,refresh,18654,1761169,15,3,1,0,1791329400,2026-10-06T23:30:00Z
2026-10-06T05:04:50.633916Z,refresh,18655,1761170,5,1,1,0,1791329400,2026-10-06T23:30:00Z
2026-10-06T05:04:50.633916Z,refresh,18656,1761171,5,1,1,0,1791329400,2026-10-06T23:30:00Z
2026-10-06T05:04:50.633916Z,refresh,18657,1761172,110,9,1,0,1791329400,2026-10-06T23:30:00Z
2026-10-06T05:04:50.633916Z,refresh,18658,1761173,15,3,1,0,1791329400,2026-10-06T23:30:00Z
2026-10-06T05:04:50.633916Z,refresh,18659,1761174,5,1,1,0,1791329400,2026-10-06T23:30:00Z
2026-10-06T05:04:50.633916Z,refresh,18660,1761175,410,67,1,0,1791329400,2026-10-06T23:30:00Z
2026-10-06T05:04:50.633916Z,refresh,18661,1761176,35,8,1,0,1791329400,2026-10-06T23:30:00Z
2026-10-06T05:04:50.633916Z,refresh,18662,1761177,5,1,1,0,1791329400,2026-10-06T23:30:00Z
2026-10-06T05:04:50.633916Z,refresh,18663,1761178,210,25,1,0,1791329400,2026-10-06T23:30:00Z
2026-10-06T05:04:50.633916Z,refresh,18664,1761179,255,30,1,0,1791329400,2026-10-06T23:30:00Z
2026-10-06T05:04:50.633916Z,refresh,18665,1761180,205,33,1,0,1791329400,2026-10-06T23:30:00Z
2026-10-06T05:04:50.633916Z,refresh,18666,1761181,39,6,1,0,1791329400,2026-10-06T23:30:00Z
2026-10-06T05:04:50.633916Z,refresh,18667,1761182,5,0,1,0,1791329400,2026-10-06T23:30:00Z
2026-10-06T05:04:50.633916Z,refresh,18668,1761183,5,1,1,0,1791329400,2026-10-06T23:30:00Z
2026-10-06T05:04:50.633916Z,refresh,18669,1761184,55,10,1,0,1791329400,2026-10-06T23:30:00Z
2026-10-06T05:04:50.633916Z,refresh,18670,1761185,15,3,1,0,1791329400,2026-10-06T23:30:00Z
2026-10-06T05:04:50.633916Z,refresh,18671,1761186,125,25,1,0,1791329400,2026-10-06T23:30:00Z
2026-10-06T05:04:50.633916Z,refresh,18672,1761187,115,24,1,0,1791329400,2026-10-06T23:30:00Z
2026-10-06T05:04:50.633916Z,refresh,18673,1761188,24,5,1,0,1791329400,2026-10-06T23:30:00Z
2026-10-06T05:04:50.633916Z,refresh,18674,1761189,15,3,1,0,1791329400,2026-10-06T23:30:00Z
2026-10-06T05:04:50.633916Z,refresh,18675,1761190,55,12,1,0,1791329400,2026-10-06T23:30:00Z
2026-10-06T05:04:50.633916Z,refresh,18676,1761191,5,1,1,0,1791329400,2026-10-06T23:30:00Z
2026-10-06T05:04:50.633916Z,refresh,18677,1761192,35,8,1,0,1791329400,2026-10-06T23:30:00Z
2026-10-06T05:04:50.633916Z,refresh,18678,1761194,20,5,1,0,1791329400,2026-10-06T23:30:00Z
2026-10-06T05:04:50.633916Z,refresh,18679,1761195,5,1,1,0,1791329400,2026-10-06T23:30:00Z
2026-10-06T05:04:50.633916Z,refresh,18680,1761196,55,12,1,0,1791329400,2026-10-06T23:30:00Z
2026-10-06T05:04:50.633916Z,refresh,18681,1761197,70,11,1,0,1791329400,2026-10-06T23:30:00Z
2026-10-06T05:04:50.633916Z,refresh,18682,1761198,10,2,1,0,1791329400,2026-10-06T23:30:00Z
2026-10-06T05:04:50.633916Z,refresh,18683,1761199,5,1,1,0,1791329400,2026-10-06T23:30:00Z
2026-10-06T05:04:50.633916Z,refresh,18705,1761220,5,0,1,0,1791329400,2026-10-06T23:30:00Z
2026-10-06T05:04:50.633916Z,refresh,18706,1761221,5,0,1,0,1791329400,2026-10-06T23:30:00Z
2026-10-06T05:04:50.633916Z,refresh,18707,1761222,10,2,1,0,1791329400,2026-10-06T23:30:00Z
2026-10-06T05:04:50.633916Z,refresh,18708,1761223,45,6,1,0,1791329400,2026-10-06T23:30:00Z
2026-10-06T05:04:50.633916Z,refresh,18709,1761224,5,0,1,0,1791329400,2026-10-06T23:30:00Z
2026-10-06T05:04:50.633916Z,refresh,18710,1761225,5,0,1,0,1791329400,2026-10-06T23:30:00Z
2026-10-06T05:04:50.633916Z,refresh,18711,1761226,5,0,1,0,1791329400,2026-10-06T23:30:00Z
2026-10-06T05:04:50.633916Z,refresh,18712,1761227,5,1,1,0,1791329400,2026-10-06T23:30:00Z
2026-10-06T05:04:50.633916Z,refresh,18713,1761228,50,10,1,0,1791329400,2026-10-06T23:30:00Z
2026-10-06T05:04:50.633916Z,refresh,18714,1761229,5,1,1,0,1791329400,2026-10-06T23:30:00Z
2026-10-06T05:04:50.633916Z,refresh,18715,1761230,5,1,1,0,1791329400,2026-10-06T23:30:00Z
2026-10-06T05:04:50.633916Z,refresh,18716,1761231,155,5,1,0,1791329400,2026-10-06T23:30:00Z
2026-10-06T05:04:50.633916Z,refresh,18717,1761232,205,6,1,0,1791329400,2026-10-06T23:30:00Z
2026-10-06T05:04:50.633916Z,refresh,18718,1761233,115,24,1,0,1791329400,2026-10-06T23:30:00Z
2026-10-06T05:04:50.633916Z,refresh,18719,1761234,5,0,1,0,1791329400,2026-10-06T23:30:00Z
2026-10-06T05:04:50.633916Z,refresh,18720,1761235,5,0,1,0,1791329400,2026-10-06T23:30:00Z
2026-10-06T05:04:50.633916Z,refresh,17866,1761264,5,1,1,0,1791331200,2026-10-07T00:00:00Z
2026-10-06T05:04:50.633916Z,refresh,17867,1761265,10,2,1,0,1791331200,2026-10-07T00:00:00Z
2026-10-06T05:04:50.633916Z,refresh,17868,1761266,5,1,1,0,1791331200,2026-10-07T00:00:00Z
2026-10-06T05:04:50.633916Z,refresh,17869,1761268,10,2,1,0,1791331200,2026-10-07T00:00:00Z
2026-10-06T05:04:50.633916Z,refresh,17870,1761269,5,1,1,0,1791331200,2026-10-07T00:00:00Z
2026-10-06T05:04:50.633916Z,refresh,17871,1761270,5,1,1,0,1791331200,2026-10-07T00:00:00Z
2026-10-06T05:04:50.633916Z,refresh,17872,1761271,5,0,1,0,1791331200,2026-10-07T00:00:00Z
2026-10-06T05:04:50.633916Z,refresh,17873,1761272,10,2,1,0,1791331200,2026-10-07T00:00:00Z
2026-10-06T05:04:50.633916Z,refresh,17874,1761273,5,0,1,0,1791331200,2026-10-07T00:00:00Z
2026-10-06T05:04:50.633916Z,refresh,17875,1761274,160,25,1,0,1791331200,2026-10-07T00:00:00Z
2026-10-06T05:04:50.633916Z,refresh,17876,1761275,15,3,1,0,1791331200,2026-10-07T00:00:00Z
2026-10-06T05:04:50.633916Z,refresh,17877,1761276,5,1,1,0,1791331200,2026-10-07T00:00:00Z
2026-10-06T05:04:50.633916Z,refresh,17878,1761277,40,9,1,0,1791331200,2026-10-07T00:00:00Z
2026-10-06T05:04:50.633916Z,refresh,17879,1761278,5,1,1,0,1791331200,2026-10-07T00:00:00Z
2026-10-06T05:04:50.633916Z,refresh,17880,1761279,210,17,1,0,1791331200,2026-10-07T00:00:00Z
2026-10-06T05:04:50.633916Z,refresh,17881,1761280,44,9,1,0,1791331200,2026-10-07T00:00:00Z
2026-10-06T05:04:50.633916Z,refresh,17882,1761281,24,5,1,0,1791331200,2026-10-07T00:00:00Z
2026-10-06T05:04:50.633916Z,refresh,17883,1761282,34,7,1,0,1791331200,2026-10-07T00:00:00Z
2026-10-06T05:04:50.633916Z,refresh,17884,1761283,15,3,1,0,1791331200,2026-10-07T00:00:00Z
2026-10-06T05:04:50.633916Z,refresh,17885,1761284,5,1,1,0,1791331200,2026-10-07T00:00:00Z
2026-10-06T05:04:50.633916Z,refresh,17886,1761285,5,1,1,0,1791331200,2026-10-07T00:00:00Z
2026-10-06T05:04:50.633916Z,refresh,17887,1761286,5,1,1,0,1791331200,2026-10-07T00:00:00Z
2026-10-06T05:04:50.633916Z,refresh,17888,1761287,5,0,1,0,1791331200,2026-10-07T00:00:00Z
2026-10-06T05:04:50.633916Z,refresh,17889,1761288,105,12,1,0,1791331200,2026-10-07T00:00:00Z
2026-10-06T05:04:50.633916Z,refresh,17890,1761289,10,2,1,0,1791331200,2026-10-07T00:00:00Z
2026-10-06T05:04:50.633916Z,refresh,17891,1761291,600,51,1,0,1791331200,2026-10-07T00:00:00Z
2026-10-06T05:04:50.633916Z,refresh,17892,1761292,255,52,1,0,1791331200,2026-10-07T00:00:00Z
2026-10-06T05:04:50.633916Z,refresh,17893,1761293,5,1,1,0,1791331200,2026-10-07T00:00:00Z
2026-10-06T05:04:50.633916Z,refresh,17894,1761294,24,5,1,0,1791331200,2026-10-07T00:00:00Z
2026-10-06T05:04:50.633916Z,refresh,17895,1761295,114,24,1,0,1791331200,2026-10-07T00:00:00Z
2026-10-06T05:04:50.633916Z,refresh,17896,1761296,10,2,1,0,1791331200,2026-10-07T00:00:00Z
2026-10-06T05:04:50.633916Z,refresh,17897,1761297,55,12,1,0,1791331200,2026-10-07T00:00:00Z
2026-10-06T05:04:50.633916Z,refresh,17898,1761298,5,1,1,0,1791331200,2026-10-07T00:00:00Z
2026-10-06T05:04:50.633916Z,refresh,17899,1761299,10,2,1,0,1791331200,2026-10-07T00:00:00Z
2026-10-06T05:04:50.633916Z,refresh,17900,1761300,25,5,1,0,1791331200,2026-10-07T00:00:00Z
2026-10-06T05:04:50.633916Z,refresh,17901,1761301,31,7,1,0,1791331200,2026-10-07T00:00:00Z
2026-10-06T05:04:50.633916Z,refresh,17902,1761303,5,0,1,0,1791331200,2026-10-07T00:00:00Z
2026-10-06T05:04:50.633916Z,refresh,17903,1761304,370,53,1,0,1791331200,2026-10-07T00:00:00Z
2026-10-06T05:04:50.633916Z,refresh,17904,1761305,15,3,1,0,1791331200,2026-10-07T00:00:00Z
2026-10-06T05:04:50.633916Z,refresh,17905,1761306,35,8,1,0,1791331200,2026-10-07T00:00:00Z
2026-10-06T05:04:50.633916Z,refresh,17906,1761307,115,18,1,0,1791331200,2026-10-07T00:00:00Z
2026-10-06T05:04:50.633916Z,refresh,17907,1761308,115,6,1,0,1791331200,2026-10-07T00:00:00Z
2026-10-06T05:04:50.633916Z,refresh,17908,1761309,15,3,1,0,1791331200,2026-10-07T00:00:00Z
2026-10-06T05:04:50.633916Z,refresh,17910,1761314,5,1,1,0,1791331200,2026-10-07T00:00:00Z
2026-10-06T05:04:50.633916Z,refresh,18684,1761200,5,0,1,0,1791331200,2026-10-07T00:00:00Z
2026-10-06T05:04:50.633916Z,refresh,18685,1761201,5,1,1,0,1791331200,2026-10-07T00:00:00Z
2026-10-06T05:04:50.633916Z,refresh,18686,1761202,5,1,1,0,1791331200,2026-10-07T00:00:00Z
2026-10-06T05:04:50.633916Z,refresh,18687,1761203,5,1,1,0,1791331200,2026-10-07T00:00:00Z
2026-10-06T05:04:50.633916Z,refresh,18688,1761204,5,1,1,0,1791331200,2026-10-07T00:00:00Z
2026-10-06T05:04:50.633916Z,refresh,18689,1761205,65,14,1,0,1791331200,2026-10-07T00:00:00Z
2026-10-06T05:04:50.633916Z,refresh,18690,1761206,115,24,1,0,1791331200,2026-10-07T00:00:00Z
2026-10-06T05:04:50.633916Z,refresh,18691,1761207,15,3,1,0,1791331200,2026-10-07T00:00:00Z
2026-10-06T05:04:50.633916Z,refresh,18692,1761208,15,3,1,0,1791331200,2026-10-07T00:00:00Z
2026-10-06T05:04:50.633916Z,refresh,18693,1761209,15,3,1,0,1791331200,2026-10-07T00:00:00Z
2026-10-06T05:04:50.633916Z,refresh,18694,1761210,5,1,1,0,1791331200,2026-10-07T00:00:00Z
2026-10-06T05:04:50.633916Z,refresh,18695,1761211,5,1,1,0,1791331200,2026-10-07T00:00:00Z
2026-10-06T05:04:50.633916Z,refresh,18696,1761212,5,1,1,0,1791331200,2026-10-07T00:00:00Z
2026-10-06T05:04:50.633916Z,refresh,18697,1761213,5,1,1,0,1791331200,2026-10-07T00:00:00Z
2026-10-06T05:04:50.633916Z,refresh,18698,1761214,5,1,1,0,1791331200,2026-10-07T00:00:00Z
2026-10-06T05:04:50.633916Z,refresh,18699,1761215,5,1,1,0,1791331200,2026-10-07T00:00:00Z
2026-10-06T05:04:50.633916Z,refresh,18700,1761216,5,1,1,0,1791331200,2026-10-07T00:00:00Z
2026-10-06T05:04:50.633916Z,refresh,18701,1761217,320,19,1,0,1791331200,2026-10-07T00:00:00Z
2026-10-06T05:04:50.633916Z,refresh,18702,1761218,460,48,1,0,1791331200,2026-10-07T00:00:00Z
2026-10-06T05:04:50.633916Z,refresh,18703,1761219,55,5,1,0,1791331200,2026-10-07T00:00:00Z
2026-10-06T05:04:50.633916Z,refresh,18721,1761236,10,2,1,0,1791331200,2026-10-07T00:00:00Z
2026-10-06T05:04:50.633916Z,refresh,18722,1761237,55,12,1,0,1791331200,2026-10-07T00:00:00Z
2026-10-06T05:04:50.633916Z,refresh,18723,1761238,5,1,1,0,1791331200,2026-10-07T00:00:00Z
2026-10-06T05:04:50.633916Z,refresh,18724,1761239,5,1,1,0,1791331200,2026-10-07T00:00:00Z
2026-10-06T05:04:50.633916Z,refresh,18725,1761240,5,1,1,0,1791331200,2026-10-07T00:00:00Z
2026-10-06T05:04:50.633916Z,refresh,18726,1761241,5,1,1,0,1791331200,2026-10-07T00:00:00Z
2026-10-06T05:04:50.633916Z,refresh,18727,1761242,5,1,1,0,1791331200,2026-10-07T00:00:00Z
2026-10-06T05:04:50.633916Z,refresh,18728,1761243,5,1,1,0,1791331200,2026-10-07T00:00:00Z
2026-10-06T05:04:50.633916Z,refresh,18729,1761244,15,3,1,0,1791331200,2026-10-07T00:00:00Z
2026-10-06T05:04:50.633916Z,refresh,18730,1761245,15,3,1,0,1791331200,2026-10-07T00:00:00Z
2026-10-06T05:04:50.633916Z,refresh,18731,1761246,5,0,1,0,1791331200,2026-10-07T00:00:00Z
2026-10-06T05:04:50.633916Z,refresh,18732,1761310,5,1,1,0,1791331200,2026-10-07T00:00:00Z
2026-10-06T05:04:50.633916Z,refresh,18733,1761311,10,2,1,0,1791331200,2026-10-07T00:00:00Z
2026-10-06T05:04:50.633916Z,refresh,18734,1761312,10,2,1,0,1791331200,2026-10-07T00:00:00Z
2026-10-06T05:04:50.633916Z,refresh,18735,1761313,50,7,1,0,1791331200,2026-10-07T00:00:00Z
2026-10-06T05:04:50.633916Z,refresh,17125,1779931,65,14,1,0,1791333000,2026-10-07T00:30:00Z
2026-10-06T05:25:19.601093Z,refresh,10000,1761139,105,2,1,0,1791324000,2026-10-06T22:00:00Z
2026-10-06T05:25:19.601093Z,refresh,10001,1761140,100,0,1,0,1791324000,2026-10-06T22:00:00Z
2026-10-06T05:25:19.601093Z,refresh,10002,1761141,100,1,1,0,1791324000,2026-10-06T22:00:00Z
2026-10-06T05:25:19.601093Z,refresh,10003,1761142,1025,12,1,0,1791324000,2026-10-06T22:00:00Z
2026-10-06T05:25:19.601093Z,refresh,10004,1761143,2600,30,1,0,1791324000,2026-10-06T22:00:00Z
2026-10-06T05:25:19.601093Z,refresh,10005,1761144,3100,20,1,0,1791324000,2026-10-06T22:00:00Z
2026-10-06T05:25:19.601093Z,refresh,10006,1761145,2050,32,1,0,1791324000,2026-10-06T22:00:00Z
2026-10-06T05:25:19.601093Z,refresh,10007,1761146,1075,16,1,0,1791324000,2026-10-06T22:00:00Z
2026-10-06T05:25:19.601093Z,refresh,10008,1761147,9050,37,1,0,1791324000,2026-10-06T22:00:00Z
2026-10-06T05:25:19.601093Z,refresh,10009,1761148,25600,31,1,0,1791324000,2026-10-06T22:00:00Z
2026-10-06T05:25:19.601093Z,refresh,10010,1761149,13550,182,1,0,1791324000,2026-10-06T22:00:00Z
2026-10-06T05:25:19.601093Z,refresh,10011,1761150,20100,191,1,0,1791324000,2026-10-06T22:00:00Z
2026-10-06T05:25:19.601093Z,refresh,10012,1761151,20100,59,1,0,1791324000,2026-10-06T22:00:00Z
2026-10-06T05:25:19.601093Z,refresh,10013,1761152,50000,95,1,0,1791324000,2026-10-06T22:00:00Z
2026-10-06T05:25:19.601093Z,refresh,10014,1761153,23650,67,1,0,1791324000,2026-10-06T22:00:00Z
2026-10-06T05:25:19.601093Z,refresh,10015,1761154,20900,35,1,0,1791324000,2026-10-06T22:00:00Z
2026-10-06T05:25:19.601093Z,refresh,10016,1761155,15100,31,1,0,1791324000,2026-10-06T22:00:00Z
2026-10-06T05:25:19.601093Z,refresh,10017,1761156,42750,57,1,0,1791324000,2026-10-06T22:00:00Z
2026-10-06T05:25:19.601093Z,refresh,10018,1761157,2550,32,1,0,1791324000,2026-10-06T22:00:00Z
2026-10-06T05:25:19.601093Z,refresh,10019,1761158,1075,29,1,0,1791324000,2026-10-06T22:00:00Z
2026-10-06T05:25:19.601093Z,refresh,10050,1761119,3550,42,1,0,1791325800,2026-10-06T22:30:00Z
2026-10-06T05:25:19.601093Z,refresh,10051,1761120,705,3,1,0,1791325800,2026-10-06T22:30:00Z
2026-10-06T05:25:19.601093Z,refresh,10052,1761121,1550,14,1,0,1791325800,2026-10-06T22:30:00Z
2026-10-06T05:25:19.601093Z,refresh,10053,1761122,5050,77,1,0,1791325800,2026-10-06T22:30:00Z
2026-10-06T05:25:19.601093Z,refresh,10054,1761123,1550,35,1,0,1791325800,2026-10-06T22:30:00Z
2026-10-06T05:25:19.601093Z,refresh,10055,1761124,325,5,1,0,1791325800,2026-10-06T22:30:00Z
2026-10-06T05:25:19.601093Z,refresh,10056,1761125,120,5,1,0,1791325800,2026-10-06T22:30:00Z
2026-10-06T05:25:19.601093Z,refresh,10057,1761126,305,3,1,0,1791325800,2026-10-06T22:30:00Z
2026-10-06T05:25:19.601093Z,refresh,10058,1761127,755,13,1,0,1791325800,2026-10-06T22:30:00Z
2026-10-06T05:25:19.601093Z,refresh,10059,1761128,1400,22,1,0,1791325800,2026-10-06T22:30:00Z
2026-10-06T05:25:19.601093Z,refresh,10060,1761129,7800,63,1,0,1791325800,2026-10-06T22:30:00Z
2026-10-06T05:25:19.601093Z,refresh,10061,1761130,1550,40,1,0,1791325800,2026-10-06T22:30:00Z
2026-10-06T05:25:19.601093Z,refresh,10062,1761131,6200,137,1,0,1791325800,2026-10-06T22:30:00Z
2026-10-06T05:25:19.601093Z,refresh,10063,1761132,1525,15,1,0,1791325800,2026-10-06T22:30:00Z
2026-10-06T05:25:19.601093Z,refresh,10064,1761133,1700,24,1,0,1791325800,2026-10-06T22:30:00Z
2026-10-06T05:25:19.601093Z,refresh,10065,1761134,1650,44,1,0,1791325800,2026-10-06T22:30:00Z
2026-10-06T05:25:19.601093Z,refresh,10066,1761135,1650,16,1,0,1791325800,2026-10-06T22:30:00Z
2026-10-06T05:25:19.601093Z,refresh,10067,1761136,1550,5,1,0,1791325800,2026-10-06T22:30:00Z
2026-10-06T05:25:19.601093Z,refresh,10068,1761137,2100,17,1,0,1791325800,2026-10-06T22:30:00Z
2026-10-06T05:25:19.601093Z,refresh,10069,1761138,1320,69,1,0,1791325800,2026-10-06T22:30:00Z
2026-10-06T05:25:19.601093Z,refresh,17100,1761063,115,4,1,0,1791327600,2026-10-06T23:00:00Z
2026-10-06T05:25:19.601093Z,refresh,17101,1761064,110,3,1,0,1791327600,2026-10-06T23:00:00Z
2026-10-06T05:25:19.601093Z,refresh,17102,1761065,100,1,1,0,1791327600,2026-10-06T23:00:00Z
2026-10-06T05:25:19.601093Z,refresh,17103,1761066,105,2,1,0,1791327600,2026-10-06T23:00:00Z
2026-10-06T05:25:19.601093Z,refresh,17104,1761067,120,5,1,0,1791327600,2026-10-06T23:00:00Z
2026-10-06T05:25:19.601093Z,refresh,17105,1761068,105,2,1,0,1791327600,2026-10-06T23:00:00Z
2026-10-06T05:25:19.601093Z,refresh,17106,1761069,105,2,1,0,1791327600,2026-10-06T23:00:00Z
2026-10-06T05:25:19.601093Z,refresh,17107,1761070,110,3,1,0,1791327600,2026-10-06T23:00:00Z
2026-10-06T05:25:19.601093Z,refresh,17108,1761071,120,5,1,0,1791327600,2026-10-06T23:00:00Z
2026-10-06T05:25:19.601093Z,refresh,17109,1761072,110,3,1,0,1791327600,2026-10-06T23:00:00Z
2026-10-06T05:25:19.601093Z,refresh,17110,1761073,110,3,1,0,1791327600,2026-10-06T23:00:00Z
2026-10-06T05:25:19.601093Z,refresh,17111,1761074,115,4,1,0,1791327600,2026-10-06T23:00:00Z
2026-10-06T05:25:19.601093Z,refresh,17112,1761075,505,13,1,0,1791327600,2026-10-06T23:00:00Z
2026-10-06T05:25:19.601093Z,refresh,17113,1761076,105,2,1,0,1791327600,2026-10-06T23:00:00Z
2026-10-06T05:25:19.601093Z,refresh,17114,1761077,110,3,1,0,1791327600,2026-10-06T23:00:00Z
2026-10-06T05:25:19.601093Z,refresh,17115,1761078,505,28,1,0,1791327600,2026-10-06T23:00:00Z
2026-10-06T05:25:19.601093Z,refresh,17116,1761079,115,4,1,0,1791327600,2026-10-06T23:00:00Z
2026-10-06T05:25:19.601093Z,refresh,17117,1761080,105,2,1,0,1791327600,2026-10-06T23:00:00Z
2026-10-06T05:25:19.601093Z,refresh,17118,1761081,105,2,1,0,1791327600,2026-10-06T23:00:00Z
2026-10-06T05:25:19.601093Z,refresh,17119,1761082,100,1,1,0,1791327600,2026-10-06T23:00:00Z
2026-10-06T05:25:19.601093Z,refresh,17120,1761083,105,2,1,0,1791327600,2026-10-06T23:00:00Z
2026-10-06T05:25:19.601093Z,refresh,17121,1761084,105,2,1,0,1791327600,2026-10-06T23:00:00Z
2026-10-06T05:25:19.601093Z,refresh,17122,1761085,170,15,1,0,1791327600,2026-10-06T23:00:00Z
2026-10-06T05:25:19.601093Z,refresh,10020,1761159,16050,119,1,0,1791329400,2026-10-06T23:30:00Z
2026-10-06T05:25:19.601093Z,refresh,10021,1761160,5,1,1,0,1791329400,2026-10-06T23:30:00Z
2026-10-06T05:25:19.601093Z,refresh,10022,1761161,330,40,1,0,1791329400,2026-10-06T23:30:00Z
2026-10-06T05:25:19.601093Z,refresh,10023,1761162,550,47,1,0,1791329400,2026-10-06T23:30:00Z
2026-10-06T05:25:19.601093Z,refresh,10024,1761163,5,1,1,0,1791329400,2026-10-06T23:30:00Z
2026-10-06T05:25:19.601093Z,refresh,10025,1761164,5,0,1,0,1791329400,2026-10-06T23:30:00Z
2026-10-06T05:25:19.601093Z,refresh,17850,1761247,5,0,1,0,1791329400,2026-10-06T23:30:00Z
2026-10-06T05:25:19.601093Z,refresh,17851,1761248,5,1,1,0,1791329400,2026-10-06T23:30:00Z
2026-10-06T05:25:19.601093Z,refresh,17852,1761249,390,15,1,0,1791329400,2026-10-06T23:30:00Z
2026-10-06T05:25:19.601093Z,refresh,17853,1761250,1350,46,1,0,1791329400,2026-10-06T23:30:00Z
2026-10-06T05:25:19.601093Z,refresh,17854,1761251,155,10,1,0,1791329400,2026-10-06T23:30:00Z
2026-10-06T05:25:19.601093Z,refresh,17855,1761252,100,20,1,0,1791329400,2026-10-06T23:30:00Z
2026-10-06T05:25:19.601093Z,refresh,17856,1761253,180,21,1,0,1791329400,2026-10-06T23:30:00Z
2026-10-06T05:25:19.601093Z,refresh,17857,1761254,110,9,1,0,1791329400,2026-10-06T23:30:00Z
2026-10-06T05:25:19.601093Z,refresh,17858,1761255,60,12,1,0,1791329400,2026-10-06T23:30:00Z
2026-10-06T05:25:19.601093Z,refresh,17859,1761256,5,1,1,0,1791329400,2026-10-06T23:30:00Z
2026-10-06T05:25:19.601093Z,refresh,17860,1761257,5,1,1,0,1791329400,2026-10-06T23:30:00Z
2026-10-06T05:25:19.601093Z,refresh,17861,1761258,30,7,1,0,1791329400,2026-10-06T23:30:00Z
2026-10-06T05:25:19.601093Z,refresh,17862,1761259,5,1,1,0,1791329400,2026-10-06T23:30:00Z
2026-10-06T05:25:19.601093Z,refresh,17863,1761260,5,1,1,0,1791329400,2026-10-06T23:30:00Z
2026-10-06T05:25:19.601093Z,refresh,17864,1761262,10,3,1,0,1791329400,2026-10-06T23:30:00Z
2026-10-06T05:25:19.601093Z,refresh,17865,1761263,15,3,1,0,1791329400,2026-10-06T23:30:00Z
2026-10-06T05:25:19.601093Z,refresh,17909,1761086,5,0,1,0,1791329400,2026-10-06T23:30:00Z
2026-10-06T05:25:19.601093Z,refresh,17911,1761088,5,0,1,0,1791329400,2026-10-06T23:30:00Z
2026-10-06T05:25:19.601093Z,refresh,17912,1761089,5,0,1,0,1791329400,2026-10-06T23:30:00Z
2026-10-06T05:25:19.601093Z,refresh,17913,1761090,5,0,1,0,1791329400,2026-10-06T23:30:00Z
2026-10-06T05:25:19.601093Z,refresh,17914,1761091,5,0,1,0,1791329400,2026-10-06T23:30:00Z
2026-10-06T05:25:19.601093Z,refresh,17915,1761092,5,0,1,0,1791329400,2026-10-06T23:30:00Z
2026-10-06T05:25:19.601093Z,refresh,17916,1761093,5,0,1,0,1791329400,2026-10-06T23:30:00Z
2026-10-06T05:25:19.601093Z,refresh,17917,1761094,5,1,1,0,1791329400,2026-10-06T23:30:00Z
2026-10-06T05:25:19.601093Z,refresh,17918,1761095,5,0,1,0,1791329400,2026-10-06T23:30:00Z
2026-10-06T05:25:19.601093Z,refresh,17919,1761096,5,0,1,0,1791329400,2026-10-06T23:30:00Z
2026-10-06T05:25:19.601093Z,refresh,17920,1761097,5,1,1,0,1791329400,2026-10-06T23:30:00Z
2026-10-06T05:25:19.601093Z,refresh,17921,1761098,5,1,1,0,1791329400,2026-10-06T23:30:00Z
2026-10-06T05:25:19.601093Z,refresh,17922,1761099,5,0,1,0,1791329400,2026-10-06T23:30:00Z
2026-10-06T05:25:19.601093Z,refresh,17923,1761100,5,0,1,0,1791329400,2026-10-06T23:30:00Z
2026-10-06T05:25:19.601093Z,refresh,17924,1761101,10,2,1,0,1791329400,2026-10-06T23:30:00Z
2026-10-06T05:25:19.601093Z,refresh,17925,1761102,5,1,1,0,1791329400,2026-10-06T23:30:00Z
2026-10-06T05:25:19.601093Z,refresh,17926,1761103,5,1,1,0,1791329400,2026-10-06T23:30:00Z
2026-10-06T05:25:19.601093Z,refresh,17927,1761104,105,5,1,0,1791329400,2026-10-06T23:30:00Z
2026-10-06T05:25:19.601093Z,refresh,17928,1761105,5,1,1,0,1791329400,2026-10-06T23:30:00Z
2026-10-06T05:25:19.601093Z,refresh,17929,1761106,5,1,1,0,1791329400,2026-10-06T23:30:00Z
2026-10-06T05:25:19.601093Z,refresh,17930,1761107,5,1,1,0,1791329400,2026-10-06T23:30:00Z
2026-10-06T05:25:19.601093Z,refresh,17931,1761108,15,4,1,0,1791329400,2026-10-06T23:30:00Z
2026-10-06T05:25:19.601093Z,refresh,17932,1761109,5,1,1,0,1791329400,2026-10-06T23:30:00Z
2026-10-06T05:25:19.601093Z,refresh,17933,1761110,5,1,1,0,1791329400,2026-10-06T23:30:00Z
2026-10-06T05:25:19.601093Z,refresh,17934,1761111,5,0,1,0,1791329400,2026-10-06T23:30:00Z
2026-10-06T05:25:19.601093Z,refresh,17935,1761112,5,0,1,0,1791329400,2026-10-06T23:30:00Z
2026-10-06T05:25:19.601093Z,refresh,17936,1761113,5,0,1,0,1791329400,2026-10-06T23:30:00Z
2026-10-06T05:25:19.601093Z,refresh,17937,1761114,5,1,1,0,1791329400,2026-10-06T23:30:00Z
2026-10-06T05:25:19.601093Z,refresh,17938,1761115,5,1,1,0,1791329400,2026-10-06T23:30:00Z
2026-10-06T05:25:19.601093Z,refresh,17939,1761116,5,1,1,0,1791329400,2026-10-06T23:30:00Z
2026-10-06T05:25:19.601093Z,refresh,17940,1761117,25,5,1,0,1791329400,2026-10-06T23:30:00Z
2026-10-06T05:25:19.601093Z,refresh,17941,1761118,420,19,1,0,1791329400,2026-10-06T23:30:00Z
2026-10-06T05:25:19.601093Z,refresh,18650,1761165,5,1,1,0,1791329400,2026-10-06T23:30:00Z
2026-10-06T05:25:19.601093Z,refresh,18651,1761166,40,9,1,0,1791329400,2026-10-06T23:30:00Z
2026-10-06T05:25:19.601093Z,refresh,18652,1761167,5,1,1,0,1791329400,2026-10-06T23:30:00Z
2026-10-06T05:25:19.601093Z,refresh,18653,1761168,5,1,1,0,1791329400,2026-10-06T23:30:00Z
2026-10-06T05:25:19.601093Z,refresh,18654,1761169,15,3,1,0,1791329400,2026-10-06T23:30:00Z
2026-10-06T05:25:19.601093Z,refresh,18655,1761170,5,1,1,0,1791329400,2026-10-06T23:30:00Z
2026-10-06T05:25:19.601093Z,refresh,18656,1761171,5,1,1,0,1791329400,2026-10-06T23:30:00Z
2026-10-06T05:25:19.601093Z,refresh,18657,1761172,110,9,1,0,1791329400,2026-10-06T23:30:00Z
2026-10-06T05:25:19.601093Z,refresh,18658,1761173,15,3,1,0,1791329400,2026-10-06T23:30:00Z
2026-10-06T05:25:19.601093Z,refresh,18659,1761174,5,1,1,0,1791329400,2026-10-06T23:30:00Z
2026-10-06T05:25:19.601093Z,refresh,18660,1761175,410,67,1,0,1791329400,2026-10-06T23:30:00Z
2026-10-06T05:25:19.601093Z,refresh,18661,1761176,35,8,1,0,1791329400,2026-10-06T23:30:00Z
2026-10-06T05:25:19.601093Z,refresh,18662,1761177,5,1,1,0,1791329400,2026-10-06T23:30:00Z
2026-10-06T05:25:19.601093Z,refresh,18663,1761178,210,25,1,0,1791329400,2026-10-06T23:30:00Z
2026-10-06T05:25:19.601093Z,refresh,18664,1761179,255,30,1,0,1791329400,2026-10-06T23:30:00Z
2026-10-06T05:25:19.601093Z,refresh,18665,1761180,205,33,1,0,1791329400,2026-10-06T23:30:00Z
2026-10-06T05:25:19.601093Z,refresh,18666,1761181,39,6,1,0,1791329400,2026-10-06T23:30:00Z
2026-10-06T05:25:19.601093Z,refresh,18667,1761182,5,0,1,0,1791329400,2026-10-06T23:30:00Z
2026-10-06T05:25:19.601093Z,refresh,18668,1761183,5,1,1,0,1791329400,2026-10-06T23:30:00Z
2026-10-06T05:25:19.601093Z,refresh,18669,1761184,55,10,1,0,1791329400,2026-10-06T23:30:00Z
2026-10-06T05:25:19.601093Z,refresh,18670,1761185,15,3,1,0,1791329400,2026-10-06T23:30:00Z
2026-10-06T05:25:19.601093Z,refresh,18671,1761186,125,25,1,0,1791329400,2026-10-06T23:30:00Z
2026-10-06T05:25:19.601093Z,refresh,18672,1761187,115,24,1,0,1791329400,2026-10-06T23:30:00Z
2026-10-06T05:25:19.601093Z,refresh,18673,1761188,24,5,1,0,1791329400,2026-10-06T23:30:00Z
2026-10-06T05:25:19.601093Z,refresh,18674,1761189,15,3,1,0,1791329400,2026-10-06T23:30:00Z
2026-10-06T05:25:19.601093Z,refresh,18675,1761190,55,12,1,0,1791329400,2026-10-06T23:30:00Z
2026-10-06T05:25:19.601093Z,refresh,18676,1761191,5,1,1,0,1791329400,2026-10-06T23:30:00Z
2026-10-06T05:25:19.601093Z,refresh,18677,1761192,35,8,1,0,1791329400,2026-10-06T23:30:00Z
2026-10-06T05:25:19.601093Z,refresh,18678,1761194,20,5,1,0,1791329400,2026-10-06T23:30:00Z
2026-10-06T05:25:19.601093Z,refresh,18679,1761195,5,1,1,0,1791329400,2026-10-06T23:30:00Z
2026-10-06T05:25:19.601093Z,refresh,18680,1761196,55,12,1,0,1791329400,2026-10-06T23:30:00Z
2026-10-06T05:25:19.601093Z,refresh,18681,1761197,70,11,1,0,1791329400,2026-10-06T23:30:00Z
2026-10-06T05:25:19.601093Z,refresh,18682,1761198,10,2,1,0,1791329400,2026-10-06T23:30:00Z
2026-10-06T05:25:19.601093Z,refresh,18683,1761199,5,1,1,0,1791329400,2026-10-06T23:30:00Z
2026-10-06T05:25:19.601093Z,refresh,18705,1761220,5,0,1,0,1791329400,2026-10-06T23:30:00Z
2026-10-06T05:25:19.601093Z,refresh,18706,1761221,5,0,1,0,1791329400,2026-10-06T23:30:00Z
2026-10-06T05:25:19.601093Z,refresh,18707,1761222,10,2,1,0,1791329400,2026-10-06T23:30:00Z
2026-10-06T05:25:19.601093Z,refresh,18708,1761223,45,6,1,0,1791329400,2026-10-06T23:30:00Z
2026-10-06T05:25:19.601093Z,refresh,18709,1761224,5,0,1,0,1791329400,2026-10-06T23:30:00Z
2026-10-06T05:25:19.601093Z,refresh,18710,1761225,5,0,1,0,1791329400,2026-10-06T23:30:00Z
2026-10-06T05:25:19.601093Z,refresh,18711,1761226,5,0,1,0,1791329400,2026-10-06T23:30:00Z
2026-10-06T05:25:19.601093Z,refresh,18712,1761227,5,1,1,0,1791329400,2026-10-06T23:30:00Z
2026-10-06T05:25:19.601093Z,refresh,18713,1761228,50,10,1,0,1791329400,2026-10-06T23:30:00Z
2026-10-06T05:25:19.601093Z,refresh,18714,1761229,5,1,1,0,1791329400,2026-10-06T23:30:00Z
2026-10-06T05:25:19.601093Z,refresh,18715,1761230,5,1,1,0,1791329400,2026-10-06T23:30:00Z
2026-10-06T05:25:19.601093Z,refresh,18716,1761231,155,5,1,0,1791329400,2026-10-06T23:30:00Z
2026-10-06T05:25:19.601093Z,refresh,18717,1761232,205,6,1,0,1791329400,2026-10-06T23:30:00Z
2026-10-06T05:25:19.601093Z,refresh,18718,1761233,115,24,1,0,1791329400,2026-10-06T23:30:00Z
2026-10-06T05:25:19.601093Z,refresh,18719,1761234,5,0,1,0,1791329400,2026-10-06T23:30:00Z
2026-10-06T05:25:19.601093Z,refresh,18720,1761235,5,0,1,0,1791329400,2026-10-06T23:30:00Z
2026-10-06T05:25:19.601093Z,refresh,17866,1761264,5,1,1,0,1791331200,2026-10-07T00:00:00Z
2026-10-06T05:25:19.601093Z,refresh,17867,1761265,10,2,1,0,1791331200,2026-10-07T00:00:00Z
2026-10-06T05:25:19.601093Z,refresh,17868,1761266,5,1,1,0,1791331200,2026-10-07T00:00:00Z
2026-10-06T05:25:19.601093Z,refresh,17869,1761268,10,2,1,0,1791331200,2026-10-07T00:00:00Z
2026-10-06T05:25:19.601093Z,refresh,17870,1761269,5,1,1,0,1791331200,2026-10-07T00:00:00Z
2026-10-06T05:25:19.601093Z,refresh,17871,1761270,5,1,1,0,1791331200,2026-10-07T00:00:00Z
2026-10-06T05:25:19.601093Z,refresh,17872,1761271,5,0,1,0,1791331200,2026-10-07T00:00:00Z
2026-10-06T05:25:19.601093Z,refresh,17873,1761272,10,2,1,0,1791331200,2026-10-07T00:00:00Z
2026-10-06T05:25:19.601093Z,refresh,17874,1761273,5,0,1,0,1791331200,2026-10-07T00:00:00Z
2026-10-06T05:25:19.601093Z,refresh,17875,1761274,160,25,1,0,1791331200,2026-10-07T00:00:00Z
2026-10-06T05:25:19.601093Z,refresh,17876,1761275,15,3,1,0,1791331200,2026-10-07T00:00:00Z
2026-10-06T05:25:19.601093Z,refresh,17877,1761276,5,1,1,0,1791331200,2026-10-07T00:00:00Z
2026-10-06T05:25:19.601093Z,refresh,17878,1761277,40,9,1,0,1791331200,2026-10-07T00:00:00Z
2026-10-06T05:25:19.601093Z,refresh,17879,1761278,5,1,1,0,1791331200,2026-10-07T00:00:00Z
2026-10-06T05:25:19.601093Z,refresh,17880,1761279,210,17,1,0,1791331200,2026-10-07T00:00:00Z
2026-10-06T05:25:19.601093Z,refresh,17881,1761280,44,9,1,0,1791331200,2026-10-07T00:00:00Z
2026-10-06T05:25:19.601093Z,refresh,17882,1761281,24,5,1,0,1791331200,2026-10-07T00:00:00Z
2026-10-06T05:25:19.601093Z,refresh,17883,1761282,34,7,1,0,1791331200,2026-10-07T00:00:00Z
2026-10-06T05:25:19.601093Z,refresh,17884,1761283,15,3,1,0,1791331200,2026-10-07T00:00:00Z
2026-10-06T05:25:19.601093Z,refresh,17885,1761284,5,1,1,0,1791331200,2026-10-07T00:00:00Z
2026-10-06T05:25:19.601093Z,refresh,17886,1761285,5,1,1,0,1791331200,2026-10-07T00:00:00Z
2026-10-06T05:25:19.601093Z,refresh,17887,1761286,5,1,1,0,1791331200,2026-10-07T00:00:00Z
2026-10-06T05:25:19.601093Z,refresh,17888,1761287,5,0,1,0,1791331200,2026-10-07T00:00:00Z
2026-10-06T05:25:19.601093Z,refresh,17889,1761288,105,12,1,0,1791331200,2026-10-07T00:00:00Z
2026-10-06T05:25:19.601093Z,refresh,17890,1761289,10,2,1,0,1791331200,2026-10-07T00:00:00Z
2026-10-06T05:25:19.601093Z,refresh,17891,1761291,600,51,1,0,1791331200,2026-10-07T00:00:00Z
2026-10-06T05:25:19.601093Z,refresh,17892,1761292,255,52,1,0,1791331200,2026-10-07T00:00:00Z
2026-10-06T05:25:19.601093Z,refresh,17893,1761293,5,1,1,0,1791331200,2026-10-07T00:00:00Z
2026-10-06T05:25:19.601093Z,refresh,17894,1761294,24,5,1,0,1791331200,2026-10-07T00:00:00Z
2026-10-06T05:25:19.601093Z,refresh,17895,1761295,114,24,1,0,1791331200,2026-10-07T00:00:00Z
2026-10-06T05:25:19.601093Z,refresh,17896,1761296,10,2,1,0,1791331200,2026-10-07T00:00:00Z
2026-10-06T05:25:19.601093Z,refresh,17897,1761297,55,12,1,0,1791331200,2026-10-07T00:00:00Z
2026-10-06T05:25:19.601093Z,refresh,17898,1761298,5,1,1,0,1791331200,2026-10-07T00:00:00Z
2026-10-06T05:25:19.601093Z,refresh,17899,1761299,10,2,1,0,1791331200,2026-10-07T00:00:00Z
2026-10-06T05:25:19.601093Z,refresh,17900,1761300,25,5,1,0,1791331200,2026-10-07T00:00:00Z
2026-10-06T05:25:19.601093Z,refresh,17901,1761301,31,7,1,0,1791331200,2026-10-07T00:00:00Z
2026-10-06T05:25:19.601093Z,refresh,17902,1761303,5,0,1,0,1791331200,2026-10-07T00:00:00Z
2026-10-06T05:25:19.601093Z,refresh,17903,1761304,370,53,1,0,1791331200,2026-10-07T00:00:00Z
2026-10-06T05:25:19.601093Z,refresh,17904,1761305,15,3,1,0,1791331200,2026-10-07T00:00:00Z
2026-10-06T05:25:19.601093Z,refresh,17905,1761306,35,8,1,0,1791331200,2026-10-07T00:00:00Z
2026-10-06T05:25:19.601093Z,refresh,17906,1761307,115,18,1,0,1791331200,2026-10-07T00:00:00Z
2026-10-06T05:25:19.601093Z,refresh,17907,1761308,115,6,1,0,1791331200,2026-10-07T00:00:00Z
2026-10-06T05:25:19.601093Z,refresh,17908,1761309,15,3,1,0,1791331200,2026-10-07T00:00:00Z
2026-10-06T05:25:19.601093Z,refresh,17910,1761314,5,1,1,0,1791331200,2026-10-07T00:00:00Z
2026-10-06T05:25:19.601093Z,refresh,18684,1761200,5,0,1,0,1791331200,2026-10-07T00:00:00Z
2026-10-06T05:25:19.601093Z,refresh,18685,1761201,5,1,1,0,1791331200,2026-10-07T00:00:00Z
2026-10-06T05:25:19.601093Z,refresh,18686,1761202,5,1,1,0,1791331200,2026-10-07T00:00:00Z
2026-10-06T05:25:19.601093Z,refresh,18687,1761203,5,1,1,0,1791331200,2026-10-07T00:00:00Z
2026-10-06T05:25:19.601093Z,refresh,18688,1761204,5,1,1,0,1791331200,2026-10-07T00:00:00Z
2026-10-06T05:25:19.601093Z,refresh,18689,1761205,65,14,1,0,1791331200,2026-10-07T00:00:00Z
2026-10-06T05:25:19.601093Z,refresh,18690,1761206,115,24,1,0,1791331200,2026-10-07T00:00:00Z
2026-10-06T05:25:19.601093Z,refresh,18691,1761207,15,3,1,0,1791331200,2026-10-07T00:00:00Z
2026-10-06T05:25:19.601093Z,refresh,18692,1761208,15,3,1,0,1791331200,2026-10-07T00:00:00Z
2026-10-06T05:25:19.601093Z,refresh,18693,1761209,15,3,1,0,1791331200,2026-10-07T00:00:00Z
2026-10-06T05:25:19.601093Z,refresh,18694,1761210,5,1,1,0,1791331200,2026-10-07T00:00:00Z
2026-10-06T05:25:19.601093Z,refresh,18695,1761211,5,1,1,0,1791331200,2026-10-07T00:00:00Z
2026-10-06T05:25:19.601093Z,refresh,18696,1761212,5,1,1,0,1791331200,2026-10-07T00:00:00Z
2026-10-06T05:25:19.601093Z,refresh,18697,1761213,5,1,1,0,1791331200,2026-10-07T00:00:00Z
2026-10-06T05:25:19.601093Z,refresh,18698,1761214,5,1,1,0,1791331200,2026-10-07T00:00:00Z
2026-10-06T05:25:19.601093Z,refresh,18699,1761215,5,1,1,0,1791331200,2026-10-07T00:00:00Z
2026-10-06T05:25:19.601093Z,refresh,18700,1761216,5,1,1,0,1791331200,2026-10-07T00:00:00Z
2026-10-06T05:25:19.601093Z,refresh,18701,1761217,320,19,1,0,1791331200,2026-10-07T00:00:00Z
2026-10-06T05:25:19.601093Z,refresh,18702,1761218,460,48,1,0,1791331200,2026-10-07T00:00:00Z
2026-10-06T05:25:19.601093Z,refresh,18703,1761219,55,5,1,0,1791331200,2026-10-07T00:00:00Z
2026-10-06T05:25:19.601093Z,refresh,18721,1761236,10,2,1,0,1791331200,2026-10-07T00:00:00Z
2026-10-06T05:25:19.601093Z,refresh,18722,1761237,55,12,1,0,1791331200,2026-10-07T00:00:00Z
2026-10-06T05:25:19.601093Z,refresh,18723,1761238,5,1,1,0,1791331200,2026-10-07T00:00:00Z
2026-10-06T05:25:19.601093Z,refresh,18724,1761239,5,1,1,0,1791331200,2026-10-07T00:00:00Z
2026-10-06T05:25:19.601093Z,refresh,18725,1761240,5,1,1,0,1791331200,2026-10-07T00:00:00Z
2026-10-06T05:25:19.601093Z,refresh,18726,1761241,5,1,1,0,1791331200,2026-10-07T00:00:00Z
2026-10-06T05:25:19.601093Z,refresh,18727,1761242,5,1,1,0,1791331200,2026-10-07T00:00:00Z
2026-10-06T05:25:19.601093Z,refresh,18728,1761243,5,1,1,0,1791331200,2026-10-07T00:00:00Z
2026-10-06T05:25:19.601093Z,refresh,18729,1761244,15,3,1,0,1791331200,2026-10-07T00:00:00Z
2026-10-06T05:25:19.601093Z,refresh,18730,1761245,15,3,1,0,1791331200,2026-10-07T00:00:00Z
2026-10-06T05:25:19.601093Z,refresh,18731,1761246,5,0,1,0,1791331200,2026-10-07T00:00:00Z
2026-10-06T05:25:19.601093Z,refresh,18732,1761310,5,1,1,0,1791331200,2026-10-07T00:00:00Z
2026-10-06T05:25:19.601093Z,refresh,18733,1761311,10,2,1,0,1791331200,2026-10-07T00:00:00Z
2026-10-06T05:25:19.601093Z,refresh,18734,1761312,10,2,1,0,1791331200,2026-10-07T00:00:00Z
2026-10-06T05:25:19.601093Z,refresh,18735,1761313,50,7,1,0,1791331200,2026-10-07T00:00:00Z
2026-10-06T05:25:19.601093Z,refresh,17125,1779931,65,14,1,0,1791333000,2026-10-07T00:30:00Z
2026-10-06T05:31:49.958176Z,refresh,10000,1761139,105,2,1,0,1791324000,2026-10-06T22:00:00Z
2026-10-06T05:31:49.958176Z,refresh,10001,1761140,100,0,1,0,1791324000,2026-10-06T22:00:00Z
2026-10-06T05:31:49.958176Z,refresh,10002,1761141,100,1,1,0,1791324000,2026-10-06T22:00:00Z
2026-10-06T05:31:49.958176Z,refresh,10003,1761142,1025,12,1,0,1791324000,2026-10-06T22:00:00Z
2026-10-06T05:31:49.958176Z,refresh,10004,1761143,2600,30,1,0,1791324000,2026-10-06T22:00:00Z
2026-10-06T05:31:49.958176Z,refresh,10005,1761144,3100,20,1,0,1791324000,2026-10-06T22:00:00Z
2026-10-06T05:31:49.958176Z,refresh,10006,1761145,2050,32,1,0,1791324000,2026-10-06T22:00:00Z
2026-10-06T05:31:49.958176Z,refresh,10007,1761146,1075,16,1,0,1791324000,2026-10-06T22:00:00Z
2026-10-06T05:31:49.958176Z,refresh,10008,1761147,9050,37,1,0,1791324000,2026-10-06T22:00:00Z
2026-10-06T05:31:49.958176Z,refresh,10009,1761148,25600,31,1,0,1791324000,2026-10-06T22:00:00Z
2026-10-06T05:31:49.958176Z,refresh,10010,1761149,13550,182,1,0,1791324000,2026-10-06T22:00:00Z
2026-10-06T05:31:49.958176Z,refresh,10011,1761150,20100,191,1,0,1791324000,2026-10-06T22:00:00Z
2026-10-06T05:31:49.958176Z,refresh,10012,1761151,20100,59,1,0,1791324000,2026-10-06T22:00:00Z
2026-10-06T05:31:49.958176Z,refresh,10013,1761152,50000,95,1,0,1791324000,2026-10-06T22:00:00Z
2026-10-06T05:31:49.958176Z,refresh,10014,1761153,23650,67,1,0,1791324000,2026-10-06T22:00:00Z
2026-10-06T05:31:49.958176Z,refresh,10015,1761154,20900,35,1,0,1791324000,2026-10-06T22:00:00Z
2026-10-06T05:31:49.958176Z,refresh,10016,1761155,15100,31,1,0,1791324000,2026-10-06T22:00:00Z
2026-10-06T05:31:49.958176Z,refresh,10017,1761156,42750,57,1,0,1791324000,2026-10-06T22:00:00Z
2026-10-06T05:31:49.958176Z,refresh,10018,1761157,2550,32,1,0,1791324000,2026-10-06T22:00:00Z
2026-10-06T05:31:49.958176Z,refresh,10019,1761158,1075,29,1,0,1791324000,2026-10-06T22:00:00Z
2026-10-06T05:31:49.958176Z,refresh,10050,1761119,4050,51,1,0,1791325800,2026-10-06T22:30:00Z
2026-10-06T05:31:49.958176Z,refresh,10051,1761120,705,3,1,0,1791325800,2026-10-06T22:30:00Z
2026-10-06T05:31:49.958176Z,refresh,10052,1761121,1550,14,1,0,1791325800,2026-10-06T22:30:00Z
2026-10-06T05:31:49.958176Z,refresh,10053,1761122,5050,77,1,0,1791325800,2026-10-06T22:30:00Z
2026-10-06T05:31:49.958176Z,refresh,10054,1761123,1550,35,1,0,1791325800,2026-10-06T22:30:00Z
2026-10-06T05:31:49.958176Z,refresh,10055,1761124,325,5,1,0,1791325800,2026-10-06T22:30:00Z
2026-10-06T05:31:49.958176Z,refresh,10056,1761125,120,5,1,0,1791325800,2026-10-06T22:30:00Z
2026-10-06T05:31:49.958176Z,refresh,10057,1761126,305,3,1,0,1791325800,2026-10-06T22:30:00Z
2026-10-06T05:31:49.958176Z,refresh,10058,1761127,755,13,1,0,1791325800,2026-10-06T22:30:00Z
2026-10-06T05:31:49.958176Z,refresh,10059,1761128,1400,22,1,0,1791325800,2026-10-06T22:30:00Z
2026-10-06T05:31:49.958176Z,refresh,10060,1761129,7800,63,1,0,1791325800,2026-10-06T22:30:00Z
2026-10-06T05:31:49.958176Z,refresh,10061,1761130,1550,40,1,0,1791325800,2026-10-06T22:30:00Z
2026-10-06T05:31:49.958176Z,refresh,10062,1761131,6200,137,1,0,1791325800,2026-10-06T22:30:00Z
2026-10-06T05:31:49.958176Z,refresh,10063,1761132,1525,15,1,0,1791325800,2026-10-06T22:30:00Z
2026-10-06T05:31:49.958176Z,refresh,10064,1761133,1700,24,1,0,1791325800,2026-10-06T22:30:00Z
2026-10-06T05:31:49.958176Z,refresh,10065,1761134,1650,44,1,0,1791325800,2026-10-06T22:30:00Z
2026-10-06T05:31:49.958176Z,refresh,10066,1761135,1650,16,1,0,1791325800,2026-10-06T22:30:00Z
2026-10-06T05:31:49.958176Z,refresh,10067,1761136,1550,5,1,0,1791325800,2026-10-06T22:30:00Z
2026-10-06T05:31:49.958176Z,refresh,10068,1761137,2100,17,1,0,1791325800,2026-10-06T22:30:00Z
2026-10-06T05:31:49.958176Z,refresh,10069,1761138,1320,69,1,0,1791325800,2026-10-06T22:30:00Z
2026-10-06T05:31:49.958176Z,refresh,17100,1761063,115,4,1,0,1791327600,2026-10-06T23:00:00Z
2026-10-06T05:31:49.958176Z,refresh,17101,1761064,110,3,1,0,1791327600,2026-10-06T23:00:00Z
2026-10-06T05:31:49.958176Z,refresh,17102,1761065,100,1,1,0,1791327600,2026-10-06T23:00:00Z
2026-10-06T05:31:49.958176Z,refresh,17103,1761066,105,2,1,0,1791327600,2026-10-06T23:00:00Z
2026-10-06T05:31:49.958176Z,refresh,17104,1761067,120,5,1,0,1791327600,2026-10-06T23:00:00Z
2026-10-06T05:31:49.958176Z,refresh,17105,1761068,105,2,1,0,1791327600,2026-10-06T23:00:00Z
2026-10-06T05:31:49.958176Z,refresh,17106,1761069,105,2,1,0,1791327600,2026-10-06T23:00:00Z
2026-10-06T05:31:49.958176Z,refresh,17107,1761070,110,3,1,0,1791327600,2026-10-06T23:00:00Z
2026-10-06T05:31:49.958176Z,refresh,17108,1761071,120,5,1,0,1791327600,2026-10-06T23:00:00Z
2026-10-06T05:31:49.958176Z,refresh,17109,1761072,110,3,1,0,1791327600,2026-10-06T23:00:00Z
2026-10-06T05:31:49.958176Z,refresh,17110,1761073,110,3,1,0,1791327600,2026-10-06T23:00:00Z
2026-10-06T05:31:49.958176Z,refresh,17111,1761074,115,4,1,0,1791327600,2026-10-06T23:00:00Z
2026-10-06T05:31:49.958176Z,refresh,17112,1761075,505,13,1,0,1791327600,2026-10-06T23:00:00Z
2026-10-06T05:31:49.958176Z,refresh,17113,1761076,105,2,1,0,1791327600,2026-10-06T23:00:00Z
2026-10-06T05:31:49.958176Z,refresh,17114,1761077,110,3,1,0,1791327600,2026-10-06T23:00:00Z
2026-10-06T05:31:49.958176Z,refresh,17115,1761078,505,28,1,0,1791327600,2026-10-06T23:00:00Z
2026-10-06T05:31:49.958176Z,refresh,17116,1761079,115,4,1,0,1791327600,2026-10-06T23:00:00Z
2026-10-06T05:31:49.958176Z,refresh,17117,1761080,105,2,1,0,1791327600,2026-10-06T23:00:00Z
2026-10-06T05:31:49.958176Z,refresh,17118,1761081,105,2,1,0,1791327600,2026-10-06T23:00:00Z
2026-10-06T05:31:49.958176Z,refresh,17119,1761082,100,1,1,0,1791327600,2026-10-06T23:00:00Z
2026-10-06T05:31:49.958176Z,refresh,17120,1761083,105,2,1,0,1791327600,2026-10-06T23:00:00Z
2026-10-06T05:31:49.958176Z,refresh,17121,1761084,105,2,1,0,1791327600,2026-10-06T23:00:00Z
2026-10-06T05:31:49.958176Z,refresh,17122,1761085,170,15,1,0,1791327600,2026-10-06T23:00:00Z
2026-10-06T05:31:49.958176Z,refresh,10020,1761159,16050,119,1,0,1791329400,2026-10-06T23:30:00Z
2026-10-06T05:31:49.958176Z,refresh,10021,1761160,5,1,1,0,1791329400,2026-10-06T23:30:00Z
2026-10-06T05:31:49.958176Z,refresh,10022,1761161,330,40,1,0,1791329400,2026-10-06T23:30:00Z
2026-10-06T05:31:49.958176Z,refresh,10023,1761162,550,47,1,0,1791329400,2026-10-06T23:30:00Z
2026-10-06T05:31:49.958176Z,refresh,10024,1761163,5,1,1,0,1791329400,2026-10-06T23:30:00Z
2026-10-06T05:31:49.958176Z,refresh,10025,1761164,5,0,1,0,1791329400,2026-10-06T23:30:00Z
2026-10-06T05:31:49.958176Z,refresh,17850,1761247,5,0,1,0,1791329400,2026-10-06T23:30:00Z
2026-10-06T05:31:49.958176Z,refresh,17851,1761248,5,1,1,0,1791329400,2026-10-06T23:30:00Z
2026-10-06T05:31:49.958176Z,refresh,17852,1761249,390,15,1,0,1791329400,2026-10-06T23:30:00Z
2026-10-06T05:31:49.958176Z,refresh,17853,1761250,1350,46,1,0,1791329400,2026-10-06T23:30:00Z
2026-10-06T05:31:49.958176Z,refresh,17854,1761251,155,10,1,0,1791329400,2026-10-06T23:30:00Z
2026-10-06T05:31:49.958176Z,refresh,17855,1761252,100,20,1,0,1791329400,2026-10-06T23:30:00Z
2026-10-06T05:31:49.958176Z,refresh,17856,1761253,180,21,1,0,1791329400,2026-10-06T23:30:00Z
2026-10-06T05:31:49.958176Z,refresh,17857,1761254,110,9,1,0,1791329400,2026-10-06T23:30:00Z
2026-10-06T05:31:49.958176Z,refresh,17858,1761255,60,12,1,0,1791329400,2026-10-06T23:30:00Z
2026-10-06T05:31:49.958176Z,refresh,17859,1761256,5,1,1,0,1791329400,2026-10-06T23:30:00Z
2026-10-06T05:31:49.958176Z,refresh,17860,1761257,5,1,1,0,1791329400,2026-10-06T23:30:00Z
2026-10-06T05:31:49.958176Z,refresh,17861,1761258,30,7,1,0,1791329400,2026-10-06T23:30:00Z
2026-10-06T05:31:49.958176Z,refresh,17862,1761259,5,1,1,0,1791329400,2026-10-06T23:30:00Z
2026-10-06T05:31:49.958176Z,refresh,17863,1761260,5,1,1,0,1791329400,2026-10-06T23:30:00Z
2026-10-06T05:31:49.958176Z,refresh,17864,1761262,10,3,1,0,1791329400,2026-10-06T23:30:00Z
2026-10-06T05:31:49.958176Z,refresh,17865,1761263,15,3,1,0,1791329400,2026-10-06T23:30:00Z
2026-10-06T05:31:49.958176Z,refresh,17909,1761086,5,0,1,0,1791329400,2026-10-06T23:30:00Z
2026-10-06T05:31:49.958176Z,refresh,17911,1761088,5,0,1,0,1791329400,2026-10-06T23:30:00Z
2026-10-06T05:31:49.958176Z,refresh,17912,1761089,5,0,1,0,1791329400,2026-10-06T23:30:00Z
2026-10-06T05:31:49.958176Z,refresh,17913,1761090,5,0,1,0,1791329400,2026-10-06T23:30:00Z
2026-10-06T05:31:49.958176Z,refresh,17914,1761091,5,0,1,0,1791329400,2026-10-06T23:30:00Z
2026-10-06T05:31:49.958176Z,refresh,17915,1761092,5,0,1,0,1791329400,2026-10-06T23:30:00Z
2026-10-06T05:31:49.958176Z,refresh,17916,1761093,5,0,1,0,1791329400,2026-10-06T23:30:00Z
2026-10-06T05:31:49.958176Z,refresh,17917,1761094,5,1,1,0,1791329400,2026-10-06T23:30:00Z
2026-10-06T05:31:49.958176Z,refresh,17918,1761095,5,0,1,0,1791329400,2026-10-06T23:30:00Z
2026-10-06T05:31:49.958176Z,refresh,17919,1761096,5,0,1,0,1791329400,2026-10-06T23:30:00Z
2026-10-06T05:31:49.958176Z,refresh,17920,1761097,5,1,1,0,1791329400,2026-10-06T23:30:00Z
2026-10-06T05:31:49.958176Z,refresh,17921,1761098,5,1,1,0,1791329400,2026-10-06T23:30:00Z
2026-10-06T05:31:49.958176Z,refresh,17922,1761099,5,0,1,0,1791329400,2026-10-06T23:30:00Z
2026-10-06T05:31:49.958176Z,refresh,17923,1761100,5,0,1,0,1791329400,2026-10-06T23:30:00Z
2026-10-06T05:31:49.958176Z,refresh,17924,1761101,10,2,1,0,1791329400,2026-10-06T23:30:00Z
2026-10-06T05:31:49.958176Z,refresh,17925,1761102,5,1,1,0,1791329400,2026-10-06T23:30:00Z
2026-10-06T05:31:49.958176Z,refresh,17926,1761103,5,1,1,0,1791329400,2026-10-06T23:30:00Z
2026-10-06T05:31:49.958176Z,refresh,17927,1761104,105,5,1,0,1791329400,2026-10-06T23:30:00Z
2026-10-06T05:31:49.958176Z,refresh,17928,1761105,5,1,1,0,1791329400,2026-10-06T23:30:00Z
2026-10-06T05:31:49.958176Z,refresh,17929,1761106,5,1,1,0,1791329400,2026-10-06T23:30:00Z
2026-10-06T05:31:49.958176Z,refresh,17930,1761107,5,1,1,0,1791329400,2026-10-06T23:30:00Z
2026-10-06T05:31:49.958176Z,refresh,17931,1761108,15,4,1,0,1791329400,2026-10-06T23:30:00Z
2026-10-06T05:31:49.958176Z,refresh,17932,1761109,5,1,1,0,1791329400,2026-10-06T23:30:00Z
2026-10-06T05:31:49.958176Z,refresh,17933,1761110,5,1,1,0,1791329400,2026-10-06T23:30:00Z
2026-10-06T05:31:49.958176Z,refresh,17934,1761111,5,0,1,0,1791329400,2026-10-06T23:30:00Z
2026-10-06T05:31:49.958176Z,refresh,17935,1761112,5,0,1,0,1791329400,2026-10-06T23:30:00Z
2026-10-06T05:31:49.958176Z,refresh,17936,1761113,5,0,1,0,1791329400,2026-10-06T23:30:00Z
2026-10-06T05:31:49.958176Z,refresh,17937,1761114,5,1,1,0,1791329400,2026-10-06T23:30:00Z
2026-10-06T05:31:49.958176Z,refresh,17938,1761115,5,1,1,0,1791329400,2026-10-06T23:30:00Z
2026-10-06T05:31:49.958176Z,refresh,17939,1761116,5,1,1,0,1791329400,2026-10-06T23:30:00Z
2026-10-06T05:31:49.958176Z,refresh,17940,1761117,25,5,1,0,1791329400,2026-10-06T23:30:00Z
2026-10-06T05:31:49.958176Z,refresh,17941,1761118,420,19,1,0,1791329400,2026-10-06T23:30:00Z
2026-10-06T05:31:49.958176Z,refresh,18650,1761165,5,1,1,0,1791329400,2026-10-06T23:30:00Z
2026-10-06T05:31:49.958176Z,refresh,18651,1761166,40,9,1,0,1791329400,2026-10-06T23:30:00Z
2026-10-06T05:31:49.958176Z,refresh,18652,1761167,5,1,1,0,1791329400,2026-10-06T23:30:00Z
2026-10-06T05:31:49.958176Z,refresh,18653,1761168,5,1,1,0,1791329400,2026-10-06T23:30:00Z
2026-10-06T05:31:49.958176Z,refresh,18654,1761169,15,3,1,0,1791329400,2026-10-06T23:30:00Z
2026-10-06T05:31:49.958176Z,refresh,18655,1761170,5,1,1,0,1791329400,2026-10-06T23:30:00Z
2026-10-06T05:31:49.958176Z,refresh,18656,1761171,5,1,1,0,1791329400,2026-10-06T23:30:00Z
2026-10-06T05:31:49.958176Z,refresh,18657,1761172,110,9,1,0,1791329400,2026-10-06T23:30:00Z
2026-10-06T05:31:49.958176Z,refresh,18658,1761173,15,3,1,0,1791329400,2026-10-06T23:30:00Z
2026-10-06T05:31:49.958176Z,refresh,18659,1761174,5,1,1,0,1791329400,2026-10-06T23:30:00Z
2026-10-06T05:31:49.958176Z,refresh,18660,1761175,410,67,1,0,1791329400,2026-10-06T23:30:00Z
2026-10-06T05:31:49.958176Z,refresh,18661,1761176,35,8,1,0,1791329400,2026-10-06T23:30:00Z
2026-10-06T05:31:49.958176Z,refresh,18662,1761177,5,1,1,0,1791329400,2026-10-06T23:30:00Z
2026-10-06T05:31:49.958176Z,refresh,18663,1761178,210,25,1,0,1791329400,2026-10-06T23:30:00Z
2026-10-06T05:31:49.958176Z,refresh,18664,1761179,255,30,1,0,1791329400,2026-10-06T23:30:00Z
2026-10-06T05:31:49.958176Z,refresh,18665,1761180,205,33,1,0,1791329400,2026-10-06T23:30:00Z
2026-10-06T05:31:49.958176Z,refresh,18666,1761181,39,6,1,0,1791329400,2026-10-06T23:30:00Z
2026-10-06T05:31:49.958176Z,refresh,18667,1761182,5,0,1,0,1791329400,2026-10-06T23:30:00Z
2026-10-06T05:31:49.958176Z,refresh,18668,1761183,5,1,1,0,1791329400,2026-10-06T23:30:00Z
2026-10-06T05:31:49.958176Z,refresh,18669,1761184,55,10,1,0,1791329400,2026-10-06T23:30:00Z
2026-10-06T05:31:49.958176Z,refresh,18670,1761185,15,3,1,0,1791329400,2026-10-06T23:30:00Z
2026-10-06T05:31:49.958176Z,refresh,18671,1761186,125,25,1,0,1791329400,2026-10-06T23:30:00Z
2026-10-06T05:31:49.958176Z,refresh,18672,1761187,115,24,1,0,1791329400,2026-10-06T23:30:00Z
2026-10-06T05:31:49.958176Z,refresh,18673,1761188,24,5,1,0,1791329400,2026-10-06T23:30:00Z
2026-10-06T05:31:49.958176Z,refresh,18674,1761189,15,3,1,0,1791329400,2026-10-06T23:30:00Z
2026-10-06T05:31:49.958176Z,refresh,18675,1761190,55,12,1,0,1791329400,2026-10-06T23:30:00Z
2026-10-06T05:31:49.958176Z,refresh,18676,1761191,5,1,1,0,1791329400,2026-10-06T23:30:00Z
2026-10-06T05:31:49.958176Z,refresh,18677,1761192,35,8,1,0,1791329400,2026-10-06T23:30:00Z
2026-10-06T05:31:49.958176Z,refresh,18678,1761194,20,5,1,0,1791329400,2026-10-06T23:30:00Z
2026-10-06T05:31:49.958176Z,refresh,18679,1761195,5,1,1,0,1791329400,2026-10-06T23:30:00Z
2026-10-06T05:31:49.958176Z,refresh,18680,1761196,55,12,1,0,1791329400,2026-10-06T23:30:00Z
2026-10-06T05:31:49.958176Z,refresh,18681,1761197,70,11,1,0,1791329400,2026-10-06T23:30:00Z
2026-10-06T05:31:49.958176Z,refresh,18682,1761198,10,2,1,0,1791329400,2026-10-06T23:30:00Z
2026-10-06T05:31:49.958176Z,refresh,18683,1761199,5,1,1,0,1791329400,2026-10-06T23:30:00Z
2026-10-06T05:31:49.958176Z,refresh,18705,1761220,5,0,1,0,1791329400,2026-10-06T23:30:00Z
2026-10-06T05:31:49.958176Z,refresh,18706,1761221,5,0,1,0,1791329400,2026-10-06T23:30:00Z
2026-10-06T05:31:49.958176Z,refresh,18707,1761222,10,2,1,0,1791329400,2026-10-06T23:30:00Z
2026-10-06T05:31:49.958176Z,refresh,18708,1761223,45,6,1,0,1791329400,2026-10-06T23:30:00Z
2026-10-06T05:31:49.958176Z,refresh,18709,1761224,5,0,1,0,1791329400,2026-10-06T23:30:00Z
2026-10-06T05:31:49.958176Z,refresh,18710,1761225,5,0,1,0,1791329400,2026-10-06T23:30:00Z
2026-10-06T05:31:49.958176Z,refresh,18711,1761226,5,0,1,0,1791329400,2026-10-06T23:30:00Z
2026-10-06T05:31:49.958176Z,refresh,18712,1761227,5,1,1,0,1791329400,2026-10-06T23:30:00Z
2026-10-06T05:31:49.958176Z,refresh,18713,1761228,50,10,1,0,1791329400,2026-10-06T23:30:00Z
2026-10-06T05:31:49.958176Z,refresh,18714,1761229,5,1,1,0,1791329400,2026-10-06T23:30:00Z
2026-10-06T05:31:49.958176Z,refresh,18715,1761230,5,1,1,0,1791329400,2026-10-06T23:30:00Z
2026-10-06T05:31:49.958176Z,refresh,18716,1761231,155,5,1,0,1791329400,2026-10-06T23:30:00Z
2026-10-06T05:31:49.958176Z,refresh,18717,1761232,205,6,1,0,1791329400,2026-10-06T23:30:00Z
2026-10-06T05:31:49.958176Z,refresh,18718,1761233,115,24,1,0,1791329400,2026-10-06T23:30:00Z
2026-10-06T05:31:49.958176Z,refresh,18719,1761234,5,0,1,0,1791329400,2026-10-06T23:30:00Z
2026-10-06T05:31:49.958176Z,refresh,18720,1761235,5,0,1,0,1791329400,2026-10-06T23:30:00Z
2026-10-06T05:31:49.958176Z,refresh,17866,1761264,5,1,1,0,1791331200,2026-10-07T00:00:00Z
2026-10-06T05:31:49.958176Z,refresh,17867,1761265,10,2,1,0,1791331200,2026-10-07T00:00:00Z
2026-10-06T05:31:49.958176Z,refresh,17868,1761266,5,1,1,0,1791331200,2026-10-07T00:00:00Z
2026-10-06T05:31:49.958176Z,refresh,17869,1761268,10,2,1,0,1791331200,2026-10-07T00:00:00Z
2026-10-06T05:31:49.958176Z,refresh,17870,1761269,5,1,1,0,1791331200,2026-10-07T00:00:00Z
2026-10-06T05:31:49.958176Z,refresh,17871,1761270,5,1,1,0,1791331200,2026-10-07T00:00:00Z
2026-10-06T05:31:49.958176Z,refresh,17872,1761271,5,0,1,0,1791331200,2026-10-07T00:00:00Z
2026-10-06T05:31:49.958176Z,refresh,17873,1761272,10,2,1,0,1791331200,2026-10-07T00:00:00Z
2026-10-06T05:31:49.958176Z,refresh,17874,1761273,5,0,1,0,1791331200,2026-10-07T00:00:00Z
2026-10-06T05:31:49.958176Z,refresh,17875,1761274,160,25,1,0,1791331200,2026-10-07T00:00:00Z
2026-10-06T05:31:49.958176Z,refresh,17876,1761275,15,3,1,0,1791331200,2026-10-07T00:00:00Z
2026-10-06T05:31:49.958176Z,refresh,17877,1761276,5,1,1,0,1791331200,2026-10-07T00:00:00Z
2026-10-06T05:31:49.958176Z,refresh,17878,1761277,40,9,1,0,1791331200,2026-10-07T00:00:00Z
2026-10-06T05:31:49.958176Z,refresh,17879,1761278,5,1,1,0,1791331200,2026-10-07T00:00:00Z
2026-10-06T05:31:49.958176Z,refresh,17880,1761279,210,17,1,0,1791331200,2026-10-07T00:00:00Z
2026-10-06T05:31:49.958176Z,refresh,17881,1761280,44,9,1,0,1791331200,2026-10-07T00:00:00Z
2026-10-06T05:31:49.958176Z,refresh,17882,1761281,24,5,1,0,1791331200,2026-10-07T00:00:00Z
2026-10-06T05:31:49.958176Z,refresh,17883,1761282,34,7,1,0,1791331200,2026-10-07T00:00:00Z
2026-10-06T05:31:49.958176Z,refresh,17884,1761283,15,3,1,0,1791331200,2026-10-07T00:00:00Z
2026-10-06T05:31:49.958176Z,refresh,17885,1761284,5,1,1,0,1791331200,2026-10-07T00:00:00Z
2026-10-06T05:31:49.958176Z,refresh,17886,1761285,5,1,1,0,1791331200,2026-10-07T00:00:00Z
2026-10-06T05:31:49.958176Z,refresh,17887,1761286,5,1,1,0,1791331200,2026-10-07T00:00:00Z
2026-10-06T05:31:49.958176Z,refresh,17888,1761287,5,0,1,0,1791331200,2026-10-07T00:00:00Z
2026-10-06T05:31:49.958176Z,refresh,17889,1761288,105,12,1,0,1791331200,2026-10-07T00:00:00Z
2026-10-06T05:31:49.958176Z,refresh,17890,1761289,10,2,1,0,1791331200,2026-10-07T00:00:00Z
2026-10-06T05:31:49.958176Z,refresh,17891,1761291,600,51,1,0,1791331200,2026-10-07T00:00:00Z
2026-10-06T05:31:49.958176Z,refresh,17892,1761292,255,52,1,0,1791331200,2026-10-07T00:00:00Z
2026-10-06T05:31:49.958176Z,refresh,17893,1761293,5,1,1,0,1791331200,2026-10-07T00:00:00Z
2026-10-06T05:31:49.958176Z,refresh,17894,1761294,24,5,1,0,1791331200,2026-10-07T00:00:00Z
2026-10-06T05:31:49.958176Z,refresh,17895,1761295,114,24,1,0,1791331200,2026-10-07T00:00:00Z
2026-10-06T05:31:49.958176Z,refresh,17896,1761296,10,2,1,0,1791331200,2026-10-07T00:00:00Z
2026-10-06T05:31:49.958176Z,refresh,17897,1761297,55,12,1,0,1791331200,2026-10-07T00:00:00Z
2026-10-06T05:31:49.958176Z,refresh,17898,1761298,5,1,1,0,1791331200,2026-10-07T00:00:00Z
2026-10-06T05:31:49.958176Z,refresh,17899,1761299,10,2,1,0,1791331200,2026-10-07T00:00:00Z
2026-10-06T05:31:49.958176Z,refresh,17900,1761300,25,5,1,0,1791331200,2026-10-07T00:00:00Z
2026-10-06T05:31:49.958176Z,refresh,17901,1761301,31,7,1,0,1791331200,2026-10-07T00:00:00Z
2026-10-06T05:31:49.958176Z,refresh,17902,1761303,5,0,1,0,1791331200,2026-10-07T00:00:00Z
2026-10-06T05:31:49.958176Z,refresh,17903,1761304,370,53,1,0,1791331200,2026-10-07T00:00:00Z
2026-10-06T05:31:49.958176Z,refresh,17904,1761305,15,3,1,0,1791331200,2026-10-07T00:00:00Z
2026-10-06T05:31:49.958176Z,refresh,17905,1761306,35,8,1,0,1791331200,2026-10-07T00:00:00Z
2026-10-06T05:31:49.958176Z,refresh,17906,1761307,115,18,1,0,1791331200,2026-10-07T00:00:00Z
2026-10-06T05:31:49.958176Z,refresh,17907,1761308,115,6,1,0,1791331200,2026-10-07T00:00:00Z
2026-10-06T05:31:49.958176Z,refresh,17908,1761309,15,3,1,0,1791331200,2026-10-07T00:00:00Z
2026-10-06T05:31:49.958176Z,refresh,17910,1761314,5,1,1,0,1791331200,2026-10-07T00:00:00Z
2026-10-06T05:31:49.958176Z,refresh,18684,1761200,5,0,1,0,1791331200,2026-10-07T00:00:00Z
2026-10-06T05:31:49.958176Z,refresh,18685,1761201,5,1,1,0,1791331200,2026-10-07T00:00:00Z
2026-10-06T05:31:49.958176Z,refresh,18686,1761202,5,1,1,0,1791331200,2026-10-07T00:00:00Z
2026-10-06T05:31:49.958176Z,refresh,18687,1761203,5,1,1,0,1791331200,2026-10-07T00:00:00Z
2026-10-06T05:31:49.958176Z,refresh,18688,1761204,5,1,1,0,1791331200,2026-10-07T00:00:00Z
2026-10-06T05:31:49.958176Z,refresh,18689,1761205,65,14,1,0,1791331200,2026-10-07T00:00:00Z
2026-10-06T05:31:49.958176Z,refresh,18690,1761206,115,24,1,0,1791331200,2026-10-07T00:00:00Z
2026-10-06T05:31:49.958176Z,refresh,18691,1761207,15,3,1,0,1791331200,2026-10-07T00:00:00Z
2026-10-06T05:31:49.958176Z,refresh,18692,1761208,15,3,1,0,1791331200,2026-10-07T00:00:00Z
2026-10-06T05:31:49.958176Z,refresh,18693,1761209,15,3,1,0,1791331200,2026-10-07T00:00:00Z
2026-10-06T05:31:49.958176Z,refresh,18694,1761210,5,1,1,0,1791331200,2026-10-07T00:00:00Z
2026-10-06T05:31:49.958176Z,refresh,18695,1761211,5,1,1,0,1791331200,2026-10-07T00:00:00Z
2026-10-06T05:31:49.958176Z,refresh,18696,1761212,5,1,1,0,1791331200,2026-10-07T00:00:00Z
2026-10-06T05:31:49.958176Z,refresh,18697,1761213,5,1,1,0,1791331200,2026-10-07T00:00:00Z
2026-10-06T05:31:49.958176Z,refresh,18698,1761214,5,1,1,0,1791331200,2026-10-07T00:00:00Z
2026-10-06T05:31:49.958176Z,refresh,18699,1761215,5,1,1,0,1791331200,2026-10-07T00:00:00Z
2026-10-06T05:31:49.958176Z,refresh,18700,1761216,5,1,1,0,1791331200,2026-10-07T00:00:00Z
2026-10-06T05:31:49.958176Z,refresh,18701,1761217,320,19,1,0,1791331200,2026-10-07T00:00:00Z
2026-10-06T05:31:49.958176Z,refresh,18702,1761218,460,48,1,0,1791331200,2026-10-07T00:00:00Z
2026-10-06T05:31:49.958176Z,refresh,18703,1761219,55,5,1,0,1791331200,2026-10-07T00:00:00Z
2026-10-06T05:31:49.958176Z,refresh,18721,1761236,10,2,1,0,1791331200,2026-10-07T00:00:00Z
2026-10-06T05:31:49.958176Z,refresh,18722,1761237,55,12,1,0,1791331200,2026-10-07T00:00:00Z
2026-10-06T05:31:49.958176Z,refresh,18723,1761238,5,1,1,0,1791331200,2026-10-07T00:00:00Z
2026-10-06T05:31:49.958176Z,refresh,18724,1761239,5,1,1,0,1791331200,2026-10-07T00:00:00Z
2026-10-06T05:31:49.958176Z,refresh,18725,1761240,5,1,1,0,1791331200,2026-10-07T00:00:00Z
2026-10-06T05:31:49.958176Z,refresh,18726,1761241,5,1,1,0,1791331200,2026-10-07T00:00:00Z
2026-10-06T05:31:49.958176Z,refresh,18727,1761242,5,1,1,0,1791331200,2026-10-07T00:00:00Z
2026-10-06T05:31:49.958176Z,refresh,18728,1761243,5,1,1,0,1791331200,2026-10-07T00:00:00Z
2026-10-06T05:31:49.958176Z,refresh,18729,1761244,15,3,1,0,1791331200,2026-10-07T00:00:00Z
2026-10-06T05:31:49.958176Z,refresh,18730,1761245,15,3,1,0,1791331200,2026-10-07T00:00:00Z
2026-10-06T05:31:49.958176Z,refresh,18731,1761246,5,0,1,0,1791331200,2026-10-07T00:00:00Z
2026-10-06T05:31:49.958176Z,refresh,18732,1761310,5,1,1,0,1791331200,2026-10-07T00:00:00Z
2026-10-06T05:31:49.958176Z,refresh,18733,1761311,10,2,1,0,1791331200,2026-10-07T00:00:00Z
2026-10-06T05:31:49.958176Z,refresh,18734,1761312,10,2,1,0,1791331200,2026-10-07T00:00:00Z
2026-10-06T05:31:49.958176Z,refresh,18735,1761313,50,7,1,0,1791331200,2026-10-07T00:00:00Z
2026-10-06T05:31:49.958176Z,refresh,17125,1779931,65,14,1,0,1791333000,2026-10-07T00:30:00Z
2026-10-06T05:49:44.995276Z,refresh,10000,1761139,105,2,1,0,1791324000,2026-10-06T22:00:00Z
2026-10-06T05:49:44.995276Z,refresh,10001,1761140,100,0,1,0,1791324000,2026-10-06T22:00:00Z
2026-10-06T05:49:44.995276Z,refresh,10002,1761141,100,1,1,0,1791324000,2026-10-06T22:00:00Z
2026-10-06T05:49:44.995276Z,refresh,10003,1761142,1025,12,1,0,1791324000,2026-10-06T22:00:00Z
2026-10-06T05:49:44.995276Z,refresh,10004,1761143,2600,30,1,0,1791324000,2026-10-06T22:00:00Z
2026-10-06T05:49:44.995276Z,refresh,10005,1761144,3100,20,1,0,1791324000,2026-10-06T22:00:00Z
2026-10-06T05:49:44.995276Z,refresh,10006,1761145,2050,32,1,0,1791324000,2026-10-06T22:00:00Z
2026-10-06T05:49:44.995276Z,refresh,10007,1761146,1075,16,1,0,1791324000,2026-10-06T22:00:00Z
2026-10-06T05:49:44.995276Z,refresh,10008,1761147,9050,37,1,0,1791324000,2026-10-06T22:00:00Z
2026-10-06T05:49:44.995276Z,refresh,10009,1761148,25600,31,1,0,1791324000,2026-10-06T22:00:00Z
2026-10-06T05:49:44.995276Z,refresh,10010,1761149,13550,182,1,0,1791324000,2026-10-06T22:00:00Z
2026-10-06T05:49:44.995276Z,refresh,10011,1761150,20100,191,1,0,1791324000,2026-10-06T22:00:00Z
2026-10-06T05:49:44.995276Z,refresh,10012,1761151,20100,59,1,0,1791324000,2026-10-06T22:00:00Z
2026-10-06T05:49:44.995276Z,refresh,10013,1761152,50000,95,1,0,1791324000,2026-10-06T22:00:00Z
2026-10-06T05:49:44.995276Z,refresh,10014,1761153,23650,67,1,0,1791324000,2026-10-06T22:00:00Z
2026-10-06T05:49:44.995276Z,refresh,10015,1761154,20900,35,1,0,1791324000,2026-10-06T22:00:00Z
2026-10-06T05:49:44.995276Z,refresh,10016,1761155,15100,31,1,0,1791324000,2026-10-06T22:00:00Z
2026-10-06T05:49:44.995276Z,refresh,10017,1761156,42750,57,1,0,1791324000,2026-10-06T22:00:00Z
2026-10-06T05:49:44.995276Z,refresh,10018,1761157,2550,32,1,0,1791324000,2026-10-06T22:00:00Z
2026-10-06T05:49:44.995276Z,refresh,10019,1761158,1075,29,1,0,1791324000,2026-10-06T22:00:00Z
2026-10-06T05:49:44.995276Z,refresh,10050,1761119,4050,51,1,0,1791325800,2026-10-06T22:30:00Z
2026-10-06T05:49:44.995276Z,refresh,10051,1761120,705,3,1,0,1791325800,2026-10-06T22:30:00Z
2026-10-06T05:49:44.995276Z,refresh,10052,1761121,1550,14,1,0,1791325800,2026-10-06T22:30:00Z
2026-10-06T05:49:44.995276Z,refresh,10053,1761122,5050,77,1,0,1791325800,2026-10-06T22:30:00Z
2026-10-06T05:49:44.995276Z,refresh,10054,1761123,1550,35,1,0,1791325800,2026-10-06T22:30:00Z
2026-10-06T05:49:44.995276Z,refresh,10055,1761124,325,5,1,0,1791325800,2026-10-06T22:30:00Z
2026-10-06T05:49:44.995276Z,refresh,10056,1761125,120,5,1,0,1791325800,2026-10-06T22:30:00Z
2026-10-06T05:49:44.995276Z,refresh,10057,1761126,305,3,1,0,1791325800,2026-10-06T22:30:00Z
2026-10-06T05:49:44.995276Z,refresh,10058,1761127,755,13,1,0,1791325800,2026-10-06T22:30:00Z
2026-10-06T05:49:44.995276Z,refresh,10059,1761128,1400,22,1,0,1791325800,2026-10-06T22:30:00Z
2026-10-06T05:49:44.995276Z,refresh,10060,1761129,7800,63,1,0,1791325800,2026-10-06T22:30:00Z
2026-10-06T05:49:44.995276Z,refresh,10061,1761130,1550,40,1,0,1791325800,2026-10-06T22:30:00Z
2026-10-06T05:49:44.995276Z,refresh,10062,1761131,6200,137,1,0,1791325800,2026-10-06T22:30:00Z
2026-10-06T05:49:44.995276Z,refresh,10063,1761132,1525,15,1,0,1791325800,2026-10-06T22:30:00Z
2026-10-06T05:49:44.995276Z,refresh,10064,1761133,1700,24,1,0,1791325800,2026-10-06T22:30:00Z
2026-10-06T05:49:44.995276Z,refresh,10065,1761134,1650,44,1,0,1791325800,2026-10-06T22:30:00Z
2026-10-06T05:49:44.995276Z,refresh,10066,1761135,1650,16,1,0,1791325800,2026-10-06T22:30:00Z
2026-10-06T05:49:44.995276Z,refresh,10067,1761136,1550,5,1,0,1791325800,2026-10-06T22:30:00Z
2026-10-06T05:49:44.995276Z,refresh,10068,1761137,2100,17,1,0,1791325800,2026-10-06T22:30:00Z
2026-10-06T05:49:44.995276Z,refresh,10069,1761138,1320,69,1,0,1791325800,2026-10-06T22:30:00Z
2026-10-06T05:49:44.995276Z,refresh,17100,1761063,115,4,1,0,1791327600,2026-10-06T23:00:00Z
2026-10-06T05:49:44.995276Z,refresh,17101,1761064,110,3,1,0,1791327600,2026-10-06T23:00:00Z
2026-10-06T05:49:44.995276Z,refresh,17102,1761065,100,1,1,0,1791327600,2026-10-06T23:00:00Z
2026-10-06T05:49:44.995276Z,refresh,17103,1761066,105,2,1,0,1791327600,2026-10-06T23:00:00Z
2026-10-06T05:49:44.995276Z,refresh,17104,1761067,120,5,1,0,1791327600,2026-10-06T23:00:00Z
2026-10-06T05:49:44.995276Z,refresh,17105,1761068,105,2,1,0,1791327600,2026-10-06T23:00:00Z
2026-10-06T05:49:44.995276Z,refresh,17106,1761069,105,2,1,0,1791327600,2026-10-06T23:00:00Z
2026-10-06T05:49:44.995276Z,refresh,17107,1761070,110,3,1,0,1791327600,2026-10-06T23:00:00Z
2026-10-06T05:49:44.995276Z,refresh,17108,1761071,120,5,1,0,1791327600,2026-10-06T23:00:00Z
2026-10-06T05:49:44.995276Z,refresh,17109,1761072,110,3,1,0,1791327600,2026-10-06T23:00:00Z
2026-10-06T05:49:44.995276Z,refresh,17110,1761073,110,3,1,0,1791327600,2026-10-06T23:00:00Z
2026-10-06T05:49:44.995276Z,refresh,17111,1761074,115,4,1,0,1791327600,2026-10-06T23:00:00Z
2026-10-06T05:49:44.995276Z,refresh,17112,1761075,505,13,1,0,1791327600,2026-10-06T23:00:00Z
2026-10-06T05:49:44.995276Z,refresh,17113,1761076,105,2,1,0,1791327600,2026-10-06T23:00:00Z
2026-10-06T05:49:44.995276Z,refresh,17114,1761077,110,3,1,0,1791327600,2026-10-06T23:00:00Z
2026-10-06T05:49:44.995276Z,refresh,17115,1761078,505,28,1,0,1791327600,2026-10-06T23:00:00Z
2026-10-06T05:49:44.995276Z,refresh,17116,1761079,115,4,1,0,1791327600,2026-10-06T23:00:00Z
2026-10-06T05:49:44.995276Z,refresh,17117,1761080,105,2,1,0,1791327600,2026-10-06T23:00:00Z
2026-10-06T05:49:44.995276Z,refresh,17118,1761081,105,2,1,0,1791327600,2026-10-06T23:00:00Z
2026-10-06T05:49:44.995276Z,refresh,17119,1761082,100,1,1,0,1791327600,2026-10-06T23:00:00Z
2026-10-06T05:49:44.995276Z,refresh,17120,1761083,105,2,1,0,1791327600,2026-10-06T23:00:00Z
2026-10-06T05:49:44.995276Z,refresh,17121,1761084,105,2,1,0,1791327600,2026-10-06T23:00:00Z
2026-10-06T05:49:44.995276Z,refresh,17122,1761085,170,15,1,0,1791327600,2026-10-06T23:00:00Z
2026-10-06T05:49:44.995276Z,refresh,10020,1761159,16050,119,1,0,1791329400,2026-10-06T23:30:00Z
2026-10-06T05:49:44.995276Z,refresh,10021,1761160,5,1,1,0,1791329400,2026-10-06T23:30:00Z
2026-10-06T05:49:44.995276Z,refresh,10022,1761161,330,40,1,0,1791329400,2026-10-06T23:30:00Z
2026-10-06T05:49:44.995276Z,refresh,10023,1761162,550,47,1,0,1791329400,2026-10-06T23:30:00Z
2026-10-06T05:49:44.995276Z,refresh,10024,1761163,5,1,1,0,1791329400,2026-10-06T23:30:00Z
2026-10-06T05:49:44.995276Z,refresh,10025,1761164,5,0,1,0,1791329400,2026-10-06T23:30:00Z
2026-10-06T05:49:44.995276Z,refresh,17850,1761247,5,0,1,0,1791329400,2026-10-06T23:30:00Z
2026-10-06T05:49:44.995276Z,refresh,17851,1761248,5,1,1,0,1791329400,2026-10-06T23:30:00Z
2026-10-06T05:49:44.995276Z,refresh,17852,1761249,390,15,1,0,1791329400,2026-10-06T23:30:00Z
2026-10-06T05:49:44.995276Z,refresh,17853,1761250,1350,46,1,0,1791329400,2026-10-06T23:30:00Z
2026-10-06T05:49:44.995276Z,refresh,17854,1761251,155,10,1,0,1791329400,2026-10-06T23:30:00Z
2026-10-06T05:49:44.995276Z,refresh,17855,1761252,100,20,1,0,1791329400,2026-10-06T23:30:00Z
2026-10-06T05:49:44.995276Z,refresh,17856,1761253,180,21,1,0,1791329400,2026-10-06T23:30:00Z
2026-10-06T05:49:44.995276Z,refresh,17857,1761254,110,9,1,0,1791329400,2026-10-06T23:30:00Z
2026-10-06T05:49:44.995276Z,refresh,17858,1761255,60,12,1,0,1791329400,2026-10-06T23:30:00Z
2026-10-06T05:49:44.995276Z,refresh,17859,1761256,5,1,1,0,1791329400,2026-10-06T23:30:00Z
2026-10-06T05:49:44.995276Z,refresh,17860,1761257,5,1,1,0,1791329400,2026-10-06T23:30:00Z
2026-10-06T05:49:44.995276Z,refresh,17861,1761258,30,7,1,0,1791329400,2026-10-06T23:30:00Z
2026-10-06T05:49:44.995276Z,refresh,17862,1761259,5,1,1,0,1791329400,2026-10-06T23:30:00Z
2026-10-06T05:49:44.995276Z,refresh,17863,1761260,5,1,1,0,1791329400,2026-10-06T23:30:00Z
2026-10-06T05:49:44.995276Z,refresh,17864,1761262,10,3,1,0,1791329400,2026-10-06T23:30:00Z
2026-10-06T05:49:44.995276Z,refresh,17865,1761263,15,3,1,0,1791329400,2026-10-06T23:30:00Z
2026-10-06T05:49:44.995276Z,refresh,17909,1761086,5,0,1,0,1791329400,2026-10-06T23:30:00Z
2026-10-06T05:49:44.995276Z,refresh,17911,1761088,5,0,1,0,1791329400,2026-10-06T23:30:00Z
2026-10-06T05:49:44.995276Z,refresh,17912,1761089,5,0,1,0,1791329400,2026-10-06T23:30:00Z
2026-10-06T05:49:44.995276Z,refresh,17913,1761090,5,0,1,0,1791329400,2026-10-06T23:30:00Z
2026-10-06T05:49:44.995276Z,refresh,17914,1761091,5,0,1,0,1791329400,2026-10-06T23:30:00Z
2026-10-06T05:49:44.995276Z,refresh,17915,1761092,5,0,1,0,1791329400,2026-10-06T23:30:00Z
2026-10-06T05:49:44.995276Z,refresh,17916,1761093,5,0,1,0,1791329400,2026-10-06T23:30:00Z
2026-10-06T05:49:44.995276Z,refresh,17917,1761094,5,1,1,0,1791329400,2026-10-06T23:30:00Z
2026-10-06T05:49:44.995276Z,refresh,17918,1761095,5,0,1,0,1791329400,2026-10-06T23:30:00Z
2026-10-06T05:49:44.995276Z,refresh,17919,1761096,5,0,1,0,1791329400,2026-10-06T23:30:00Z
2026-10-06T05:49:44.995276Z,refresh,17920,1761097,5,1,1,0,1791329400,2026-10-06T23:30:00Z
2026-10-06T05:49:44.995276Z,refresh,17921,1761098,5,1,1,0,1791329400,2026-10-06T23:30:00Z
2026-10-06T05:49:44.995276Z,refresh,17922,1761099,5,0,1,0,1791329400,2026-10-06T23:30:00Z
2026-10-06T05:49:44.995276Z,refresh,17923,1761100,5,0,1,0,1791329400,2026-10-06T23:30:00Z
2026-10-06T05:49:44.995276Z,refresh,17924,1761101,10,2,1,0,1791329400,2026-10-06T23:30:00Z
2026-10-06T05:49:44.995276Z,refresh,17925,1761102,5,1,1,0,1791329400,2026-10-06T23:30:00Z
2026-10-06T05:49:44.995276Z,refresh,17926,1761103,5,1,1,0,1791329400,2026-10-06T23:30:00Z
2026-10-06T05:49:44.995276Z,refresh,17927,1761104,105,5,1,0,1791329400,2026-10-06T23:30:00Z
2026-10-06T05:49:44.995276Z,refresh,17928,1761105,5,1,1,0,1791329400,2026-10-06T23:30:00Z
2026-10-06T05:49:44.995276Z,refresh,17929,1761106,5,1,1,0,1791329400,2026-10-06T23:30:00Z
2026-10-06T05:49:44.995276Z,refresh,17930,1761107,5,1,1,0,1791329400,2026-10-06T23:30:00Z
2026-10-06T05:49:44.995276Z,refresh,17931,1761108,15,4,1,0,1791329400,2026-10-06T23:30:00Z
2026-10-06T05:49:44.995276Z,refresh,17932,1761109,5,1,1,0,1791329400,2026-10-06T23:30:00Z
2026-10-06T05:49:44.995276Z,refresh,17933,1761110,5,1,1,0,1791329400,2026-10-06T23:30:00Z
2026-10-06T05:49:44.995276Z,refresh,17934,1761111,5,0,1,0,1791329400,2026-10-06T23:30:00Z
2026-10-06T05:49:44.995276Z,refresh,17935,1761112,5,0,1,0,1791329400,2026-10-06T23:30:00Z
2026-10-06T05:49:44.995276Z,refresh,17936,1761113,5,0,1,0,1791329400,2026-10-06T23:30:00Z
2026-10-06T05:49:44.995276Z,refresh,17937,1761114,5,1,1,0,1791329400,2026-10-06T23:30:00Z
2026-10-06T05:49:44.995276Z,refresh,17938,1761115,5,1,1,0,1791329400,2026-10-06T23:30:00Z
2026-10-06T05:49:44.995276Z,refresh,17939,1761116,5,1,1,0,1791329400,2026-10-06T23:30:00Z
2026-10-06T05:49:44.995276Z,refresh,17940,1761117,25,5,1,0,1791329400,2026-10-06T23:30:00Z
2026-10-06T05:49:44.995276Z,refresh,17941,1761118,420,19,1,0,1791329400,2026-10-06T23:30:00Z
2026-10-06T05:49:44.995276Z,refresh,18650,1761165,5,1,1,0,1791329400,2026-10-06T23:30:00Z
2026-10-06T05:49:44.995276Z,refresh,18651,1761166,40,9,1,0,1791329400,2026-10-06T23:30:00Z
2026-10-06T05:49:44.995276Z,refresh,18652,1761167,5,1,1,0,1791329400,2026-10-06T23:30:00Z
2026-10-06T05:49:44.995276Z,refresh,18653,1761168,5,1,1,0,1791329400,2026-10-06T23:30:00Z
2026-10-06T05:49:44.995276Z,refresh,18654,1761169,15,3,1,0,1791329400,2026-10-06T23:30:00Z
2026-10-06T05:49:44.995276Z,refresh,18655,1761170,5,1,1,0,1791329400,2026-10-06T23:30:00Z
2026-10-06T05:49:44.995276Z,refresh,18656,1761171,5,1,1,0,1791329400,2026-10-06T23:30:00Z
2026-10-06T05:49:44.995276Z,refresh,18657,1761172,110,9,1,0,1791329400,2026-10-06T23:30:00Z
2026-10-06T05:49:44.995276Z,refresh,18658,1761173,15,3,1,0,1791329400,2026-10-06T23:30:00Z
2026-10-06T05:49:44.995276Z,refresh,18659,1761174,5,1,1,0,1791329400,2026-10-06T23:30:00Z
2026-10-06T05:49:44.995276Z,refresh,18660,1761175,410,67,1,0,1791329400,2026-10-06T23:30:00Z
2026-10-06T05:49:44.995276Z,refresh,18661,1761176,35,8,1,0,1791329400,2026-10-06T23:30:00Z
2026-10-06T05:49:44.995276Z,refresh,18662,1761177,5,1,1,0,1791329400,2026-10-06T23:30:00Z
2026-10-06T05:49:44.995276Z,refresh,18663,1761178,210,25,1,0,1791329400,2026-10-06T23:30:00Z
2026-10-06T05:49:44.995276Z,refresh,18664,1761179,255,30,1,0,1791329400,2026-10-06T23:30:00Z
2026-10-06T05:49:44.995276Z,refresh,18665,1761180,205,33,1,0,1791329400,2026-10-06T23:30:00Z
2026-10-06T05:49:44.995276Z,refresh,18666,1761181,39,6,1,0,1791329400,2026-10-06T23:30:00Z
2026-10-06T05:49:44.995276Z,refresh,18667,1761182,5,0,1,0,1791329400,2026-10-06T23:30:00Z
2026-10-06T05:49:44.995276Z,refresh,18668,1761183,5,1,1,0,1791329400,2026-10-06T23:30:00Z
2026-10-06T05:49:44.995276Z,refresh,18669,1761184,55,10,1,0,1791329400,2026-10-06T23:30:00Z
2026-10-06T05:49:44.995276Z,refresh,18670,1761185,15,3,1,0,1791329400,2026-10-06T23:30:00Z
2026-10-06T05:49:44.995276Z,refresh,18671,1761186,125,25,1,0,1791329400,2026-10-06T23:30:00Z
2026-10-06T05:49:44.995276Z,refresh,18672,1761187,115,24,1,0,1791329400,2026-10-06T23:30:00Z
2026-10-06T05:49:44.995276Z,refresh,18673,1761188,24,5,1,0,1791329400,2026-10-06T23:30:00Z
2026-10-06T05:49:44.995276Z,refresh,18674,1761189,15,3,1,0,1791329400,2026-10-06T23:30:00Z
2026-10-06T05:49:44.995276Z,refresh,18675,1761190,55,12,1,0,1791329400,2026-10-06T23:30:00Z
2026-10-06T05:49:44.995276Z,refresh,18676,1761191,5,1,1,0,1791329400,2026-10-06T23:30:00Z
2026-10-06T05:49:44.995276Z,refresh,18677,1761192,35,8,1,0,1791329400,2026-10-06T23:30:00Z
2026-10-06T05:49:44.995276Z,refresh,18678,1761194,20,5,1,0,1791329400,2026-10-06T23:30:00Z
2026-10-06T05:49:44.995276Z,refresh,18679,1761195,5,1,1,0,1791329400,2026-10-06T23:30:00Z
2026-10-06T05:49:44.995276Z,refresh,18680,1761196,55,12,1,0,1791329400,2026-10-06T23:30:00Z
2026-10-06T05:49:44.995276Z,refresh,18681,1761197,70,11,1,0,1791329400,2026-10-06T23:30:00Z
2026-10-06T05:49:44.995276Z,refresh,18682,1761198,10,2,1,0,1791329400,2026-10-06T23:30:00Z
2026-10-06T05:49:44.995276Z,refresh,18683,1761199,5,1,1,0,1791329400,2026-10-06T23:30:00Z
2026-10-06T05:49:44.995276Z,refresh,18705,1761220,5,0,1,0,1791329400,2026-10-06T23:30:00Z
2026-10-06T05:49:44.995276Z,refresh,18706,1761221,5,0,1,0,1791329400,2026-10-06T23:30:00Z
2026-10-06T05:49:44.995276Z,refresh,18707,1761222,10,2,1,0,1791329400,2026-10-06T23:30:00Z
2026-10-06T05:49:44.995276Z,refresh,18708,1761223,45,6,1,0,1791329400,2026-10-06T23:30:00Z
2026-10-06T05:49:44.995276Z,refresh,18709,1761224,5,0,1,0,1791329400,2026-10-06T23:30:00Z
2026-10-06T05:49:44.995276Z,refresh,18710,1761225,5,0,1,0,1791329400,2026-10-06T23:30:00Z
2026-10-06T05:49:44.995276Z,refresh,18711,1761226,5,0,1,0,1791329400,2026-10-06T23:30:00Z
2026-10-06T05:49:44.995276Z,refresh,18712,1761227,5,1,1,0,1791329400,2026-10-06T23:30:00Z
2026-10-06T05:49:44.995276Z,refresh,18713,1761228,50,10,1,0,1791329400,2026-10-06T23:30:00Z
2026-10-06T05:49:44.995276Z,refresh,18714,1761229,5,1,1,0,1791329400,2026-10-06T23:30:00Z
2026-10-06T05:49:44.995276Z,refresh,18715,1761230,5,1,1,0,1791329400,2026-10-06T23:30:00Z
2026-10-06T05:49:44.995276Z,refresh,18716,1761231,155,5,1,0,1791329400,2026-10-06T23:30:00Z
2026-10-06T05:49:44.995276Z,refresh,18717,1761232,205,6,1,0,1791329400,2026-10-06T23:30:00Z
2026-10-06T05:49:44.995276Z,refresh,18718,1761233,115,24,1,0,1791329400,2026-10-06T23:30:00Z
2026-10-06T05:49:44.995276Z,refresh,18719,1761234,5,0,1,0,1791329400,2026-10-06T23:30:00Z
2026-10-06T05:49:44.995276Z,refresh,18720,1761235,5,0,1,0,1791329400,2026-10-06T23:30:00Z
2026-10-06T05:49:44.995276Z,refresh,17866,1761264,5,1,1,0,1791331200,2026-10-07T00:00:00Z
2026-10-06T05:49:44.995276Z,refresh,17867,1761265,10,2,1,0,1791331200,2026-10-07T00:00:00Z
2026-10-06T05:49:44.995276Z,refresh,17868,1761266,5,1,1,0,1791331200,2026-10-07T00:00:00Z
2026-10-06T05:49:44.995276Z,refresh,17869,1761268,10,2,1,0,1791331200,2026-10-07T00:00:00Z
2026-10-06T05:49:44.995276Z,refresh,17870,1761269,5,1,1,0,1791331200,2026-10-07T00:00:00Z
2026-10-06T05:49:44.995276Z,refresh,17871,1761270,5,1,1,0,1791331200,2026-10-07T00:00:00Z
2026-10-06T05:49:44.995276Z,refresh,17872,1761271,5,0,1,0,1791331200,2026-10-07T00:00:00Z
2026-10-06T05:49:44.995276Z,refresh,17873,1761272,10,2,1,0,1791331200,2026-10-07T00:00:00Z
2026-10-06T05:49:44.995276Z,refresh,17874,1761273,5,0,1,0,1791331200,2026-10-07T00:00:00Z
2026-10-06T05:49:44.995276Z,refresh,17875,1761274,160,25,1,0,1791331200,2026-10-07T00:00:00Z
2026-10-06T05:49:44.995276Z,refresh,17876,1761275,15,3,1,0,1791331200,2026-10-07T00:00:00Z
2026-10-06T05:49:44.995276Z,refresh,17877,1761276,5,1,1,0,1791331200,2026-10-07T00:00:00Z
2026-10-06T05:49:44.995276Z,refresh,17878,1761277,40,9,1,0,1791331200,2026-10-07T00:00:00Z
2026-10-06T05:49:44.995276Z,refresh,17879,1761278,5,1,1,0,1791331200,2026-10-07T00:00:00Z
2026-10-06T05:49:44.995276Z,refresh,17880,1761279,210,17,1,0,1791331200,2026-10-07T00:00:00Z
2026-10-06T05:49:44.995276Z,refresh,17881,1761280,44,9,1,0,1791331200,2026-10-07T00:00:00Z
2026-10-06T05:49:44.995276Z,refresh,17882,1761281,24,5,1,0,1791331200,2026-10-07T00:00:00Z
2026-10-06T05:49:44.995276Z,refresh,17883,1761282,34,7,1,0,1791331200,2026-10-07T00:00:00Z
2026-10-06T05:49:44.995276Z,refresh,17884,1761283,15,3,1,0,1791331200,2026-10-07T00:00:00Z
2026-10-06T05:49:44.995276Z,refresh,17885,1761284,5,1,1,0,1791331200,2026-10-07T00:00:00Z
2026-10-06T05:49:44.995276Z,refresh,17886,1761285,5,1,1,0,1791331200,2026-10-07T00:00:00Z
2026-10-06T05:49:44.995276Z,refresh,17887,1761286,5,1,1,0,1791331200,2026-10-07T00:00:00Z
2026-10-06T05:49:44.995276Z,refresh,17888,1761287,5,0,1,0,1791331200,2026-10-07T00:00:00Z
2026-10-06T05:49:44.995276Z,refresh,17889,1761288,105,12,1,0,1791331200,2026-10-07T00:00:00Z
2026-10-06T05:49:44.995276Z,refresh,17890,1761289,10,2,1,0,1791331200,2026-10-07T00:00:00Z
2026-10-06T05:49:44.995276Z,refresh,17891,1761291,600,51,1,0,1791331200,2026-10-07T00:00:00Z
2026-10-06T05:49:44.995276Z,refresh,17892,1761292,255,52,1,0,1791331200,2026-10-07T00:00:00Z
2026-10-06T05:49:44.995276Z,refresh,17893,1761293,5,1,1,0,1791331200,2026-10-07T00:00:00Z
2026-10-06T05:49:44.995276Z,refresh,17894,1761294,24,5,1,0,1791331200,2026-10-07T00:00:00Z
2026-10-06T05:49:44.995276Z,refresh,17895,1761295,114,24,1,0,1791331200,2026-10-07T00:00:00Z
2026-10-06T05:49:44.995276Z,refresh,17896,1761296,10,2,1,0,1791331200,2026-10-07T00:00:00Z
2026-10-06T05:49:44.995276Z,refresh,17897,1761297,55,12,1,0,1791331200,2026-10-07T00:00:00Z
2026-10-06T05:49:44.995276Z,refresh,17898,1761298,5,1,1,0,1791331200,2026-10-07T00:00:00Z
2026-10-06T05:49:44.995276Z,refresh,17899,1761299,10,2,1,0,1791331200,2026-10-07T00:00:00Z
2026-10-06T05:49:44.995276Z,refresh,17900,1761300,25,5,1,0,1791331200,2026-10-07T00:00:00Z
2026-10-06T05:49:44.995276Z,refresh,17901,1761301,31,7,1,0,1791331200,2026-10-07T00:00:00Z
2026-10-06T05:49:44.995276Z,refresh,17902,1761303,5,0,1,0,1791331200,2026-10-07T00:00:00Z
2026-10-06T05:49:44.995276Z,refresh,17903,1761304,370,53,1,0,1791331200,2026-10-07T00:00:00Z
2026-10-06T05:49:44.995276Z,refresh,17904,1761305,15,3,1,0,1791331200,2026-10-07T00:00:00Z
2026-10-06T05:49:44.995276Z,refresh,17905,1761306,35,8,1,0,1791331200,2026-10-07T00:00:00Z
2026-10-06T05:49:44.995276Z,refresh,17906,1761307,115,18,1,0,1791331200,2026-10-07T00:00:00Z
2026-10-06T05:49:44.995276Z,refresh,17907,1761308,115,6,1,0,1791331200,2026-10-07T00:00:00Z
2026-10-06T05:49:44.995276Z,refresh,17908,1761309,15,3,1,0,1791331200,2026-10-07T00:00:00Z
2026-10-06T05:49:44.995276Z,refresh,17910,1761314,5,1,1,0,1791331200,2026-10-07T00:00:00Z
2026-10-06T05:49:44.995276Z,refresh,18684,1761200,5,0,1,0,1791331200,2026-10-07T00:00:00Z
2026-10-06T05:49:44.995276Z,refresh,18685,1761201,5,1,1,0,1791331200,2026-10-07T00:00:00Z
2026-10-06T05:49:44.995276Z,refresh,18686,1761202,5,1,1,0,1791331200,2026-10-07T00:00:00Z
2026-10-06T05:49:44.995276Z,refresh,18687,1761203,5,1,1,0,1791331200,2026-10-07T00:00:00Z
2026-10-06T05:49:44.995276Z,refresh,18688,1761204,5,1,1,0,1791331200,2026-10-07T00:00:00Z
2026-10-06T05:49:44.995276Z,refresh,18689,1761205,65,14,1,0,1791331200,2026-10-07T00:00:00Z
2026-10-06T05:49:44.995276Z,refresh,18690,1761206,115,24,1,0,1791331200,2026-10-07T00:00:00Z
2026-10-06T05:49:44.995276Z,refresh,18691,1761207,15,3,1,0,1791331200,2026-10-07T00:00:00Z
2026-10-06T05:49:44.995276Z,refresh,18692,1761208,15,3,1,0,1791331200,2026-10-07T00:00:00Z
2026-10-06T05:49:44.995276Z,refresh,18693,1761209,15,3,1,0,1791331200,2026-10-07T00:00:00Z
2026-10-06T05:49:44.995276Z,refresh,18694,1761210,5,1,1,0,1791331200,2026-10-07T00:00:00Z
2026-10-06T05:49:44.995276Z,refresh,18695,1761211,5,1,1,0,1791331200,2026-10-07T00:00:00Z
2026-10-06T05:49:44.995276Z,refresh,18696,1761212,5,1,1,0,1791331200,2026-10-07T00:00:00Z
2026-10-06T05:49:44.995276Z,refresh,18697,1761213,5,1,1,0,1791331200,2026-10-07T00:00:00Z
2026-10-06T05:49:44.995276Z,refresh,18698,1761214,5,1,1,0,1791331200,2026-10-07T00:00:00Z
2026-10-06T05:49:44.995276Z,refresh,18699,1761215,5,1,1,0,1791331200,2026-10-07T00:00:00Z
2026-10-06T05:49:44.995276Z,refresh,18700,1761216,5,1,1,0,1791331200,2026-10-07T00:00:00Z
2026-10-06T05:49:44.995276Z,refresh,18701,1761217,320,19,1,0,1791331200,2026-10-07T00:00:00Z
2026-10-06T05:49:44.995276Z,refresh,18702,1761218,460,48,1,0,1791331200,2026-10-07T00:00:00Z
2026-10-06T05:49:44.995276Z,refresh,18703,1761219,55,5,1,0,1791331200,2026-10-07T00:00:00Z
2026-10-06T05:49:44.995276Z,refresh,18721,1761236,10,2,1,0,1791331200,2026-10-07T00:00:00Z
2026-10-06T05:49:44.995276Z,refresh,18722,1761237,55,12,1,0,1791331200,2026-10-07T00:00:00Z
2026-10-06T05:49:44.995276Z,refresh,18723,1761238,5,1,1,0,1791331200,2026-10-07T00:00:00Z
2026-10-06T05:49:44.995276Z,refresh,18724,1761239,5,1,1,0,1791331200,2026-10-07T00:00:00Z
2026-10-06T05:49:44.995276Z,refresh,18725,1761240,5,1,1,0,1791331200,2026-10-07T00:00:00Z
2026-10-06T05:49:44.995276Z,refresh,18726,1761241,5,1,1,0,1791331200,2026-10-07T00:00:00Z
2026-10-06T05:49:44.995276Z,refresh,18727,1761242,5,1,1,0,1791331200,2026-10-07T00:00:00Z
2026-10-06T05:49:44.995276Z,refresh,18728,1761243,5,1,1,0,1791331200,2026-10-07T00:00:00Z
2026-10-06T05:49:44.995276Z,refresh,18729,1761244,15,3,1,0,1791331200,2026-10-07T00:00:00Z
2026-10-06T05:49:44.995276Z,refresh,18730,1761245,15,3,1,0,1791331200,2026-10-07T00:00:00Z
2026-10-06T05:49:44.995276Z,refresh,18731,1761246,5,0,1,0,1791331200,2026-10-07T00:00:00Z
2026-10-06T05:49:44.995276Z,refresh,18732,1761310,5,1,1,0,1791331200,2026-10-07T00:00:00Z
2026-10-06T05:49:44.995276Z,refresh,18733,1761311,10,2,1,0,1791331200,2026-10-07T00:00:00Z
2026-10-06T05:49:44.995276Z,refresh,18734,1761312,10,2,1,0,1791331200,2026-10-07T00:00:00Z
2026-10-06T05:49:44.995276Z,refresh,18735,1761313,50,7,1,0,1791331200,2026-10-07T00:00:00Z
2026-10-06T05:49:44.995276Z,refresh,17125,1779931,65,14,1,0,1791333000,2026-10-07T00:30:00Z
2026-10-06T06:04:54.226558Z,refresh,10000,1761139,105,2,1,0,1791324000,2026-10-06T22:00:00Z
2026-10-06T06:04:54.226558Z,refresh,10001,1761140,100,0,1,0,1791324000,2026-10-06T22:00:00Z
2026-10-06T06:04:54.226558Z,refresh,10002,1761141,100,1,1,0,1791324000,2026-10-06T22:00:00Z
2026-10-06T06:04:54.226558Z,refresh,10003,1761142,1025,12,1,0,1791324000,2026-10-06T22:00:00Z
2026-10-06T06:04:54.226558Z,refresh,10004,1761143,2600,30,1,0,1791324000,2026-10-06T22:00:00Z
2026-10-06T06:04:54.226558Z,refresh,10005,1761144,3100,20,1,0,1791324000,2026-10-06T22:00:00Z
2026-10-06T06:04:54.226558Z,refresh,10006,1761145,2050,32,1,0,1791324000,2026-10-06T22:00:00Z
2026-10-06T06:04:54.226558Z,refresh,10007,1761146,1075,16,1,0,1791324000,2026-10-06T22:00:00Z
2026-10-06T06:04:54.226558Z,refresh,10008,1761147,9050,37,1,0,1791324000,2026-10-06T22:00:00Z
2026-10-06T06:04:54.226558Z,refresh,10009,1761148,25600,31,1,0,1791324000,2026-10-06T22:00:00Z
2026-10-06T06:04:54.226558Z,refresh,10010,1761149,13550,182,1,0,1791324000,2026-10-06T22:00:00Z
2026-10-06T06:04:54.226558Z,refresh,10011,1761150,20100,191,1,0,1791324000,2026-10-06T22:00:00Z
2026-10-06T06:04:54.226558Z,refresh,10012,1761151,20100,59,1,0,1791324000,2026-10-06T22:00:00Z
2026-10-06T06:04:54.226558Z,refresh,10013,1761152,50000,95,1,0,1791324000,2026-10-06T22:00:00Z
2026-10-06T06:04:54.226558Z,refresh,10014,1761153,23650,67,1,0,1791324000,2026-10-06T22:00:00Z
2026-10-06T06:04:54.226558Z,refresh,10015,1761154,20900,35,1,0,1791324000,2026-10-06T22:00:00Z
2026-10-06T06:04:54.226558Z,refresh,10016,1761155,15100,31,1,0,1791324000,2026-10-06T22:00:00Z
2026-10-06T06:04:54.226558Z,refresh,10017,1761156,42750,57,1,0,1791324000,2026-10-06T22:00:00Z
2026-10-06T06:04:54.226558Z,refresh,10018,1761157,2550,32,1,0,1791324000,2026-10-06T22:00:00Z
2026-10-06T06:04:54.226558Z,refresh,10019,1761158,1075,29,1,0,1791324000,2026-10-06T22:00:00Z
2026-10-06T06:04:54.226558Z,refresh,10050,1761119,4050,51,1,0,1791325800,2026-10-06T22:30:00Z
2026-10-06T06:04:54.226558Z,refresh,10051,1761120,705,3,1,0,1791325800,2026-10-06T22:30:00Z
2026-10-06T06:04:54.226558Z,refresh,10052,1761121,1550,14,1,0,1791325800,2026-10-06T22:30:00Z
2026-10-06T06:04:54.226558Z,refresh,10053,1761122,5050,77,1,0,1791325800,2026-10-06T22:30:00Z
2026-10-06T06:04:54.226558Z,refresh,10054,1761123,1550,35,1,0,1791325800,2026-10-06T22:30:00Z
2026-10-06T06:04:54.226558Z,refresh,10055,1761124,325,5,1,0,1791325800,2026-10-06T22:30:00Z
2026-10-06T06:04:54.226558Z,refresh,10056,1761125,120,5,1,0,1791325800,2026-10-06T22:30:00Z
2026-10-06T06:04:54.226558Z,refresh,10057,1761126,305,3,1,0,1791325800,2026-10-06T22:30:00Z
2026-10-06T06:04:54.226558Z,refresh,10058,1761127,755,13,1,0,1791325800,2026-10-06T22:30:00Z
2026-10-06T06:04:54.226558Z,refresh,10059,1761128,1400,22,1,0,1791325800,2026-10-06T22:30:00Z
2026-10-06T06:04:54.226558Z,refresh,10060,1761129,7800,63,1,0,1791325800,2026-10-06T22:30:00Z
2026-10-06T06:04:54.226558Z,refresh,10061,1761130,1550,40,1,0,1791325800,2026-10-06T22:30:00Z
2026-10-06T06:04:54.226558Z,refresh,10062,1761131,6200,137,1,0,1791325800,2026-10-06T22:30:00Z
2026-10-06T06:04:54.226558Z,refresh,10063,1761132,1525,15,1,0,1791325800,2026-10-06T22:30:00Z
2026-10-06T06:04:54.226558Z,refresh,10064,1761133,1700,24,1,0,1791325800,2026-10-06T22:30:00Z
2026-10-06T06:04:54.226558Z,refresh,10065,1761134,1650,44,1,0,1791325800,2026-10-06T22:30:00Z
2026-10-06T06:04:54.226558Z,refresh,10066,1761135,1650,16,1,0,1791325800,2026-10-06T22:30:00Z
2026-10-06T06:04:54.226558Z,refresh,10067,1761136,1550,5,1,0,1791325800,2026-10-06T22:30:00Z
2026-10-06T06:04:54.226558Z,refresh,10068,1761137,2100,17,1,0,1791325800,2026-10-06T22:30:00Z
2026-10-06T06:04:54.226558Z,refresh,10069,1761138,1320,69,1,0,1791325800,2026-10-06T22:30:00Z
2026-10-06T06:04:54.226558Z,refresh,17100,1761063,115,4,1,0,1791327600,2026-10-06T23:00:00Z
2026-10-06T06:04:54.226558Z,refresh,17101,1761064,110,3,1,0,1791327600,2026-10-06T23:00:00Z
2026-10-06T06:04:54.226558Z,refresh,17102,1761065,100,1,1,0,1791327600,2026-10-06T23:00:00Z
2026-10-06T06:04:54.226558Z,refresh,17103,1761066,105,2,1,0,1791327600,2026-10-06T23:00:00Z
2026-10-06T06:04:54.226558Z,refresh,17104,1761067,120,5,1,0,1791327600,2026-10-06T23:00:00Z
2026-10-06T06:04:54.226558Z,refresh,17105,1761068,105,2,1,0,1791327600,2026-10-06T23:00:00Z
2026-10-06T06:04:54.226558Z,refresh,17106,1761069,105,2,1,0,1791327600,2026-10-06T23:00:00Z
2026-10-06T06:04:54.226558Z,refresh,17107,1761070,110,3,1,0,1791327600,2026-10-06T23:00:00Z
2026-10-06T06:04:54.226558Z,refresh,17108,1761071,120,5,1,0,1791327600,2026-10-06T23:00:00Z
2026-10-06T06:04:54.226558Z,refresh,17109,1761072,110,3,1,0,1791327600,2026-10-06T23:00:00Z
2026-10-06T06:04:54.226558Z,refresh,17110,1761073,110,3,1,0,1791327600,2026-10-06T23:00:00Z
2026-10-06T06:04:54.226558Z,refresh,17111,1761074,115,4,1,0,1791327600,2026-10-06T23:00:00Z
2026-10-06T06:04:54.226558Z,refresh,17112,1761075,505,13,1,0,1791327600,2026-10-06T23:00:00Z
2026-10-06T06:04:54.226558Z,refresh,17113,1761076,105,2,1,0,1791327600,2026-10-06T23:00:00Z
2026-10-06T06:04:54.226558Z,refresh,17114,1761077,110,3,1,0,1791327600,2026-10-06T23:00:00Z
2026-10-06T06:04:54.226558Z,refresh,17115,1761078,505,28,1,0,1791327600,2026-10-06T23:00:00Z
2026-10-06T06:04:54.226558Z,refresh,17116,1761079,115,4,1,0,1791327600,2026-10-06T23:00:00Z
2026-10-06T06:04:54.226558Z,refresh,17117,1761080,105,2,1,0,1791327600,2026-10-06T23:00:00Z
2026-10-06T06:04:54.226558Z,refresh,17118,1761081,105,2,1,0,1791327600,2026-10-06T23:00:00Z
2026-10-06T06:04:54.226558Z,refresh,17119,1761082,100,1,1,0,1791327600,2026-10-06T23:00:00Z
2026-10-06T06:04:54.226558Z,refresh,17120,1761083,105,2,1,0,1791327600,2026-10-06T23:00:00Z
2026-10-06T06:04:54.226558Z,refresh,17121,1761084,105,2,1,0,1791327600,2026-10-06T23:00:00Z
2026-10-06T06:04:54.226558Z,refresh,17122,1761085,170,15,1,0,1791327600,2026-10-06T23:00:00Z
2026-10-06T06:04:54.226558Z,refresh,10020,1761159,16050,119,1,0,1791329400,2026-10-06T23:30:00Z
2026-10-06T06:04:54.226558Z,refresh,10021,1761160,5,1,1,0,1791329400,2026-10-06T23:30:00Z
2026-10-06T06:04:54.226558Z,refresh,10022,1761161,330,40,1,0,1791329400,2026-10-06T23:30:00Z
2026-10-06T06:04:54.226558Z,refresh,10023,1761162,550,47,1,0,1791329400,2026-10-06T23:30:00Z
2026-10-06T06:04:54.226558Z,refresh,10024,1761163,5,1,1,0,1791329400,2026-10-06T23:30:00Z
2026-10-06T06:04:54.226558Z,refresh,10025,1761164,5,0,1,0,1791329400,2026-10-06T23:30:00Z
2026-10-06T06:04:54.226558Z,refresh,17850,1761247,5,0,1,0,1791329400,2026-10-06T23:30:00Z
2026-10-06T06:04:54.226558Z,refresh,17851,1761248,5,1,1,0,1791329400,2026-10-06T23:30:00Z
2026-10-06T06:04:54.226558Z,refresh,17852,1761249,390,15,1,0,1791329400,2026-10-06T23:30:00Z
2026-10-06T06:04:54.226558Z,refresh,17853,1761250,1350,46,1,0,1791329400,2026-10-06T23:30:00Z
2026-10-06T06:04:54.226558Z,refresh,17854,1761251,155,10,1,0,1791329400,2026-10-06T23:30:00Z
2026-10-06T06:04:54.226558Z,refresh,17855,1761252,100,20,1,0,1791329400,2026-10-06T23:30:00Z
2026-10-06T06:04:54.226558Z,refresh,17856,1761253,180,21,1,0,1791329400,2026-10-06T23:30:00Z
2026-10-06T06:04:54.226558Z,refresh,17857,1761254,110,9,1,0,1791329400,2026-10-06T23:30:00Z
2026-10-06T06:04:54.226558Z,refresh,17858,1761255,60,12,1,0,1791329400,2026-10-06T23:30:00Z
2026-10-06T06:04:54.226558Z,refresh,17859,1761256,5,1,1,0,1791329400,2026-10-06T23:30:00Z
2026-10-06T06:04:54.226558Z,refresh,17860,1761257,5,1,1,0,1791329400,2026-10-06T23:30:00Z
2026-10-06T06:04:54.226558Z,refresh,17861,1761258,30,7,1,0,1791329400,2026-10-06T23:30:00Z
2026-10-06T06:04:54.226558Z,refresh,17862,1761259,5,1,1,0,1791329400,2026-10-06T23:30:00Z
2026-10-06T06:04:54.226558Z,refresh,17863,1761260,5,1,1,0,1791329400,2026-10-06T23:30:00Z
2026-10-06T06:04:54.226558Z,refresh,17864,1761262,10,3,1,0,1791329400,2026-10-06T23:30:00Z
2026-10-06T06:04:54.226558Z,refresh,17865,1761263,15,3,1,0,1791329400,2026-10-06T23:30:00Z
2026-10-06T06:04:54.226558Z,refresh,17909,1761086,5,0,1,0,1791329400,2026-10-06T23:30:00Z
2026-10-06T06:04:54.226558Z,refresh,17911,1761088,5,0,1,0,1791329400,2026-10-06T23:30:00Z
2026-10-06T06:04:54.226558Z,refresh,17912,1761089,5,0,1,0,1791329400,2026-10-06T23:30:00Z
2026-10-06T06:04:54.226558Z,refresh,17913,1761090,5,0,1,0,1791329400,2026-10-06T23:30:00Z
2026-10-06T06:04:54.226558Z,refresh,17914,1761091,5,0,1,0,1791329400,2026-10-06T23:30:00Z
2026-10-06T06:04:54.226558Z,refresh,17915,1761092,5,0,1,0,1791329400,2026-10-06T23:30:00Z
2026-10-06T06:04:54.226558Z,refresh,17916,1761093,5,0,1,0,1791329400,2026-10-06T23:30:00Z
2026-10-06T06:04:54.226558Z,refresh,17917,1761094,5,1,1,0,1791329400,2026-10-06T23:30:00Z
2026-10-06T06:04:54.226558Z,refresh,17918,1761095,5,0,1,0,1791329400,2026-10-06T23:30:00Z
2026-10-06T06:04:54.226558Z,refresh,17919,1761096,5,0,1,0,1791329400,2026-10-06T23:30:00Z
2026-10-06T06:04:54.226558Z,refresh,17920,1761097,5,1,1,0,1791329400,2026-10-06T23:30:00Z
2026-10-06T06:04:54.226558Z,refresh,17921,1761098,5,1,1,0,1791329400,2026-10-06T23:30:00Z
2026-10-06T06:04:54.226558Z,refresh,17922,1761099,5,0,1,0,1791329400,2026-10-06T23:30:00Z
2026-10-06T06:04:54.226558Z,refresh,17923,1761100,5,0,1,0,1791329400,2026-10-06T23:30:00Z
2026-10-06T06:04:54.226558Z,refresh,17924,1761101,10,2,1,0,1791329400,2026-10-06T23:30:00Z
2026-10-06T06:04:54.226558Z,refresh,17925,1761102,5,1,1,0,1791329400,2026-10-06T23:30:00Z
2026-10-06T06:04:54.226558Z,refresh,17926,1761103,5,1,1,0,1791329400,2026-10-06T23:30:00Z
2026-10-06T06:04:54.226558Z,refresh,17927,1761104,105,5,1,0,1791329400,2026-10-06T23:30:00Z
2026-10-06T06:04:54.226558Z,refresh,17928,1761105,5,1,1,0,1791329400,2026-10-06T23:30:00Z
2026-10-06T06:04:54.226558Z,refresh,17929,1761106,5,1,1,0,1791329400,2026-10-06T23:30:00Z
2026-10-06T06:04:54.226558Z,refresh,17930,1761107,5,1,1,0,1791329400,2026-10-06T23:30:00Z
2026-10-06T06:04:54.226558Z,refresh,17931,1761108,15,4,1,0,1791329400,2026-10-06T23:30:00Z
2026-10-06T06:04:54.226558Z,refresh,17932,1761109,5,1,1,0,1791329400,2026-10-06T23:30:00Z
2026-10-06T06:04:54.226558Z,refresh,17933,1761110,5,1,1,0,1791329400,2026-10-06T23:30:00Z
2026-10-06T06:04:54.226558Z,refresh,17934,1761111,5,0,1,0,1791329400,2026-10-06T23:30:00Z
2026-10-06T06:04:54.226558Z,refresh,17935,1761112,5,0,1,0,1791329400,2026-10-06T23:30:00Z
2026-10-06T06:04:54.226558Z,refresh,17936,1761113,5,0,1,0,1791329400,2026-10-06T23:30:00Z
2026-10-06T06:04:54.226558Z,refresh,17937,1761114,5,1,1,0,1791329400,2026-10-06T23:30:00Z
2026-10-06T06:04:54.226558Z,refresh,17938,1761115,5,1,1,0,1791329400,2026-10-06T23:30:00Z
2026-10-06T06:04:54.226558Z,refresh,17939,1761116,5,1,1,0,1791329400,2026-10-06T23:30:00Z
2026-10-06T06:04:54.226558Z,refresh,17940,1761117,25,5,1,0,1791329400,2026-10-06T23:30:00Z
2026-10-06T06:04:54.226558Z,refresh,17941,1761118,420,19,1,0,1791329400,2026-10-06T23:30:00Z
2026-10-06T06:04:54.226558Z,refresh,18650,1761165,5,1,1,0,1791329400,2026-10-06T23:30:00Z
2026-10-06T06:04:54.226558Z,refresh,18651,1761166,40,9,1,0,1791329400,2026-10-06T23:30:00Z
2026-10-06T06:04:54.226558Z,refresh,18652,1761167,5,1,1,0,1791329400,2026-10-06T23:30:00Z
2026-10-06T06:04:54.226558Z,refresh,18653,1761168,5,1,1,0,1791329400,2026-10-06T23:30:00Z
2026-10-06T06:04:54.226558Z,refresh,18654,1761169,15,3,1,0,1791329400,2026-10-06T23:30:00Z
2026-10-06T06:04:54.226558Z,refresh,18655,1761170,5,1,1,0,1791329400,2026-10-06T23:30:00Z
2026-10-06T06:04:54.226558Z,refresh,18656,1761171,5,1,1,0,1791329400,2026-10-06T23:30:00Z
2026-10-06T06:04:54.226558Z,refresh,18657,1761172,110,9,1,0,1791329400,2026-10-06T23:30:00Z
2026-10-06T06:04:54.226558Z,refresh,18658,1761173,15,3,1,0,1791329400,2026-10-06T23:30:00Z
2026-10-06T06:04:54.226558Z,refresh,18659,1761174,5,1,1,0,1791329400,2026-10-06T23:30:00Z
2026-10-06T06:04:54.226558Z,refresh,18660,1761175,410,67,1,0,1791329400,2026-10-06T23:30:00Z
2026-10-06T06:04:54.226558Z,refresh,18661,1761176,35,8,1,0,1791329400,2026-10-06T23:30:00Z
2026-10-06T06:04:54.226558Z,refresh,18662,1761177,5,1,1,0,1791329400,2026-10-06T23:30:00Z
2026-10-06T06:04:54.226558Z,refresh,18663,1761178,210,25,1,0,1791329400,2026-10-06T23:30:00Z
2026-10-06T06:04:54.226558Z,refresh,18664,1761179,255,30,1,0,1791329400,2026-10-06T23:30:00Z
2026-10-06T06:04:54.226558Z,refresh,18665,1761180,205,33,1,0,1791329400,2026-10-06T23:30:00Z
2026-10-06T06:04:54.226558Z,refresh,18666,1761181,39,6,1,0,1791329400,2026-10-06T23:30:00Z
2026-10-06T06:04:54.226558Z,refresh,18667,1761182,5,0,1,0,1791329400,2026-10-06T23:30:00Z
2026-10-06T06:04:54.226558Z,refresh,18668,1761183,5,1,1,0,1791329400,2026-10-06T23:30:00Z
2026-10-06T06:04:54.226558Z,refresh,18669,1761184,55,10,1,0,1791329400,2026-10-06T23:30:00Z
2026-10-06T06:04:54.226558Z,refresh,18670,1761185,15,3,1,0,1791329400,2026-10-06T23:30:00Z
2026-10-06T06:04:54.226558Z,refresh,18671,1761186,125,25,1,0,1791329400,2026-10-06T23:30:00Z
2026-10-06T06:04:54.226558Z,refresh,18672,1761187,115,24,1,0,1791329400,2026-10-06T23:30:00Z
2026-10-06T06:04:54.226558Z,refresh,18673,1761188,24,5,1,0,1791329400,2026-10-06T23:30:00Z
2026-10-06T06:04:54.226558Z,refresh,18674,1761189,15,3,1,0,1791329400,2026-10-06T23:30:00Z
2026-10-06T06:04:54.226558Z,refresh,18675,1761190,55,12,1,0,1791329400,2026-10-06T23:30:00Z
2026-10-06T06:04:54.226558Z,refresh,18676,1761191,5,1,1,0,1791329400,2026-10-06T23:30:00Z
2026-10-06T06:04:54.226558Z,refresh,18677,1761192,35,8,1,0,1791329400,2026-10-06T23:30:00Z
2026-10-06T06:04:54.226558Z,refresh,18678,1761194,20,5,1,0,1791329400,2026-10-06T23:30:00Z
2026-10-06T06:04:54.226558Z,refresh,18679,1761195,5,1,1,0,1791329400,2026-10-06T23:30:00Z
2026-10-06T06:04:54.226558Z,refresh,18680,1761196,55,12,1,0,1791329400,2026-10-06T23:30:00Z
2026-10-06T06:04:54.226558Z,refresh,18681,1761197,70,11,1,0,1791329400,2026-10-06T23:30:00Z
2026-10-06T06:04:54.226558Z,refresh,18682,1761198,10,2,1,0,1791329400,2026-10-06T23:30:00Z
2026-10-06T06:04:54.226558Z,refresh,18683,1761199,5,1,1,0,1791329400,2026-10-06T23:30:00Z
2026-10-06T06:04:54.226558Z,refresh,18705,1761220,5,0,1,0,1791329400,2026-10-06T23:30:00Z
2026-10-06T06:04:54.226558Z,refresh,18706,1761221,5,0,1,0,1791329400,2026-10-06T23:30:00Z
2026-10-06T06:04:54.226558Z,refresh,18707,1761222,10,2,1,0,1791329400,2026-10-06T23:30:00Z
2026-10-06T06:04:54.226558Z,refresh,18708,1761223,45,6,1,0,1791329400,2026-10-06T23:30:00Z
2026-10-06T06:04:54.226558Z,refresh,18709,1761224,5,0,1,0,1791329400,2026-10-06T23:30:00Z
2026-10-06T06:04:54.226558Z,refresh,18710,1761225,5,0,1,0,1791329400,2026-10-06T23:30:00Z
2026-10-06T06:04:54.226558Z,refresh,18711,1761226,5,0,1,0,1791329400,2026-10-06T23:30:00Z
2026-10-06T06:04:54.226558Z,refresh,18712,1761227,5,1,1,0,1791329400,2026-10-06T23:30:00Z
2026-10-06T06:04:54.226558Z,refresh,18713,1761228,50,10,1,0,1791329400,2026-10-06T23:30:00Z
2026-10-06T06:04:54.226558Z,refresh,18714,1761229,5,1,1,0,1791329400,2026-10-06T23:30:00Z
2026-10-06T06:04:54.226558Z,refresh,18715,1761230,5,1,1,0,1791329400,2026-10-06T23:30:00Z
2026-10-06T06:04:54.226558Z,refresh,18716,1761231,155,5,1,0,1791329400,2026-10-06T23:30:00Z
2026-10-06T06:04:54.226558Z,refresh,18717,1761232,205,6,1,0,1791329400,2026-10-06T23:30:00Z
2026-10-06T06:04:54.226558Z,refresh,18718,1761233,115,24,1,0,1791329400,2026-10-06T23:30:00Z
2026-10-06T06:04:54.226558Z,refresh,18719,1761234,5,0,1,0,1791329400,2026-10-06T23:30:00Z
2026-10-06T06:04:54.226558Z,refresh,18720,1761235,5,0,1,0,1791329400,2026-10-06T23:30:00Z
2026-10-06T06:04:54.226558Z,refresh,17866,1761264,5,1,1,0,1791331200,2026-10-07T00:00:00Z
2026-10-06T06:04:54.226558Z,refresh,17867,1761265,10,2,1,0,1791331200,2026-10-07T00:00:00Z
2026-10-06T06:04:54.226558Z,refresh,17868,1761266,5,1,1,0,1791331200,2026-10-07T00:00:00Z
2026-10-06T06:04:54.226558Z,refresh,17869,1761268,10,2,1,0,1791331200,2026-10-07T00:00:00Z
2026-10-06T06:04:54.226558Z,refresh,17870,1761269,5,1,1,0,1791331200,2026-10-07T00:00:00Z
2026-10-06T06:04:54.226558Z,refresh,17871,1761270,5,1,1,0,1791331200,2026-10-07T00:00:00Z
2026-10-06T06:04:54.226558Z,refresh,17872,1761271,5,0,1,0,1791331200,2026-10-07T00:00:00Z
2026-10-06T06:04:54.226558Z,refresh,17873,1761272,10,2,1,0,1791331200,2026-10-07T00:00:00Z
2026-10-06T06:04:54.226558Z,refresh,17874,1761273,5,0,1,0,1791331200,2026-10-07T00:00:00Z
2026-10-06T06:04:54.226558Z,refresh,17875,1761274,160,25,1,0,1791331200,2026-10-07T00:00:00Z
2026-10-06T06:04:54.226558Z,refresh,17876,1761275,15,3,1,0,1791331200,2026-10-07T00:00:00Z
2026-10-06T06:04:54.226558Z,refresh,17877,1761276,5,1,1,0,1791331200,2026-10-07T00:00:00Z
2026-10-06T06:04:54.226558Z,refresh,17878,1761277,40,9,1,0,1791331200,2026-10-07T00:00:00Z
2026-10-06T06:04:54.226558Z,refresh,17879,1761278,5,1,1,0,1791331200,2026-10-07T00:00:00Z
2026-10-06T06:04:54.226558Z,refresh,17880,1761279,210,17,1,0,1791331200,2026-10-07T00:00:00Z
2026-10-06T06:04:54.226558Z,refresh,17881,1761280,44,9,1,0,1791331200,2026-10-07T00:00:00Z
2026-10-06T06:04:54.226558Z,refresh,17882,1761281,24,5,1,0,1791331200,2026-10-07T00:00:00Z
2026-10-06T06:04:54.226558Z,refresh,17883,1761282,34,7,1,0,1791331200,2026-10-07T00:00:00Z
2026-10-06T06:04:54.226558Z,refresh,17884,1761283,15,3,1,0,1791331200,2026-10-07T00:00:00Z
2026-10-06T06:04:54.226558Z,refresh,17885,1761284,5,1,1,0,1791331200,2026-10-07T00:00:00Z
2026-10-06T06:04:54.226558Z,refresh,17886,1761285,5,1,1,0,1791331200,2026-10-07T00:00:00Z
2026-10-06T06:04:54.226558Z,refresh,17887,1761286,5,1,1,0,1791331200,2026-10-07T00:00:00Z
2026-10-06T06:04:54.226558Z,refresh,17888,1761287,5,0,1,0,1791331200,2026-10-07T00:00:00Z
2026-10-06T06:04:54.226558Z,refresh,17889,1761288,105,12,1,0,1791331200,2026-10-07T00:00:00Z
2026-10-06T06:04:54.226558Z,refresh,17890,1761289,10,2,1,0,1791331200,2026-10-07T00:00:00Z
2026-10-06T06:04:54.226558Z,refresh,17891,1761291,600,51,1,0,1791331200,2026-10-07T00:00:00Z
2026-10-06T06:04:54.226558Z,refresh,17892,1761292,255,52,1,0,1791331200,2026-10-07T00:00:00Z
2026-10-06T06:04:54.226558Z,refresh,17893,1761293,5,1,1,0,1791331200,2026-10-07T00:00:00Z
2026-10-06T06:04:54.226558Z,refresh,17894,1761294,24,5,1,0,1791331200,2026-10-07T00:00:00Z
2026-10-06T06:04:54.226558Z,refresh,17895,1761295,114,24,1,0,1791331200,2026-10-07T00:00:00Z
2026-10-06T06:04:54.226558Z,refresh,17896,1761296,10,2,1,0,1791331200,2026-10-07T00:00:00Z
2026-10-06T06:04:54.226558Z,refresh,17897,1761297,55,12,1,0,1791331200,2026-10-07T00:00:00Z
2026-10-06T06:04:54.226558Z,refresh,17898,1761298,5,1,1,0,1791331200,2026-10-07T00:00:00Z
2026-10-06T06:04:54.226558Z,refresh,17899,1761299,10,2,1,0,1791331200,2026-10-07T00:00:00Z
2026-10-06T06:04:54.226558Z,refresh,17900,1761300,25,5,1,0,1791331200,2026-10-07T00:00:00Z
2026-10-06T06:04:54.226558Z,refresh,17901,1761301,31,7,1,0,1791331200,2026-10-07T00:00:00Z
2026-10-06T06:04:54.226558Z,refresh,17902,1761303,5,0,1,0,1791331200,2026-10-07T00:00:00Z
2026-10-06T06:04:54.226558Z,refresh,17903,1761304,370,53,1,0,1791331200,2026-10-07T00:00:00Z
2026-10-06T06:04:54.226558Z,refresh,17904,1761305,15,3,1,0,1791331200,2026-10-07T00:00:00Z
2026-10-06T06:04:54.226558Z,refresh,17905,1761306,35,8,1,0,1791331200,2026-10-07T00:00:00Z
2026-10-06T06:04:54.226558Z,refresh,17906,1761307,115,18,1,0,1791331200,2026-10-07T00:00:00Z
2026-10-06T06:04:54.226558Z,refresh,17907,1761308,115,6,1,0,1791331200,2026-10-07T00:00:00Z
2026-10-06T06:04:54.226558Z,refresh,17908,1761309,15,3,1,0,1791331200,2026-10-07T00:00:00Z
2026-10-06T06:04:54.226558Z,refresh,17910,1761314,5,1,1,0,1791331200,2026-10-07T00:00:00Z
2026-10-06T06:04:54.226558Z,refresh,18684,1761200,5,0,1,0,1791331200,2026-10-07T00:00:00Z
2026-10-06T06:04:54.226558Z,refresh,18685,1761201,5,1,1,0,1791331200,2026-10-07T00:00:00Z
2026-10-06T06:04:54.226558Z,refresh,18686,1761202,5,1,1,0,1791331200,2026-10-07T00:00:00Z
2026-10-06T06:04:54.226558Z,refresh,18687,1761203,5,1,1,0,1791331200,2026-10-07T00:00:00Z
2026-10-06T06:04:54.226558Z,refresh,18688,1761204,5,1,1,0,1791331200,2026-10-07T00:00:00Z
2026-10-06T06:04:54.226558Z,refresh,18689,1761205,65,14,1,0,1791331200,2026-10-07T00:00:00Z
2026-10-06T06:04:54.226558Z,refresh,18690,1761206,115,24,1,0,1791331200,2026-10-07T00:00:00Z
2026-10-06T06:04:54.226558Z,refresh,18691,1761207,15,3,1,0,1791331200,2026-10-07T00:00:00Z
2026-10-06T06:04:54.226558Z,refresh,18692,1761208,15,3,1,0,1791331200,2026-10-07T00:00:00Z
2026-10-06T06:04:54.226558Z,refresh,18693,1761209,15,3,1,0,1791331200,2026-10-07T00:00:00Z
2026-10-06T06:04:54.226558Z,refresh,18694,1761210,5,1,1,0,1791331200,2026-10-07T00:00:00Z
2026-10-06T06:04:54.226558Z,refresh,18695,1761211,5,1,1,0,1791331200,2026-10-07T00:00:00Z
2026-10-06T06:04:54.226558Z,refresh,18696,1761212,5,1,1,0,1791331200,2026-10-07T00:00:00Z
2026-10-06T06:04:54.226558Z,refresh,18697,1761213,5,1,1,0,1791331200,2026-10-07T00:00:00Z
2026-10-06T06:04:54.226558Z,refresh,18698,1761214,5,1,1,0,1791331200,2026-10-07T00:00:00Z
2026-10-06T06:04:54.226558Z,refresh,18699,1761215,5,1,1,0,1791331200,2026-10-07T00:00:00Z
2026-10-06T06:04:54.226558Z,refresh,18700,1761216,5,1,1,0,1791331200,2026-10-07T00:00:00Z
2026-10-06T06:04:54.226558Z,refresh,18701,1761217,320,19,1,0,1791331200,2026-10-07T00:00:00Z
2026-10-06T06:04:54.226558Z,refresh,18702,1761218,460,48,1,0,1791331200,2026-10-07T00:00:00Z
2026-10-06T06:04:54.226558Z,refresh,18703,1761219,55,5,1,0,1791331200,2026-10-07T00:00:00Z
2026-10-06T06:04:54.226558Z,refresh,18721,1761236,10,2,1,0,1791331200,2026-10-07T00:00:00Z
2026-10-06T06:04:54.226558Z,refresh,18722,1761237,55,12,1,0,1791331200,2026-10-07T00:00:00Z
2026-10-06T06:04:54.226558Z,refresh,18723,1761238,5,1,1,0,1791331200,2026-10-07T00:00:00Z
2026-10-06T06:04:54.226558Z,refresh,18724,1761239,5,1,1,0,1791331200,2026-10-07T00:00:00Z
2026-10-06T06:04:54.226558Z,refresh,18725,1761240,5,1,1,0,1791331200,2026-10-07T00:00:00Z
2026-10-06T06:04:54.226558Z,refresh,18726,1761241,5,1,1,0,1791331200,2026-10-07T00:00:00Z
2026-10-06T06:04:54.226558Z,refresh,18727,1761242,5,1,1,0,1791331200,2026-10-07T00:00:00Z
2026-10-06T06:04:54.226558Z,refresh,18728,1761243,5,1,1,0,1791331200,2026-10-07T00:00:00Z
2026-10-06T06:04:54.226558Z,refresh,18729,1761244,15,3,1,0,1791331200,2026-10-07T00:00:00Z
2026-10-06T06:04:54.226558Z,refresh,18730,1761245,15,3,1,0,1791331200,2026-10-07T00:00:00Z
2026-10-06T06:04:54.226558Z,refresh,18731,1761246,5,0,1,0,1791331200,2026-10-07T00:00:00Z
2026-10-06T06:04:54.226558Z,refresh,18732,1761310,5,1,1,0,1791331200,2026-10-07T00:00:00Z
2026-10-06T06:04:54.226558Z,refresh,18733,1761311,10,2,1,0,1791331200,2026-10-07T00:00:00Z
2026-10-06T06:04:54.226558Z,refresh,18734,1761312,10,2,1,0,1791331200,2026-10-07T00:00:00Z
2026-10-06T06:04:54.226558Z,refresh,18735,1761313,50,7,1,0,1791331200,2026-10-07T00:00:00Z
2026-10-06T06:04:54.226558Z,refresh,17125,1779931,65,14,1,0,1791333000,2026-10-07T00:30:00Z
2026-10-06T06:30:48.531548Z,refresh,10000,1761139,105,2,1,0,1791324000,2026-10-06T22:00:00Z
2026-10-06T06:30:48.531548Z,refresh,10001,1761140,100,0,1,0,1791324000,2026-10-06T22:00:00Z
2026-10-06T06:30:48.531548Z,refresh,10002,1761141,100,1,1,0,1791324000,2026-10-06T22:00:00Z
2026-10-06T06:30:48.531548Z,refresh,10003,1761142,1025,12,1,0,1791324000,2026-10-06T22:00:00Z
2026-10-06T06:30:48.531548Z,refresh,10004,1761143,2600,30,1,0,1791324000,2026-10-06T22:00:00Z
2026-10-06T06:30:48.531548Z,refresh,10005,1761144,3100,20,1,0,1791324000,2026-10-06T22:00:00Z
2026-10-06T06:30:48.531548Z,refresh,10006,1761145,2050,32,1,0,1791324000,2026-10-06T22:00:00Z
2026-10-06T06:30:48.531548Z,refresh,10007,1761146,1075,16,1,0,1791324000,2026-10-06T22:00:00Z
2026-10-06T06:30:48.531548Z,refresh,10008,1761147,9050,37,1,0,1791324000,2026-10-06T22:00:00Z
2026-10-06T06:30:48.531548Z,refresh,10009,1761148,25600,31,1,0,1791324000,2026-10-06T22:00:00Z
2026-10-06T06:30:48.531548Z,refresh,10010,1761149,13550,182,1,0,1791324000,2026-10-06T22:00:00Z
2026-10-06T06:30:48.531548Z,refresh,10011,1761150,20100,191,1,0,1791324000,2026-10-06T22:00:00Z
2026-10-06T06:30:48.531548Z,refresh,10012,1761151,20100,59,1,0,1791324000,2026-10-06T22:00:00Z
2026-10-06T06:30:48.531548Z,refresh,10013,1761152,50000,95,1,0,1791324000,2026-10-06T22:00:00Z
2026-10-06T06:30:48.531548Z,refresh,10014,1761153,23650,67,1,0,1791324000,2026-10-06T22:00:00Z
2026-10-06T06:30:48.531548Z,refresh,10015,1761154,20900,35,1,0,1791324000,2026-10-06T22:00:00Z
2026-10-06T06:30:48.531548Z,refresh,10016,1761155,15100,31,1,0,1791324000,2026-10-06T22:00:00Z
2026-10-06T06:30:48.531548Z,refresh,10017,1761156,42750,57,1,0,1791324000,2026-10-06T22:00:00Z
2026-10-06T06:30:48.531548Z,refresh,10018,1761157,2550,32,1,0,1791324000,2026-10-06T22:00:00Z
2026-10-06T06:30:48.531548Z,refresh,10019,1761158,1075,29,1,0,1791324000,2026-10-06T22:00:00Z
2026-10-06T06:30:48.531548Z,refresh,10050,1761119,4050,51,1,0,1791325800,2026-10-06T22:30:00Z
2026-10-06T06:30:48.531548Z,refresh,10051,1761120,705,3,1,0,1791325800,2026-10-06T22:30:00Z
2026-10-06T06:30:48.531548Z,refresh,10052,1761121,1550,14,1,0,1791325800,2026-10-06T22:30:00Z
2026-10-06T06:30:48.531548Z,refresh,10053,1761122,5050,77,1,0,1791325800,2026-10-06T22:30:00Z
2026-10-06T06:30:48.531548Z,refresh,10054,1761123,1550,35,1,0,1791325800,2026-10-06T22:30:00Z
2026-10-06T06:30:48.531548Z,refresh,10055,1761124,325,5,1,0,1791325800,2026-10-06T22:30:00Z
2026-10-06T06:30:48.531548Z,refresh,10056,1761125,120,5,1,0,1791325800,2026-10-06T22:30:00Z
2026-10-06T06:30:48.531548Z,refresh,10057,1761126,305,3,1,0,1791325800,2026-10-06T22:30:00Z
2026-10-06T06:30:48.531548Z,refresh,10058,1761127,755,13,1,0,1791325800,2026-10-06T22:30:00Z
2026-10-06T06:30:48.531548Z,refresh,10059,1761128,1400,22,1,0,1791325800,2026-10-06T22:30:00Z
2026-10-06T06:30:48.531548Z,refresh,10060,1761129,7800,63,1,0,1791325800,2026-10-06T22:30:00Z
2026-10-06T06:30:48.531548Z,refresh,10061,1761130,1550,40,1,0,1791325800,2026-10-06T22:30:00Z
2026-10-06T06:30:48.531548Z,refresh,10062,1761131,6200,137,1,0,1791325800,2026-10-06T22:30:00Z
2026-10-06T06:30:48.531548Z,refresh,10063,1761132,1525,15,1,0,1791325800,2026-10-06T22:30:00Z
2026-10-06T06:30:48.531548Z,refresh,10064,1761133,1700,24,1,0,1791325800,2026-10-06T22:30:00Z
2026-10-06T06:30:48.531548Z,refresh,10065,1761134,1650,44,1,0,1791325800,2026-10-06T22:30:00Z
2026-10-06T06:30:48.531548Z,refresh,10066,1761135,1650,16,1,0,1791325800,2026-10-06T22:30:00Z
2026-10-06T06:30:48.531548Z,refresh,10067,1761136,1550,5,1,0,1791325800,2026-10-06T22:30:00Z
2026-10-06T06:30:48.531548Z,refresh,10068,1761137,2100,17,1,0,1791325800,2026-10-06T22:30:00Z
2026-10-06T06:30:48.531548Z,refresh,10069,1761138,1320,69,1,0,1791325800,2026-10-06T22:30:00Z
2026-10-06T06:30:48.531548Z,refresh,17100,1761063,115,4,1,0,1791327600,2026-10-06T23:00:00Z
2026-10-06T06:30:48.531548Z,refresh,17101,1761064,110,3,1,0,1791327600,2026-10-06T23:00:00Z
2026-10-06T06:30:48.531548Z,refresh,17102,1761065,100,1,1,0,1791327600,2026-10-06T23:00:00Z
2026-10-06T06:30:48.531548Z,refresh,17103,1761066,105,2,1,0,1791327600,2026-10-06T23:00:00Z
2026-10-06T06:30:48.531548Z,refresh,17104,1761067,120,5,1,0,1791327600,2026-10-06T23:00:00Z
2026-10-06T06:30:48.531548Z,refresh,17105,1761068,105,2,1,0,1791327600,2026-10-06T23:00:00Z
2026-10-06T06:30:48.531548Z,refresh,17106,1761069,105,2,1,0,1791327600,2026-10-06T23:00:00Z
2026-10-06T06:30:48.531548Z,refresh,17107,1761070,110,3,1,0,1791327600,2026-10-06T23:00:00Z
2026-10-06T06:30:48.531548Z,refresh,17108,1761071,120,5,1,0,1791327600,2026-10-06T23:00:00Z
2026-10-06T06:30:48.531548Z,refresh,17109,1761072,110,3,1,0,1791327600,2026-10-06T23:00:00Z
2026-10-06T06:30:48.531548Z,refresh,17110,1761073,110,3,1,0,1791327600,2026-10-06T23:00:00Z
2026-10-06T06:30:48.531548Z,refresh,17111,1761074,115,4,1,0,1791327600,2026-10-06T23:00:00Z
2026-10-06T06:30:48.531548Z,refresh,17112,1761075,505,13,1,0,1791327600,2026-10-06T23:00:00Z
2026-10-06T06:30:48.531548Z,refresh,17113,1761076,105,2,1,0,1791327600,2026-10-06T23:00:00Z
2026-10-06T06:30:48.531548Z,refresh,17114,1761077,110,3,1,0,1791327600,2026-10-06T23:00:00Z
2026-10-06T06:30:48.531548Z,refresh,17115,1761078,505,28,1,0,1791327600,2026-10-06T23:00:00Z
2026-10-06T06:30:48.531548Z,refresh,17116,1761079,115,4,1,0,1791327600,2026-10-06T23:00:00Z
2026-10-06T06:30:48.531548Z,refresh,17117,1761080,105,2,1,0,1791327600,2026-10-06T23:00:00Z
2026-10-06T06:30:48.531548Z,refresh,17118,1761081,105,2,1,0,1791327600,2026-10-06T23:00:00Z
2026-10-06T06:30:48.531548Z,refresh,17119,1761082,100,1,1,0,1791327600,2026-10-06T23:00:00Z
2026-10-06T06:30:48.531548Z,refresh,17120,1761083,105,2,1,0,1791327600,2026-10-06T23:00:00Z
2026-10-06T06:30:48.531548Z,refresh,17121,1761084,105,2,1,0,1791327600,2026-10-06T23:00:00Z
2026-10-06T06:30:48.531548Z,refresh,17122,1761085,170,15,1,0,1791327600,2026-10-06T23:00:00Z
2026-10-06T06:30:48.531548Z,refresh,10020,1761159,16050,119,1,0,1791329400,2026-10-06T23:30:00Z
2026-10-06T06:30:48.531548Z,refresh,10021,1761160,5,1,1,0,1791329400,2026-10-06T23:30:00Z
2026-10-06T06:30:48.531548Z,refresh,10022,1761161,330,40,1,0,1791329400,2026-10-06T23:30:00Z
2026-10-06T06:30:48.531548Z,refresh,10023,1761162,550,47,1,0,1791329400,2026-10-06T23:30:00Z
2026-10-06T06:30:48.531548Z,refresh,10024,1761163,5,1,1,0,1791329400,2026-10-06T23:30:00Z
2026-10-06T06:30:48.531548Z,refresh,10025,1761164,5,0,1,0,1791329400,2026-10-06T23:30:00Z
2026-10-06T06:30:48.531548Z,refresh,17850,1761247,5,0,1,0,1791329400,2026-10-06T23:30:00Z
2026-10-06T06:30:48.531548Z,refresh,17851,1761248,5,1,1,0,1791329400,2026-10-06T23:30:00Z
2026-10-06T06:30:48.531548Z,refresh,17852,1761249,390,15,1,0,1791329400,2026-10-06T23:30:00Z
2026-10-06T06:30:48.531548Z,refresh,17853,1761250,1350,46,1,0,1791329400,2026-10-06T23:30:00Z
2026-10-06T06:30:48.531548Z,refresh,17854,1761251,155,10,1,0,1791329400,2026-10-06T23:30:00Z
2026-10-06T06:30:48.531548Z,refresh,17855,1761252,100,20,1,0,1791329400,2026-10-06T23:30:00Z
2026-10-06T06:30:48.531548Z,refresh,17856,1761253,180,21,1,0,1791329400,2026-10-06T23:30:00Z
2026-10-06T06:30:48.531548Z,refresh,17857,1761254,110,9,1,0,1791329400,2026-10-06T23:30:00Z
2026-10-06T06:30:48.531548Z,refresh,17858,1761255,60,12,1,0,1791329400,2026-10-06T23:30:00Z
2026-10-06T06:30:48.531548Z,refresh,17859,1761256,5,1,1,0,1791329400,2026-10-06T23:30:00Z
2026-10-06T06:30:48.531548Z,refresh,17860,1761257,5,1,1,0,1791329400,2026-10-06T23:30:00Z
2026-10-06T06:30:48.531548Z,refresh,17861,1761258,30,7,1,0,1791329400,2026-10-06T23:30:00Z
2026-10-06T06:30:48.531548Z,refresh,17862,1761259,5,1,1,0,1791329400,2026-10-06T23:30:00Z
2026-10-06T06:30:48.531548Z,refresh,17863,1761260,5,1,1,0,1791329400,2026-10-06T23:30:00Z
2026-10-06T06:30:48.531548Z,refresh,17864,1761262,10,3,1,0,1791329400,2026-10-06T23:30:00Z
2026-10-06T06:30:48.531548Z,refresh,17865,1761263,15,3,1,0,1791329400,2026-10-06T23:30:00Z
2026-10-06T06:30:48.531548Z,refresh,17909,1761086,5,0,1,0,1791329400,2026-10-06T23:30:00Z
2026-10-06T06:30:48.531548Z,refresh,17911,1761088,5,0,1,0,1791329400,2026-10-06T23:30:00Z
2026-10-06T06:30:48.531548Z,refresh,17912,1761089,5,0,1,0,1791329400,2026-10-06T23:30:00Z
2026-10-06T06:30:48.531548Z,refresh,17913,1761090,5,0,1,0,1791329400,2026-10-06T23:30:00Z
2026-10-06T06:30:48.531548Z,refresh,17914,1761091,5,0,1,0,1791329400,2026-10-06T23:30:00Z
2026-10-06T06:30:48.531548Z,refresh,17915,1761092,5,0,1,0,1791329400,2026-10-06T23:30:00Z
2026-10-06T06:30:48.531548Z,refresh,17916,1761093,5,0,1,0,1791329400,2026-10-06T23:30:00Z
2026-10-06T06:30:48.531548Z,refresh,17917,1761094,5,1,1,0,1791329400,2026-10-06T23:30:00Z
2026-10-06T06:30:48.531548Z,refresh,17918,1761095,5,0,1,0,1791329400,2026-10-06T23:30:00Z
2026-10-06T06:30:48.531548Z,refresh,17919,1761096,5,0,1,0,1791329400,2026-10-06T23:30:00Z
2026-10-06T06:30:48.531548Z,refresh,17920,1761097,5,1,1,0,1791329400,2026-10-06T23:30:00Z
2026-10-06T06:30:48.531548Z,refresh,17921,1761098,5,1,1,0,1791329400,2026-10-06T23:30:00Z
2026-10-06T06:30:48.531548Z,refresh,17922,1761099,5,0,1,0,1791329400,2026-10-06T23:30:00Z
2026-10-06T06:30:48.531548Z,refresh,17923,1761100,5,0,1,0,1791329400,2026-10-06T23:30:00Z
2026-10-06T06:30:48.531548Z,refresh,17924,1761101,10,2,1,0,1791329400,2026-10-06T23:30:00Z
2026-10-06T06:30:48.531548Z,refresh,17925,1761102,5,1,1,0,1791329400,2026-10-06T23:30:00Z
2026-10-06T06:30:48.531548Z,refresh,17926,1761103,5,1,1,0,1791329400,2026-10-06T23:30:00Z
2026-10-06T06:30:48.531548Z,refresh,17927,1761104,105,5,1,0,1791329400,2026-10-06T23:30:00Z
2026-10-06T06:30:48.531548Z,refresh,17928,1761105,5,1,1,0,1791329400,2026-10-06T23:30:00Z
2026-10-06T06:30:48.531548Z,refresh,17929,1761106,5,1,1,0,1791329400,2026-10-06T23:30:00Z
2026-10-06T06:30:48.531548Z,refresh,17930,1761107,5,1,1,0,1791329400,2026-10-06T23:30:00Z
2026-10-06T06:30:48.531548Z,refresh,17931,1761108,15,4,1,0,1791329400,2026-10-06T23:30:00Z
2026-10-06T06:30:48.531548Z,refresh,17932,1761109,5,1,1,0,1791329400,2026-10-06T23:30:00Z
2026-10-06T06:30:48.531548Z,refresh,17933,1761110,5,1,1,0,1791329400,2026-10-06T23:30:00Z
2026-10-06T06:30:48.531548Z,refresh,17934,1761111,5,0,1,0,1791329400,2026-10-06T23:30:00Z
2026-10-06T06:30:48.531548Z,refresh,17935,1761112,5,0,1,0,1791329400,2026-10-06T23:30:00Z
2026-10-06T06:30:48.531548Z,refresh,17936,1761113,5,0,1,0,1791329400,2026-10-06T23:30:00Z
2026-10-06T06:30:48.531548Z,refresh,17937,1761114,5,1,1,0,1791329400,2026-10-06T23:30:00Z
2026-10-06T06:30:48.531548Z,refresh,17938,1761115,5,1,1,0,1791329400,2026-10-06T23:30:00Z
2026-10-06T06:30:48.531548Z,refresh,17939,1761116,5,1,1,0,1791329400,2026-10-06T23:30:00Z
2026-10-06T06:30:48.531548Z,refresh,17940,1761117,25,5,1,0,1791329400,2026-10-06T23:30:00Z
2026-10-06T06:30:48.531548Z,refresh,17941,1761118,420,19,1,0,1791329400,2026-10-06T23:30:00Z
2026-10-06T06:30:48.531548Z,refresh,18650,1761165,5,1,1,0,1791329400,2026-10-06T23:30:00Z
2026-10-06T06:30:48.531548Z,refresh,18651,1761166,40,9,1,0,1791329400,2026-10-06T23:30:00Z
2026-10-06T06:30:48.531548Z,refresh,18652,1761167,5,1,1,0,1791329400,2026-10-06T23:30:00Z
2026-10-06T06:30:48.531548Z,refresh,18653,1761168,5,1,1,0,1791329400,2026-10-06T23:30:00Z
2026-10-06T06:30:48.531548Z,refresh,18654,1761169,15,3,1,0,1791329400,2026-10-06T23:30:00Z
2026-10-06T06:30:48.531548Z,refresh,18655,1761170,5,1,1,0,1791329400,2026-10-06T23:30:00Z
2026-10-06T06:30:48.531548Z,refresh,18656,1761171,5,1,1,0,1791329400,2026-10-06T23:30:00Z
2026-10-06T06:30:48.531548Z,refresh,18657,1761172,110,9,1,0,1791329400,2026-10-06T23:30:00Z
2026-10-06T06:30:48.531548Z,refresh,18658,1761173,15,3,1,0,1791329400,2026-10-06T23:30:00Z
2026-10-06T06:30:48.531548Z,refresh,18659,1761174,5,1,1,0,1791329400,2026-10-06T23:30:00Z
2026-10-06T06:30:48.531548Z,refresh,18660,1761175,410,67,1,0,1791329400,2026-10-06T23:30:00Z
2026-10-06T06:30:48.531548Z,refresh,18661,1761176,35,8,1,0,1791329400,2026-10-06T23:30:00Z
2026-10-06T06:30:48.531548Z,refresh,18662,1761177,5,1,1,0,1791329400,2026-10-06T23:30:00Z
2026-10-06T06:30:48.531548Z,refresh,18663,1761178,210,25,1,0,1791329400,2026-10-06T23:30:00Z
2026-10-06T06:30:48.531548Z,refresh,18664,1761179,255,30,1,0,1791329400,2026-10-06T23:30:00Z
2026-10-06T06:30:48.531548Z,refresh,18665,1761180,205,33,1,0,1791329400,2026-10-06T23:30:00Z
2026-10-06T06:30:48.531548Z,refresh,18666,1761181,39,6,1,0,1791329400,2026-10-06T23:30:00Z
2026-10-06T06:30:48.531548Z,refresh,18667,1761182,5,0,1,0,1791329400,2026-10-06T23:30:00Z
2026-10-06T06:30:48.531548Z,refresh,18668,1761183,5,1,1,0,1791329400,2026-10-06T23:30:00Z
2026-10-06T06:30:48.531548Z,refresh,18669,1761184,55,10,1,0,1791329400,2026-10-06T23:30:00Z
2026-10-06T06:30:48.531548Z,refresh,18670,1761185,15,3,1,0,1791329400,2026-10-06T23:30:00Z
2026-10-06T06:30:48.531548Z,refresh,18671,1761186,125,25,1,0,1791329400,2026-10-06T23:30:00Z
2026-10-06T06:30:48.531548Z,refresh,18672,1761187,115,24,1,0,1791329400,2026-10-06T23:30:00Z
2026-10-06T06:30:48.531548Z,refresh,18673,1761188,24,5,1,0,1791329400,2026-10-06T23:30:00Z
2026-10-06T06:30:48.531548Z,refresh,18674,1761189,15,3,1,0,1791329400,2026-10-06T23:30:00Z
2026-10-06T06:30:48.531548Z,refresh,18675,1761190,55,12,1,0,1791329400,2026-10-06T23:30:00Z
2026-10-06T06:30:48.531548Z,refresh,18676,1761191,5,1,1,0,1791329400,2026-10-06T23:30:00Z
2026-10-06T06:30:48.531548Z,refresh,18677,1761192,35,8,1,0,1791329400,2026-10-06T23:30:00Z
2026-10-06T06:30:48.531548Z,refresh,18678,1761194,20,5,1,0,1791329400,2026-10-06T23:30:00Z
2026-10-06T06:30:48.531548Z,refresh,18679,1761195,5,1,1,0,1791329400,2026-10-06T23:30:00Z
2026-10-06T06:30:48.531548Z,refresh,18680,1761196,55,12,1,0,1791329400,2026-10-06T23:30:00Z
2026-10-06T06:30:48.531548Z,refresh,18681,1761197,70,11,1,0,1791329400,2026-10-06T23:30:00Z
2026-10-06T06:30:48.531548Z,refresh,18682,1761198,10,2,1,0,1791329400,2026-10-06T23:30:00Z
2026-10-06T06:30:48.531548Z,refresh,18683,1761199,5,1,1,0,1791329400,2026-10-06T23:30:00Z
2026-10-06T06:30:48.531548Z,refresh,18705,1761220,5,0,1,0,1791329400,2026-10-06T23:30:00Z
2026-10-06T06:30:48.531548Z,refresh,18706,1761221,5,0,1,0,1791329400,2026-10-06T23:30:00Z
2026-10-06T06:30:48.531548Z,refresh,18707,1761222,10,2,1,0,1791329400,2026-10-06T23:30:00Z
2026-10-06T06:30:48.531548Z,refresh,18708,1761223,45,6,1,0,1791329400,2026-10-06T23:30:00Z
2026-10-06T06:30:48.531548Z,refresh,18709,1761224,5,0,1,0,1791329400,2026-10-06T23:30:00Z
2026-10-06T06:30:48.531548Z,refresh,18710,1761225,5,0,1,0,1791329400,2026-10-06T23:30:00Z
2026-10-06T06:30:48.531548Z,refresh,18711,1761226,5,0,1,0,1791329400,2026-10-06T23:30:00Z
2026-10-06T06:30:48.531548Z,refresh,18712,1761227,5,1,1,0,1791329400,2026-10-06T23:30:00Z
2026-10-06T06:30:48.531548Z,refresh,18713,1761228,50,10,1,0,1791329400,2026-10-06T23:30:00Z
2026-10-06T06:30:48.531548Z,refresh,18714,1761229,5,1,1,0,1791329400,2026-10-06T23:30:00Z
2026-10-06T06:30:48.531548Z,refresh,18715,1761230,5,1,1,0,1791329400,2026-10-06T23:30:00Z
2026-10-06T06:30:48.531548Z,refresh,18716,1761231,155,5,1,0,1791329400,2026-10-06T23:30:00Z
2026-10-06T06:30:48.531548Z,refresh,18717,1761232,205,6,1,0,1791329400,2026-10-06T23:30:00Z
2026-10-06T06:30:48.531548Z,refresh,18718,1761233,115,24,1,0,1791329400,2026-10-06T23:30:00Z
2026-10-06T06:30:48.531548Z,refresh,18719,1761234,5,0,1,0,1791329400,2026-10-06T23:30:00Z
2026-10-06T06:30:48.531548Z,refresh,18720,1761235,5,0,1,0,1791329400,2026-10-06T23:30:00Z
2026-10-06T06:30:48.531548Z,refresh,17866,1761264,5,1,1,0,1791331200,2026-10-07T00:00:00Z
2026-10-06T06:30:48.531548Z,refresh,17867,1761265,10,2,1,0,1791331200,2026-10-07T00:00:00Z
2026-10-06T06:30:48.531548Z,refresh,17868,1761266,5,1,1,0,1791331200,2026-10-07T00:00:00Z
2026-10-06T06:30:48.531548Z,refresh,17869,1761268,10,2,1,0,1791331200,2026-10-07T00:00:00Z
2026-10-06T06:30:48.531548Z,refresh,17870,1761269,5,1,1,0,1791331200,2026-10-07T00:00:00Z
2026-10-06T06:30:48.531548Z,refresh,17871,1761270,5,1,1,0,1791331200,2026-10-07T00:00:00Z
2026-10-06T06:30:48.531548Z,refresh,17872,1761271,5,0,1,0,1791331200,2026-10-07T00:00:00Z
2026-10-06T06:30:48.531548Z,refresh,17873,1761272,10,2,1,0,1791331200,2026-10-07T00:00:00Z
2026-10-06T06:30:48.531548Z,refresh,17874,1761273,5,0,1,0,1791331200,2026-10-07T00:00:00Z
2026-10-06T06:30:48.531548Z,refresh,17875,1761274,160,25,1,0,1791331200,2026-10-07T00:00:00Z
2026-10-06T06:30:48.531548Z,refresh,17876,1761275,15,3,1,0,1791331200,2026-10-07T00:00:00Z
2026-10-06T06:30:48.531548Z,refresh,17877,1761276,5,1,1,0,1791331200,2026-10-07T00:00:00Z
2026-10-06T06:30:48.531548Z,refresh,17878,1761277,40,9,1,0,1791331200,2026-10-07T00:00:00Z
2026-10-06T06:30:48.531548Z,refresh,17879,1761278,5,1,1,0,1791331200,2026-10-07T00:00:00Z
2026-10-06T06:30:48.531548Z,refresh,17880,1761279,210,17,1,0,1791331200,2026-10-07T00:00:00Z
2026-10-06T06:30:48.531548Z,refresh,17881,1761280,44,9,1,0,1791331200,2026-10-07T00:00:00Z
2026-10-06T06:30:48.531548Z,refresh,17882,1761281,24,5,1,0,1791331200,2026-10-07T00:00:00Z
2026-10-06T06:30:48.531548Z,refresh,17883,1761282,34,7,1,0,1791331200,2026-10-07T00:00:00Z
2026-10-06T06:30:48.531548Z,refresh,17884,1761283,15,3,1,0,1791331200,2026-10-07T00:00:00Z
2026-10-06T06:30:48.531548Z,refresh,17885,1761284,5,1,1,0,1791331200,2026-10-07T00:00:00Z
2026-10-06T06:30:48.531548Z,refresh,17886,1761285,5,1,1,0,1791331200,2026-10-07T00:00:00Z
2026-10-06T06:30:48.531548Z,refresh,17887,1761286,5,1,1,0,1791331200,2026-10-07T00:00:00Z
2026-10-06T06:30:48.531548Z,refresh,17888,1761287,5,0,1,0,1791331200,2026-10-07T00:00:00Z
2026-10-06T06:30:48.531548Z,refresh,17889,1761288,105,12,1,0,1791331200,2026-10-07T00:00:00Z
2026-10-06T06:30:48.531548Z,refresh,17890,1761289,10,2,1,0,1791331200,2026-10-07T00:00:00Z
2026-10-06T06:30:48.531548Z,refresh,17891,1761291,600,51,1,0,1791331200,2026-10-07T00:00:00Z
2026-10-06T06:30:48.531548Z,refresh,17892,1761292,255,52,1,0,1791331200,2026-10-07T00:00:00Z
2026-10-06T06:30:48.531548Z,refresh,17893,1761293,5,1,1,0,1791331200,2026-10-07T00:00:00Z
2026-10-06T06:30:48.531548Z,refresh,17894,1761294,24,5,1,0,1791331200,2026-10-07T00:00:00Z
2026-10-06T06:30:48.531548Z,refresh,17895,1761295,114,24,1,0,1791331200,2026-10-07T00:00:00Z
2026-10-06T06:30:48.531548Z,refresh,17896,1761296,10,2,1,0,1791331200,2026-10-07T00:00:00Z
2026-10-06T06:30:48.531548Z,refresh,17897,1761297,55,12,1,0,1791331200,2026-10-07T00:00:00Z
2026-10-06T06:30:48.531548Z,refresh,17898,1761298,5,1,1,0,1791331200,2026-10-07T00:00:00Z
2026-10-06T06:30:48.531548Z,refresh,17899,1761299,10,2,1,0,1791331200,2026-10-07T00:00:00Z
2026-10-06T06:30:48.531548Z,refresh,17900,1761300,25,5,1,0,1791331200,2026-10-07T00:00:00Z
2026-10-06T06:30:48.531548Z,refresh,17901,1761301,31,7,1,0,1791331200,2026-10-07T00:00:00Z
2026-10-06T06:30:48.531548Z,refresh,17902,1761303,5,0,1,0,1791331200,2026-10-07T00:00:00Z
2026-10-06T06:30:48.531548Z,refresh,17903,1761304,370,53,1,0,1791331200,2026-10-07T00:00:00Z
2026-10-06T06:30:48.531548Z,refresh,17904,1761305,15,3,1,0,1791331200,2026-10-07T00:00:00Z
2026-10-06T06:30:48.531548Z,refresh,17905,1761306,35,8,1,0,1791331200,2026-10-07T00:00:00Z
2026-10-06T06:30:48.531548Z,refresh,17906,1761307,115,18,1,0,1791331200,2026-10-07T00:00:00Z
2026-10-06T06:30:48.531548Z,refresh,17907,1761308,115,6,1,0,1791331200,2026-10-07T00:00:00Z
2026-10-06T06:30:48.531548Z,refresh,17908,1761309,15,3,1,0,1791331200,2026-10-07T00:00:00Z
2026-10-06T06:30:48.531548Z,refresh,17910,1761314,5,1,1,0,1791331200,2026-10-07T00:00:00Z
2026-10-06T06:30:48.531548Z,refresh,18684,1761200,5,0,1,0,1791331200,2026-10-07T00:00:00Z
2026-10-06T06:30:48.531548Z,refresh,18685,1761201,5,1,1,0,1791331200,2026-10-07T00:00:00Z
2026-10-06T06:30:48.531548Z,refresh,18686,1761202,5,1,1,0,1791331200,2026-10-07T00:00:00Z
2026-10-06T06:30:48.531548Z,refresh,18687,1761203,5,1,1,0,1791331200,2026-10-07T00:00:00Z
2026-10-06T06:30:48.531548Z,refresh,18688,1761204,5,1,1,0,1791331200,2026-10-07T00:00:00Z
2026-10-06T06:30:48.531548Z,refresh,18689,1761205,65,14,1,0,1791331200,2026-10-07T00:00:00Z
2026-10-06T06:30:48.531548Z,refresh,18690,1761206,115,24,1,0,1791331200,2026-10-07T00:00:00Z
2026-10-06T06:30:48.531548Z,refresh,18691,1761207,15,3,1,0,1791331200,2026-10-07T00:00:00Z
2026-10-06T06:30:48.531548Z,refresh,18692,1761208,15,3,1,0,1791331200,2026-10-07T00:00:00Z
2026-10-06T06:30:48.531548Z,refresh,18693,1761209,15,3,1,0,1791331200,2026-10-07T00:00:00Z
2026-10-06T06:30:48.531548Z,refresh,18694,1761210,5,1,1,0,1791331200,2026-10-07T00:00:00Z
2026-10-06T06:30:48.531548Z,refresh,18695,1761211,5,1,1,0,1791331200,2026-10-07T00:00:00Z
2026-10-06T06:30:48.531548Z,refresh,18696,1761212,5,1,1,0,1791331200,2026-10-07T00:00:00Z
2026-10-06T06:30:48.531548Z,refresh,18697,1761213,5,1,1,0,1791331200,2026-10-07T00:00:00Z
2026-10-06T06:30:48.531548Z,refresh,18698,1761214,5,1,1,0,1791331200,2026-10-07T00:00:00Z
2026-10-06T06:30:48.531548Z,refresh,18699,1761215,5,1,1,0,1791331200,2026-10-07T00:00:00Z
2026-10-06T06:30:48.531548Z,refresh,18700,1761216,5,1,1,0,1791331200,2026-10-07T00:00:00Z
2026-10-06T06:30:48.531548Z,refresh,18701,1761217,320,19,1,0,1791331200,2026-10-07T00:00:00Z
2026-10-06T06:30:48.531548Z,refresh,18702,1761218,460,48,1,0,1791331200,2026-10-07T00:00:00Z
2026-10-06T06:30:48.531548Z,refresh,18703,1761219,55,5,1,0,1791331200,2026-10-07T00:00:00Z
2026-10-06T06:30:48.531548Z,refresh,18721,1761236,10,2,1,0,1791331200,2026-10-07T00:00:00Z
2026-10-06T06:30:48.531548Z,refresh,18722,1761237,55,12,1,0,1791331200,2026-10-07T00:00:00Z
2026-10-06T06:30:48.531548Z,refresh,18723,1761238,5,1,1,0,1791331200,2026-10-07T00:00:00Z
2026-10-06T06:30:48.531548Z,refresh,18724,1761239,5,1,1,0,1791331200,2026-10-07T00:00:00Z
2026-10-06T06:30:48.531548Z,refresh,18725,1761240,5,1,1,0,1791331200,2026-10-07T00:00:00Z
2026-10-06T06:30:48.531548Z,refresh,18726,1761241,5,1,1,0,1791331200,2026-10-07T00:00:00Z
2026-10-06T06:30:48.531548Z,refresh,18727,1761242,5,1,1,0,1791331200,2026-10-07T00:00:00Z
2026-10-06T06:30:48.531548Z,refresh,18728,1761243,5,1,1,0,1791331200,2026-10-07T00:00:00Z
2026-10-06T06:30:48.531548Z,refresh,18729,1761244,15,3,1,0,1791331200,2026-10-07T00:00:00Z
2026-10-06T06:30:48.531548Z,refresh,18730,1761245,15,3,1,0,1791331200,2026-10-07T00:00:00Z
2026-10-06T06:30:48.531548Z,refresh,18731,1761246,5,0,1,0,1791331200,2026-10-07T00:00:00Z
2026-10-06T06:30:48.531548Z,refresh,18732,1761310,5,1,1,0,1791331200,2026-10-07T00:00:00Z
2026-10-06T06:30:48.531548Z,refresh,18733,1761311,10,2,1,0,1791331200,2026-10-07T00:00:00Z
2026-10-06T06:30:48.531548Z,refresh,18734,1761312,10,2,1,0,1791331200,2026-10-07T00:00:00Z
2026-10-06T06:30:48.531548Z,refresh,18735,1761313,50,7,1,0,1791331200,2026-10-07T00:00:00Z
2026-10-06T06:30:48.531548Z,refresh,17125,1779931,65,14,1,0,1791333000,2026-10-07T00:30:00Z
2026-10-06T06:38:13.150476Z,refresh,10000,1761139,105,2,1,0,1791324000,2026-10-06T22:00:00Z
2026-10-06T06:38:13.150476Z,refresh,10001,1761140,100,0,1,0,1791324000,2026-10-06T22:00:00Z
2026-10-06T06:38:13.150476Z,refresh,10002,1761141,100,1,1,0,1791324000,2026-10-06T22:00:00Z
2026-10-06T06:38:13.150476Z,refresh,10003,1761142,1025,12,1,0,1791324000,2026-10-06T22:00:00Z
2026-10-06T06:38:13.150476Z,refresh,10004,1761143,2600,30,1,0,1791324000,2026-10-06T22:00:00Z
2026-10-06T06:38:13.150476Z,refresh,10005,1761144,3100,20,1,0,1791324000,2026-10-06T22:00:00Z
2026-10-06T06:38:13.150476Z,refresh,10006,1761145,2050,32,1,0,1791324000,2026-10-06T22:00:00Z
2026-10-06T06:38:13.150476Z,refresh,10007,1761146,1075,16,1,0,1791324000,2026-10-06T22:00:00Z
2026-10-06T06:38:13.150476Z,refresh,10008,1761147,9050,37,1,0,1791324000,2026-10-06T22:00:00Z
2026-10-06T06:38:13.150476Z,refresh,10009,1761148,25600,31,1,0,1791324000,2026-10-06T22:00:00Z
2026-10-06T06:38:13.150476Z,refresh,10010,1761149,13550,182,1,0,1791324000,2026-10-06T22:00:00Z
2026-10-06T06:38:13.150476Z,refresh,10011,1761150,20100,191,1,0,1791324000,2026-10-06T22:00:00Z
2026-10-06T06:38:13.150476Z,refresh,10012,1761151,20100,59,1,0,1791324000,2026-10-06T22:00:00Z
2026-10-06T06:38:13.150476Z,refresh,10013,1761152,50000,95,1,0,1791324000,2026-10-06T22:00:00Z
2026-10-06T06:38:13.150476Z,refresh,10014,1761153,23650,67,1,0,1791324000,2026-10-06T22:00:00Z
2026-10-06T06:38:13.150476Z,refresh,10015,1761154,20900,35,1,0,1791324000,2026-10-06T22:00:00Z
2026-10-06T06:38:13.150476Z,refresh,10016,1761155,15100,31,1,0,1791324000,2026-10-06T22:00:00Z
2026-10-06T06:38:13.150476Z,refresh,10017,1761156,42750,57,1,0,1791324000,2026-10-06T22:00:00Z
2026-10-06T06:38:13.150476Z,refresh,10018,1761157,2550,32,1,0,1791324000,2026-10-06T22:00:00Z
2026-10-06T06:38:13.150476Z,refresh,10019,1761158,1075,29,1,0,1791324000,2026-10-06T22:00:00Z
2026-10-06T06:38:13.150476Z,refresh,10050,1761119,4050,51,1,0,1791325800,2026-10-06T22:30:00Z
2026-10-06T06:38:13.150476Z,refresh,10051,1761120,705,3,1,0,1791325800,2026-10-06T22:30:00Z
2026-10-06T06:38:13.150476Z,refresh,10052,1761121,1550,14,1,0,1791325800,2026-10-06T22:30:00Z
2026-10-06T06:38:13.150476Z,refresh,10053,1761122,5050,77,1,0,1791325800,2026-10-06T22:30:00Z
2026-10-06T06:38:13.150476Z,refresh,10054,1761123,1550,35,1,0,1791325800,2026-10-06T22:30:00Z
2026-10-06T06:38:13.150476Z,refresh,10055,1761124,325,5,1,0,1791325800,2026-10-06T22:30:00Z
2026-10-06T06:38:13.150476Z,refresh,10056,1761125,120,5,1,0,1791325800,2026-10-06T22:30:00Z
2026-10-06T06:38:13.150476Z,refresh,10057,1761126,305,3,1,0,1791325800,2026-10-06T22:30:00Z
2026-10-06T06:38:13.150476Z,refresh,10058,1761127,755,13,1,0,1791325800,2026-10-06T22:30:00Z
2026-10-06T06:38:13.150476Z,refresh,10059,1761128,1400,22,1,0,1791325800,2026-10-06T22:30:00Z
2026-10-06T06:38:13.150476Z,refresh,10060,1761129,7800,63,1,0,1791325800,2026-10-06T22:30:00Z
2026-10-06T06:38:13.150476Z,refresh,10061,1761130,1550,40,1,0,1791325800,2026-10-06T22:30:00Z
2026-10-06T06:38:13.150476Z,refresh,10062,1761131,6200,137,1,0,1791325800,2026-10-06T22:30:00Z
2026-10-06T06:38:13.150476Z,refresh,10063,1761132,1525,15,1,0,1791325800,2026-10-06T22:30:00Z
2026-10-06T06:38:13.150476Z,refresh,10064,1761133,1700,24,1,0,1791325800,2026-10-06T22:30:00Z
2026-10-06T06:38:13.150476Z,refresh,10065,1761134,1650,44,1,0,1791325800,2026-10-06T22:30:00Z
2026-10-06T06:38:13.150476Z,refresh,10066,1761135,1650,16,1,0,1791325800,2026-10-06T22:30:00Z
2026-10-06T06:38:13.150476Z,refresh,10067,1761136,1550,5,1,0,1791325800,2026-10-06T22:30:00Z
2026-10-06T06:38:13.150476Z,refresh,10068,1761137,2100,17,1,0,1791325800,2026-10-06T22:30:00Z
2026-10-06T06:38:13.150476Z,refresh,10069,1761138,1320,69,1,0,1791325800,2026-10-06T22:30:00Z
2026-10-06T06:38:13.150476Z,refresh,17100,1761063,115,4,1,0,1791327600,2026-10-06T23:00:00Z
2026-10-06T06:38:13.150476Z,refresh,17101,1761064,110,3,1,0,1791327600,2026-10-06T23:00:00Z
2026-10-06T06:38:13.150476Z,refresh,17102,1761065,100,1,1,0,1791327600,2026-10-06T23:00:00Z
2026-10-06T06:38:13.150476Z,refresh,17103,1761066,105,2,1,0,1791327600,2026-10-06T23:00:00Z
2026-10-06T06:38:13.150476Z,refresh,17104,1761067,120,5,1,0,1791327600,2026-10-06T23:00:00Z
2026-10-06T06:38:13.150476Z,refresh,17105,1761068,105,2,1,0,1791327600,2026-10-06T23:00:00Z
2026-10-06T06:38:13.150476Z,refresh,17106,1761069,105,2,1,0,1791327600,2026-10-06T23:00:00Z
2026-10-06T06:38:13.150476Z,refresh,17107,1761070,110,3,1,0,1791327600,2026-10-06T23:00:00Z
2026-10-06T06:38:13.150476Z,refresh,17108,1761071,120,5,1,0,1791327600,2026-10-06T23:00:00Z
2026-10-06T06:38:13.150476Z,refresh,17109,1761072,110,3,1,0,1791327600,2026-10-06T23:00:00Z
2026-10-06T06:38:13.150476Z,refresh,17110,1761073,110,3,1,0,1791327600,2026-10-06T23:00:00Z
2026-10-06T06:38:13.150476Z,refresh,17111,1761074,115,4,1,0,1791327600,2026-10-06T23:00:00Z
2026-10-06T06:38:13.150476Z,refresh,17112,1761075,505,13,1,0,1791327600,2026-10-06T23:00:00Z
2026-10-06T06:38:13.150476Z,refresh,17113,1761076,105,2,1,0,1791327600,2026-10-06T23:00:00Z
2026-10-06T06:38:13.150476Z,refresh,17114,1761077,110,3,1,0,1791327600,2026-10-06T23:00:00Z
2026-10-06T06:38:13.150476Z,refresh,17115,1761078,505,28,1,0,1791327600,2026-10-06T23:00:00Z
2026-10-06T06:38:13.150476Z,refresh,17116,1761079,115,4,1,0,1791327600,2026-10-06T23:00:00Z
2026-10-06T06:38:13.150476Z,refresh,17117,1761080,105,2,1,0,1791327600,2026-10-06T23:00:00Z
2026-10-06T06:38:13.150476Z,refresh,17118,1761081,105,2,1,0,1791327600,2026-10-06T23:00:00Z
2026-10-06T06:38:13.150476Z,refresh,17119,1761082,100,1,1,0,1791327600,2026-10-06T23:00:00Z
2026-10-06T06:38:13.150476Z,refresh,17120,1761083,105,2,1,0,1791327600,2026-10-06T23:00:00Z
2026-10-06T06:38:13.150476Z,refresh,17121,1761084,105,2,1,0,1791327600,2026-10-06T23:00:00Z
2026-10-06T06:38:13.150476Z,refresh,17122,1761085,170,15,1,0,1791327600,2026-10-06T23:00:00Z
2026-10-06T06:38:13.150476Z,refresh,10020,1761159,16050,119,1,0,1791329400,2026-10-06T23:30:00Z
2026-10-06T06:38:13.150476Z,refresh,10021,1761160,5,1,1,0,1791329400,2026-10-06T23:30:00Z
2026-10-06T06:38:13.150476Z,refresh,10022,1761161,330,40,1,0,1791329400,2026-10-06T23:30:00Z
2026-10-06T06:38:13.150476Z,refresh,10023,1761162,550,47,1,0,1791329400,2026-10-06T23:30:00Z
2026-10-06T06:38:13.150476Z,refresh,10024,1761163,5,1,1,0,1791329400,2026-10-06T23:30:00Z
2026-10-06T06:38:13.150476Z,refresh,10025,1761164,5,0,1,0,1791329400,2026-10-06T23:30:00Z
2026-10-06T06:38:13.150476Z,refresh,17850,1761247,5,0,1,0,1791329400,2026-10-06T23:30:00Z
2026-10-06T06:38:13.150476Z,refresh,17851,1761248,5,1,1,0,1791329400,2026-10-06T23:30:00Z
2026-10-06T06:38:13.150476Z,refresh,17852,1761249,390,15,1,0,1791329400,2026-10-06T23:30:00Z
2026-10-06T06:38:13.150476Z,refresh,17853,1761250,1350,46,1,0,1791329400,2026-10-06T23:30:00Z
2026-10-06T06:38:13.150476Z,refresh,17854,1761251,155,10,1,0,1791329400,2026-10-06T23:30:00Z
2026-10-06T06:38:13.150476Z,refresh,17855,1761252,100,20,1,0,1791329400,2026-10-06T23:30:00Z
2026-10-06T06:38:13.150476Z,refresh,17856,1761253,180,21,1,0,1791329400,2026-10-06T23:30:00Z
2026-10-06T06:38:13.150476Z,refresh,17857,1761254,110,9,1,0,1791329400,2026-10-06T23:30:00Z
2026-10-06T06:38:13.150476Z,refresh,17858,1761255,60,12,1,0,1791329400,2026-10-06T23:30:00Z
2026-10-06T06:38:13.150476Z,refresh,17859,1761256,5,1,1,0,1791329400,2026-10-06T23:30:00Z
2026-10-06T06:38:13.150476Z,refresh,17860,1761257,5,1,1,0,1791329400,2026-10-06T23:30:00Z
2026-10-06T06:38:13.150476Z,refresh,17861,1761258,30,7,1,0,1791329400,2026-10-06T23:30:00Z
2026-10-06T06:38:13.150476Z,refresh,17862,1761259,5,1,1,0,1791329400,2026-10-06T23:30:00Z
2026-10-06T06:38:13.150476Z,refresh,17863,1761260,5,1,1,0,1791329400,2026-10-06T23:30:00Z
2026-10-06T06:38:13.150476Z,refresh,17864,1761262,10,3,1,0,1791329400,2026-10-06T23:30:00Z
2026-10-06T06:38:13.150476Z,refresh,17865,1761263,15,3,1,0,1791329400,2026-10-06T23:30:00Z
2026-10-06T06:38:13.150476Z,refresh,17909,1761086,5,0,1,0,1791329400,2026-10-06T23:30:00Z
2026-10-06T06:38:13.150476Z,refresh,17911,1761088,5,0,1,0,1791329400,2026-10-06T23:30:00Z
2026-10-06T06:38:13.150476Z,refresh,17912,1761089,5,0,1,0,1791329400,2026-10-06T23:30:00Z
2026-10-06T06:38:13.150476Z,refresh,17913,1761090,5,0,1,0,1791329400,2026-10-06T23:30:00Z
2026-10-06T06:38:13.150476Z,refresh,17914,1761091,5,0,1,0,1791329400,2026-10-06T23:30:00Z
2026-10-06T06:38:13.150476Z,refresh,17915,1761092,5,0,1,0,1791329400,2026-10-06T23:30:00Z
2026-10-06T06:38:13.150476Z,refresh,17916,1761093,5,0,1,0,1791329400,2026-10-06T23:30:00Z
2026-10-06T06:38:13.150476Z,refresh,17917,1761094,5,1,1,0,1791329400,2026-10-06T23:30:00Z
2026-10-06T06:38:13.150476Z,refresh,17918,1761095,5,0,1,0,1791329400,2026-10-06T23:30:00Z
2026-10-06T06:38:13.150476Z,refresh,17919,1761096,5,0,1,0,1791329400,2026-10-06T23:30:00Z
2026-10-06T06:38:13.150476Z,refresh,17920,1761097,5,1,1,0,1791329400,2026-10-06T23:30:00Z
2026-10-06T06:38:13.150476Z,refresh,17921,1761098,5,1,1,0,1791329400,2026-10-06T23:30:00Z
2026-10-06T06:38:13.150476Z,refresh,17922,1761099,5,0,1,0,1791329400,2026-10-06T23:30:00Z
2026-10-06T06:38:13.150476Z,refresh,17923,1761100,5,0,1,0,1791329400,2026-10-06T23:30:00Z
2026-10-06T06:38:13.150476Z,refresh,17924,1761101,10,2,1,0,1791329400,2026-10-06T23:30:00Z
2026-10-06T06:38:13.150476Z,refresh,17925,1761102,5,1,1,0,1791329400,2026-10-06T23:30:00Z
2026-10-06T06:38:13.150476Z,refresh,17926,1761103,5,1,1,0,1791329400,2026-10-06T23:30:00Z
2026-10-06T06:38:13.150476Z,refresh,17927,1761104,105,5,1,0,1791329400,2026-10-06T23:30:00Z
2026-10-06T06:38:13.150476Z,refresh,17928,1761105,5,1,1,0,1791329400,2026-10-06T23:30:00Z
2026-10-06T06:38:13.150476Z,refresh,17929,1761106,5,1,1,0,1791329400,2026-10-06T23:30:00Z
2026-10-06T06:38:13.150476Z,refresh,17930,1761107,5,1,1,0,1791329400,2026-10-06T23:30:00Z
2026-10-06T06:38:13.150476Z,refresh,17931,1761108,15,4,1,0,1791329400,2026-10-06T23:30:00Z
2026-10-06T06:38:13.150476Z,refresh,17932,1761109,5,1,1,0,1791329400,2026-10-06T23:30:00Z
2026-10-06T06:38:13.150476Z,refresh,17933,1761110,5,1,1,0,1791329400,2026-10-06T23:30:00Z
2026-10-06T06:38:13.150476Z,refresh,17934,1761111,5,0,1,0,1791329400,2026-10-06T23:30:00Z
2026-10-06T06:38:13.150476Z,refresh,17935,1761112,5,0,1,0,1791329400,2026-10-06T23:30:00Z
2026-10-06T06:38:13.150476Z,refresh,17936,1761113,5,0,1,0,1791329400,2026-10-06T23:30:00Z
2026-10-06T06:38:13.150476Z,refresh,17937,1761114,5,1,1,0,1791329400,2026-10-06T23:30:00Z
2026-10-06T06:38:13.150476Z,refresh,17938,1761115,5,1,1,0,1791329400,2026-10-06T23:30:00Z
2026-10-06T06:38:13.150476Z,refresh,17939,1761116,5,1,1,0,1791329400,2026-10-06T23:30:00Z
2026-10-06T06:38:13.150476Z,refresh,17940,1761117,25,5,1,0,1791329400,2026-10-06T23:30:00Z
2026-10-06T06:38:13.150476Z,refresh,17941,1761118,420,19,1,0,1791329400,2026-10-06T23:30:00Z
2026-10-06T06:38:13.150476Z,refresh,18650,1761165,5,1,1,0,1791329400,2026-10-06T23:30:00Z
2026-10-06T06:38:13.150476Z,refresh,18651,1761166,40,9,1,0,1791329400,2026-10-06T23:30:00Z
2026-10-06T06:38:13.150476Z,refresh,18652,1761167,5,1,1,0,1791329400,2026-10-06T23:30:00Z
2026-10-06T06:38:13.150476Z,refresh,18653,1761168,5,1,1,0,1791329400,2026-10-06T23:30:00Z
2026-10-06T06:38:13.150476Z,refresh,18654,1761169,15,3,1,0,1791329400,2026-10-06T23:30:00Z
2026-10-06T06:38:13.150476Z,refresh,18655,1761170,5,1,1,0,1791329400,2026-10-06T23:30:00Z
2026-10-06T06:38:13.150476Z,refresh,18656,1761171,5,1,1,0,1791329400,2026-10-06T23:30:00Z
2026-10-06T06:38:13.150476Z,refresh,18657,1761172,110,9,1,0,1791329400,2026-10-06T23:30:00Z
2026-10-06T06:38:13.150476Z,refresh,18658,1761173,15,3,1,0,1791329400,2026-10-06T23:30:00Z
2026-10-06T06:38:13.150476Z,refresh,18659,1761174,5,1,1,0,1791329400,2026-10-06T23:30:00Z
2026-10-06T06:38:13.150476Z,refresh,18660,1761175,410,67,1,0,1791329400,2026-10-06T23:30:00Z
2026-10-06T06:38:13.150476Z,refresh,18661,1761176,35,8,1,0,1791329400,2026-10-06T23:30:00Z
2026-10-06T06:38:13.150476Z,refresh,18662,1761177,5,1,1,0,1791329400,2026-10-06T23:30:00Z
2026-10-06T06:38:13.150476Z,refresh,18663,1761178,210,25,1,0,1791329400,2026-10-06T23:30:00Z
2026-10-06T06:38:13.150476Z,refresh,18664,1761179,255,30,1,0,1791329400,2026-10-06T23:30:00Z
2026-10-06T06:38:13.150476Z,refresh,18665,1761180,205,33,1,0,1791329400,2026-10-06T23:30:00Z
2026-10-06T06:38:13.150476Z,refresh,18666,1761181,39,6,1,0,1791329400,2026-10-06T23:30:00Z
2026-10-06T06:38:13.150476Z,refresh,18667,1761182,5,0,1,0,1791329400,2026-10-06T23:30:00Z
2026-10-06T06:38:13.150476Z,refresh,18668,1761183,5,1,1,0,1791329400,2026-10-06T23:30:00Z
2026-10-06T06:38:13.150476Z,refresh,18669,1761184,55,10,1,0,1791329400,2026-10-06T23:30:00Z
2026-10-06T06:38:13.150476Z,refresh,18670,1761185,15,3,1,0,1791329400,2026-10-06T23:30:00Z
2026-10-06T06:38:13.150476Z,refresh,18671,1761186,125,25,1,0,1791329400,2026-10-06T23:30:00Z
2026-10-06T06:38:13.150476Z,refresh,18672,1761187,115,24,1,0,1791329400,2026-10-06T23:30:00Z
2026-10-06T06:38:13.150476Z,refresh,18673,1761188,24,5,1,0,1791329400,2026-10-06T23:30:00Z
2026-10-06T06:38:13.150476Z,refresh,18674,1761189,15,3,1,0,1791329400,2026-10-06T23:30:00Z
2026-10-06T06:38:13.150476Z,refresh,18675,1761190,55,12,1,0,1791329400,2026-10-06T23:30:00Z
2026-10-06T06:38:13.150476Z,refresh,18676,1761191,5,1,1,0,1791329400,2026-10-06T23:30:00Z
2026-10-06T06:38:13.150476Z,refresh,18677,1761192,35,8,1,0,1791329400,2026-10-06T23:30:00Z
2026-10-06T06:38:13.150476Z,refresh,18678,1761194,20,5,1,0,1791329400,2026-10-06T23:30:00Z
2026-10-06T06:38:13.150476Z,refresh,18679,1761195,5,1,1,0,1791329400,2026-10-06T23:30:00Z
2026-10-06T06:38:13.150476Z,refresh,18680,1761196,55,12,1,0,1791329400,2026-10-06T23:30:00Z
2026-10-06T06:38:13.150476Z,refresh,18681,1761197,70,11,1,0,1791329400,2026-10-06T23:30:00Z
2026-10-06T06:38:13.150476Z,refresh,18682,1761198,10,2,1,0,1791329400,2026-10-06T23:30:00Z
2026-10-06T06:38:13.150476Z,refresh,18683,1761199,5,1,1,0,1791329400,2026-10-06T23:30:00Z
2026-10-06T06:38:13.150476Z,refresh,18705,1761220,5,0,1,0,1791329400,2026-10-06T23:30:00Z
2026-10-06T06:38:13.150476Z,refresh,18706,1761221,5,0,1,0,1791329400,2026-10-06T23:30:00Z
2026-10-06T06:38:13.150476Z,refresh,18707,1761222,10,2,1,0,1791329400,2026-10-06T23:30:00Z
2026-10-06T06:38:13.150476Z,refresh,18708,1761223,45,6,1,0,1791329400,2026-10-06T23:30:00Z
2026-10-06T06:38:13.150476Z,refresh,18709,1761224,5,0,1,0,1791329400,2026-10-06T23:30:00Z
2026-10-06T06:38:13.150476Z,refresh,18710,1761225,5,0,1,0,1791329400,2026-10-06T23:30:00Z
2026-10-06T06:38:13.150476Z,refresh,18711,1761226,5,0,1,0,1791329400,2026-10-06T23:30:00Z
2026-10-06T06:38:13.150476Z,refresh,18712,1761227,5,1,1,0,1791329400,2026-10-06T23:30:00Z
2026-10-06T06:38:13.150476Z,refresh,18713,1761228,50,10,1,0,1791329400,2026-10-06T23:30:00Z
2026-10-06T06:38:13.150476Z,refresh,18714,1761229,5,1,1,0,1791329400,2026-10-06T23:30:00Z
2026-10-06T06:38:13.150476Z,refresh,18715,1761230,5,1,1,0,1791329400,2026-10-06T23:30:00Z
2026-10-06T06:38:13.150476Z,refresh,18716,1761231,155,5,1,0,1791329400,2026-10-06T23:30:00Z
2026-10-06T06:38:13.150476Z,refresh,18717,1761232,205,6,1,0,1791329400,2026-10-06T23:30:00Z
2026-10-06T06:38:13.150476Z,refresh,18718,1761233,115,24,1,0,1791329400,2026-10-06T23:30:00Z
2026-10-06T06:38:13.150476Z,refresh,18719,1761234,5,0,1,0,1791329400,2026-10-06T23:30:00Z
2026-10-06T06:38:13.150476Z,refresh,18720,1761235,5,0,1,0,1791329400,2026-10-06T23:30:00Z
2026-10-06T06:38:13.150476Z,refresh,17866,1761264,5,1,1,0,1791331200,2026-10-07T00:00:00Z
2026-10-06T06:38:13.150476Z,refresh,17867,1761265,10,2,1,0,1791331200,2026-10-07T00:00:00Z
2026-10-06T06:38:13.150476Z,refresh,17868,1761266,5,1,1,0,1791331200,2026-10-07T00:00:00Z
2026-10-06T06:38:13.150476Z,refresh,17869,1761268,10,2,1,0,1791331200,2026-10-07T00:00:00Z
2026-10-06T06:38:13.150476Z,refresh,17870,1761269,5,1,1,0,1791331200,2026-10-07T00:00:00Z
2026-10-06T06:38:13.150476Z,refresh,17871,1761270,5,1,1,0,1791331200,2026-10-07T00:00:00Z
2026-10-06T06:38:13.150476Z,refresh,17872,1761271,5,0,1,0,1791331200,2026-10-07T00:00:00Z
2026-10-06T06:38:13.150476Z,refresh,17873,1761272,10,2,1,0,1791331200,2026-10-07T00:00:00Z
2026-10-06T06:38:13.150476Z,refresh,17874,1761273,5,0,1,0,1791331200,2026-10-07T00:00:00Z
2026-10-06T06:38:13.150476Z,refresh,17875,1761274,160,25,1,0,1791331200,2026-10-07T00:00:00Z
2026-10-06T06:38:13.150476Z,refresh,17876,1761275,15,3,1,0,1791331200,2026-10-07T00:00:00Z
2026-10-06T06:38:13.150476Z,refresh,17877,1761276,5,1,1,0,1791331200,2026-10-07T00:00:00Z
2026-10-06T06:38:13.150476Z,refresh,17878,1761277,40,9,1,0,1791331200,2026-10-07T00:00:00Z
2026-10-06T06:38:13.150476Z,refresh,17879,1761278,5,1,1,0,1791331200,2026-10-07T00:00:00Z
2026-10-06T06:38:13.150476Z,refresh,17880,1761279,210,17,1,0,1791331200,2026-10-07T00:00:00Z
2026-10-06T06:38:13.150476Z,refresh,17881,1761280,44,9,1,0,1791331200,2026-10-07T00:00:00Z
2026-10-06T06:38:13.150476Z,refresh,17882,1761281,24,5,1,0,1791331200,2026-10-07T00:00:00Z
2026-10-06T06:38:13.150476Z,refresh,17883,1761282,34,7,1,0,1791331200,2026-10-07T00:00:00Z
2026-10-06T06:38:13.150476Z,refresh,17884,1761283,15,3,1,0,1791331200,2026-10-07T00:00:00Z
2026-10-06T06:38:13.150476Z,refresh,17885,1761284,5,1,1,0,1791331200,2026-10-07T00:00:00Z
2026-10-06T06:38:13.150476Z,refresh,17886,1761285,5,1,1,0,1791331200,2026-10-07T00:00:00Z
2026-10-06T06:38:13.150476Z,refresh,17887,1761286,5,1,1,0,1791331200,2026-10-07T00:00:00Z
2026-10-06T06:38:13.150476Z,refresh,17888,1761287,5,0,1,0,1791331200,2026-10-07T00:00:00Z
2026-10-06T06:38:13.150476Z,refresh,17889,1761288,105,12,1,0,1791331200,2026-10-07T00:00:00Z
2026-10-06T06:38:13.150476Z,refresh,17890,1761289,10,2,1,0,1791331200,2026-10-07T00:00:00Z
2026-10-06T06:38:13.150476Z,refresh,17891,1761291,600,51,1,0,1791331200,2026-10-07T00:00:00Z
2026-10-06T06:38:13.150476Z,refresh,17892,1761292,255,52,1,0,1791331200,2026-10-07T00:00:00Z
2026-10-06T06:38:13.150476Z,refresh,17893,1761293,5,1,1,0,1791331200,2026-10-07T00:00:00Z
2026-10-06T06:38:13.150476Z,refresh,17894,1761294,24,5,1,0,1791331200,2026-10-07T00:00:00Z
2026-10-06T06:38:13.150476Z,refresh,17895,1761295,114,24,1,0,1791331200,2026-10-07T00:00:00Z
2026-10-06T06:38:13.150476Z,refresh,17896,1761296,10,2,1,0,1791331200,2026-10-07T00:00:00Z
2026-10-06T06:38:13.150476Z,refresh,17897,1761297,55,12,1,0,1791331200,2026-10-07T00:00:00Z
2026-10-06T06:38:13.150476Z,refresh,17898,1761298,5,1,1,0,1791331200,2026-10-07T00:00:00Z
2026-10-06T06:38:13.150476Z,refresh,17899,1761299,10,2,1,0,1791331200,2026-10-07T00:00:00Z
2026-10-06T06:38:13.150476Z,refresh,17900,1761300,25,5,1,0,1791331200,2026-10-07T00:00:00Z
2026-10-06T06:38:13.150476Z,refresh,17901,1761301,31,7,1,0,1791331200,2026-10-07T00:00:00Z
2026-10-06T06:38:13.150476Z,refresh,17902,1761303,5,0,1,0,1791331200,2026-10-07T00:00:00Z
2026-10-06T06:38:13.150476Z,refresh,17903,1761304,370,53,1,0,1791331200,2026-10-07T00:00:00Z
2026-10-06T06:38:13.150476Z,refresh,17904,1761305,15,3,1,0,1791331200,2026-10-07T00:00:00Z
2026-10-06T06:38:13.150476Z,refresh,17905,1761306,35,8,1,0,1791331200,2026-10-07T00:00:00Z
2026-10-06T06:38:13.150476Z,refresh,17906,1761307,115,18,1,0,1791331200,2026-10-07T00:00:00Z
2026-10-06T06:38:13.150476Z,refresh,17907,1761308,115,6,1,0,1791331200,2026-10-07T00:00:00Z
2026-10-06T06:38:13.150476Z,refresh,17908,1761309,15,3,1,0,1791331200,2026-10-07T00:00:00Z
2026-10-06T06:38:13.150476Z,refresh,17910,1761314,5,1,1,0,1791331200,2026-10-07T00:00:00Z
2026-10-06T06:38:13.150476Z,refresh,18684,1761200,5,0,1,0,1791331200,2026-10-07T00:00:00Z
2026-10-06T06:38:13.150476Z,refresh,18685,1761201,5,1,1,0,1791331200,2026-10-07T00:00:00Z
2026-10-06T06:38:13.150476Z,refresh,18686,1761202,5,1,1,0,1791331200,2026-10-07T00:00:00Z
2026-10-06T06:38:13.150476Z,refresh,18687,1761203,5,1,1,0,1791331200,2026-10-07T00:00:00Z
2026-10-06T06:38:13.150476Z,refresh,18688,1761204,5,1,1,0,1791331200,2026-10-07T00:00:00Z
2026-10-06T06:38:13.150476Z,refresh,18689,1761205,65,14,1,0,1791331200,2026-10-07T00:00:00Z
2026-10-06T06:38:13.150476Z,refresh,18690,1761206,115,24,1,0,1791331200,2026-10-07T00:00:00Z
2026-10-06T06:38:13.150476Z,refresh,18691,1761207,15,3,1,0,1791331200,2026-10-07T00:00:00Z
2026-10-06T06:38:13.150476Z,refresh,18692,1761208,15,3,1,0,1791331200,2026-10-07T00:00:00Z
2026-10-06T06:38:13.150476Z,refresh,18693,1761209,15,3,1,0,1791331200,2026-10-07T00:00:00Z
2026-10-06T06:38:13.150476Z,refresh,18694,1761210,5,1,1,0,1791331200,2026-10-07T00:00:00Z
2026-10-06T06:38:13.150476Z,refresh,18695,1761211,5,1,1,0,1791331200,2026-10-07T00:00:00Z
2026-10-06T06:38:13.150476Z,refresh,18696,1761212,5,1,1,0,1791331200,2026-10-07T00:00:00Z
2026-10-06T06:38:13.150476Z,refresh,18697,1761213,5,1,1,0,1791331200,2026-10-07T00:00:00Z
2026-10-06T06:38:13.150476Z,refresh,18698,1761214,5,1,1,0,1791331200,2026-10-07T00:00:00Z
2026-10-06T06:38:13.150476Z,refresh,18699,1761215,5,1,1,0,1791331200,2026-10-07T00:00:00Z
2026-10-06T06:38:13.150476Z,refresh,18700,1761216,5,1,1,0,1791331200,2026-10-07T00:00:00Z
2026-10-06T06:38:13.150476Z,refresh,18701,1761217,320,19,1,0,1791331200,2026-10-07T00:00:00Z
2026-10-06T06:38:13.150476Z,refresh,18702,1761218,460,48,1,0,1791331200,2026-10-07T00:00:00Z
2026-10-06T06:38:13.150476Z,refresh,18703,1761219,55,5,1,0,1791331200,2026-10-07T00:00:00Z
2026-10-06T06:38:13.150476Z,refresh,18721,1761236,10,2,1,0,1791331200,2026-10-07T00:00:00Z
2026-10-06T06:38:13.150476Z,refresh,18722,1761237,55,12,1,0,1791331200,2026-10-07T00:00:00Z
2026-10-06T06:38:13.150476Z,refresh,18723,1761238,5,1,1,0,1791331200,2026-10-07T00:00:00Z
2026-10-06T06:38:13.150476Z,refresh,18724,1761239,5,1,1,0,1791331200,2026-10-07T00:00:00Z
2026-10-06T06:38:13.150476Z,refresh,18725,1761240,5,1,1,0,1791331200,2026-10-07T00:00:00Z
2026-10-06T06:38:13.150476Z,refresh,18726,1761241,5,1,1,0,1791331200,2026-10-07T00:00:00Z
2026-10-06T06:38:13.150476Z,refresh,18727,1761242,5,1,1,0,1791331200,2026-10-07T00:00:00Z
2026-10-06T06:38:13.150476Z,refresh,18728,1761243,5,1,1,0,1791331200,2026-10-07T00:00:00Z
2026-10-06T06:38:13.150476Z,refresh,18729,1761244,15,3,1,0,1791331200,2026-10-07T00:00:00Z
2026-10-06T06:38:13.150476Z,refresh,18730,1761245,15,3,1,0,1791331200,2026-10-07T00:00:00Z
2026-10-06T06:38:13.150476Z,refresh,18731,1761246,5,0,1,0,1791331200,2026-10-07T00:00:00Z
2026-10-06T06:38:13.150476Z,refresh,18732,1761310,5,1,1,0,1791331200,2026-10-07T00:00:00Z
2026-10-06T06:38:13.150476Z,refresh,18733,1761311,10,2,1,0,1791331200,2026-10-07T00:00:00Z
2026-10-06T06:38:13.150476Z,refresh,18734,1761312,10,2,1,0,1791331200,2026-10-07T00:00:00Z
2026-10-06T06:38:13.150476Z,refresh,18735,1761313,50,7,1,0,1791331200,2026-10-07T00:00:00Z
2026-10-06T06:38:13.150476Z,refresh,17125,1779931,65,14,1,0,1791333000,2026-10-07T00:30:00Z
2026-10-06T06:58:35.351608Z,refresh,10000,1761139,105,2,1,0,1791324000,2026-10-06T22:00:00Z
2026-10-06T06:58:35.351608Z,refresh,10001,1761140,100,0,1,0,1791324000,2026-10-06T22:00:00Z
2026-10-06T06:58:35.351608Z,refresh,10002,1761141,100,1,1,0,1791324000,2026-10-06T22:00:00Z
2026-10-06T06:58:35.351608Z,refresh,10003,1761142,1025,12,1,0,1791324000,2026-10-06T22:00:00Z
2026-10-06T06:58:35.351608Z,refresh,10004,1761143,2600,30,1,0,1791324000,2026-10-06T22:00:00Z
2026-10-06T06:58:35.351608Z,refresh,10005,1761144,3100,20,1,0,1791324000,2026-10-06T22:00:00Z
2026-10-06T06:58:35.351608Z,refresh,10006,1761145,2050,32,1,0,1791324000,2026-10-06T22:00:00Z
2026-10-06T06:58:35.351608Z,refresh,10007,1761146,1075,16,1,0,1791324000,2026-10-06T22:00:00Z
2026-10-06T06:58:35.351608Z,refresh,10008,1761147,9050,37,1,0,1791324000,2026-10-06T22:00:00Z
2026-10-06T06:58:35.351608Z,refresh,10009,1761148,25600,31,1,0,1791324000,2026-10-06T22:00:00Z
2026-10-06T06:58:35.351608Z,refresh,10010,1761149,13550,182,1,0,1791324000,2026-10-06T22:00:00Z
2026-10-06T06:58:35.351608Z,refresh,10011,1761150,20100,191,1,0,1791324000,2026-10-06T22:00:00Z
2026-10-06T06:58:35.351608Z,refresh,10012,1761151,20100,59,1,0,1791324000,2026-10-06T22:00:00Z
2026-10-06T06:58:35.351608Z,refresh,10013,1761152,50000,95,1,0,1791324000,2026-10-06T22:00:00Z
2026-10-06T06:58:35.351608Z,refresh,10014,1761153,23650,67,1,0,1791324000,2026-10-06T22:00:00Z
2026-10-06T06:58:35.351608Z,refresh,10015,1761154,20900,35,1,0,1791324000,2026-10-06T22:00:00Z
2026-10-06T06:58:35.351608Z,refresh,10016,1761155,15100,31,1,0,1791324000,2026-10-06T22:00:00Z
2026-10-06T06:58:35.351608Z,refresh,10017,1761156,42750,57,1,0,1791324000,2026-10-06T22:00:00Z
2026-10-06T06:58:35.351608Z,refresh,10018,1761157,2550,32,1,0,1791324000,2026-10-06T22:00:00Z
2026-10-06T06:58:35.351608Z,refresh,10019,1761158,1075,29,1,0,1791324000,2026-10-06T22:00:00Z
2026-10-06T06:58:35.351608Z,refresh,10050,1761119,4050,51,1,0,1791325800,2026-10-06T22:30:00Z
2026-10-06T06:58:35.351608Z,refresh,10051,1761120,705,3,1,0,1791325800,2026-10-06T22:30:00Z
2026-10-06T06:58:35.351608Z,refresh,10052,1761121,1550,14,1,0,1791325800,2026-10-06T22:30:00Z
2026-10-06T06:58:35.351608Z,refresh,10053,1761122,5050,77,1,0,1791325800,2026-10-06T22:30:00Z
2026-10-06T06:58:35.351608Z,refresh,10054,1761123,1550,35,1,0,1791325800,2026-10-06T22:30:00Z
2026-10-06T06:58:35.351608Z,refresh,10055,1761124,325,5,1,0,1791325800,2026-10-06T22:30:00Z
2026-10-06T06:58:35.351608Z,refresh,10056,1761125,1505,7,1,0,1791325800,2026-10-06T22:30:00Z
2026-10-06T06:58:35.351608Z,refresh,10057,1761126,305,3,1,0,1791325800,2026-10-06T22:30:00Z
2026-10-06T06:58:35.351608Z,refresh,10058,1761127,755,13,1,0,1791325800,2026-10-06T22:30:00Z
2026-10-06T06:58:35.351608Z,refresh,10059,1761128,1400,22,1,0,1791325800,2026-10-06T22:30:00Z
2026-10-06T06:58:35.351608Z,refresh,10060,1761129,7800,63,1,0,1791325800,2026-10-06T22:30:00Z
2026-10-06T06:58:35.351608Z,refresh,10061,1761130,1550,40,1,0,1791325800,2026-10-06T22:30:00Z
2026-10-06T06:58:35.351608Z,refresh,10062,1761131,6200,137,1,0,1791325800,2026-10-06T22:30:00Z
2026-10-06T06:58:35.351608Z,refresh,10063,1761132,1525,15,1,0,1791325800,2026-10-06T22:30:00Z
2026-10-06T06:58:35.351608Z,refresh,10064,1761133,1700,24,1,0,1791325800,2026-10-06T22:30:00Z
2026-10-06T06:58:35.351608Z,refresh,10065,1761134,1650,44,1,0,1791325800,2026-10-06T22:30:00Z
2026-10-06T06:58:35.351608Z,refresh,10066,1761135,1650,16,1,0,1791325800,2026-10-06T22:30:00Z
2026-10-06T06:58:35.351608Z,refresh,10067,1761136,1550,5,1,0,1791325800,2026-10-06T22:30:00Z
2026-10-06T06:58:35.351608Z,refresh,10068,1761137,2100,17,1,0,1791325800,2026-10-06T22:30:00Z
2026-10-06T06:58:35.351608Z,refresh,10069,1761138,1320,69,1,0,1791325800,2026-10-06T22:30:00Z
2026-10-06T06:58:35.351608Z,refresh,17100,1761063,115,4,1,0,1791327600,2026-10-06T23:00:00Z
2026-10-06T06:58:35.351608Z,refresh,17101,1761064,110,3,1,0,1791327600,2026-10-06T23:00:00Z
2026-10-06T06:58:35.351608Z,refresh,17102,1761065,100,1,1,0,1791327600,2026-10-06T23:00:00Z
2026-10-06T06:58:35.351608Z,refresh,17103,1761066,105,2,1,0,1791327600,2026-10-06T23:00:00Z
2026-10-06T06:58:35.351608Z,refresh,17104,1761067,120,5,1,0,1791327600,2026-10-06T23:00:00Z
2026-10-06T06:58:35.351608Z,refresh,17105,1761068,105,2,1,0,1791327600,2026-10-06T23:00:00Z
2026-10-06T06:58:35.351608Z,refresh,17106,1761069,105,2,1,0,1791327600,2026-10-06T23:00:00Z
2026-10-06T06:58:35.351608Z,refresh,17107,1761070,110,3,1,0,1791327600,2026-10-06T23:00:00Z
2026-10-06T06:58:35.351608Z,refresh,17108,1761071,120,5,1,0,1791327600,2026-10-06T23:00:00Z
2026-10-06T06:58:35.351608Z,refresh,17109,1761072,110,3,1,0,1791327600,2026-10-06T23:00:00Z
2026-10-06T06:58:35.351608Z,refresh,17110,1761073,110,3,1,0,1791327600,2026-10-06T23:00:00Z
2026-10-06T06:58:35.351608Z,refresh,17111,1761074,115,4,1,0,1791327600,2026-10-06T23:00:00Z
2026-10-06T06:58:35.351608Z,refresh,17112,1761075,505,13,1,0,1791327600,2026-10-06T23:00:00Z
2026-10-06T06:58:35.351608Z,refresh,17113,1761076,105,2,1,0,1791327600,2026-10-06T23:00:00Z
2026-10-06T06:58:35.351608Z,refresh,17114,1761077,110,3,1,0,1791327600,2026-10-06T23:00:00Z
2026-10-06T06:58:35.351608Z,refresh,17115,1761078,505,28,1,0,1791327600,2026-10-06T23:00:00Z
2026-10-06T06:58:35.351608Z,refresh,17116,1761079,115,4,1,0,1791327600,2026-10-06T23:00:00Z
2026-10-06T06:58:35.351608Z,refresh,17117,1761080,105,2,1,0,1791327600,2026-10-06T23:00:00Z
2026-10-06T06:58:35.351608Z,refresh,17118,1761081,105,2,1,0,1791327600,2026-10-06T23:00:00Z
2026-10-06T06:58:35.351608Z,refresh,17119,1761082,100,1,1,0,1791327600,2026-10-06T23:00:00Z
2026-10-06T06:58:35.351608Z,refresh,17120,1761083,105,2,1,0,1791327600,2026-10-06T23:00:00Z
2026-10-06T06:58:35.351608Z,refresh,17121,1761084,105,2,1,0,1791327600,2026-10-06T23:00:00Z
2026-10-06T06:58:35.351608Z,refresh,17122,1761085,170,15,1,0,1791327600,2026-10-06T23:00:00Z
2026-10-06T06:58:35.351608Z,refresh,10020,1761159,16050,119,1,0,1791329400,2026-10-06T23:30:00Z
2026-10-06T06:58:35.351608Z,refresh,10021,1761160,5,1,1,0,1791329400,2026-10-06T23:30:00Z
2026-10-06T06:58:35.351608Z,refresh,10022,1761161,330,40,1,0,1791329400,2026-10-06T23:30:00Z
2026-10-06T06:58:35.351608Z,refresh,10023,1761162,550,47,1,0,1791329400,2026-10-06T23:30:00Z
2026-10-06T06:58:35.351608Z,refresh,10024,1761163,5,1,1,0,1791329400,2026-10-06T23:30:00Z
2026-10-06T06:58:35.351608Z,refresh,10025,1761164,5,0,1,0,1791329400,2026-10-06T23:30:00Z
2026-10-06T06:58:35.351608Z,refresh,17850,1761247,5,0,1,0,1791329400,2026-10-06T23:30:00Z
2026-10-06T06:58:35.351608Z,refresh,17851,1761248,5,1,1,0,1791329400,2026-10-06T23:30:00Z
2026-10-06T06:58:35.351608Z,refresh,17852,1761249,390,15,1,0,1791329400,2026-10-06T23:30:00Z
2026-10-06T06:58:35.351608Z,refresh,17853,1761250,1350,46,1,0,1791329400,2026-10-06T23:30:00Z
2026-10-06T06:58:35.351608Z,refresh,17854,1761251,155,10,1,0,1791329400,2026-10-06T23:30:00Z
2026-10-06T06:58:35.351608Z,refresh,17855,1761252,100,20,1,0,1791329400,2026-10-06T23:30:00Z
2026-10-06T06:58:35.351608Z,refresh,17856,1761253,180,21,1,0,1791329400,2026-10-06T23:30:00Z
2026-10-06T06:58:35.351608Z,refresh,17857,1761254,110,9,1,0,1791329400,2026-10-06T23:30:00Z
2026-10-06T06:58:35.351608Z,refresh,17858,1761255,60,12,1,0,1791329400,2026-10-06T23:30:00Z
2026-10-06T06:58:35.351608Z,refresh,17859,1761256,5,1,1,0,1791329400,2026-10-06T23:30:00Z
2026-10-06T06:58:35.351608Z,refresh,17860,1761257,5,1,1,0,1791329400,2026-10-06T23:30:00Z
2026-10-06T06:58:35.351608Z,refresh,17861,1761258,30,7,1,0,1791329400,2026-10-06T23:30:00Z
2026-10-06T06:58:35.351608Z,refresh,17862,1761259,5,1,1,0,1791329400,2026-10-06T23:30:00Z
2026-10-06T06:58:35.351608Z,refresh,17863,1761260,5,1,1,0,1791329400,2026-10-06T23:30:00Z
2026-10-06T06:58:35.351608Z,refresh,17864,1761262,10,3,1,0,1791329400,2026-10-06T23:30:00Z
2026-10-06T06:58:35.351608Z,refresh,17865,1761263,15,3,1,0,1791329400,2026-10-06T23:30:00Z
2026-10-06T06:58:35.351608Z,refresh,17909,1761086,5,0,1,0,1791329400,2026-10-06T23:30:00Z
2026-10-06T06:58:35.351608Z,refresh,17911,1761088,5,0,1,0,1791329400,2026-10-06T23:30:00Z
2026-10-06T06:58:35.351608Z,refresh,17912,1761089,5,0,1,0,1791329400,2026-10-06T23:30:00Z
2026-10-06T06:58:35.351608Z,refresh,17913,1761090,5,0,1,0,1791329400,2026-10-06T23:30:00Z
2026-10-06T06:58:35.351608Z,refresh,17914,1761091,5,0,1,0,1791329400,2026-10-06T23:30:00Z
2026-10-06T06:58:35.351608Z,refresh,17915,1761092,5,0,1,0,1791329400,2026-10-06T23:30:00Z
2026-10-06T06:58:35.351608Z,refresh,17916,1761093,5,0,1,0,1791329400,2026-10-06T23:30:00Z
2026-10-06T06:58:35.351608Z,refresh,17917,1761094,5,1,1,0,1791329400,2026-10-06T23:30:00Z
2026-10-06T06:58:35.351608Z,refresh,17918,1761095,5,0,1,0,1791329400,2026-10-06T23:30:00Z
2026-10-06T06:58:35.351608Z,refresh,17919,1761096,5,0,1,0,1791329400,2026-10-06T23:30:00Z
2026-10-06T06:58:35.351608Z,refresh,17920,1761097,5,1,1,0,1791329400,2026-10-06T23:30:00Z
2026-10-06T06:58:35.351608Z,refresh,17921,1761098,5,1,1,0,1791329400,2026-10-06T23:30:00Z
2026-10-06T06:58:35.351608Z,refresh,17922,1761099,5,0,1,0,1791329400,2026-10-06T23:30:00Z
2026-10-06T06:58:35.351608Z,refresh,17923,1761100,5,0,1,0,1791329400,2026-10-06T23:30:00Z
2026-10-06T06:58:35.351608Z,refresh,17924,1761101,10,2,1,0,1791329400,2026-10-06T23:30:00Z
2026-10-06T06:58:35.351608Z,refresh,17925,1761102,5,1,1,0,1791329400,2026-10-06T23:30:00Z
2026-10-06T06:58:35.351608Z,refresh,17926,1761103,5,1,1,0,1791329400,2026-10-06T23:30:00Z
2026-10-06T06:58:35.351608Z,refresh,17927,1761104,105,5,1,0,1791329400,2026-10-06T23:30:00Z
2026-10-06T06:58:35.351608Z,refresh,17928,1761105,5,1,1,0,1791329400,2026-10-06T23:30:00Z
2026-10-06T06:58:35.351608Z,refresh,17929,1761106,5,1,1,0,1791329400,2026-10-06T23:30:00Z
2026-10-06T06:58:35.351608Z,refresh,17930,1761107,5,1,1,0,1791329400,2026-10-06T23:30:00Z
2026-10-06T06:58:35.351608Z,refresh,17931,1761108,15,4,1,0,1791329400,2026-10-06T23:30:00Z
2026-10-06T06:58:35.351608Z,refresh,17932,1761109,5,1,1,0,1791329400,2026-10-06T23:30:00Z
2026-10-06T06:58:35.351608Z,refresh,17933,1761110,5,1,1,0,1791329400,2026-10-06T23:30:00Z
2026-10-06T06:58:35.351608Z,refresh,17934,1761111,5,0,1,0,1791329400,2026-10-06T23:30:00Z
2026-10-06T06:58:35.351608Z,refresh,17935,1761112,5,0,1,0,1791329400,2026-10-06T23:30:00Z
2026-10-06T06:58:35.351608Z,refresh,17936,1761113,5,0,1,0,1791329400,2026-10-06T23:30:00Z
2026-10-06T06:58:35.351608Z,refresh,17937,1761114,5,1,1,0,1791329400,2026-10-06T23:30:00Z
2026-10-06T06:58:35.351608Z,refresh,17938,1761115,5,1,1,0,1791329400,2026-10-06T23:30:00Z
2026-10-06T06:58:35.351608Z,refresh,17939,1761116,5,1,1,0,1791329400,2026-10-06T23:30:00Z
2026-10-06T06:58:35.351608Z,refresh,17940,1761117,25,5,1,0,1791329400,2026-10-06T23:30:00Z
2026-10-06T06:58:35.351608Z,refresh,17941,1761118,420,19,1,0,1791329400,2026-10-06T23:30:00Z
2026-10-06T06:58:35.351608Z,refresh,18650,1761165,5,1,1,0,1791329400,2026-10-06T23:30:00Z
2026-10-06T06:58:35.351608Z,refresh,18651,1761166,40,9,1,0,1791329400,2026-10-06T23:30:00Z
2026-10-06T06:58:35.351608Z,refresh,18652,1761167,5,1,1,0,1791329400,2026-10-06T23:30:00Z
2026-10-06T06:58:35.351608Z,refresh,18653,1761168,5,1,1,0,1791329400,2026-10-06T23:30:00Z
2026-10-06T06:58:35.351608Z,refresh,18654,1761169,15,3,1,0,1791329400,2026-10-06T23:30:00Z
2026-10-06T06:58:35.351608Z,refresh,18655,1761170,5,1,1,0,1791329400,2026-10-06T23:30:00Z
2026-10-06T06:58:35.351608Z,refresh,18656,1761171,5,1,1,0,1791329400,2026-10-06T23:30:00Z
2026-10-06T06:58:35.351608Z,refresh,18657,1761172,110,9,1,0,1791329400,2026-10-06T23:30:00Z
2026-10-06T06:58:35.351608Z,refresh,18658,1761173,15,3,1,0,1791329400,2026-10-06T23:30:00Z
2026-10-06T06:58:35.351608Z,refresh,18659,1761174,5,1,1,0,1791329400,2026-10-06T23:30:00Z
2026-10-06T06:58:35.351608Z,refresh,18660,1761175,410,67,1,0,1791329400,2026-10-06T23:30:00Z
2026-10-06T06:58:35.351608Z,refresh,18661,1761176,35,8,1,0,1791329400,2026-10-06T23:30:00Z
2026-10-06T06:58:35.351608Z,refresh,18662,1761177,5,1,1,0,1791329400,2026-10-06T23:30:00Z
2026-10-06T06:58:35.351608Z,refresh,18663,1761178,210,25,1,0,1791329400,2026-10-06T23:30:00Z
2026-10-06T06:58:35.351608Z,refresh,18664,1761179,255,30,1,0,1791329400,2026-10-06T23:30:00Z
2026-10-06T06:58:35.351608Z,refresh,18665,1761180,205,33,1,0,1791329400,2026-10-06T23:30:00Z
2026-10-06T06:58:35.351608Z,refresh,18666,1761181,39,6,1,0,1791329400,2026-10-06T23:30:00Z
2026-10-06T06:58:35.351608Z,refresh,18667,1761182,5,0,1,0,1791329400,2026-10-06T23:30:00Z
2026-10-06T06:58:35.351608Z,refresh,18668,1761183,5,1,1,0,1791329400,2026-10-06T23:30:00Z
2026-10-06T06:58:35.351608Z,refresh,18669,1761184,55,10,1,0,1791329400,2026-10-06T23:30:00Z
2026-10-06T06:58:35.351608Z,refresh,18670,1761185,15,3,1,0,1791329400,2026-10-06T23:30:00Z
2026-10-06T06:58:35.351608Z,refresh,18671,1761186,125,25,1,0,1791329400,2026-10-06T23:30:00Z
2026-10-06T06:58:35.351608Z,refresh,18672,1761187,115,24,1,0,1791329400,2026-10-06T23:30:00Z
2026-10-06T06:58:35.351608Z,refresh,18673,1761188,24,5,1,0,1791329400,2026-10-06T23:30:00Z
2026-10-06T06:58:35.351608Z,refresh,18674,1761189,15,3,1,0,1791329400,2026-10-06T23:30:00Z
2026-10-06T06:58:35.351608Z,refresh,18675,1761190,55,12,1,0,1791329400,2026-10-06T23:30:00Z
2026-10-06T06:58:35.351608Z,refresh,18676,1761191,5,1,1,0,1791329400,2026-10-06T23:30:00Z
2026-10-06T06:58:35.351608Z,refresh,18677,1761192,35,8,1,0,1791329400,2026-10-06T23:30:00Z
2026-10-06T06:58:35.351608Z,refresh,18678,1761194,20,5,1,0,1791329400,2026-10-06T23:30:00Z
2026-10-06T06:58:35.351608Z,refresh,18679,1761195,5,1,1,0,1791329400,2026-10-06T23:30:00Z
2026-10-06T06:58:35.351608Z,refresh,18680,1761196,55,12,1,0,1791329400,2026-10-06T23:30:00Z
2026-10-06T06:58:35.351608Z,refresh,18681,1761197,70,11,1,0,1791329400,2026-10-06T23:30:00Z
2026-10-06T06:58:35.351608Z,refresh,18682,1761198,10,2,1,0,1791329400,2026-10-06T23:30:00Z
2026-10-06T06:58:35.351608Z,refresh,18683,1761199,5,1,1,0,1791329400,2026-10-06T23:30:00Z
2026-10-06T06:58:35.351608Z,refresh,18705,1761220,5,0,1,0,1791329400,2026-10-06T23:30:00Z
2026-10-06T06:58:35.351608Z,refresh,18706,1761221,5,0,1,0,1791329400,2026-10-06T23:30:00Z
2026-10-06T06:58:35.351608Z,refresh,18707,1761222,10,2,1,0,1791329400,2026-10-06T23:30:00Z
2026-10-06T06:58:35.351608Z,refresh,18708,1761223,45,6,1,0,1791329400,2026-10-06T23:30:00Z
2026-10-06T06:58:35.351608Z,refresh,18709,1761224,5,0,1,0,1791329400,2026-10-06T23:30:00Z
2026-10-06T06:58:35.351608Z,refresh,18710,1761225,5,0,1,0,1791329400,2026-10-06T23:30:00Z
2026-10-06T06:58:35.351608Z,refresh,18711,1761226,5,0,1,0,1791329400,2026-10-06T23:30:00Z
2026-10-06T06:58:35.351608Z,refresh,18712,1761227,5,1,1,0,1791329400,2026-10-06T23:30:00Z
2026-10-06T06:58:35.351608Z,refresh,18713,1761228,50,10,1,0,1791329400,2026-10-06T23:30:00Z
2026-10-06T06:58:35.351608Z,refresh,18714,1761229,5,1,1,0,1791329400,2026-10-06T23:30:00Z
2026-10-06T06:58:35.351608Z,refresh,18715,1761230,5,1,1,0,1791329400,2026-10-06T23:30:00Z
2026-10-06T06:58:35.351608Z,refresh,18716,1761231,155,5,1,0,1791329400,2026-10-06T23:30:00Z
2026-10-06T06:58:35.351608Z,refresh,18717,1761232,205,6,1,0,1791329400,2026-10-06T23:30:00Z
2026-10-06T06:58:35.351608Z,refresh,18718,1761233,115,24,1,0,1791329400,2026-10-06T23:30:00Z
2026-10-06T06:58:35.351608Z,refresh,18719,1761234,5,0,1,0,1791329400,2026-10-06T23:30:00Z
2026-10-06T06:58:35.351608Z,refresh,18720,1761235,5,0,1,0,1791329400,2026-10-06T23:30:00Z
2026-10-06T06:58:35.351608Z,refresh,17866,1761264,5,1,1,0,1791331200,2026-10-07T00:00:00Z
2026-10-06T06:58:35.351608Z,refresh,17867,1761265,10,2,1,0,1791331200,2026-10-07T00:00:00Z
2026-10-06T06:58:35.351608Z,refresh,17868,1761266,5,1,1,0,1791331200,2026-10-07T00:00:00Z
2026-10-06T06:58:35.351608Z,refresh,17869,1761268,10,2,1,0,1791331200,2026-10-07T00:00:00Z
2026-10-06T06:58:35.351608Z,refresh,17870,1761269,5,1,1,0,1791331200,2026-10-07T00:00:00Z
2026-10-06T06:58:35.351608Z,refresh,17871,1761270,5,1,1,0,1791331200,2026-10-07T00:00:00Z
2026-10-06T06:58:35.351608Z,refresh,17872,1761271,5,0,1,0,1791331200,2026-10-07T00:00:00Z
2026-10-06T06:58:35.351608Z,refresh,17873,1761272,10,2,1,0,1791331200,2026-10-07T00:00:00Z
2026-10-06T06:58:35.351608Z,refresh,17874,1761273,5,0,1,0,1791331200,2026-10-07T00:00:00Z
2026-10-06T06:58:35.351608Z,refresh,17875,1761274,160,25,1,0,1791331200,2026-10-07T00:00:00Z
2026-10-06T06:58:35.351608Z,refresh,17876,1761275,15,3,1,0,1791331200,2026-10-07T00:00:00Z
2026-10-06T06:58:35.351608Z,refresh,17877,1761276,5,1,1,0,1791331200,2026-10-07T00:00:00Z
2026-10-06T06:58:35.351608Z,refresh,17878,1761277,40,9,1,0,1791331200,2026-10-07T00:00:00Z
2026-10-06T06:58:35.351608Z,refresh,17879,1761278,5,1,1,0,1791331200,2026-10-07T00:00:00Z
2026-10-06T06:58:35.351608Z,refresh,17880,1761279,210,17,1,0,1791331200,2026-10-07T00:00:00Z
2026-10-06T06:58:35.351608Z,refresh,17881,1761280,44,9,1,0,1791331200,2026-10-07T00:00:00Z
2026-10-06T06:58:35.351608Z,refresh,17882,1761281,24,5,1,0,1791331200,2026-10-07T00:00:00Z
2026-10-06T06:58:35.351608Z,refresh,17883,1761282,34,7,1,0,1791331200,2026-10-07T00:00:00Z
2026-10-06T06:58:35.351608Z,refresh,17884,1761283,15,3,1,0,1791331200,2026-10-07T00:00:00Z
2026-10-06T06:58:35.351608Z,refresh,17885,1761284,5,1,1,0,1791331200,2026-10-07T00:00:00Z
2026-10-06T06:58:35.351608Z,refresh,17886,1761285,5,1,1,0,1791331200,2026-10-07T00:00:00Z
2026-10-06T06:58:35.351608Z,refresh,17887,1761286,5,1,1,0,1791331200,2026-10-07T00:00:00Z
2026-10-06T06:58:35.351608Z,refresh,17888,1761287,5,0,1,0,1791331200,2026-10-07T00:00:00Z
2026-10-06T06:58:35.351608Z,refresh,17889,1761288,105,12,1,0,1791331200,2026-10-07T00:00:00Z
2026-10-06T06:58:35.351608Z,refresh,17890,1761289,10,2,1,0,1791331200,2026-10-07T00:00:00Z
2026-10-06T06:58:35.351608Z,refresh,17891,1761291,600,51,1,0,1791331200,2026-10-07T00:00:00Z
2026-10-06T06:58:35.351608Z,refresh,17892,1761292,255,52,1,0,1791331200,2026-10-07T00:00:00Z
2026-10-06T06:58:35.351608Z,refresh,17893,1761293,5,1,1,0,1791331200,2026-10-07T00:00:00Z
2026-10-06T06:58:35.351608Z,refresh,17894,1761294,24,5,1,0,1791331200,2026-10-07T00:00:00Z
2026-10-06T06:58:35.351608Z,refresh,17895,1761295,114,24,1,0,1791331200,2026-10-07T00:00:00Z
2026-10-06T06:58:35.351608Z,refresh,17896,1761296,10,2,1,0,1791331200,2026-10-07T00:00:00Z
2026-10-06T06:58:35.351608Z,refresh,17897,1761297,55,12,1,0,1791331200,2026-10-07T00:00:00Z
2026-10-06T06:58:35.351608Z,refresh,17898,1761298,5,1,1,0,1791331200,2026-10-07T00:00:00Z
2026-10-06T06:58:35.351608Z,refresh,17899,1761299,10,2,1,0,1791331200,2026-10-07T00:00:00Z
2026-10-06T06:58:35.351608Z,refresh,17900,1761300,25,5,1,0,1791331200,2026-10-07T00:00:00Z
2026-10-06T06:58:35.351608Z,refresh,17901,1761301,31,7,1,0,1791331200,2026-10-07T00:00:00Z
2026-10-06T06:58:35.351608Z,refresh,17902,1761303,5,0,1,0,1791331200,2026-10-07T00:00:00Z
2026-10-06T06:58:35.351608Z,refresh,17903,1761304,370,53,1,0,1791331200,2026-10-07T00:00:00Z
2026-10-06T06:58:35.351608Z,refresh,17904,1761305,15,3,1,0,1791331200,2026-10-07T00:00:00Z
2026-10-06T06:58:35.351608Z,refresh,17905,1761306,35,8,1,0,1791331200,2026-10-07T00:00:00Z
2026-10-06T06:58:35.351608Z,refresh,17906,1761307,115,18,1,0,1791331200,2026-10-07T00:00:00Z
2026-10-06T06:58:35.351608Z,refresh,17907,1761308,115,6,1,0,1791331200,2026-10-07T00:00:00Z
2026-10-06T06:58:35.351608Z,refresh,17908,1761309,15,3,1,0,1791331200,2026-10-07T00:00:00Z
2026-10-06T06:58:35.351608Z,refresh,17910,1761314,5,1,1,0,1791331200,2026-10-07T00:00:00Z
2026-10-06T06:58:35.351608Z,refresh,18684,1761200,5,0,1,0,1791331200,2026-10-07T00:00:00Z
2026-10-06T06:58:35.351608Z,refresh,18685,1761201,5,1,1,0,1791331200,2026-10-07T00:00:00Z
2026-10-06T06:58:35.351608Z,refresh,18686,1761202,5,1,1,0,1791331200,2026-10-07T00:00:00Z
2026-10-06T06:58:35.351608Z,refresh,18687,1761203,5,1,1,0,1791331200,2026-10-07T00:00:00Z
2026-10-06T06:58:35.351608Z,refresh,18688,1761204,5,1,1,0,1791331200,2026-10-07T00:00:00Z
2026-10-06T06:58:35.351608Z,refresh,18689,1761205,65,14,1,0,1791331200,2026-10-07T00:00:00Z
2026-10-06T06:58:35.351608Z,refresh,18690,1761206,115,24,1,0,1791331200,2026-10-07T00:00:00Z
2026-10-06T06:58:35.351608Z,refresh,18691,1761207,15,3,1,0,1791331200,2026-10-07T00:00:00Z
2026-10-06T06:58:35.351608Z,refresh,18692,1761208,15,3,1,0,1791331200,2026-10-07T00:00:00Z
2026-10-06T06:58:35.351608Z,refresh,18693,1761209,15,3,1,0,1791331200,2026-10-07T00:00:00Z
2026-10-06T06:58:35.351608Z,refresh,18694,1761210,5,1,1,0,1791331200,2026-10-07T00:00:00Z
2026-10-06T06:58:35.351608Z,refresh,18695,1761211,5,1,1,0,1791331200,2026-10-07T00:00:00Z
2026-10-06T06:58:35.351608Z,refresh,18696,1761212,5,1,1,0,1791331200,2026-10-07T00:00:00Z
2026-10-06T06:58:35.351608Z,refresh,18697,1761213,5,1,1,0,1791331200,2026-10-07T00:00:00Z
2026-10-06T06:58:35.351608Z,refresh,18698,1761214,5,1,1,0,1791331200,2026-10-07T00:00:00Z
2026-10-06T06:58:35.351608Z,refresh,18699,1761215,5,1,1,0,1791331200,2026-10-07T00:00:00Z
2026-10-06T06:58:35.351608Z,refresh,18700,1761216,5,1,1,0,1791331200,2026-10-07T00:00:00Z
2026-10-06T06:58:35.351608Z,refresh,18701,1761217,320,19,1,0,1791331200,2026-10-07T00:00:00Z
2026-10-06T06:58:35.351608Z,refresh,18702,1761218,460,48,1,0,1791331200,2026-10-07T00:00:00Z
2026-10-06T06:58:35.351608Z,refresh,18703,1761219,55,5,1,0,1791331200,2026-10-07T00:00:00Z
2026-10-06T06:58:35.351608Z,refresh,18721,1761236,10,2,1,0,1791331200,2026-10-07T00:00:00Z
2026-10-06T06:58:35.351608Z,refresh,18722,1761237,55,12,1,0,1791331200,2026-10-07T00:00:00Z
2026-10-06T06:58:35.351608Z,refresh,18723,1761238,5,1,1,0,1791331200,2026-10-07T00:00:00Z
2026-10-06T06:58:35.351608Z,refresh,18724,1761239,5,1,1,0,1791331200,2026-10-07T00:00:00Z
2026-10-06T06:58:35.351608Z,refresh,18725,1761240,5,1,1,0,1791331200,2026-10-07T00:00:00Z
2026-10-06T06:58:35.351608Z,refresh,18726,1761241,5,1,1,0,1791331200,2026-10-07T00:00:00Z
2026-10-06T06:58:35.351608Z,refresh,18727,1761242,5,1,1,0,1791331200,2026-10-07T00:00:00Z
2026-10-06T06:58:35.351608Z,refresh,18728,1761243,5,1,1,0,1791331200,2026-10-07T00:00:00Z
2026-10-06T06:58:35.351608Z,refresh,18729,1761244,15,3,1,0,1791331200,2026-10-07T00:00:00Z
2026-10-06T06:58:35.351608Z,refresh,18730,1761245,15,3,1,0,1791331200,2026-10-07T00:00:00Z
2026-10-06T06:58:35.351608Z,refresh,18731,1761246,5,0,1,0,1791331200,2026-10-07T00:00:00Z
2026-10-06T06:58:35.351608Z,refresh,18732,1761310,5,1,1,0,1791331200,2026-10-07T00:00:00Z
2026-10-06T06:58:35.351608Z,refresh,18733,1761311,10,2,1,0,1791331200,2026-10-07T00:00:00Z
2026-10-06T06:58:35.351608Z,refresh,18734,1761312,10,2,1,0,1791331200,2026-10-07T00:00:00Z
2026-10-06T06:58:35.351608Z,refresh,18735,1761313,50,7,1,0,1791331200,2026-10-07T00:00:00Z
2026-10-06T06:58:35.351608Z,refresh,17125,1779931,65,14,1,0,1791333000,2026-10-07T00:30:00Z
2026-10-06T07:27:08.348503Z,refresh,10000,1761139,105,2,1,0,1791324000,2026-10-06T22:00:00Z
2026-10-06T07:27:08.348503Z,refresh,10001,1761140,100,0,1,0,1791324000,2026-10-06T22:00:00Z
2026-10-06T07:27:08.348503Z,refresh,10002,1761141,100,1,1,0,1791324000,2026-10-06T22:00:00Z
2026-10-06T07:27:08.348503Z,refresh,10003,1761142,1025,12,1,0,1791324000,2026-10-06T22:00:00Z
2026-10-06T07:27:08.348503Z,refresh,10004,1761143,2600,30,1,0,1791324000,2026-10-06T22:00:00Z
2026-10-06T07:27:08.348503Z,refresh,10005,1761144,3100,20,1,0,1791324000,2026-10-06T22:00:00Z
2026-10-06T07:27:08.348503Z,refresh,10006,1761145,2050,32,1,0,1791324000,2026-10-06T22:00:00Z
2026-10-06T07:27:08.348503Z,refresh,10007,1761146,1075,16,1,0,1791324000,2026-10-06T22:00:00Z
2026-10-06T07:27:08.348503Z,refresh,10008,1761147,9050,37,1,0,1791324000,2026-10-06T22:00:00Z
2026-10-06T07:27:08.348503Z,refresh,10009,1761148,25600,31,1,0,1791324000,2026-10-06T22:00:00Z
2026-10-06T07:27:08.348503Z,refresh,10010,1761149,13550,182,1,0,1791324000,2026-10-06T22:00:00Z
2026-10-06T07:27:08.348503Z,refresh,10011,1761150,20100,191,1,0,1791324000,2026-10-06T22:00:00Z
2026-10-06T07:27:08.348503Z,refresh,10012,1761151,20100,59,1,0,1791324000,2026-10-06T22:00:00Z
2026-10-06T07:27:08.348503Z,refresh,10013,1761152,50000,95,1,0,1791324000,2026-10-06T22:00:00Z
2026-10-06T07:27:08.348503Z,refresh,10014,1761153,23650,67,1,0,1791324000,2026-10-06T22:00:00Z
2026-10-06T07:27:08.348503Z,refresh,10015,1761154,20900,35,1,0,1791324000,2026-10-06T22:00:00Z
2026-10-06T07:27:08.348503Z,refresh,10016,1761155,15100,31,1,0,1791324000,2026-10-06T22:00:00Z
2026-10-06T07:27:08.348503Z,refresh,10017,1761156,42750,57,1,0,1791324000,2026-10-06T22:00:00Z
2026-10-06T07:27:08.348503Z,refresh,10018,1761157,2550,32,1,0,1791324000,2026-10-06T22:00:00Z
2026-10-06T07:27:08.348503Z,refresh,10019,1761158,1075,29,1,0,1791324000,2026-10-06T22:00:00Z
2026-10-06T07:27:08.348503Z,refresh,10050,1761119,4050,51,1,0,1791325800,2026-10-06T22:30:00Z
2026-10-06T07:27:08.348503Z,refresh,10051,1761120,705,3,1,0,1791325800,2026-10-06T22:30:00Z
2026-10-06T07:27:08.348503Z,refresh,10052,1761121,1550,14,1,0,1791325800,2026-10-06T22:30:00Z
2026-10-06T07:27:08.348503Z,refresh,10053,1761122,5050,77,1,0,1791325800,2026-10-06T22:30:00Z
2026-10-06T07:27:08.348503Z,refresh,10054,1761123,1550,35,1,0,1791325800,2026-10-06T22:30:00Z
2026-10-06T07:27:08.348503Z,refresh,10055,1761124,325,5,1,0,1791325800,2026-10-06T22:30:00Z
2026-10-06T07:27:08.348503Z,refresh,10056,1761125,1505,7,1,0,1791325800,2026-10-06T22:30:00Z
2026-10-06T07:27:08.348503Z,refresh,10057,1761126,305,3,1,0,1791325800,2026-10-06T22:30:00Z
2026-10-06T07:27:08.348503Z,refresh,10058,1761127,755,13,1,0,1791325800,2026-10-06T22:30:00Z
2026-10-06T07:27:08.348503Z,refresh,10059,1761128,1400,22,1,0,1791325800,2026-10-06T22:30:00Z
2026-10-06T07:27:08.348503Z,refresh,10060,1761129,7800,63,1,0,1791325800,2026-10-06T22:30:00Z
2026-10-06T07:27:08.348503Z,refresh,10061,1761130,1550,40,1,0,1791325800,2026-10-06T22:30:00Z
2026-10-06T07:27:08.348503Z,refresh,10062,1761131,6200,137,1,0,1791325800,2026-10-06T22:30:00Z
2026-10-06T07:27:08.348503Z,refresh,10063,1761132,1525,15,1,0,1791325800,2026-10-06T22:30:00Z
2026-10-06T07:27:08.348503Z,refresh,10064,1761133,1700,24,1,0,1791325800,2026-10-06T22:30:00Z
2026-10-06T07:27:08.348503Z,refresh,10065,1761134,1650,44,1,0,1791325800,2026-10-06T22:30:00Z
2026-10-06T07:27:08.348503Z,refresh,10066,1761135,1650,16,1,0,1791325800,2026-10-06T22:30:00Z
2026-10-06T07:27:08.348503Z,refresh,10067,1761136,1550,5,1,0,1791325800,2026-10-06T22:30:00Z
2026-10-06T07:27:08.348503Z,refresh,10068,1761137,2100,17,1,0,1791325800,2026-10-06T22:30:00Z
2026-10-06T07:27:08.348503Z,refresh,10069,1761138,1320,69,1,0,1791325800,2026-10-06T22:30:00Z
2026-10-06T07:27:08.348503Z,refresh,17100,1761063,115,4,1,0,1791327600,2026-10-06T23:00:00Z
2026-10-06T07:27:08.348503Z,refresh,17101,1761064,110,3,1,0,1791327600,2026-10-06T23:00:00Z
2026-10-06T07:27:08.348503Z,refresh,17102,1761065,100,1,1,0,1791327600,2026-10-06T23:00:00Z
2026-10-06T07:27:08.348503Z,refresh,17103,1761066,105,2,1,0,1791327600,2026-10-06T23:00:00Z
2026-10-06T07:27:08.348503Z,refresh,17104,1761067,120,5,1,0,1791327600,2026-10-06T23:00:00Z
2026-10-06T07:27:08.348503Z,refresh,17105,1761068,105,2,1,0,1791327600,2026-10-06T23:00:00Z
2026-10-06T07:27:08.348503Z,refresh,17106,1761069,105,2,1,0,1791327600,2026-10-06T23:00:00Z
2026-10-06T07:27:08.348503Z,refresh,17107,1761070,110,3,1,0,1791327600,2026-10-06T23:00:00Z
2026-10-06T07:27:08.348503Z,refresh,17108,1761071,120,5,1,0,1791327600,2026-10-06T23:00:00Z
2026-10-06T07:27:08.348503Z,refresh,17109,1761072,110,3,1,0,1791327600,2026-10-06T23:00:00Z
2026-10-06T07:27:08.348503Z,refresh,17110,1761073,110,3,1,0,1791327600,2026-10-06T23:00:00Z
2026-10-06T07:27:08.348503Z,refresh,17111,1761074,115,4,1,0,1791327600,2026-10-06T23:00:00Z
2026-10-06T07:27:08.348503Z,refresh,17112,1761075,505,13,1,0,1791327600,2026-10-06T23:00:00Z
2026-10-06T07:27:08.348503Z,refresh,17113,1761076,105,2,1,0,1791327600,2026-10-06T23:00:00Z
2026-10-06T07:27:08.348503Z,refresh,17114,1761077,110,3,1,0,1791327600,2026-10-06T23:00:00Z
2026-10-06T07:27:08.348503Z,refresh,17115,1761078,505,28,1,0,1791327600,2026-10-06T23:00:00Z
2026-10-06T07:27:08.348503Z,refresh,17116,1761079,115,4,1,0,1791327600,2026-10-06T23:00:00Z
2026-10-06T07:27:08.348503Z,refresh,17117,1761080,105,2,1,0,1791327600,2026-10-06T23:00:00Z
2026-10-06T07:27:08.348503Z,refresh,17118,1761081,105,2,1,0,1791327600,2026-10-06T23:00:00Z
2026-10-06T07:27:08.348503Z,refresh,17119,1761082,100,1,1,0,1791327600,2026-10-06T23:00:00Z
2026-10-06T07:27:08.348503Z,refresh,17120,1761083,105,2,1,0,1791327600,2026-10-06T23:00:00Z
2026-10-06T07:27:08.348503Z,refresh,17121,1761084,105,2,1,0,1791327600,2026-10-06T23:00:00Z
2026-10-06T07:27:08.348503Z,refresh,17122,1761085,170,15,1,0,1791327600,2026-10-06T23:00:00Z
2026-10-06T07:27:08.348503Z,refresh,10020,1761159,16050,119,1,0,1791329400,2026-10-06T23:30:00Z
2026-10-06T07:27:08.348503Z,refresh,10021,1761160,5,1,1,0,1791329400,2026-10-06T23:30:00Z
2026-10-06T07:27:08.348503Z,refresh,10022,1761161,330,40,1,0,1791329400,2026-10-06T23:30:00Z
2026-10-06T07:27:08.348503Z,refresh,10023,1761162,550,47,1,0,1791329400,2026-10-06T23:30:00Z
2026-10-06T07:27:08.348503Z,refresh,10024,1761163,5,1,1,0,1791329400,2026-10-06T23:30:00Z
2026-10-06T07:27:08.348503Z,refresh,10025,1761164,5,0,1,0,1791329400,2026-10-06T23:30:00Z
2026-10-06T07:27:08.348503Z,refresh,17850,1761247,5,0,1,0,1791329400,2026-10-06T23:30:00Z
2026-10-06T07:27:08.348503Z,refresh,17851,1761248,5,1,1,0,1791329400,2026-10-06T23:30:00Z
2026-10-06T07:27:08.348503Z,refresh,17852,1761249,390,15,1,0,1791329400,2026-10-06T23:30:00Z
2026-10-06T07:27:08.348503Z,refresh,17853,1761250,1350,46,1,0,1791329400,2026-10-06T23:30:00Z
2026-10-06T07:27:08.348503Z,refresh,17854,1761251,155,10,1,0,1791329400,2026-10-06T23:30:00Z
2026-10-06T07:27:08.348503Z,refresh,17855,1761252,100,20,1,0,1791329400,2026-10-06T23:30:00Z
2026-10-06T07:27:08.348503Z,refresh,17856,1761253,180,21,1,0,1791329400,2026-10-06T23:30:00Z
2026-10-06T07:27:08.348503Z,refresh,17857,1761254,110,9,1,0,1791329400,2026-10-06T23:30:00Z
2026-10-06T07:27:08.348503Z,refresh,17858,1761255,60,12,1,0,1791329400,2026-10-06T23:30:00Z
2026-10-06T07:27:08.348503Z,refresh,17859,1761256,5,1,1,0,1791329400,2026-10-06T23:30:00Z
2026-10-06T07:27:08.348503Z,refresh,17860,1761257,5,1,1,0,1791329400,2026-10-06T23:30:00Z
2026-10-06T07:27:08.348503Z,refresh,17861,1761258,30,7,1,0,1791329400,2026-10-06T23:30:00Z
2026-10-06T07:27:08.348503Z,refresh,17862,1761259,5,1,1,0,1791329400,2026-10-06T23:30:00Z
2026-10-06T07:27:08.348503Z,refresh,17863,1761260,5,1,1,0,1791329400,2026-10-06T23:30:00Z
2026-10-06T07:27:08.348503Z,refresh,17864,1761262,10,3,1,0,1791329400,2026-10-06T23:30:00Z
2026-10-06T07:27:08.348503Z,refresh,17865,1761263,15,3,1,0,1791329400,2026-10-06T23:30:00Z
2026-10-06T07:27:08.348503Z,refresh,17909,1761086,5,0,1,0,1791329400,2026-10-06T23:30:00Z
2026-10-06T07:27:08.348503Z,refresh,17911,1761088,5,0,1,0,1791329400,2026-10-06T23:30:00Z
2026-10-06T07:27:08.348503Z,refresh,17912,1761089,5,0,1,0,1791329400,2026-10-06T23:30:00Z
2026-10-06T07:27:08.348503Z,refresh,17913,1761090,5,0,1,0,1791329400,2026-10-06T23:30:00Z
2026-10-06T07:27:08.348503Z,refresh,17914,1761091,5,0,1,0,1791329400,2026-10-06T23:30:00Z
2026-10-06T07:27:08.348503Z,refresh,17915,1761092,5,0,1,0,1791329400,2026-10-06T23:30:00Z
2026-10-06T07:27:08.348503Z,refresh,17916,1761093,5,0,1,0,1791329400,2026-10-06T23:30:00Z
2026-10-06T07:27:08.348503Z,refresh,17917,1761094,5,1,1,0,1791329400,2026-10-06T23:30:00Z
2026-10-06T07:27:08.348503Z,refresh,17918,1761095,5,0,1,0,1791329400,2026-10-06T23:30:00Z
2026-10-06T07:27:08.348503Z,refresh,17919,1761096,5,0,1,0,1791329400,2026-10-06T23:30:00Z
2026-10-06T07:27:08.348503Z,refresh,17920,1761097,5,1,1,0,1791329400,2026-10-06T23:30:00Z
2026-10-06T07:27:08.348503Z,refresh,17921,1761098,5,1,1,0,1791329400,2026-10-06T23:30:00Z
2026-10-06T07:27:08.348503Z,refresh,17922,1761099,5,0,1,0,1791329400,2026-10-06T23:30:00Z
2026-10-06T07:27:08.348503Z,refresh,17923,1761100,5,0,1,0,1791329400,2026-10-06T23:30:00Z
2026-10-06T07:27:08.348503Z,refresh,17924,1761101,10,2,1,0,1791329400,2026-10-06T23:30:00Z
2026-10-06T07:27:08.348503Z,refresh,17925,1761102,5,1,1,0,1791329400,2026-10-06T23:30:00Z
2026-10-06T07:27:08.348503Z,refresh,17926,1761103,5,1,1,0,1791329400,2026-10-06T23:30:00Z
2026-10-06T07:27:08.348503Z,refresh,17927,1761104,105,5,1,0,1791329400,2026-10-06T23:30:00Z
2026-10-06T07:27:08.348503Z,refresh,17928,1761105,5,1,1,0,1791329400,2026-10-06T23:30:00Z
2026-10-06T07:27:08.348503Z,refresh,17929,1761106,5,1,1,0,1791329400,2026-10-06T23:30:00Z
2026-10-06T07:27:08.348503Z,refresh,17930,1761107,5,1,1,0,1791329400,2026-10-06T23:30:00Z
2026-10-06T07:27:08.348503Z,refresh,17931,1761108,15,4,1,0,1791329400,2026-10-06T23:30:00Z
2026-10-06T07:27:08.348503Z,refresh,17932,1761109,5,1,1,0,1791329400,2026-10-06T23:30:00Z
2026-10-06T07:27:08.348503Z,refresh,17933,1761110,5,1,1,0,1791329400,2026-10-06T23:30:00Z
2026-10-06T07:27:08.348503Z,refresh,17934,1761111,5,0,1,0,1791329400,2026-10-06T23:30:00Z
2026-10-06T07:27:08.348503Z,refresh,17935,1761112,5,0,1,0,1791329400,2026-10-06T23:30:00Z
2026-10-06T07:27:08.348503Z,refresh,17936,1761113,5,0,1,0,1791329400,2026-10-06T23:30:00Z
2026-10-06T07:27:08.348503Z,refresh,17937,1761114,5,1,1,0,1791329400,2026-10-06T23:30:00Z
2026-10-06T07:27:08.348503Z,refresh,17938,1761115,5,1,1,0,1791329400,2026-10-06T23:30:00Z
2026-10-06T07:27:08.348503Z,refresh,17939,1761116,5,1,1,0,1791329400,2026-10-06T23:30:00Z
2026-10-06T07:27:08.348503Z,refresh,17940,1761117,25,5,1,0,1791329400,2026-10-06T23:30:00Z
2026-10-06T07:27:08.348503Z,refresh,17941,1761118,420,19,1,0,1791329400,2026-10-06T23:30:00Z
2026-10-06T07:27:08.348503Z,refresh,18650,1761165,5,1,1,0,1791329400,2026-10-06T23:30:00Z
2026-10-06T07:27:08.348503Z,refresh,18651,1761166,40,9,1,0,1791329400,2026-10-06T23:30:00Z
2026-10-06T07:27:08.348503Z,refresh,18652,1761167,5,1,1,0,1791329400,2026-10-06T23:30:00Z
2026-10-06T07:27:08.348503Z,refresh,18653,1761168,5,1,1,0,1791329400,2026-10-06T23:30:00Z
2026-10-06T07:27:08.348503Z,refresh,18654,1761169,15,3,1,0,1791329400,2026-10-06T23:30:00Z
2026-10-06T07:27:08.348503Z,refresh,18655,1761170,5,1,1,0,1791329400,2026-10-06T23:30:00Z
2026-10-06T07:27:08.348503Z,refresh,18656,1761171,5,1,1,0,1791329400,2026-10-06T23:30:00Z
2026-10-06T07:27:08.348503Z,refresh,18657,1761172,110,9,1,0,1791329400,2026-10-06T23:30:00Z
2026-10-06T07:27:08.348503Z,refresh,18658,1761173,15,3,1,0,1791329400,2026-10-06T23:30:00Z
2026-10-06T07:27:08.348503Z,refresh,18659,1761174,5,1,1,0,1791329400,2026-10-06T23:30:00Z
2026-10-06T07:27:08.348503Z,refresh,18660,1761175,410,67,1,0,1791329400,2026-10-06T23:30:00Z
2026-10-06T07:27:08.348503Z,refresh,18661,1761176,35,8,1,0,1791329400,2026-10-06T23:30:00Z
2026-10-06T07:27:08.348503Z,refresh,18662,1761177,5,1,1,0,1791329400,2026-10-06T23:30:00Z
2026-10-06T07:27:08.348503Z,refresh,18663,1761178,210,25,1,0,1791329400,2026-10-06T23:30:00Z
2026-10-06T07:27:08.348503Z,refresh,18664,1761179,255,30,1,0,1791329400,2026-10-06T23:30:00Z
2026-10-06T07:27:08.348503Z,refresh,18665,1761180,205,33,1,0,1791329400,2026-10-06T23:30:00Z
2026-10-06T07:27:08.348503Z,refresh,18666,1761181,39,6,1,0,1791329400,2026-10-06T23:30:00Z
2026-10-06T07:27:08.348503Z,refresh,18667,1761182,5,0,1,0,1791329400,2026-10-06T23:30:00Z
2026-10-06T07:27:08.348503Z,refresh,18668,1761183,5,1,1,0,1791329400,2026-10-06T23:30:00Z
2026-10-06T07:27:08.348503Z,refresh,18669,1761184,55,10,1,0,1791329400,2026-10-06T23:30:00Z
2026-10-06T07:27:08.348503Z,refresh,18670,1761185,15,3,1,0,1791329400,2026-10-06T23:30:00Z
2026-10-06T07:27:08.348503Z,refresh,18671,1761186,125,25,1,0,1791329400,2026-10-06T23:30:00Z
2026-10-06T07:27:08.348503Z,refresh,18672,1761187,115,24,1,0,1791329400,2026-10-06T23:30:00Z
2026-10-06T07:27:08.348503Z,refresh,18673,1761188,24,5,1,0,1791329400,2026-10-06T23:30:00Z
2026-10-06T07:27:08.348503Z,refresh,18674,1761189,15,3,1,0,1791329400,2026-10-06T23:30:00Z
2026-10-06T07:27:08.348503Z,refresh,18675,1761190,55,12,1,0,1791329400,2026-10-06T23:30:00Z
2026-10-06T07:27:08.348503Z,refresh,18676,1761191,5,1,1,0,1791329400,2026-10-06T23:30:00Z
2026-10-06T07:27:08.348503Z,refresh,18677,1761192,35,8,1,0,1791329400,2026-10-06T23:30:00Z
2026-10-06T07:27:08.348503Z,refresh,18678,1761194,20,5,1,0,1791329400,2026-10-06T23:30:00Z
2026-10-06T07:27:08.348503Z,refresh,18679,1761195,5,1,1,0,1791329400,2026-10-06T23:30:00Z
2026-10-06T07:27:08.348503Z,refresh,18680,1761196,55,12,1,0,1791329400,2026-10-06T23:30:00Z
2026-10-06T07:27:08.348503Z,refresh,18681,1761197,70,11,1,0,1791329400,2026-10-06T23:30:00Z
2026-10-06T07:27:08.348503Z,refresh,18682,1761198,10,2,1,0,1791329400,2026-10-06T23:30:00Z
2026-10-06T07:27:08.348503Z,refresh,18683,1761199,5,1,1,0,1791329400,2026-10-06T23:30:00Z
2026-10-06T07:27:08.348503Z,refresh,18705,1761220,5,0,1,0,1791329400,2026-10-06T23:30:00Z
2026-10-06T07:27:08.348503Z,refresh,18706,1761221,5,0,1,0,1791329400,2026-10-06T23:30:00Z
2026-10-06T07:27:08.348503Z,refresh,18707,1761222,10,2,1,0,1791329400,2026-10-06T23:30:00Z
2026-10-06T07:27:08.348503Z,refresh,18708,1761223,45,6,1,0,1791329400,2026-10-06T23:30:00Z
2026-10-06T07:27:08.348503Z,refresh,18709,1761224,5,0,1,0,1791329400,2026-10-06T23:30:00Z
2026-10-06T07:27:08.348503Z,refresh,18710,1761225,5,0,1,0,1791329400,2026-10-06T23:30:00Z
2026-10-06T07:27:08.348503Z,refresh,18711,1761226,5,0,1,0,1791329400,2026-10-06T23:30:00Z
2026-10-06T07:27:08.348503Z,refresh,18712,1761227,5,1,1,0,1791329400,2026-10-06T23:30:00Z
2026-10-06T07:27:08.348503Z,refresh,18713,1761228,50,10,1,0,1791329400,2026-10-06T23:30:00Z
2026-10-06T07:27:08.348503Z,refresh,18714,1761229,5,1,1,0,1791329400,2026-10-06T23:30:00Z
2026-10-06T07:27:08.348503Z,refresh,18715,1761230,5,1,1,0,1791329400,2026-10-06T23:30:00Z
2026-10-06T07:27:08.348503Z,refresh,18716,1761231,155,5,1,0,1791329400,2026-10-06T23:30:00Z
2026-10-06T07:27:08.348503Z,refresh,18717,1761232,205,6,1,0,1791329400,2026-10-06T23:30:00Z
2026-10-06T07:27:08.348503Z,refresh,18718,1761233,115,24,1,0,1791329400,2026-10-06T23:30:00Z
2026-10-06T07:27:08.348503Z,refresh,18719,1761234,5,0,1,0,1791329400,2026-10-06T23:30:00Z
2026-10-06T07:27:08.348503Z,refresh,18720,1761235,5,0,1,0,1791329400,2026-10-06T23:30:00Z
2026-10-06T07:27:08.348503Z,refresh,17866,1761264,5,1,1,0,1791331200,2026-10-07T00:00:00Z
2026-10-06T07:27:08.348503Z,refresh,17867,1761265,10,2,1,0,1791331200,2026-10-07T00:00:00Z
2026-10-06T07:27:08.348503Z,refresh,17868,1761266,5,1,1,0,1791331200,2026-10-07T00:00:00Z
2026-10-06T07:27:08.348503Z,refresh,17869,1761268,10,2,1,0,1791331200,2026-10-07T00:00:00Z
2026-10-06T07:27:08.348503Z,refresh,17870,1761269,5,1,1,0,1791331200,2026-10-07T00:00:00Z
2026-10-06T07:27:08.348503Z,refresh,17871,1761270,5,1,1,0,1791331200,2026-10-07T00:00:00Z
2026-10-06T07:27:08.348503Z,refresh,17872,1761271,5,0,1,0,1791331200,2026-10-07T00:00:00Z
2026-10-06T07:27:08.348503Z,refresh,17873,1761272,10,2,1,0,1791331200,2026-10-07T00:00:00Z
2026-10-06T07:27:08.348503Z,refresh,17874,1761273,5,0,1,0,1791331200,2026-10-07T00:00:00Z
2026-10-06T07:27:08.348503Z,refresh,17875,1761274,160,25,1,0,1791331200,2026-10-07T00:00:00Z
2026-10-06T07:27:08.348503Z,refresh,17876,1761275,15,3,1,0,1791331200,2026-10-07T00:00:00Z
2026-10-06T07:27:08.348503Z,refresh,17877,1761276,5,1,1,0,1791331200,2026-10-07T00:00:00Z
2026-10-06T07:27:08.348503Z,refresh,17878,1761277,40,9,1,0,1791331200,2026-10-07T00:00:00Z
2026-10-06T07:27:08.348503Z,refresh,17879,1761278,5,1,1,0,1791331200,2026-10-07T00:00:00Z
2026-10-06T07:27:08.348503Z,refresh,17880,1761279,210,17,1,0,1791331200,2026-10-07T00:00:00Z
2026-10-06T07:27:08.348503Z,refresh,17881,1761280,44,9,1,0,1791331200,2026-10-07T00:00:00Z
2026-10-06T07:27:08.348503Z,refresh,17882,1761281,24,5,1,0,1791331200,2026-10-07T00:00:00Z
2026-10-06T07:27:08.348503Z,refresh,17883,1761282,34,7,1,0,1791331200,2026-10-07T00:00:00Z
2026-10-06T07:27:08.348503Z,refresh,17884,1761283,15,3,1,0,1791331200,2026-10-07T00:00:00Z
2026-10-06T07:27:08.348503Z,refresh,17885,1761284,5,1,1,0,1791331200,2026-10-07T00:00:00Z
2026-10-06T07:27:08.348503Z,refresh,17886,1761285,5,1,1,0,1791331200,2026-10-07T00:00:00Z
2026-10-06T07:27:08.348503Z,refresh,17887,1761286,5,1,1,0,1791331200,2026-10-07T00:00:00Z
2026-10-06T07:27:08.348503Z,refresh,17888,1761287,5,0,1,0,1791331200,2026-10-07T00:00:00Z
2026-10-06T07:27:08.348503Z,refresh,17889,1761288,105,12,1,0,1791331200,2026-10-07T00:00:00Z
2026-10-06T07:27:08.348503Z,refresh,17890,1761289,10,2,1,0,1791331200,2026-10-07T00:00:00Z
2026-10-06T07:27:08.348503Z,refresh,17891,1761291,600,51,1,0,1791331200,2026-10-07T00:00:00Z
2026-10-06T07:27:08.348503Z,refresh,17892,1761292,255,52,1,0,1791331200,2026-10-07T00:00:00Z
2026-10-06T07:27:08.348503Z,refresh,17893,1761293,5,1,1,0,1791331200,2026-10-07T00:00:00Z
2026-10-06T07:27:08.348503Z,refresh,17894,1761294,24,5,1,0,1791331200,2026-10-07T00:00:00Z
2026-10-06T07:27:08.348503Z,refresh,17895,1761295,114,24,1,0,1791331200,2026-10-07T00:00:00Z
2026-10-06T07:27:08.348503Z,refresh,17896,1761296,10,2,1,0,1791331200,2026-10-07T00:00:00Z
2026-10-06T07:27:08.348503Z,refresh,17897,1761297,55,12,1,0,1791331200,2026-10-07T00:00:00Z
2026-10-06T07:27:08.348503Z,refresh,17898,1761298,5,1,1,0,1791331200,2026-10-07T00:00:00Z
2026-10-06T07:27:08.348503Z,refresh,17899,1761299,10,2,1,0,1791331200,2026-10-07T00:00:00Z
2026-10-06T07:27:08.348503Z,refresh,17900,1761300,25,5,1,0,1791331200,2026-10-07T00:00:00Z
2026-10-06T07:27:08.348503Z,refresh,17901,1761301,31,7,1,0,1791331200,2026-10-07T00:00:00Z
2026-10-06T07:27:08.348503Z,refresh,17902,1761303,5,0,1,0,1791331200,2026-10-07T00:00:00Z
2026-10-06T07:27:08.348503Z,refresh,17903,1761304,370,53,1,0,1791331200,2026-10-07T00:00:00Z
2026-10-06T07:27:08.348503Z,refresh,17904,1761305,15,3,1,0,1791331200,2026-10-07T00:00:00Z
2026-10-06T07:27:08.348503Z,refresh,17905,1761306,35,8,1,0,1791331200,2026-10-07T00:00:00Z
2026-10-06T07:27:08.348503Z,refresh,17906,1761307,115,18,1,0,1791331200,2026-10-07T00:00:00Z
2026-10-06T07:27:08.348503Z,refresh,17907,1761308,115,6,1,0,1791331200,2026-10-07T00:00:00Z
2026-10-06T07:27:08.348503Z,refresh,17908,1761309,15,3,1,0,1791331200,2026-10-07T00:00:00Z
2026-10-06T07:27:08.348503Z,refresh,17910,1761314,5,1,1,0,1791331200,2026-10-07T00:00:00Z
2026-10-06T07:27:08.348503Z,refresh,18684,1761200,5,0,1,0,1791331200,2026-10-07T00:00:00Z
2026-10-06T07:27:08.348503Z,refresh,18685,1761201,5,1,1,0,1791331200,2026-10-07T00:00:00Z
2026-10-06T07:27:08.348503Z,refresh,18686,1761202,5,1,1,0,1791331200,2026-10-07T00:00:00Z
2026-10-06T07:27:08.348503Z,refresh,18687,1761203,5,1,1,0,1791331200,2026-10-07T00:00:00Z
2026-10-06T07:27:08.348503Z,refresh,18688,1761204,5,1,1,0,1791331200,2026-10-07T00:00:00Z
2026-10-06T07:27:08.348503Z,refresh,18689,1761205,65,14,1,0,1791331200,2026-10-07T00:00:00Z
2026-10-06T07:27:08.348503Z,refresh,18690,1761206,115,24,1,0,1791331200,2026-10-07T00:00:00Z
2026-10-06T07:27:08.348503Z,refresh,18691,1761207,15,3,1,0,1791331200,2026-10-07T00:00:00Z
2026-10-06T07:27:08.348503Z,refresh,18692,1761208,15,3,1,0,1791331200,2026-10-07T00:00:00Z
2026-10-06T07:27:08.348503Z,refresh,18693,1761209,15,3,1,0,1791331200,2026-10-07T00:00:00Z
2026-10-06T07:27:08.348503Z,refresh,18694,1761210,5,1,1,0,1791331200,2026-10-07T00:00:00Z
2026-10-06T07:27:08.348503Z,refresh,18695,1761211,5,1,1,0,1791331200,2026-10-07T00:00:00Z
2026-10-06T07:27:08.348503Z,refresh,18696,1761212,5,1,1,0,1791331200,2026-10-07T00:00:00Z
2026-10-06T07:27:08.348503Z,refresh,18697,1761213,5,1,1,0,1791331200,2026-10-07T00:00:00Z
2026-10-06T07:27:08.348503Z,refresh,18698,1761214,5,1,1,0,1791331200,2026-10-07T00:00:00Z
2026-10-06T07:27:08.348503Z,refresh,18699,1761215,5,1,1,0,1791331200,2026-10-07T00:00:00Z
2026-10-06T07:27:08.348503Z,refresh,18700,1761216,5,1,1,0,1791331200,2026-10-07T00:00:00Z
2026-10-06T07:27:08.348503Z,refresh,18701,1761217,320,19,1,0,1791331200,2026-10-07T00:00:00Z
2026-10-06T07:27:08.348503Z,refresh,18702,1761218,460,48,1,0,1791331200,2026-10-07T00:00:00Z
2026-10-06T07:27:08.348503Z,refresh,18703,1761219,55,5,1,0,1791331200,2026-10-07T00:00:00Z
2026-10-06T07:27:08.348503Z,refresh,18721,1761236,10,2,1,0,1791331200,2026-10-07T00:00:00Z
2026-10-06T07:27:08.348503Z,refresh,18722,1761237,55,12,1,0,1791331200,2026-10-07T00:00:00Z
2026-10-06T07:27:08.348503Z,refresh,18723,1761238,5,1,1,0,1791331200,2026-10-07T00:00:00Z
2026-10-06T07:27:08.348503Z,refresh,18724,1761239,5,1,1,0,1791331200,2026-10-07T00:00:00Z
2026-10-06T07:27:08.348503Z,refresh,18725,1761240,5,1,1,0,1791331200,2026-10-07T00:00:00Z
2026-10-06T07:27:08.348503Z,refresh,18726,1761241,5,1,1,0,1791331200,2026-10-07T00:00:00Z
2026-10-06T07:27:08.348503Z,refresh,18727,1761242,5,1,1,0,1791331200,2026-10-07T00:00:00Z
2026-10-06T07:27:08.348503Z,refresh,18728,1761243,5,1,1,0,1791331200,2026-10-07T00:00:00Z
2026-10-06T07:27:08.348503Z,refresh,18729,1761244,15,3,1,0,1791331200,2026-10-07T00:00:00Z
2026-10-06T07:27:08.348503Z,refresh,18730,1761245,15,3,1,0,1791331200,2026-10-07T00:00:00Z
2026-10-06T07:27:08.348503Z,refresh,18731,1761246,5,0,1,0,1791331200,2026-10-07T00:00:00Z
2026-10-06T07:27:08.348503Z,refresh,18732,1761310,5,1,1,0,1791331200,2026-10-07T00:00:00Z
2026-10-06T07:27:08.348503Z,refresh,18733,1761311,10,2,1,0,1791331200,2026-10-07T00:00:00Z
2026-10-06T07:27:08.348503Z,refresh,18734,1761312,10,2,1,0,1791331200,2026-10-07T00:00:00Z
2026-10-06T07:27:08.348503Z,refresh,18735,1761313,50,7,1,0,1791331200,2026-10-07T00:00:00Z
2026-10-06T07:27:08.348503Z,refresh,17125,1779931,65,14,1,0,1791333000,2026-10-07T00:30:00Z
2026-10-06T07:33:10.491426Z,refresh,10000,1761139,105,2,1,0,1791324000,2026-10-06T22:00:00Z
2026-10-06T07:33:10.491426Z,refresh,10001,1761140,100,0,1,0,1791324000,2026-10-06T22:00:00Z
2026-10-06T07:33:10.491426Z,refresh,10002,1761141,100,1,1,0,1791324000,2026-10-06T22:00:00Z
2026-10-06T07:33:10.491426Z,refresh,10003,1761142,1025,12,1,0,1791324000,2026-10-06T22:00:00Z
2026-10-06T07:33:10.491426Z,refresh,10004,1761143,2600,30,1,0,1791324000,2026-10-06T22:00:00Z
2026-10-06T07:33:10.491426Z,refresh,10005,1761144,3100,20,1,0,1791324000,2026-10-06T22:00:00Z
2026-10-06T07:33:10.491426Z,refresh,10006,1761145,2050,32,1,0,1791324000,2026-10-06T22:00:00Z
2026-10-06T07:33:10.491426Z,refresh,10007,1761146,1075,16,1,0,1791324000,2026-10-06T22:00:00Z
2026-10-06T07:33:10.491426Z,refresh,10008,1761147,9050,37,1,0,1791324000,2026-10-06T22:00:00Z
2026-10-06T07:33:10.491426Z,refresh,10009,1761148,25600,31,1,0,1791324000,2026-10-06T22:00:00Z
2026-10-06T07:33:10.491426Z,refresh,10010,1761149,13550,182,1,0,1791324000,2026-10-06T22:00:00Z
2026-10-06T07:33:10.491426Z,refresh,10011,1761150,20100,191,1,0,1791324000,2026-10-06T22:00:00Z
2026-10-06T07:33:10.491426Z,refresh,10012,1761151,20100,59,1,0,1791324000,2026-10-06T22:00:00Z
2026-10-06T07:33:10.491426Z,refresh,10013,1761152,50000,95,1,0,1791324000,2026-10-06T22:00:00Z
2026-10-06T07:33:10.491426Z,refresh,10014,1761153,23650,67,1,0,1791324000,2026-10-06T22:00:00Z
2026-10-06T07:33:10.491426Z,refresh,10015,1761154,20900,35,1,0,1791324000,2026-10-06T22:00:00Z
2026-10-06T07:33:10.491426Z,refresh,10016,1761155,15100,31,1,0,1791324000,2026-10-06T22:00:00Z
2026-10-06T07:33:10.491426Z,refresh,10017,1761156,42750,57,1,0,1791324000,2026-10-06T22:00:00Z
2026-10-06T07:33:10.491426Z,refresh,10018,1761157,2550,32,1,0,1791324000,2026-10-06T22:00:00Z
2026-10-06T07:33:10.491426Z,refresh,10019,1761158,1075,29,1,0,1791324000,2026-10-06T22:00:00Z
2026-10-06T07:33:10.491426Z,refresh,10050,1761119,4050,51,1,0,1791325800,2026-10-06T22:30:00Z
2026-10-06T07:33:10.491426Z,refresh,10051,1761120,705,3,1,0,1791325800,2026-10-06T22:30:00Z
2026-10-06T07:33:10.491426Z,refresh,10052,1761121,1550,14,1,0,1791325800,2026-10-06T22:30:00Z
2026-10-06T07:33:10.491426Z,refresh,10053,1761122,5050,77,1,0,1791325800,2026-10-06T22:30:00Z
2026-10-06T07:33:10.491426Z,refresh,10054,1761123,1550,35,1,0,1791325800,2026-10-06T22:30:00Z
2026-10-06T07:33:10.491426Z,refresh,10055,1761124,325,5,1,0,1791325800,2026-10-06T22:30:00Z
2026-10-06T07:33:10.491426Z,refresh,10056,1761125,1505,7,1,0,1791325800,2026-10-06T22:30:00Z
2026-10-06T07:33:10.491426Z,refresh,10057,1761126,305,3,1,0,1791325800,2026-10-06T22:30:00Z
2026-10-06T07:33:10.491426Z,refresh,10058,1761127,755,13,1,0,1791325800,2026-10-06T22:30:00Z
2026-10-06T07:33:10.491426Z,refresh,10059,1761128,1400,22,1,0,1791325800,2026-10-06T22:30:00Z
2026-10-06T07:33:10.491426Z,refresh,10060,1761129,7800,63,1,0,1791325800,2026-10-06T22:30:00Z
2026-10-06T07:33:10.491426Z,refresh,10061,1761130,1550,40,1,0,1791325800,2026-10-06T22:30:00Z
2026-10-06T07:33:10.491426Z,refresh,10062,1761131,6200,137,1,0,1791325800,2026-10-06T22:30:00Z
2026-10-06T07:33:10.491426Z,refresh,10063,1761132,1525,15,1,0,1791325800,2026-10-06T22:30:00Z
2026-10-06T07:33:10.491426Z,refresh,10064,1761133,1700,24,1,0,1791325800,2026-10-06T22:30:00Z
2026-10-06T07:33:10.491426Z,refresh,10065,1761134,1650,44,1,0,1791325800,2026-10-06T22:30:00Z
2026-10-06T07:33:10.491426Z,refresh,10066,1761135,1650,16,1,0,1791325800,2026-10-06T22:30:00Z
2026-10-06T07:33:10.491426Z,refresh,10067,1761136,1550,5,1,0,1791325800,2026-10-06T22:30:00Z
2026-10-06T07:33:10.491426Z,refresh,10068,1761137,2100,17,1,0,1791325800,2026-10-06T22:30:00Z
2026-10-06T07:33:10.491426Z,refresh,10069,1761138,1320,69,1,0,1791325800,2026-10-06T22:30:00Z
2026-10-06T07:33:10.491426Z,refresh,17100,1761063,115,4,1,0,1791327600,2026-10-06T23:00:00Z
2026-10-06T07:33:10.491426Z,refresh,17101,1761064,110,3,1,0,1791327600,2026-10-06T23:00:00Z
2026-10-06T07:33:10.491426Z,refresh,17102,1761065,100,1,1,0,1791327600,2026-10-06T23:00:00Z
2026-10-06T07:33:10.491426Z,refresh,17103,1761066,105,2,1,0,1791327600,2026-10-06T23:00:00Z
2026-10-06T07:33:10.491426Z,refresh,17104,1761067,120,5,1,0,1791327600,2026-10-06T23:00:00Z
2026-10-06T07:33:10.491426Z,refresh,17105,1761068,105,2,1,0,1791327600,2026-10-06T23:00:00Z
2026-10-06T07:33:10.491426Z,refresh,17106,1761069,105,2,1,0,1791327600,2026-10-06T23:00:00Z
2026-10-06T07:33:10.491426Z,refresh,17107,1761070,110,3,1,0,1791327600,2026-10-06T23:00:00Z
2026-10-06T07:33:10.491426Z,refresh,17108,1761071,120,5,1,0,1791327600,2026-10-06T23:00:00Z
2026-10-06T07:33:10.491426Z,refresh,17109,1761072,110,3,1,0,1791327600,2026-10-06T23:00:00Z
2026-10-06T07:33:10.491426Z,refresh,17110,1761073,110,3,1,0,1791327600,2026-10-06T23:00:00Z
2026-10-06T07:33:10.491426Z,refresh,17111,1761074,115,4,1,0,1791327600,2026-10-06T23:00:00Z
2026-10-06T07:33:10.491426Z,refresh,17112,1761075,505,13,1,0,1791327600,2026-10-06T23:00:00Z
2026-10-06T07:33:10.491426Z,refresh,17113,1761076,105,2,1,0,1791327600,2026-10-06T23:00:00Z
2026-10-06T07:33:10.491426Z,refresh,17114,1761077,110,3,1,0,1791327600,2026-10-06T23:00:00Z
2026-10-06T07:33:10.491426Z,refresh,17115,1761078,505,28,1,0,1791327600,2026-10-06T23:00:00Z
2026-10-06T07:33:10.491426Z,refresh,17116,1761079,115,4,1,0,1791327600,2026-10-06T23:00:00Z
2026-10-06T07:33:10.491426Z,refresh,17117,1761080,105,2,1,0,1791327600,2026-10-06T23:00:00Z
2026-10-06T07:33:10.491426Z,refresh,17118,1761081,105,2,1,0,1791327600,2026-10-06T23:00:00Z
2026-10-06T07:33:10.491426Z,refresh,17119,1761082,100,1,1,0,1791327600,2026-10-06T23:00:00Z
2026-10-06T07:33:10.491426Z,refresh,17120,1761083,105,2,1,0,1791327600,2026-10-06T23:00:00Z
2026-10-06T07:33:10.491426Z,refresh,17121,1761084,105,2,1,0,1791327600,2026-10-06T23:00:00Z
2026-10-06T07:33:10.491426Z,refresh,17122,1761085,170,15,1,0,1791327600,2026-10-06T23:00:00Z
2026-10-06T07:33:10.491426Z,refresh,10020,1761159,16050,119,1,0,1791329400,2026-10-06T23:30:00Z
2026-10-06T07:33:10.491426Z,refresh,10021,1761160,5,1,1,0,1791329400,2026-10-06T23:30:00Z
2026-10-06T07:33:10.491426Z,refresh,10022,1761161,330,40,1,0,1791329400,2026-10-06T23:30:00Z
2026-10-06T07:33:10.491426Z,refresh,10023,1761162,550,47,1,0,1791329400,2026-10-06T23:30:00Z
2026-10-06T07:33:10.491426Z,refresh,10024,1761163,5,1,1,0,1791329400,2026-10-06T23:30:00Z
2026-10-06T07:33:10.491426Z,refresh,10025,1761164,5,0,1,0,1791329400,2026-10-06T23:30:00Z
2026-10-06T07:33:10.491426Z,refresh,17850,1761247,5,0,1,0,1791329400,2026-10-06T23:30:00Z
2026-10-06T07:33:10.491426Z,refresh,17851,1761248,5,1,1,0,1791329400,2026-10-06T23:30:00Z
2026-10-06T07:33:10.491426Z,refresh,17852,1761249,390,15,1,0,1791329400,2026-10-06T23:30:00Z
2026-10-06T07:33:10.491426Z,refresh,17853,1761250,1350,46,1,0,1791329400,2026-10-06T23:30:00Z
2026-10-06T07:33:10.491426Z,refresh,17854,1761251,155,10,1,0,1791329400,2026-10-06T23:30:00Z
2026-10-06T07:33:10.491426Z,refresh,17855,1761252,100,20,1,0,1791329400,2026-10-06T23:30:00Z
2026-10-06T07:33:10.491426Z,refresh,17856,1761253,180,21,1,0,1791329400,2026-10-06T23:30:00Z
2026-10-06T07:33:10.491426Z,refresh,17857,1761254,110,9,1,0,1791329400,2026-10-06T23:30:00Z
2026-10-06T07:33:10.491426Z,refresh,17858,1761255,60,12,1,0,1791329400,2026-10-06T23:30:00Z
2026-10-06T07:33:10.491426Z,refresh,17859,1761256,5,1,1,0,1791329400,2026-10-06T23:30:00Z
2026-10-06T07:33:10.491426Z,refresh,17860,1761257,5,1,1,0,1791329400,2026-10-06T23:30:00Z
2026-10-06T07:33:10.491426Z,refresh,17861,1761258,30,7,1,0,1791329400,2026-10-06T23:30:00Z
2026-10-06T07:33:10.491426Z,refresh,17862,1761259,5,1,1,0,1791329400,2026-10-06T23:30:00Z
2026-10-06T07:33:10.491426Z,refresh,17863,1761260,5,1,1,0,1791329400,2026-10-06T23:30:00Z
2026-10-06T07:33:10.491426Z,refresh,17864,1761262,10,3,1,0,1791329400,2026-10-06T23:30:00Z
2026-10-06T07:33:10.491426Z,refresh,17865,1761263,15,3,1,0,1791329400,2026-10-06T23:30:00Z
2026-10-06T07:33:10.491426Z,refresh,17909,1761086,5,0,1,0,1791329400,2026-10-06T23:30:00Z
2026-10-06T07:33:10.491426Z,refresh,17911,1761088,5,0,1,0,1791329400,2026-10-06T23:30:00Z
2026-10-06T07:33:10.491426Z,refresh,17912,1761089,5,0,1,0,1791329400,2026-10-06T23:30:00Z
2026-10-06T07:33:10.491426Z,refresh,17913,1761090,5,0,1,0,1791329400,2026-10-06T23:30:00Z
2026-10-06T07:33:10.491426Z,refresh,17914,1761091,5,0,1,0,1791329400,2026-10-06T23:30:00Z
2026-10-06T07:33:10.491426Z,refresh,17915,1761092,5,0,1,0,1791329400,2026-10-06T23:30:00Z
2026-10-06T07:33:10.491426Z,refresh,17916,1761093,5,0,1,0,1791329400,2026-10-06T23:30:00Z
2026-10-06T07:33:10.491426Z,refresh,17917,1761094,5,1,1,0,1791329400,2026-10-06T23:30:00Z
2026-10-06T07:33:10.491426Z,refresh,17918,1761095,5,0,1,0,1791329400,2026-10-06T23:30:00Z
2026-10-06T07:33:10.491426Z,refresh,17919,1761096,5,0,1,0,1791329400,2026-10-06T23:30:00Z
2026-10-06T07:33:10.491426Z,refresh,17920,1761097,5,1,1,0,1791329400,2026-10-06T23:30:00Z
2026-10-06T07:33:10.491426Z,refresh,17921,1761098,5,1,1,0,1791329400,2026-10-06T23:30:00Z
2026-10-06T07:33:10.491426Z,refresh,17922,1761099,5,0,1,0,1791329400,2026-10-06T23:30:00Z
2026-10-06T07:33:10.491426Z,refresh,17923,1761100,5,0,1,0,1791329400,2026-10-06T23:30:00Z
2026-10-06T07:33:10.491426Z,refresh,17924,1761101,10,2,1,0,1791329400,2026-10-06T23:30:00Z
2026-10-06T07:33:10.491426Z,refresh,17925,1761102,5,1,1,0,1791329400,2026-10-06T23:30:00Z
2026-10-06T07:33:10.491426Z,refresh,17926,1761103,5,1,1,0,1791329400,2026-10-06T23:30:00Z
2026-10-06T07:33:10.491426Z,refresh,17927,1761104,105,5,1,0,1791329400,2026-10-06T23:30:00Z
2026-10-06T07:33:10.491426Z,refresh,17928,1761105,5,1,1,0,1791329400,2026-10-06T23:30:00Z
2026-10-06T07:33:10.491426Z,refresh,17929,1761106,5,1,1,0,1791329400,2026-10-06T23:30:00Z
2026-10-06T07:33:10.491426Z,refresh,17930,1761107,5,1,1,0,1791329400,2026-10-06T23:30:00Z
2026-10-06T07:33:10.491426Z,refresh,17931,1761108,15,4,1,0,1791329400,2026-10-06T23:30:00Z
2026-10-06T07:33:10.491426Z,refresh,17932,1761109,5,1,1,0,1791329400,2026-10-06T23:30:00Z
2026-10-06T07:33:10.491426Z,refresh,17933,1761110,5,1,1,0,1791329400,2026-10-06T23:30:00Z
2026-10-06T07:33:10.491426Z,refresh,17934,1761111,5,0,1,0,1791329400,2026-10-06T23:30:00Z
2026-10-06T07:33:10.491426Z,refresh,17935,1761112,5,0,1,0,1791329400,2026-10-06T23:30:00Z
2026-10-06T07:33:10.491426Z,refresh,17936,1761113,5,0,1,0,1791329400,2026-10-06T23:30:00Z
2026-10-06T07:33:10.491426Z,refresh,17937,1761114,5,1,1,0,1791329400,2026-10-06T23:30:00Z
2026-10-06T07:33:10.491426Z,refresh,17938,1761115,5,1,1,0,1791329400,2026-10-06T23:30:00Z
2026-10-06T07:33:10.491426Z,refresh,17939,1761116,5,1,1,0,1791329400,2026-10-06T23:30:00Z
2026-10-06T07:33:10.491426Z,refresh,17940,1761117,25,5,1,0,1791329400,2026-10-06T23:30:00Z
2026-10-06T07:33:10.491426Z,refresh,17941,1761118,420,19,1,0,1791329400,2026-10-06T23:30:00Z
2026-10-06T07:33:10.491426Z,refresh,18650,1761165,5,1,1,0,1791329400,2026-10-06T23:30:00Z
2026-10-06T07:33:10.491426Z,refresh,18651,1761166,40,9,1,0,1791329400,2026-10-06T23:30:00Z
2026-10-06T07:33:10.491426Z,refresh,18652,1761167,5,1,1,0,1791329400,2026-10-06T23:30:00Z
2026-10-06T07:33:10.491426Z,refresh,18653,1761168,5,1,1,0,1791329400,2026-10-06T23:30:00Z
2026-10-06T07:33:10.491426Z,refresh,18654,1761169,15,3,1,0,1791329400,2026-10-06T23:30:00Z
2026-10-06T07:33:10.491426Z,refresh,18655,1761170,5,1,1,0,1791329400,2026-10-06T23:30:00Z
2026-10-06T07:33:10.491426Z,refresh,18656,1761171,5,1,1,0,1791329400,2026-10-06T23:30:00Z
2026-10-06T07:33:10.491426Z,refresh,18657,1761172,110,9,1,0,1791329400,2026-10-06T23:30:00Z
2026-10-06T07:33:10.491426Z,refresh,18658,1761173,15,3,1,0,1791329400,2026-10-06T23:30:00Z
2026-10-06T07:33:10.491426Z,refresh,18659,1761174,5,1,1,0,1791329400,2026-10-06T23:30:00Z
2026-10-06T07:33:10.491426Z,refresh,18660,1761175,410,67,1,0,1791329400,2026-10-06T23:30:00Z
2026-10-06T07:33:10.491426Z,refresh,18661,1761176,35,8,1,0,1791329400,2026-10-06T23:30:00Z
2026-10-06T07:33:10.491426Z,refresh,18662,1761177,5,1,1,0,1791329400,2026-10-06T23:30:00Z
2026-10-06T07:33:10.491426Z,refresh,18663,1761178,210,25,1,0,1791329400,2026-10-06T23:30:00Z
2026-10-06T07:33:10.491426Z,refresh,18664,1761179,255,30,1,0,1791329400,2026-10-06T23:30:00Z
2026-10-06T07:33:10.491426Z,refresh,18665,1761180,205,33,1,0,1791329400,2026-10-06T23:30:00Z
2026-10-06T07:33:10.491426Z,refresh,18666,1761181,39,6,1,0,1791329400,2026-10-06T23:30:00Z
2026-10-06T07:33:10.491426Z,refresh,18667,1761182,5,0,1,0,1791329400,2026-10-06T23:30:00Z
2026-10-06T07:33:10.491426Z,refresh,18668,1761183,5,1,1,0,1791329400,2026-10-06T23:30:00Z
2026-10-06T07:33:10.491426Z,refresh,18669,1761184,55,10,1,0,1791329400,2026-10-06T23:30:00Z
2026-10-06T07:33:10.491426Z,refresh,18670,1761185,15,3,1,0,1791329400,2026-10-06T23:30:00Z
2026-10-06T07:33:10.491426Z,refresh,18671,1761186,125,25,1,0,1791329400,2026-10-06T23:30:00Z
2026-10-06T07:33:10.491426Z,refresh,18672,1761187,115,24,1,0,1791329400,2026-10-06T23:30:00Z
2026-10-06T07:33:10.491426Z,refresh,18673,1761188,24,5,1,0,1791329400,2026-10-06T23:30:00Z
2026-10-06T07:33:10.491426Z,refresh,18674,1761189,15,3,1,0,1791329400,2026-10-06T23:30:00Z
2026-10-06T07:33:10.491426Z,refresh,18675,1761190,55,12,1,0,1791329400,2026-10-06T23:30:00Z
2026-10-06T07:33:10.491426Z,refresh,18676,1761191,5,1,1,0,1791329400,2026-10-06T23:30:00Z
2026-10-06T07:33:10.491426Z,refresh,18677,1761192,35,8,1,0,1791329400,2026-10-06T23:30:00Z
2026-10-06T07:33:10.491426Z,refresh,18678,1761194,20,5,1,0,1791329400,2026-10-06T23:30:00Z
2026-10-06T07:33:10.491426Z,refresh,18679,1761195,5,1,1,0,1791329400,2026-10-06T23:30:00Z
2026-10-06T07:33:10.491426Z,refresh,18680,1761196,55,12,1,0,1791329400,2026-10-06T23:30:00Z
2026-10-06T07:33:10.491426Z,refresh,18681,1761197,70,11,1,0,1791329400,2026-10-06T23:30:00Z
2026-10-06T07:33:10.491426Z,refresh,18682,1761198,10,2,1,0,1791329400,2026-10-06T23:30:00Z
2026-10-06T07:33:10.491426Z,refresh,18683,1761199,5,1,1,0,1791329400,2026-10-06T23:30:00Z
2026-10-06T07:33:10.491426Z,refresh,18705,1761220,5,0,1,0,1791329400,2026-10-06T23:30:00Z
2026-10-06T07:33:10.491426Z,refresh,18706,1761221,5,0,1,0,1791329400,2026-10-06T23:30:00Z
2026-10-06T07:33:10.491426Z,refresh,18707,1761222,10,2,1,0,1791329400,2026-10-06T23:30:00Z
2026-10-06T07:33:10.491426Z,refresh,18708,1761223,45,6,1,0,1791329400,2026-10-06T23:30:00Z
2026-10-06T07:33:10.491426Z,refresh,18709,1761224,5,0,1,0,1791329400,2026-10-06T23:30:00Z
2026-10-06T07:33:10.491426Z,refresh,18710,1761225,5,0,1,0,1791329400,2026-10-06T23:30:00Z
2026-10-06T07:33:10.491426Z,refresh,18711,1761226,5,0,1,0,1791329400,2026-10-06T23:30:00Z
2026-10-06T07:33:10.491426Z,refresh,18712,1761227,5,1,1,0,1791329400,2026-10-06T23:30:00Z
2026-10-06T07:33:10.491426Z,refresh,18713,1761228,50,10,1,0,1791329400,2026-10-06T23:30:00Z
2026-10-06T07:33:10.491426Z,refresh,18714,1761229,5,1,1,0,1791329400,2026-10-06T23:30:00Z
2026-10-06T07:33:10.491426Z,refresh,18715,1761230,5,1,1,0,1791329400,2026-10-06T23:30:00Z
2026-10-06T07:33:10.491426Z,refresh,18716,1761231,155,5,1,0,1791329400,2026-10-06T23:30:00Z
2026-10-06T07:33:10.491426Z,refresh,18717,1761232,205,6,1,0,1791329400,2026-10-06T23:30:00Z
2026-10-06T07:33:10.491426Z,refresh,18718,1761233,115,24,1,0,1791329400,2026-10-06T23:30:00Z
2026-10-06T07:33:10.491426Z,refresh,18719,1761234,5,0,1,0,1791329400,2026-10-06T23:30:00Z
2026-10-06T07:33:10.491426Z,refresh,18720,1761235,5,0,1,0,1791329400,2026-10-06T23:30:00Z
2026-10-06T07:33:10.491426Z,refresh,17866,1761264,5,1,1,0,1791331200,2026-10-07T00:00:00Z
2026-10-06T07:33:10.491426Z,refresh,17867,1761265,10,2,1,0,1791331200,2026-10-07T00:00:00Z
2026-10-06T07:33:10.491426Z,refresh,17868,1761266,5,1,1,0,1791331200,2026-10-07T00:00:00Z
2026-10-06T07:33:10.491426Z,refresh,17869,1761268,10,2,1,0,1791331200,2026-10-07T00:00:00Z
2026-10-06T07:33:10.491426Z,refresh,17870,1761269,5,1,1,0,1791331200,2026-10-07T00:00:00Z
2026-10-06T07:33:10.491426Z,refresh,17871,1761270,5,1,1,0,1791331200,2026-10-07T00:00:00Z
2026-10-06T07:33:10.491426Z,refresh,17872,1761271,5,0,1,0,1791331200,2026-10-07T00:00:00Z
2026-10-06T07:33:10.491426Z,refresh,17873,1761272,10,2,1,0,1791331200,2026-10-07T00:00:00Z
2026-10-06T07:33:10.491426Z,refresh,17874,1761273,5,0,1,0,1791331200,2026-10-07T00:00:00Z
2026-10-06T07:33:10.491426Z,refresh,17875,1761274,160,25,1,0,1791331200,2026-10-07T00:00:00Z
2026-10-06T07:33:10.491426Z,refresh,17876,1761275,15,3,1,0,1791331200,2026-10-07T00:00:00Z
2026-10-06T07:33:10.491426Z,refresh,17877,1761276,5,1,1,0,1791331200,2026-10-07T00:00:00Z
2026-10-06T07:33:10.491426Z,refresh,17878,1761277,40,9,1,0,1791331200,2026-10-07T00:00:00Z
2026-10-06T07:33:10.491426Z,refresh,17879,1761278,5,1,1,0,1791331200,2026-10-07T00:00:00Z
2026-10-06T07:33:10.491426Z,refresh,17880,1761279,210,17,1,0,1791331200,2026-10-07T00:00:00Z
2026-10-06T07:33:10.491426Z,refresh,17881,1761280,44,9,1,0,1791331200,2026-10-07T00:00:00Z
2026-10-06T07:33:10.491426Z,refresh,17882,1761281,24,5,1,0,1791331200,2026-10-07T00:00:00Z
2026-10-06T07:33:10.491426Z,refresh,17883,1761282,34,7,1,0,1791331200,2026-10-07T00:00:00Z
2026-10-06T07:33:10.491426Z,refresh,17884,1761283,15,3,1,0,1791331200,2026-10-07T00:00:00Z
2026-10-06T07:33:10.491426Z,refresh,17885,1761284,5,1,1,0,1791331200,2026-10-07T00:00:00Z
2026-10-06T07:33:10.491426Z,refresh,17886,1761285,5,1,1,0,1791331200,2026-10-07T00:00:00Z
2026-10-06T07:33:10.491426Z,refresh,17887,1761286,5,1,1,0,1791331200,2026-10-07T00:00:00Z
2026-10-06T07:33:10.491426Z,refresh,17888,1761287,5,0,1,0,1791331200,2026-10-07T00:00:00Z
2026-10-06T07:33:10.491426Z,refresh,17889,1761288,105,12,1,0,1791331200,2026-10-07T00:00:00Z
2026-10-06T07:33:10.491426Z,refresh,17890,1761289,10,2,1,0,1791331200,2026-10-07T00:00:00Z
2026-10-06T07:33:10.491426Z,refresh,17891,1761291,600,51,1,0,1791331200,2026-10-07T00:00:00Z
2026-10-06T07:33:10.491426Z,refresh,17892,1761292,255,52,1,0,1791331200,2026-10-07T00:00:00Z
2026-10-06T07:33:10.491426Z,refresh,17893,1761293,5,1,1,0,1791331200,2026-10-07T00:00:00Z
2026-10-06T07:33:10.491426Z,refresh,17894,1761294,24,5,1,0,1791331200,2026-10-07T00:00:00Z
2026-10-06T07:33:10.491426Z,refresh,17895,1761295,114,24,1,0,1791331200,2026-10-07T00:00:00Z
2026-10-06T07:33:10.491426Z,refresh,17896,1761296,10,2,1,0,1791331200,2026-10-07T00:00:00Z
2026-10-06T07:33:10.491426Z,refresh,17897,1761297,55,12,1,0,1791331200,2026-10-07T00:00:00Z
2026-10-06T07:33:10.491426Z,refresh,17898,1761298,5,1,1,0,1791331200,2026-10-07T00:00:00Z
2026-10-06T07:33:10.491426Z,refresh,17899,1761299,10,2,1,0,1791331200,2026-10-07T00:00:00Z
2026-10-06T07:33:10.491426Z,refresh,17900,1761300,25,5,1,0,1791331200,2026-10-07T00:00:00Z
2026-10-06T07:33:10.491426Z,refresh,17901,1761301,31,7,1,0,1791331200,2026-10-07T00:00:00Z
2026-10-06T07:33:10.491426Z,refresh,17902,1761303,5,0,1,0,1791331200,2026-10-07T00:00:00Z
2026-10-06T07:33:10.491426Z,refresh,17903,1761304,370,53,1,0,1791331200,2026-10-07T00:00:00Z
2026-10-06T07:33:10.491426Z,refresh,17904,1761305,15,3,1,0,1791331200,2026-10-07T00:00:00Z
2026-10-06T07:33:10.491426Z,refresh,17905,1761306,35,8,1,0,1791331200,2026-10-07T00:00:00Z
2026-10-06T07:33:10.491426Z,refresh,17906,1761307,115,18,1,0,1791331200,2026-10-07T00:00:00Z
2026-10-06T07:33:10.491426Z,refresh,17907,1761308,115,6,1,0,1791331200,2026-10-07T00:00:00Z
2026-10-06T07:33:10.491426Z,refresh,17908,1761309,15,3,1,0,1791331200,2026-10-07T00:00:00Z
2026-10-06T07:33:10.491426Z,refresh,17910,1761314,5,1,1,0,1791331200,2026-10-07T00:00:00Z
2026-10-06T07:33:10.491426Z,refresh,18684,1761200,5,0,1,0,1791331200,2026-10-07T00:00:00Z
2026-10-06T07:33:10.491426Z,refresh,18685,1761201,5,1,1,0,1791331200,2026-10-07T00:00:00Z
2026-10-06T07:33:10.491426Z,refresh,18686,1761202,5,1,1,0,1791331200,2026-10-07T00:00:00Z
2026-10-06T07:33:10.491426Z,refresh,18687,1761203,5,1,1,0,1791331200,2026-10-07T00:00:00Z
2026-10-06T07:33:10.491426Z,refresh,18688,1761204,5,1,1,0,1791331200,2026-10-07T00:00:00Z
2026-10-06T07:33:10.491426Z,refresh,18689,1761205,65,14,1,0,1791331200,2026-10-07T00:00:00Z
2026-10-06T07:33:10.491426Z,refresh,18690,1761206,115,24,1,0,1791331200,2026-10-07T00:00:00Z
2026-10-06T07:33:10.491426Z,refresh,18691,1761207,15,3,1,0,1791331200,2026-10-07T00:00:00Z
2026-10-06T07:33:10.491426Z,refresh,18692,1761208,15,3,1,0,1791331200,2026-10-07T00:00:00Z
2026-10-06T07:33:10.491426Z,refresh,18693,1761209,15,3,1,0,1791331200,2026-10-07T00:00:00Z
2026-10-06T07:33:10.491426Z,refresh,18694,1761210,5,1,1,0,1791331200,2026-10-07T00:00:00Z
2026-10-06T07:33:10.491426Z,refresh,18695,1761211,5,1,1,0,1791331200,2026-10-07T00:00:00Z
2026-10-06T07:33:10.491426Z,refresh,18696,1761212,5,1,1,0,1791331200,2026-10-07T00:00:00Z
2026-10-06T07:33:10.491426Z,refresh,18697,1761213,5,1,1,0,1791331200,2026-10-07T00:00:00Z
2026-10-06T07:33:10.491426Z,refresh,18698,1761214,5,1,1,0,1791331200,2026-10-07T00:00:00Z
2026-10-06T07:33:10.491426Z,refresh,18699,1761215,5,1,1,0,1791331200,2026-10-07T00:00:00Z
2026-10-06T07:33:10.491426Z,refresh,18700,1761216,5,1,1,0,1791331200,2026-10-07T00:00:00Z
2026-10-06T07:33:10.491426Z,refresh,18701,1761217,320,19,1,0,1791331200,2026-10-07T00:00:00Z
2026-10-06T07:33:10.491426Z,refresh,18702,1761218,460,48,1,0,1791331200,2026-10-07T00:00:00Z
2026-10-06T07:33:10.491426Z,refresh,18703,1761219,55,5,1,0,1791331200,2026-10-07T00:00:00Z
2026-10-06T07:33:10.491426Z,refresh,18721,1761236,10,2,1,0,1791331200,2026-10-07T00:00:00Z
2026-10-06T07:33:10.491426Z,refresh,18722,1761237,55,12,1,0,1791331200,2026-10-07T00:00:00Z
2026-10-06T07:33:10.491426Z,refresh,18723,1761238,5,1,1,0,1791331200,2026-10-07T00:00:00Z
2026-10-06T07:33:10.491426Z,refresh,18724,1761239,5,1,1,0,1791331200,2026-10-07T00:00:00Z
2026-10-06T07:33:10.491426Z,refresh,18725,1761240,5,1,1,0,1791331200,2026-10-07T00:00:00Z
2026-10-06T07:33:10.491426Z,refresh,18726,1761241,5,1,1,0,1791331200,2026-10-07T00:00:00Z
2026-10-06T07:33:10.491426Z,refresh,18727,1761242,5,1,1,0,1791331200,2026-10-07T00:00:00Z
2026-10-06T07:33:10.491426Z,refresh,18728,1761243,5,1,1,0,1791331200,2026-10-07T00:00:00Z
2026-10-06T07:33:10.491426Z,refresh,18729,1761244,15,3,1,0,1791331200,2026-10-07T00:00:00Z
2026-10-06T07:33:10.491426Z,refresh,18730,1761245,15,3,1,0,1791331200,2026-10-07T00:00:00Z
2026-10-06T07:33:10.491426Z,refresh,18731,1761246,5,0,1,0,1791331200,2026-10-07T00:00:00Z
2026-10-06T07:33:10.491426Z,refresh,18732,1761310,5,1,1,0,1791331200,2026-10-07T00:00:00Z
2026-10-06T07:33:10.491426Z,refresh,18733,1761311,10,2,1,0,1791331200,2026-10-07T00:00:00Z
2026-10-06T07:33:10.491426Z,refresh,18734,1761312,10,2,1,0,1791331200,2026-10-07T00:00:00Z
2026-10-06T07:33:10.491426Z,refresh,18735,1761313,50,7,1,0,1791331200,2026-10-07T00:00:00Z
2026-10-06T07:33:10.491426Z,refresh,17125,1779931,65,14,1,0,1791333000,2026-10-07T00:30:00Z
2026-10-06T07:50:55.601031Z,refresh,10000,1761139,105,2,1,0,1791324000,2026-10-06T22:00:00Z
2026-10-06T07:50:55.601031Z,refresh,10001,1761140,100,0,1,0,1791324000,2026-10-06T22:00:00Z
2026-10-06T07:50:55.601031Z,refresh,10002,1761141,100,1,1,0,1791324000,2026-10-06T22:00:00Z
2026-10-06T07:50:55.601031Z,refresh,10003,1761142,1025,12,1,0,1791324000,2026-10-06T22:00:00Z
2026-10-06T07:50:55.601031Z,refresh,10004,1761143,2600,30,1,0,1791324000,2026-10-06T22:00:00Z
2026-10-06T07:50:55.601031Z,refresh,10005,1761144,3100,20,1,0,1791324000,2026-10-06T22:00:00Z
2026-10-06T07:50:55.601031Z,refresh,10006,1761145,2050,32,1,0,1791324000,2026-10-06T22:00:00Z
2026-10-06T07:50:55.601031Z,refresh,10007,1761146,1075,16,1,0,1791324000,2026-10-06T22:00:00Z
2026-10-06T07:50:55.601031Z,refresh,10008,1761147,9050,37,1,0,1791324000,2026-10-06T22:00:00Z
2026-10-06T07:50:55.601031Z,refresh,10009,1761148,25600,31,1,0,1791324000,2026-10-06T22:00:00Z
2026-10-06T07:50:55.601031Z,refresh,10010,1761149,13550,182,1,0,1791324000,2026-10-06T22:00:00Z
2026-10-06T07:50:55.601031Z,refresh,10011,1761150,20100,191,1,0,1791324000,2026-10-06T22:00:00Z
2026-10-06T07:50:55.601031Z,refresh,10012,1761151,20100,59,1,0,1791324000,2026-10-06T22:00:00Z
2026-10-06T07:50:55.601031Z,refresh,10013,1761152,50000,95,1,0,1791324000,2026-10-06T22:00:00Z
2026-10-06T07:50:55.601031Z,refresh,10014,1761153,23650,67,1,0,1791324000,2026-10-06T22:00:00Z
2026-10-06T07:50:55.601031Z,refresh,10015,1761154,20900,35,1,0,1791324000,2026-10-06T22:00:00Z
2026-10-06T07:50:55.601031Z,refresh,10016,1761155,15100,31,1,0,1791324000,2026-10-06T22:00:00Z
2026-10-06T07:50:55.601031Z,refresh,10017,1761156,42750,57,1,0,1791324000,2026-10-06T22:00:00Z
2026-10-06T07:50:55.601031Z,refresh,10018,1761157,2550,32,1,0,1791324000,2026-10-06T22:00:00Z
2026-10-06T07:50:55.601031Z,refresh,10019,1761158,1075,29,1,0,1791324000,2026-10-06T22:00:00Z
2026-10-06T07:50:55.601031Z,refresh,10050,1761119,4050,51,1,0,1791325800,2026-10-06T22:30:00Z
2026-10-06T07:50:55.601031Z,refresh,10051,1761120,705,3,1,0,1791325800,2026-10-06T22:30:00Z
2026-10-06T07:50:55.601031Z,refresh,10052,1761121,1550,14,1,0,1791325800,2026-10-06T22:30:00Z
2026-10-06T07:50:55.601031Z,refresh,10053,1761122,5050,77,1,0,1791325800,2026-10-06T22:30:00Z
2026-10-06T07:50:55.601031Z,refresh,10054,1761123,1550,35,1,0,1791325800,2026-10-06T22:30:00Z
2026-10-06T07:50:55.601031Z,refresh,10055,1761124,325,5,1,0,1791325800,2026-10-06T22:30:00Z
2026-10-06T07:50:55.601031Z,refresh,10056,1761125,1505,7,1,0,1791325800,2026-10-06T22:30:00Z
2026-10-06T07:50:55.601031Z,refresh,10057,1761126,305,3,1,0,1791325800,2026-10-06T22:30:00Z
2026-10-06T07:50:55.601031Z,refresh,10058,1761127,755,13,1,0,1791325800,2026-10-06T22:30:00Z
2026-10-06T07:50:55.601031Z,refresh,10059,1761128,1400,22,1,0,1791325800,2026-10-06T22:30:00Z
2026-10-06T07:50:55.601031Z,refresh,10060,1761129,7800,63,1,0,1791325800,2026-10-06T22:30:00Z
2026-10-06T07:50:55.601031Z,refresh,10061,1761130,1550,40,1,0,1791325800,2026-10-06T22:30:00Z
2026-10-06T07:50:55.601031Z,refresh,10062,1761131,6200,137,1,0,1791325800,2026-10-06T22:30:00Z
2026-10-06T07:50:55.601031Z,refresh,10063,1761132,1525,15,1,0,1791325800,2026-10-06T22:30:00Z
2026-10-06T07:50:55.601031Z,refresh,10064,1761133,1700,24,1,0,1791325800,2026-10-06T22:30:00Z
2026-10-06T07:50:55.601031Z,refresh,10065,1761134,1650,44,1,0,1791325800,2026-10-06T22:30:00Z
2026-10-06T07:50:55.601031Z,refresh,10066,1761135,1650,16,1,0,1791325800,2026-10-06T22:30:00Z
2026-10-06T07:50:55.601031Z,refresh,10067,1761136,1550,5,1,0,1791325800,2026-10-06T22:30:00Z
2026-10-06T07:50:55.601031Z,refresh,10068,1761137,2100,17,1,0,1791325800,2026-10-06T22:30:00Z
2026-10-06T07:50:55.601031Z,refresh,10069,1761138,1320,69,1,0,1791325800,2026-10-06T22:30:00Z
2026-10-06T07:50:55.601031Z,refresh,17100,1761063,115,4,1,0,1791327600,2026-10-06T23:00:00Z
2026-10-06T07:50:55.601031Z,refresh,17101,1761064,110,3,1,0,1791327600,2026-10-06T23:00:00Z
2026-10-06T07:50:55.601031Z,refresh,17102,1761065,100,1,1,0,1791327600,2026-10-06T23:00:00Z
2026-10-06T07:50:55.601031Z,refresh,17103,1761066,105,2,1,0,1791327600,2026-10-06T23:00:00Z
2026-10-06T07:50:55.601031Z,refresh,17104,1761067,120,5,1,0,1791327600,2026-10-06T23:00:00Z
2026-10-06T07:50:55.601031Z,refresh,17105,1761068,105,2,1,0,1791327600,2026-10-06T23:00:00Z
2026-10-06T07:50:55.601031Z,refresh,17106,1761069,105,2,1,0,1791327600,2026-10-06T23:00:00Z
2026-10-06T07:50:55.601031Z,refresh,17107,1761070,110,3,1,0,1791327600,2026-10-06T23:00:00Z
2026-10-06T07:50:55.601031Z,refresh,17108,1761071,120,5,1,0,1791327600,2026-10-06T23:00:00Z
2026-10-06T07:50:55.601031Z,refresh,17109,1761072,110,3,1,0,1791327600,2026-10-06T23:00:00Z
2026-10-06T07:50:55.601031Z,refresh,17110,1761073,110,3,1,0,1791327600,2026-10-06T23:00:00Z
2026-10-06T07:50:55.601031Z,refresh,17111,1761074,115,4,1,0,1791327600,2026-10-06T23:00:00Z
2026-10-06T07:50:55.601031Z,refresh,17112,1761075,505,13,1,0,1791327600,2026-10-06T23:00:00Z
2026-10-06T07:50:55.601031Z,refresh,17113,1761076,105,2,1,0,1791327600,2026-10-06T23:00:00Z
2026-10-06T07:50:55.601031Z,refresh,17114,1761077,110,3,1,0,1791327600,2026-10-06T23:00:00Z
2026-10-06T07:50:55.601031Z,refresh,17115,1761078,505,28,1,0,1791327600,2026-10-06T23:00:00Z
2026-10-06T07:50:55.601031Z,refresh,17116,1761079,115,4,1,0,1791327600,2026-10-06T23:00:00Z
2026-10-06T07:50:55.601031Z,refresh,17117,1761080,105,2,1,0,1791327600,2026-10-06T23:00:00Z
2026-10-06T07:50:55.601031Z,refresh,17118,1761081,105,2,1,0,1791327600,2026-10-06T23:00:00Z
2026-10-06T07:50:55.601031Z,refresh,17119,1761082,100,1,1,0,1791327600,2026-10-06T23:00:00Z
2026-10-06T07:50:55.601031Z,refresh,17120,1761083,105,2,1,0,1791327600,2026-10-06T23:00:00Z
2026-10-06T07:50:55.601031Z,refresh,17121,1761084,105,2,1,0,1791327600,2026-10-06T23:00:00Z
2026-10-06T07:50:55.601031Z,refresh,17122,1761085,170,15,1,0,1791327600,2026-10-06T23:00:00Z
2026-10-06T07:50:55.601031Z,refresh,10020,1761159,16050,119,1,0,1791329400,2026-10-06T23:30:00Z
2026-10-06T07:50:55.601031Z,refresh,10021,1761160,5,1,1,0,1791329400,2026-10-06T23:30:00Z
2026-10-06T07:50:55.601031Z,refresh,10022,1761161,330,40,1,0,1791329400,2026-10-06T23:30:00Z
2026-10-06T07:50:55.601031Z,refresh,10023,1761162,550,47,1,0,1791329400,2026-10-06T23:30:00Z
2026-10-06T07:50:55.601031Z,refresh,10024,1761163,5,1,1,0,1791329400,2026-10-06T23:30:00Z
2026-10-06T07:50:55.601031Z,refresh,10025,1761164,5,0,1,0,1791329400,2026-10-06T23:30:00Z
2026-10-06T07:50:55.601031Z,refresh,17850,1761247,5,0,1,0,1791329400,2026-10-06T23:30:00Z
2026-10-06T07:50:55.601031Z,refresh,17851,1761248,5,1,1,0,1791329400,2026-10-06T23:30:00Z
2026-10-06T07:50:55.601031Z,refresh,17852,1761249,390,15,1,0,1791329400,2026-10-06T23:30:00Z
2026-10-06T07:50:55.601031Z,refresh,17853,1761250,1350,46,1,0,1791329400,2026-10-06T23:30:00Z
2026-10-06T07:50:55.601031Z,refresh,17854,1761251,155,10,1,0,1791329400,2026-10-06T23:30:00Z
2026-10-06T07:50:55.601031Z,refresh,17855,1761252,100,20,1,0,1791329400,2026-10-06T23:30:00Z
2026-10-06T07:50:55.601031Z,refresh,17856,1761253,180,21,1,0,1791329400,2026-10-06T23:30:00Z
2026-10-06T07:50:55.601031Z,refresh,17857,1761254,110,9,1,0,1791329400,2026-10-06T23:30:00Z
2026-10-06T07:50:55.601031Z,refresh,17858,1761255,60,12,1,0,1791329400,2026-10-06T23:30:00Z
2026-10-06T07:50:55.601031Z,refresh,17859,1761256,5,1,1,0,1791329400,2026-10-06T23:30:00Z
2026-10-06T07:50:55.601031Z,refresh,17860,1761257,5,1,1,0,1791329400,2026-10-06T23:30:00Z
2026-10-06T07:50:55.601031Z,refresh,17861,1761258,30,7,1,0,1791329400,2026-10-06T23:30:00Z
2026-10-06T07:50:55.601031Z,refresh,17862,1761259,5,1,1,0,1791329400,2026-10-06T23:30:00Z
2026-10-06T07:50:55.601031Z,refresh,17863,1761260,5,1,1,0,1791329400,2026-10-06T23:30:00Z
2026-10-06T07:50:55.601031Z,refresh,17864,1761262,10,3,1,0,1791329400,2026-10-06T23:30:00Z
2026-10-06T07:50:55.601031Z,refresh,17865,1761263,15,3,1,0,1791329400,2026-10-06T23:30:00Z
2026-10-06T07:50:55.601031Z,refresh,17909,1761086,5,0,1,0,1791329400,2026-10-06T23:30:00Z
2026-10-06T07:50:55.601031Z,refresh,17911,1761088,5,0,1,0,1791329400,2026-10-06T23:30:00Z
2026-10-06T07:50:55.601031Z,refresh,17912,1761089,5,0,1,0,1791329400,2026-10-06T23:30:00Z
2026-10-06T07:50:55.601031Z,refresh,17913,1761090,5,0,1,0,1791329400,2026-10-06T23:30:00Z
2026-10-06T07:50:55.601031Z,refresh,17914,1761091,5,0,1,0,1791329400,2026-10-06T23:30:00Z
2026-10-06T07:50:55.601031Z,refresh,17915,1761092,5,0,1,0,1791329400,2026-10-06T23:30:00Z
2026-10-06T07:50:55.601031Z,refresh,17916,1761093,5,0,1,0,1791329400,2026-10-06T23:30:00Z
2026-10-06T07:50:55.601031Z,refresh,17917,1761094,5,1,1,0,1791329400,2026-10-06T23:30:00Z
2026-10-06T07:50:55.601031Z,refresh,17918,1761095,5,0,1,0,1791329400,2026-10-06T23:30:00Z
2026-10-06T07:50:55.601031Z,refresh,17919,1761096,5,0,1,0,1791329400,2026-10-06T23:30:00Z
2026-10-06T07:50:55.601031Z,refresh,17920,1761097,5,1,1,0,1791329400,2026-10-06T23:30:00Z
2026-10-06T07:50:55.601031Z,refresh,17921,1761098,5,1,1,0,1791329400,2026-10-06T23:30:00Z
2026-10-06T07:50:55.601031Z,refresh,17922,1761099,5,0,1,0,1791329400,2026-10-06T23:30:00Z
2026-10-06T07:50:55.601031Z,refresh,17923,1761100,5,0,1,0,1791329400,2026-10-06T23:30:00Z
2026-10-06T07:50:55.601031Z,refresh,17924,1761101,10,2,1,0,1791329400,2026-10-06T23:30:00Z
2026-10-06T07:50:55.601031Z,refresh,17925,1761102,5,1,1,0,1791329400,2026-10-06T23:30:00Z
2026-10-06T07:50:55.601031Z,refresh,17926,1761103,5,1,1,0,1791329400,2026-10-06T23:30:00Z
2026-10-06T07:50:55.601031Z,refresh,17927,1761104,105,5,1,0,1791329400,2026-10-06T23:30:00Z
2026-10-06T07:50:55.601031Z,refresh,17928,1761105,5,1,1,0,1791329400,2026-10-06T23:30:00Z
2026-10-06T07:50:55.601031Z,refresh,17929,1761106,5,1,1,0,1791329400,2026-10-06T23:30:00Z
2026-10-06T07:50:55.601031Z,refresh,17930,1761107,5,1,1,0,1791329400,2026-10-06T23:30:00Z
2026-10-06T07:50:55.601031Z,refresh,17931,1761108,15,4,1,0,1791329400,2026-10-06T23:30:00Z
2026-10-06T07:50:55.601031Z,refresh,17932,1761109,5,1,1,0,1791329400,2026-10-06T23:30:00Z
2026-10-06T07:50:55.601031Z,refresh,17933,1761110,5,1,1,0,1791329400,2026-10-06T23:30:00Z
2026-10-06T07:50:55.601031Z,refresh,17934,1761111,5,0,1,0,1791329400,2026-10-06T23:30:00Z
2026-10-06T07:50:55.601031Z,refresh,17935,1761112,5,0,1,0,1791329400,2026-10-06T23:30:00Z
2026-10-06T07:50:55.601031Z,refresh,17936,1761113,5,0,1,0,1791329400,2026-10-06T23:30:00Z
2026-10-06T07:50:55.601031Z,refresh,17937,1761114,5,1,1,0,1791329400,2026-10-06T23:30:00Z
2026-10-06T07:50:55.601031Z,refresh,17938,1761115,5,1,1,0,1791329400,2026-10-06T23:30:00Z
2026-10-06T07:50:55.601031Z,refresh,17939,1761116,5,1,1,0,1791329400,2026-10-06T23:30:00Z
2026-10-06T07:50:55.601031Z,refresh,17940,1761117,25,5,1,0,1791329400,2026-10-06T23:30:00Z
2026-10-06T07:50:55.601031Z,refresh,17941,1761118,420,19,1,0,1791329400,2026-10-06T23:30:00Z
2026-10-06T07:50:55.601031Z,refresh,18650,1761165,5,1,1,0,1791329400,2026-10-06T23:30:00Z
2026-10-06T07:50:55.601031Z,refresh,18651,1761166,40,9,1,0,1791329400,2026-10-06T23:30:00Z
2026-10-06T07:50:55.601031Z,refresh,18652,1761167,5,1,1,0,1791329400,2026-10-06T23:30:00Z
2026-10-06T07:50:55.601031Z,refresh,18653,1761168,5,1,1,0,1791329400,2026-10-06T23:30:00Z
2026-10-06T07:50:55.601031Z,refresh,18654,1761169,15,3,1,0,1791329400,2026-10-06T23:30:00Z
2026-10-06T07:50:55.601031Z,refresh,18655,1761170,5,1,1,0,1791329400,2026-10-06T23:30:00Z
2026-10-06T07:50:55.601031Z,refresh,18656,1761171,5,1,1,0,1791329400,2026-10-06T23:30:00Z
2026-10-06T07:50:55.601031Z,refresh,18657,1761172,110,9,1,0,1791329400,2026-10-06T23:30:00Z
2026-10-06T07:50:55.601031Z,refresh,18658,1761173,15,3,1,0,1791329400,2026-10-06T23:30:00Z
2026-10-06T07:50:55.601031Z,refresh,18659,1761174,5,1,1,0,1791329400,2026-10-06T23:30:00Z
2026-10-06T07:50:55.601031Z,refresh,18660,1761175,410,67,1,0,1791329400,2026-10-06T23:30:00Z
2026-10-06T07:50:55.601031Z,refresh,18661,1761176,35,8,1,0,1791329400,2026-10-06T23:30:00Z
2026-10-06T07:50:55.601031Z,refresh,18662,1761177,5,1,1,0,1791329400,2026-10-06T23:30:00Z
2026-10-06T07:50:55.601031Z,refresh,18663,1761178,210,25,1,0,1791329400,2026-10-06T23:30:00Z
2026-10-06T07:50:55.601031Z,refresh,18664,1761179,255,30,1,0,1791329400,2026-10-06T23:30:00Z
2026-10-06T07:50:55.601031Z,refresh,18665,1761180,205,33,1,0,1791329400,2026-10-06T23:30:00Z
2026-10-06T07:50:55.601031Z,refresh,18666,1761181,39,6,1,0,1791329400,2026-10-06T23:30:00Z
2026-10-06T07:50:55.601031Z,refresh,18667,1761182,5,0,1,0,1791329400,2026-10-06T23:30:00Z
2026-10-06T07:50:55.601031Z,refresh,18668,1761183,5,1,1,0,1791329400,2026-10-06T23:30:00Z
2026-10-06T07:50:55.601031Z,refresh,18669,1761184,55,10,1,0,1791329400,2026-10-06T23:30:00Z
2026-10-06T07:50:55.601031Z,refresh,18670,1761185,15,3,1,0,1791329400,2026-10-06T23:30:00Z
2026-10-06T07:50:55.601031Z,refresh,18671,1761186,125,25,1,0,1791329400,2026-10-06T23:30:00Z
2026-10-06T07:50:55.601031Z,refresh,18672,1761187,115,24,1,0,1791329400,2026-10-06T23:30:00Z
2026-10-06T07:50:55.601031Z,refresh,18673,1761188,24,5,1,0,1791329400,2026-10-06T23:30:00Z
2026-10-06T07:50:55.601031Z,refresh,18674,1761189,15,3,1,0,1791329400,2026-10-06T23:30:00Z
2026-10-06T07:50:55.601031Z,refresh,18675,1761190,55,12,1,0,1791329400,2026-10-06T23:30:00Z
2026-10-06T07:50:55.601031Z,refresh,18676,1761191,5,1,1,0,1791329400,2026-10-06T23:30:00Z
2026-10-06T07:50:55.601031Z,refresh,18677,1761192,35,8,1,0,1791329400,2026-10-06T23:30:00Z
2026-10-06T07:50:55.601031Z,refresh,18678,1761194,20,5,1,0,1791329400,2026-10-06T23:30:00Z
2026-10-06T07:50:55.601031Z,refresh,18679,1761195,5,1,1,0,1791329400,2026-10-06T23:30:00Z
2026-10-06T07:50:55.601031Z,refresh,18680,1761196,55,12,1,0,1791329400,2026-10-06T23:30:00Z
2026-10-06T07:50:55.601031Z,refresh,18681,1761197,70,11,1,0,1791329400,2026-10-06T23:30:00Z
2026-10-06T07:50:55.601031Z,refresh,18682,1761198,10,2,1,0,1791329400,2026-10-06T23:30:00Z
2026-10-06T07:50:55.601031Z,refresh,18683,1761199,5,1,1,0,1791329400,2026-10-06T23:30:00Z
2026-10-06T07:50:55.601031Z,refresh,18705,1761220,5,0,1,0,1791329400,2026-10-06T23:30:00Z
2026-10-06T07:50:55.601031Z,refresh,18706,1761221,5,0,1,0,1791329400,2026-10-06T23:30:00Z
2026-10-06T07:50:55.601031Z,refresh,18707,1761222,10,2,1,0,1791329400,2026-10-06T23:30:00Z
2026-10-06T07:50:55.601031Z,refresh,18708,1761223,45,6,1,0,1791329400,2026-10-06T23:30:00Z
2026-10-06T07:50:55.601031Z,refresh,18709,1761224,5,0,1,0,1791329400,2026-10-06T23:30:00Z
2026-10-06T07:50:55.601031Z,refresh,18710,1761225,5,0,1,0,1791329400,2026-10-06T23:30:00Z
2026-10-06T07:50:55.601031Z,refresh,18711,1761226,5,0,1,0,1791329400,2026-10-06T23:30:00Z
2026-10-06T07:50:55.601031Z,refresh,18712,1761227,5,1,1,0,1791329400,2026-10-06T23:30:00Z
2026-10-06T07:50:55.601031Z,refresh,18713,1761228,50,10,1,0,1791329400,2026-10-06T23:30:00Z
2026-10-06T07:50:55.601031Z,refresh,18714,1761229,5,1,1,0,1791329400,2026-10-06T23:30:00Z
2026-10-06T07:50:55.601031Z,refresh,18715,1761230,5,1,1,0,1791329400,2026-10-06T23:30:00Z
2026-10-06T07:50:55.601031Z,refresh,18716,1761231,155,5,1,0,1791329400,2026-10-06T23:30:00Z
2026-10-06T07:50:55.601031Z,refresh,18717,1761232,205,6,1,0,1791329400,2026-10-06T23:30:00Z
2026-10-06T07:50:55.601031Z,refresh,18718,1761233,115,24,1,0,1791329400,2026-10-06T23:30:00Z
2026-10-06T07:50:55.601031Z,refresh,18719,1761234,5,0,1,0,1791329400,2026-10-06T23:30:00Z
2026-10-06T07:50:55.601031Z,refresh,18720,1761235,5,0,1,0,1791329400,2026-10-06T23:30:00Z
2026-10-06T07:50:55.601031Z,refresh,17866,1761264,5,1,1,0,1791331200,2026-10-07T00:00:00Z
2026-10-06T07:50:55.601031Z,refresh,17867,1761265,10,2,1,0,1791331200,2026-10-07T00:00:00Z
2026-10-06T07:50:55.601031Z,refresh,17868,1761266,5,1,1,0,1791331200,2026-10-07T00:00:00Z
2026-10-06T07:50:55.601031Z,refresh,17869,1761268,10,2,1,0,1791331200,2026-10-07T00:00:00Z
2026-10-06T07:50:55.601031Z,refresh,17870,1761269,5,1,1,0,1791331200,2026-10-07T00:00:00Z
2026-10-06T07:50:55.601031Z,refresh,17871,1761270,5,1,1,0,1791331200,2026-10-07T00:00:00Z
2026-10-06T07:50:55.601031Z,refresh,17872,1761271,5,0,1,0,1791331200,2026-10-07T00:00:00Z
2026-10-06T07:50:55.601031Z,refresh,17873,1761272,10,2,1,0,1791331200,2026-10-07T00:00:00Z
2026-10-06T07:50:55.601031Z,refresh,17874,1761273,5,0,1,0,1791331200,2026-10-07T00:00:00Z
2026-10-06T07:50:55.601031Z,refresh,17875,1761274,160,25,1,0,1791331200,2026-10-07T00:00:00Z
2026-10-06T07:50:55.601031Z,refresh,17876,1761275,15,3,1,0,1791331200,2026-10-07T00:00:00Z
2026-10-06T07:50:55.601031Z,refresh,17877,1761276,5,1,1,0,1791331200,2026-10-07T00:00:00Z
2026-10-06T07:50:55.601031Z,refresh,17878,1761277,40,9,1,0,1791331200,2026-10-07T00:00:00Z
2026-10-06T07:50:55.601031Z,refresh,17879,1761278,5,1,1,0,1791331200,2026-10-07T00:00:00Z
2026-10-06T07:50:55.601031Z,refresh,17880,1761279,210,17,1,0,1791331200,2026-10-07T00:00:00Z
2026-10-06T07:50:55.601031Z,refresh,17881,1761280,44,9,1,0,1791331200,2026-10-07T00:00:00Z
2026-10-06T07:50:55.601031Z,refresh,17882,1761281,24,5,1,0,1791331200,2026-10-07T00:00:00Z
2026-10-06T07:50:55.601031Z,refresh,17883,1761282,34,7,1,0,1791331200,2026-10-07T00:00:00Z
2026-10-06T07:50:55.601031Z,refresh,17884,1761283,15,3,1,0,1791331200,2026-10-07T00:00:00Z
2026-10-06T07:50:55.601031Z,refresh,17885,1761284,5,1,1,0,1791331200,2026-10-07T00:00:00Z
2026-10-06T07:50:55.601031Z,refresh,17886,1761285,5,1,1,0,1791331200,2026-10-07T00:00:00Z
2026-10-06T07:50:55.601031Z,refresh,17887,1761286,5,1,1,0,1791331200,2026-10-07T00:00:00Z
2026-10-06T07:50:55.601031Z,refresh,17888,1761287,5,0,1,0,1791331200,2026-10-07T00:00:00Z
2026-10-06T07:50:55.601031Z,refresh,17889,1761288,105,12,1,0,1791331200,2026-10-07T00:00:00Z
2026-10-06T07:50:55.601031Z,refresh,17890,1761289,10,2,1,0,1791331200,2026-10-07T00:00:00Z
2026-10-06T07:50:55.601031Z,refresh,17891,1761291,600,51,1,0,1791331200,2026-10-07T00:00:00Z
2026-10-06T07:50:55.601031Z,refresh,17892,1761292,255,52,1,0,1791331200,2026-10-07T00:00:00Z
2026-10-06T07:50:55.601031Z,refresh,17893,1761293,5,1,1,0,1791331200,2026-10-07T00:00:00Z
2026-10-06T07:50:55.601031Z,refresh,17894,1761294,24,5,1,0,1791331200,2026-10-07T00:00:00Z
2026-10-06T07:50:55.601031Z,refresh,17895,1761295,114,24,1,0,1791331200,2026-10-07T00:00:00Z
2026-10-06T07:50:55.601031Z,refresh,17896,1761296,10,2,1,0,1791331200,2026-10-07T00:00:00Z
2026-10-06T07:50:55.601031Z,refresh,17897,1761297,55,12,1,0,1791331200,2026-10-07T00:00:00Z
2026-10-06T07:50:55.601031Z,refresh,17898,1761298,5,1,1,0,1791331200,2026-10-07T00:00:00Z
2026-10-06T07:50:55.601031Z,refresh,17899,1761299,10,2,1,0,1791331200,2026-10-07T00:00:00Z
2026-10-06T07:50:55.601031Z,refresh,17900,1761300,25,5,1,0,1791331200,2026-10-07T00:00:00Z
2026-10-06T07:50:55.601031Z,refresh,17901,1761301,31,7,1,0,1791331200,2026-10-07T00:00:00Z
2026-10-06T07:50:55.601031Z,refresh,17902,1761303,5,0,1,0,1791331200,2026-10-07T00:00:00Z
2026-10-06T07:50:55.601031Z,refresh,17903,1761304,370,53,1,0,1791331200,2026-10-07T00:00:00Z
2026-10-06T07:50:55.601031Z,refresh,17904,1761305,15,3,1,0,1791331200,2026-10-07T00:00:00Z
2026-10-06T07:50:55.601031Z,refresh,17905,1761306,35,8,1,0,1791331200,2026-10-07T00:00:00Z
2026-10-06T07:50:55.601031Z,refresh,17906,1761307,115,18,1,0,1791331200,2026-10-07T00:00:00Z
2026-10-06T07:50:55.601031Z,refresh,17907,1761308,115,6,1,0,1791331200,2026-10-07T00:00:00Z
2026-10-06T07:50:55.601031Z,refresh,17908,1761309,15,3,1,0,1791331200,2026-10-07T00:00:00Z
2026-10-06T07:50:55.601031Z,refresh,17910,1761314,5,1,1,0,1791331200,2026-10-07T00:00:00Z
2026-10-06T07:50:55.601031Z,refresh,18684,1761200,5,0,1,0,1791331200,2026-10-07T00:00:00Z
2026-10-06T07:50:55.601031Z,refresh,18685,1761201,5,1,1,0,1791331200,2026-10-07T00:00:00Z
2026-10-06T07:50:55.601031Z,refresh,18686,1761202,5,1,1,0,1791331200,2026-10-07T00:00:00Z
2026-10-06T07:50:55.601031Z,refresh,18687,1761203,5,1,1,0,1791331200,2026-10-07T00:00:00Z
2026-10-06T07:50:55.601031Z,refresh,18688,1761204,5,1,1,0,1791331200,2026-10-07T00:00:00Z
2026-10-06T07:50:55.601031Z,refresh,18689,1761205,65,14,1,0,1791331200,2026-10-07T00:00:00Z
2026-10-06T07:50:55.601031Z,refresh,18690,1761206,115,24,1,0,1791331200,2026-10-07T00:00:00Z
2026-10-06T07:50:55.601031Z,refresh,18691,1761207,15,3,1,0,1791331200,2026-10-07T00:00:00Z
2026-10-06T07:50:55.601031Z,refresh,18692,1761208,15,3,1,0,1791331200,2026-10-07T00:00:00Z
2026-10-06T07:50:55.601031Z,refresh,18693,1761209,15,3,1,0,1791331200,2026-10-07T00:00:00Z
2026-10-06T07:50:55.601031Z,refresh,18694,1761210,5,1,1,0,1791331200,2026-10-07T00:00:00Z
2026-10-06T07:50:55.601031Z,refresh,18695,1761211,5,1,1,0,1791331200,2026-10-07T00:00:00Z
2026-10-06T07:50:55.601031Z,refresh,18696,1761212,5,1,1,0,1791331200,2026-10-07T00:00:00Z
2026-10-06T07:50:55.601031Z,refresh,18697,1761213,5,1,1,0,1791331200,2026-10-07T00:00:00Z
2026-10-06T07:50:55.601031Z,refresh,18698,1761214,5,1,1,0,1791331200,2026-10-07T00:00:00Z
2026-10-06T07:50:55.601031Z,refresh,18699,1761215,5,1,1,0,1791331200,2026-10-07T00:00:00Z
2026-10-06T07:50:55.601031Z,refresh,18700,1761216,5,1,1,0,1791331200,2026-10-07T00:00:00Z
2026-10-06T07:50:55.601031Z,refresh,18701,1761217,320,19,1,0,1791331200,2026-10-07T00:00:00Z
2026-10-06T07:50:55.601031Z,refresh,18702,1761218,460,48,1,0,1791331200,2026-10-07T00:00:00Z
2026-10-06T07:50:55.601031Z,refresh,18703,1761219,55,5,1,0,1791331200,2026-10-07T00:00:00Z
2026-10-06T07:50:55.601031Z,refresh,18721,1761236,10,2,1,0,1791331200,2026-10-07T00:00:00Z
2026-10-06T07:50:55.601031Z,refresh,18722,1761237,55,12,1,0,1791331200,2026-10-07T00:00:00Z
2026-10-06T07:50:55.601031Z,refresh,18723,1761238,5,1,1,0,1791331200,2026-10-07T00:00:00Z
2026-10-06T07:50:55.601031Z,refresh,18724,1761239,5,1,1,0,1791331200,2026-10-07T00:00:00Z
2026-10-06T07:50:55.601031Z,refresh,18725,1761240,5,1,1,0,1791331200,2026-10-07T00:00:00Z
2026-10-06T07:50:55.601031Z,refresh,18726,1761241,5,1,1,0,1791331200,2026-10-07T00:00:00Z
2026-10-06T07:50:55.601031Z,refresh,18727,1761242,5,1,1,0,1791331200,2026-10-07T00:00:00Z
2026-10-06T07:50:55.601031Z,refresh,18728,1761243,5,1,1,0,1791331200,2026-10-07T00:00:00Z
2026-10-06T07:50:55.601031Z,refresh,18729,1761244,15,3,1,0,1791331200,2026-10-07T00:00:00Z
2026-10-06T07:50:55.601031Z,refresh,18730,1761245,15,3,1,0,1791331200,2026-10-07T00:00:00Z
2026-10-06T07:50:55.601031Z,refresh,18731,1761246,5,0,1,0,1791331200,2026-10-07T00:00:00Z
2026-10-06T07:50:55.601031Z,refresh,18732,1761310,5,1,1,0,1791331200,2026-10-07T00:00:00Z
2026-10-06T07:50:55.601031Z,refresh,18733,1761311,10,2,1,0,1791331200,2026-10-07T00:00:00Z
2026-10-06T07:50:55.601031Z,refresh,18734,1761312,10,2,1,0,1791331200,2026-10-07T00:00:00Z
2026-10-06T07:50:55.601031Z,refresh,18735,1761313,50,7,1,0,1791331200,2026-10-07T00:00:00Z
2026-10-06T07:50:55.601031Z,refresh,17125,1779931,65,14,1,0,1791333000,2026-10-07T00:30:00Z
2026-10-06T08:06:16.931631Z,refresh,10000,1761139,105,2,1,0,1791324000,2026-10-06T22:00:00Z
2026-10-06T08:06:16.931631Z,refresh,10001,1761140,100,0,1,0,1791324000,2026-10-06T22:00:00Z
2026-10-06T08:06:16.931631Z,refresh,10002,1761141,100,1,1,0,1791324000,2026-10-06T22:00:00Z
2026-10-06T08:06:16.931631Z,refresh,10003,1761142,1025,12,1,0,1791324000,2026-10-06T22:00:00Z
2026-10-06T08:06:16.931631Z,refresh,10004,1761143,2600,30,1,0,1791324000,2026-10-06T22:00:00Z
2026-10-06T08:06:16.931631Z,refresh,10005,1761144,3100,20,1,0,1791324000,2026-10-06T22:00:00Z
2026-10-06T08:06:16.931631Z,refresh,10006,1761145,2050,32,1,0,1791324000,2026-10-06T22:00:00Z
2026-10-06T08:06:16.931631Z,refresh,10007,1761146,1075,16,1,0,1791324000,2026-10-06T22:00:00Z
2026-10-06T08:06:16.931631Z,refresh,10008,1761147,9050,37,1,0,1791324000,2026-10-06T22:00:00Z
2026-10-06T08:06:16.931631Z,refresh,10009,1761148,25600,31,1,0,1791324000,2026-10-06T22:00:00Z
2026-10-06T08:06:16.931631Z,refresh,10010,1761149,13550,182,1,0,1791324000,2026-10-06T22:00:00Z
2026-10-06T08:06:16.931631Z,refresh,10011,1761150,20100,191,1,0,1791324000,2026-10-06T22:00:00Z
2026-10-06T08:06:16.931631Z,refresh,10012,1761151,20100,59,1,0,1791324000,2026-10-06T22:00:00Z
2026-10-06T08:06:16.931631Z,refresh,10013,1761152,50000,95,1,0,1791324000,2026-10-06T22:00:00Z
2026-10-06T08:06:16.931631Z,refresh,10014,1761153,23650,67,1,0,1791324000,2026-10-06T22:00:00Z
2026-10-06T08:06:16.931631Z,refresh,10015,1761154,20900,35,1,0,1791324000,2026-10-06T22:00:00Z
2026-10-06T08:06:16.931631Z,refresh,10016,1761155,15100,31,1,0,1791324000,2026-10-06T22:00:00Z
2026-10-06T08:06:16.931631Z,refresh,10017,1761156,42750,57,1,0,1791324000,2026-10-06T22:00:00Z
2026-10-06T08:06:16.931631Z,refresh,10018,1761157,2550,32,1,0,1791324000,2026-10-06T22:00:00Z
2026-10-06T08:06:16.931631Z,refresh,10019,1761158,1075,29,1,0,1791324000,2026-10-06T22:00:00Z
2026-10-06T08:06:16.931631Z,refresh,10050,1761119,4050,51,1,0,1791325800,2026-10-06T22:30:00Z
2026-10-06T08:06:16.931631Z,refresh,10051,1761120,705,3,1,0,1791325800,2026-10-06T22:30:00Z
2026-10-06T08:06:16.931631Z,refresh,10052,1761121,1550,14,1,0,1791325800,2026-10-06T22:30:00Z
2026-10-06T08:06:16.931631Z,refresh,10053,1761122,5050,77,1,0,1791325800,2026-10-06T22:30:00Z
2026-10-06T08:06:16.931631Z,refresh,10054,1761123,1550,35,1,0,1791325800,2026-10-06T22:30:00Z
2026-10-06T08:06:16.931631Z,refresh,10055,1761124,325,5,1,0,1791325800,2026-10-06T22:30:00Z
2026-10-06T08:06:16.931631Z,refresh,10056,1761125,1505,7,1,0,1791325800,2026-10-06T22:30:00Z
2026-10-06T08:06:16.931631Z,refresh,10057,1761126,305,3,1,0,1791325800,2026-10-06T22:30:00Z
2026-10-06T08:06:16.931631Z,refresh,10058,1761127,755,13,1,0,1791325800,2026-10-06T22:30:00Z
2026-10-06T08:06:16.931631Z,refresh,10059,1761128,1400,22,1,0,1791325800,2026-10-06T22:30:00Z
2026-10-06T08:06:16.931631Z,refresh,10060,1761129,7800,63,1,0,1791325800,2026-10-06T22:30:00Z
2026-10-06T08:06:16.931631Z,refresh,10061,1761130,1550,40,1,0,1791325800,2026-10-06T22:30:00Z
2026-10-06T08:06:16.931631Z,refresh,10062,1761131,6200,137,1,0,1791325800,2026-10-06T22:30:00Z
2026-10-06T08:06:16.931631Z,refresh,10063,1761132,1525,15,1,0,1791325800,2026-10-06T22:30:00Z
2026-10-06T08:06:16.931631Z,refresh,10064,1761133,1700,24,1,0,1791325800,2026-10-06T22:30:00Z
2026-10-06T08:06:16.931631Z,refresh,10065,1761134,1650,44,1,0,1791325800,2026-10-06T22:30:00Z
2026-10-06T08:06:16.931631Z,refresh,10066,1761135,1650,16,1,0,1791325800,2026-10-06T22:30:00Z
2026-10-06T08:06:16.931631Z,refresh,10067,1761136,1550,5,1,0,1791325800,2026-10-06T22:30:00Z
2026-10-06T08:06:16.931631Z,refresh,10068,1761137,2100,17,1,0,1791325800,2026-10-06T22:30:00Z
2026-10-06T08:06:16.931631Z,refresh,10069,1761138,1320,69,1,0,1791325800,2026-10-06T22:30:00Z
2026-10-06T08:06:16.931631Z,refresh,17100,1761063,115,4,1,0,1791327600,2026-10-06T23:00:00Z
2026-10-06T08:06:16.931631Z,refresh,17101,1761064,110,3,1,0,1791327600,2026-10-06T23:00:00Z
2026-10-06T08:06:16.931631Z,refresh,17102,1761065,100,1,1,0,1791327600,2026-10-06T23:00:00Z
2026-10-06T08:06:16.931631Z,refresh,17103,1761066,105,2,1,0,1791327600,2026-10-06T23:00:00Z
2026-10-06T08:06:16.931631Z,refresh,17104,1761067,120,5,1,0,1791327600,2026-10-06T23:00:00Z
2026-10-06T08:06:16.931631Z,refresh,17105,1761068,105,2,1,0,1791327600,2026-10-06T23:00:00Z
2026-10-06T08:06:16.931631Z,refresh,17106,1761069,105,2,1,0,1791327600,2026-10-06T23:00:00Z
2026-10-06T08:06:16.931631Z,refresh,17107,1761070,110,3,1,0,1791327600,2026-10-06T23:00:00Z
2026-10-06T08:06:16.931631Z,refresh,17108,1761071,120,5,1,0,1791327600,2026-10-06T23:00:00Z
2026-10-06T08:06:16.931631Z,refresh,17109,1761072,110,3,1,0,1791327600,2026-10-06T23:00:00Z
2026-10-06T08:06:16.931631Z,refresh,17110,1761073,110,3,1,0,1791327600,2026-10-06T23:00:00Z
2026-10-06T08:06:16.931631Z,refresh,17111,1761074,115,4,1,0,1791327600,2026-10-06T23:00:00Z
2026-10-06T08:06:16.931631Z,refresh,17112,1761075,505,13,1,0,1791327600,2026-10-06T23:00:00Z
2026-10-06T08:06:16.931631Z,refresh,17113,1761076,105,2,1,0,1791327600,2026-10-06T23:00:00Z
2026-10-06T08:06:16.931631Z,refresh,17114,1761077,110,3,1,0,1791327600,2026-10-06T23:00:00Z
2026-10-06T08:06:16.931631Z,refresh,17115,1761078,505,28,1,0,1791327600,2026-10-06T23:00:00Z
2026-10-06T08:06:16.931631Z,refresh,17116,1761079,115,4,1,0,1791327600,2026-10-06T23:00:00Z
2026-10-06T08:06:16.931631Z,refresh,17117,1761080,105,2,1,0,1791327600,2026-10-06T23:00:00Z
2026-10-06T08:06:16.931631Z,refresh,17118,1761081,105,2,1,0,1791327600,2026-10-06T23:00:00Z
2026-10-06T08:06:16.931631Z,refresh,17119,1761082,100,1,1,0,1791327600,2026-10-06T23:00:00Z
2026-10-06T08:06:16.931631Z,refresh,17120,1761083,105,2,1,0,1791327600,2026-10-06T23:00:00Z
2026-10-06T08:06:16.931631Z,refresh,17121,1761084,105,2,1,0,1791327600,2026-10-06T23:00:00Z
2026-10-06T08:06:16.931631Z,refresh,17122,1761085,170,15,1,0,1791327600,2026-10-06T23:00:00Z
2026-10-06T08:06:16.931631Z,refresh,10020,1761159,16050,119,1,0,1791329400,2026-10-06T23:30:00Z
2026-10-06T08:06:16.931631Z,refresh,10021,1761160,5,1,1,0,1791329400,2026-10-06T23:30:00Z
2026-10-06T08:06:16.931631Z,refresh,10022,1761161,330,40,1,0,1791329400,2026-10-06T23:30:00Z
2026-10-06T08:06:16.931631Z,refresh,10023,1761162,550,47,1,0,1791329400,2026-10-06T23:30:00Z
2026-10-06T08:06:16.931631Z,refresh,10024,1761163,5,1,1,0,1791329400,2026-10-06T23:30:00Z
2026-10-06T08:06:16.931631Z,refresh,10025,1761164,5,0,1,0,1791329400,2026-10-06T23:30:00Z
2026-10-06T08:06:16.931631Z,refresh,17850,1761247,5,0,1,0,1791329400,2026-10-06T23:30:00Z
2026-10-06T08:06:16.931631Z,refresh,17851,1761248,5,1,1,0,1791329400,2026-10-06T23:30:00Z
2026-10-06T08:06:16.931631Z,refresh,17852,1761249,390,15,1,0,1791329400,2026-10-06T23:30:00Z
2026-10-06T08:06:16.931631Z,refresh,17853,1761250,1350,46,1,0,1791329400,2026-10-06T23:30:00Z
2026-10-06T08:06:16.931631Z,refresh,17854,1761251,155,10,1,0,1791329400,2026-10-06T23:30:00Z
2026-10-06T08:06:16.931631Z,refresh,17855,1761252,100,20,1,0,1791329400,2026-10-06T23:30:00Z
2026-10-06T08:06:16.931631Z,refresh,17856,1761253,180,21,1,0,1791329400,2026-10-06T23:30:00Z
2026-10-06T08:06:16.931631Z,refresh,17857,1761254,110,9,1,0,1791329400,2026-10-06T23:30:00Z
2026-10-06T08:06:16.931631Z,refresh,17858,1761255,60,12,1,0,1791329400,2026-10-06T23:30:00Z
2026-10-06T08:06:16.931631Z,refresh,17859,1761256,5,1,1,0,1791329400,2026-10-06T23:30:00Z
2026-10-06T08:06:16.931631Z,refresh,17860,1761257,5,1,1,0,1791329400,2026-10-06T23:30:00Z
2026-10-06T08:06:16.931631Z,refresh,17861,1761258,30,7,1,0,1791329400,2026-10-06T23:30:00Z
2026-10-06T08:06:16.931631Z,refresh,17862,1761259,5,1,1,0,1791329400,2026-10-06T23:30:00Z
2026-10-06T08:06:16.931631Z,refresh,17863,1761260,5,1,1,0,1791329400,2026-10-06T23:30:00Z
2026-10-06T08:06:16.931631Z,refresh,17864,1761262,10,3,1,0,1791329400,2026-10-06T23:30:00Z
2026-10-06T08:06:16.931631Z,refresh,17865,1761263,15,3,1,0,1791329400,2026-10-06T23:30:00Z
2026-10-06T08:06:16.931631Z,refresh,17909,1761086,5,0,1,0,1791329400,2026-10-06T23:30:00Z
2026-10-06T08:06:16.931631Z,refresh,17911,1761088,5,0,1,0,1791329400,2026-10-06T23:30:00Z
2026-10-06T08:06:16.931631Z,refresh,17912,1761089,5,0,1,0,1791329400,2026-10-06T23:30:00Z
2026-10-06T08:06:16.931631Z,refresh,17913,1761090,5,0,1,0,1791329400,2026-10-06T23:30:00Z
2026-10-06T08:06:16.931631Z,refresh,17914,1761091,5,0,1,0,1791329400,2026-10-06T23:30:00Z
2026-10-06T08:06:16.931631Z,refresh,17915,1761092,5,0,1,0,1791329400,2026-10-06T23:30:00Z
2026-10-06T08:06:16.931631Z,refresh,17916,1761093,5,0,1,0,1791329400,2026-10-06T23:30:00Z
2026-10-06T08:06:16.931631Z,refresh,17917,1761094,5,1,1,0,1791329400,2026-10-06T23:30:00Z
2026-10-06T08:06:16.931631Z,refresh,17918,1761095,5,0,1,0,1791329400,2026-10-06T23:30:00Z
2026-10-06T08:06:16.931631Z,refresh,17919,1761096,5,0,1,0,1791329400,2026-10-06T23:30:00Z
2026-10-06T08:06:16.931631Z,refresh,17920,1761097,5,1,1,0,1791329400,2026-10-06T23:30:00Z
2026-10-06T08:06:16.931631Z,refresh,17921,1761098,5,1,1,0,1791329400,2026-10-06T23:30:00Z
2026-10-06T08:06:16.931631Z,refresh,17922,1761099,5,0,1,0,1791329400,2026-10-06T23:30:00Z
2026-10-06T08:06:16.931631Z,refresh,17923,1761100,5,0,1,0,1791329400,2026-10-06T23:30:00Z
2026-10-06T08:06:16.931631Z,refresh,17924,1761101,10,2,1,0,1791329400,2026-10-06T23:30:00Z
2026-10-06T08:06:16.931631Z,refresh,17925,1761102,5,1,1,0,1791329400,2026-10-06T23:30:00Z
2026-10-06T08:06:16.931631Z,refresh,17926,1761103,5,1,1,0,1791329400,2026-10-06T23:30:00Z
2026-10-06T08:06:16.931631Z,refresh,17927,1761104,105,5,1,0,1791329400,2026-10-06T23:30:00Z
2026-10-06T08:06:16.931631Z,refresh,17928,1761105,5,1,1,0,1791329400,2026-10-06T23:30:00Z
2026-10-06T08:06:16.931631Z,refresh,17929,1761106,5,1,1,0,1791329400,2026-10-06T23:30:00Z
2026-10-06T08:06:16.931631Z,refresh,17930,1761107,5,1,1,0,1791329400,2026-10-06T23:30:00Z
2026-10-06T08:06:16.931631Z,refresh,17931,1761108,15,4,1,0,1791329400,2026-10-06T23:30:00Z
2026-10-06T08:06:16.931631Z,refresh,17932,1761109,5,1,1,0,1791329400,2026-10-06T23:30:00Z
2026-10-06T08:06:16.931631Z,refresh,17933,1761110,5,1,1,0,1791329400,2026-10-06T23:30:00Z
2026-10-06T08:06:16.931631Z,refresh,17934,1761111,5,0,1,0,1791329400,2026-10-06T23:30:00Z
2026-10-06T08:06:16.931631Z,refresh,17935,1761112,5,0,1,0,1791329400,2026-10-06T23:30:00Z
2026-10-06T08:06:16.931631Z,refresh,17936,1761113,5,0,1,0,1791329400,2026-10-06T23:30:00Z
2026-10-06T08:06:16.931631Z,refresh,17937,1761114,5,1,1,0,1791329400,2026-10-06T23:30:00Z
2026-10-06T08:06:16.931631Z,refresh,17938,1761115,5,1,1,0,1791329400,2026-10-06T23:30:00Z
2026-10-06T08:06:16.931631Z,refresh,17939,1761116,5,1,1,0,1791329400,2026-10-06T23:30:00Z
2026-10-06T08:06:16.931631Z,refresh,17940,1761117,25,5,1,0,1791329400,2026-10-06T23:30:00Z
2026-10-06T08:06:16.931631Z,refresh,17941,1761118,420,19,1,0,1791329400,2026-10-06T23:30:00Z
2026-10-06T08:06:16.931631Z,refresh,18650,1761165,5,1,1,0,1791329400,2026-10-06T23:30:00Z
2026-10-06T08:06:16.931631Z,refresh,18651,1761166,40,9,1,0,1791329400,2026-10-06T23:30:00Z
2026-10-06T08:06:16.931631Z,refresh,18652,1761167,5,1,1,0,1791329400,2026-10-06T23:30:00Z
2026-10-06T08:06:16.931631Z,refresh,18653,1761168,5,1,1,0,1791329400,2026-10-06T23:30:00Z
2026-10-06T08:06:16.931631Z,refresh,18654,1761169,15,3,1,0,1791329400,2026-10-06T23:30:00Z
2026-10-06T08:06:16.931631Z,refresh,18655,1761170,5,1,1,0,1791329400,2026-10-06T23:30:00Z
2026-10-06T08:06:16.931631Z,refresh,18656,1761171,5,1,1,0,1791329400,2026-10-06T23:30:00Z
2026-10-06T08:06:16.931631Z,refresh,18657,1761172,110,9,1,0,1791329400,2026-10-06T23:30:00Z
2026-10-06T08:06:16.931631Z,refresh,18658,1761173,15,3,1,0,1791329400,2026-10-06T23:30:00Z
2026-10-06T08:06:16.931631Z,refresh,18659,1761174,5,1,1,0,1791329400,2026-10-06T23:30:00Z
2026-10-06T08:06:16.931631Z,refresh,18660,1761175,410,67,1,0,1791329400,2026-10-06T23:30:00Z
2026-10-06T08:06:16.931631Z,refresh,18661,1761176,35,8,1,0,1791329400,2026-10-06T23:30:00Z
2026-10-06T08:06:16.931631Z,refresh,18662,1761177,5,1,1,0,1791329400,2026-10-06T23:30:00Z
2026-10-06T08:06:16.931631Z,refresh,18663,1761178,210,25,1,0,1791329400,2026-10-06T23:30:00Z
2026-10-06T08:06:16.931631Z,refresh,18664,1761179,255,30,1,0,1791329400,2026-10-06T23:30:00Z
2026-10-06T08:06:16.931631Z,refresh,18665,1761180,205,33,1,0,1791329400,2026-10-06T23:30:00Z
2026-10-06T08:06:16.931631Z,refresh,18666,1761181,39,6,1,0,1791329400,2026-10-06T23:30:00Z
2026-10-06T08:06:16.931631Z,refresh,18667,1761182,5,0,1,0,1791329400,2026-10-06T23:30:00Z
2026-10-06T08:06:16.931631Z,refresh,18668,1761183,5,1,1,0,1791329400,2026-10-06T23:30:00Z
2026-10-06T08:06:16.931631Z,refresh,18669,1761184,55,10,1,0,1791329400,2026-10-06T23:30:00Z
2026-10-06T08:06:16.931631Z,refresh,18670,1761185,15,3,1,0,1791329400,2026-10-06T23:30:00Z
2026-10-06T08:06:16.931631Z,refresh,18671,1761186,125,25,1,0,1791329400,2026-10-06T23:30:00Z
2026-10-06T08:06:16.931631Z,refresh,18672,1761187,115,24,1,0,1791329400,2026-10-06T23:30:00Z
2026-10-06T08:06:16.931631Z,refresh,18673,1761188,24,5,1,0,1791329400,2026-10-06T23:30:00Z
2026-10-06T08:06:16.931631Z,refresh,18674,1761189,15,3,1,0,1791329400,2026-10-06T23:30:00Z
2026-10-06T08:06:16.931631Z,refresh,18675,1761190,55,12,1,0,1791329400,2026-10-06T23:30:00Z
2026-10-06T08:06:16.931631Z,refresh,18676,1761191,5,1,1,0,1791329400,2026-10-06T23:30:00Z
2026-10-06T08:06:16.931631Z,refresh,18677,1761192,35,8,1,0,1791329400,2026-10-06T23:30:00Z
2026-10-06T08:06:16.931631Z,refresh,18678,1761194,20,5,1,0,1791329400,2026-10-06T23:30:00Z
2026-10-06T08:06:16.931631Z,refresh,18679,1761195,5,1,1,0,1791329400,2026-10-06T23:30:00Z
2026-10-06T08:06:16.931631Z,refresh,18680,1761196,55,12,1,0,1791329400,2026-10-06T23:30:00Z
2026-10-06T08:06:16.931631Z,refresh,18681,1761197,70,11,1,0,1791329400,2026-10-06T23:30:00Z
2026-10-06T08:06:16.931631Z,refresh,18682,1761198,10,2,1,0,1791329400,2026-10-06T23:30:00Z
2026-10-06T08:06:16.931631Z,refresh,18683,1761199,5,1,1,0,1791329400,2026-10-06T23:30:00Z
2026-10-06T08:06:16.931631Z,refresh,18705,1761220,5,0,1,0,1791329400,2026-10-06T23:30:00Z
2026-10-06T08:06:16.931631Z,refresh,18706,1761221,5,0,1,0,1791329400,2026-10-06T23:30:00Z
2026-10-06T08:06:16.931631Z,refresh,18707,1761222,10,2,1,0,1791329400,2026-10-06T23:30:00Z
2026-10-06T08:06:16.931631Z,refresh,18708,1761223,45,6,1,0,1791329400,2026-10-06T23:30:00Z
2026-10-06T08:06:16.931631Z,refresh,18709,1761224,5,0,1,0,1791329400,2026-10-06T23:30:00Z
2026-10-06T08:06:16.931631Z,refresh,18710,1761225,5,0,1,0,1791329400,2026-10-06T23:30:00Z
2026-10-06T08:06:16.931631Z,refresh,18711,1761226,5,0,1,0,1791329400,2026-10-06T23:30:00Z
2026-10-06T08:06:16.931631Z,refresh,18712,1761227,5,1,1,0,1791329400,2026-10-06T23:30:00Z
2026-10-06T08:06:16.931631Z,refresh,18713,1761228,50,10,1,0,1791329400,2026-10-06T23:30:00Z
2026-10-06T08:06:16.931631Z,refresh,18714,1761229,5,1,1,0,1791329400,2026-10-06T23:30:00Z
2026-10-06T08:06:16.931631Z,refresh,18715,1761230,5,1,1,0,1791329400,2026-10-06T23:30:00Z
2026-10-06T08:06:16.931631Z,refresh,18716,1761231,155,5,1,0,1791329400,2026-10-06T23:30:00Z
2026-10-06T08:06:16.931631Z,refresh,18717,1761232,205,6,1,0,1791329400,2026-10-06T23:30:00Z
2026-10-06T08:06:16.931631Z,refresh,18718,1761233,115,24,1,0,1791329400,2026-10-06T23:30:00Z
2026-10-06T08:06:16.931631Z,refresh,18719,1761234,5,0,1,0,1791329400,2026-10-06T23:30:00Z
2026-10-06T08:06:16.931631Z,refresh,18720,1761235,5,0,1,0,1791329400,2026-10-06T23:30:00Z
2026-10-06T08:06:16.931631Z,refresh,17866,1761264,5,1,1,0,1791331200,2026-10-07T00:00:00Z
2026-10-06T08:06:16.931631Z,refresh,17867,1761265,10,2,1,0,1791331200,2026-10-07T00:00:00Z
2026-10-06T08:06:16.931631Z,refresh,17868,1761266,5,1,1,0,1791331200,2026-10-07T00:00:00Z
2026-10-06T08:06:16.931631Z,refresh,17869,1761268,10,2,1,0,1791331200,2026-10-07T00:00:00Z
2026-10-06T08:06:16.931631Z,refresh,17870,1761269,5,1,1,0,1791331200,2026-10-07T00:00:00Z
2026-10-06T08:06:16.931631Z,refresh,17871,1761270,5,1,1,0,1791331200,2026-10-07T00:00:00Z
2026-10-06T08:06:16.931631Z,refresh,17872,1761271,5,0,1,0,1791331200,2026-10-07T00:00:00Z
2026-10-06T08:06:16.931631Z,refresh,17873,1761272,10,2,1,0,1791331200,2026-10-07T00:00:00Z
2026-10-06T08:06:16.931631Z,refresh,17874,1761273,5,0,1,0,1791331200,2026-10-07T00:00:00Z
2026-10-06T08:06:16.931631Z,refresh,17875,1761274,160,25,1,0,1791331200,2026-10-07T00:00:00Z
2026-10-06T08:06:16.931631Z,refresh,17876,1761275,15,3,1,0,1791331200,2026-10-07T00:00:00Z
2026-10-06T08:06:16.931631Z,refresh,17877,1761276,5,1,1,0,1791331200,2026-10-07T00:00:00Z
2026-10-06T08:06:16.931631Z,refresh,17878,1761277,40,9,1,0,1791331200,2026-10-07T00:00:00Z
2026-10-06T08:06:16.931631Z,refresh,17879,1761278,5,1,1,0,1791331200,2026-10-07T00:00:00Z
2026-10-06T08:06:16.931631Z,refresh,17880,1761279,210,17,1,0,1791331200,2026-10-07T00:00:00Z
2026-10-06T08:06:16.931631Z,refresh,17881,1761280,44,9,1,0,1791331200,2026-10-07T00:00:00Z
2026-10-06T08:06:16.931631Z,refresh,17882,1761281,24,5,1,0,1791331200,2026-10-07T00:00:00Z
2026-10-06T08:06:16.931631Z,refresh,17883,1761282,34,7,1,0,1791331200,2026-10-07T00:00:00Z
2026-10-06T08:06:16.931631Z,refresh,17884,1761283,15,3,1,0,1791331200,2026-10-07T00:00:00Z
2026-10-06T08:06:16.931631Z,refresh,17885,1761284,5,1,1,0,1791331200,2026-10-07T00:00:00Z
2026-10-06T08:06:16.931631Z,refresh,17886,1761285,5,1,1,0,1791331200,2026-10-07T00:00:00Z
2026-10-06T08:06:16.931631Z,refresh,17887,1761286,5,1,1,0,1791331200,2026-10-07T00:00:00Z
2026-10-06T08:06:16.931631Z,refresh,17888,1761287,5,0,1,0,1791331200,2026-10-07T00:00:00Z
2026-10-06T08:06:16.931631Z,refresh,17889,1761288,105,12,1,0,1791331200,2026-10-07T00:00:00Z
2026-10-06T08:06:16.931631Z,refresh,17890,1761289,10,2,1,0,1791331200,2026-10-07T00:00:00Z
2026-10-06T08:06:16.931631Z,refresh,17891,1761291,600,51,1,0,1791331200,2026-10-07T00:00:00Z
2026-10-06T08:06:16.931631Z,refresh,17892,1761292,255,52,1,0,1791331200,2026-10-07T00:00:00Z
2026-10-06T08:06:16.931631Z,refresh,17893,1761293,5,1,1,0,1791331200,2026-10-07T00:00:00Z
2026-10-06T08:06:16.931631Z,refresh,17894,1761294,24,5,1,0,1791331200,2026-10-07T00:00:00Z
2026-10-06T08:06:16.931631Z,refresh,17895,1761295,114,24,1,0,1791331200,2026-10-07T00:00:00Z
2026-10-06T08:06:16.931631Z,refresh,17896,1761296,10,2,1,0,1791331200,2026-10-07T00:00:00Z
2026-10-06T08:06:16.931631Z,refresh,17897,1761297,55,12,1,0,1791331200,2026-10-07T00:00:00Z
2026-10-06T08:06:16.931631Z,refresh,17898,1761298,5,1,1,0,1791331200,2026-10-07T00:00:00Z
2026-10-06T08:06:16.931631Z,refresh,17899,1761299,10,2,1,0,1791331200,2026-10-07T00:00:00Z
2026-10-06T08:06:16.931631Z,refresh,17900,1761300,25,5,1,0,1791331200,2026-10-07T00:00:00Z
2026-10-06T08:06:16.931631Z,refresh,17901,1761301,31,7,1,0,1791331200,2026-10-07T00:00:00Z
2026-10-06T08:06:16.931631Z,refresh,17902,1761303,5,0,1,0,1791331200,2026-10-07T00:00:00Z
2026-10-06T08:06:16.931631Z,refresh,17903,1761304,370,53,1,0,1791331200,2026-10-07T00:00:00Z
2026-10-06T08:06:16.931631Z,refresh,17904,1761305,15,3,1,0,1791331200,2026-10-07T00:00:00Z
2026-10-06T08:06:16.931631Z,refresh,17905,1761306,35,8,1,0,1791331200,2026-10-07T00:00:00Z
2026-10-06T08:06:16.931631Z,refresh,17906,1761307,115,18,1,0,1791331200,2026-10-07T00:00:00Z
2026-10-06T08:06:16.931631Z,refresh,17907,1761308,115,6,1,0,1791331200,2026-10-07T00:00:00Z
2026-10-06T08:06:16.931631Z,refresh,17908,1761309,15,3,1,0,1791331200,2026-10-07T00:00:00Z
2026-10-06T08:06:16.931631Z,refresh,17910,1761314,5,1,1,0,1791331200,2026-10-07T00:00:00Z
2026-10-06T08:06:16.931631Z,refresh,18684,1761200,5,0,1,0,1791331200,2026-10-07T00:00:00Z
2026-10-06T08:06:16.931631Z,refresh,18685,1761201,5,1,1,0,1791331200,2026-10-07T00:00:00Z
2026-10-06T08:06:16.931631Z,refresh,18686,1761202,5,1,1,0,1791331200,2026-10-07T00:00:00Z
2026-10-06T08:06:16.931631Z,refresh,18687,1761203,5,1,1,0,1791331200,2026-10-07T00:00:00Z
2026-10-06T08:06:16.931631Z,refresh,18688,1761204,5,1,1,0,1791331200,2026-10-07T00:00:00Z
2026-10-06T08:06:16.931631Z,refresh,18689,1761205,65,14,1,0,1791331200,2026-10-07T00:00:00Z
2026-10-06T08:06:16.931631Z,refresh,18690,1761206,115,24,1,0,1791331200,2026-10-07T00:00:00Z
2026-10-06T08:06:16.931631Z,refresh,18691,1761207,15,3,1,0,1791331200,2026-10-07T00:00:00Z
2026-10-06T08:06:16.931631Z,refresh,18692,1761208,15,3,1,0,1791331200,2026-10-07T00:00:00Z
2026-10-06T08:06:16.931631Z,refresh,18693,1761209,15,3,1,0,1791331200,2026-10-07T00:00:00Z
2026-10-06T08:06:16.931631Z,refresh,18694,1761210,5,1,1,0,1791331200,2026-10-07T00:00:00Z
2026-10-06T08:06:16.931631Z,refresh,18695,1761211,5,1,1,0,1791331200,2026-10-07T00:00:00Z
2026-10-06T08:06:16.931631Z,refresh,18696,1761212,5,1,1,0,1791331200,2026-10-07T00:00:00Z
2026-10-06T08:06:16.931631Z,refresh,18697,1761213,5,1,1,0,1791331200,2026-10-07T00:00:00Z
2026-10-06T08:06:16.931631Z,refresh,18698,1761214,5,1,1,0,1791331200,2026-10-07T00:00:00Z
2026-10-06T08:06:16.931631Z,refresh,18699,1761215,5,1,1,0,1791331200,2026-10-07T00:00:00Z
2026-10-06T08:06:16.931631Z,refresh,18700,1761216,5,1,1,0,1791331200,2026-10-07T00:00:00Z
2026-10-06T08:06:16.931631Z,refresh,18701,1761217,320,19,1,0,1791331200,2026-10-07T00:00:00Z
2026-10-06T08:06:16.931631Z,refresh,18702,1761218,460,48,1,0,1791331200,2026-10-07T00:00:00Z
2026-10-06T08:06:16.931631Z,refresh,18703,1761219,55,5,1,0,1791331200,2026-10-07T00:00:00Z
2026-10-06T08:06:16.931631Z,refresh,18721,1761236,10,2,1,0,1791331200,2026-10-07T00:00:00Z
2026-10-06T08:06:16.931631Z,refresh,18722,1761237,55,12,1,0,1791331200,2026-10-07T00:00:00Z
2026-10-06T08:06:16.931631Z,refresh,18723,1761238,5,1,1,0,1791331200,2026-10-07T00:00:00Z
2026-10-06T08:06:16.931631Z,refresh,18724,1761239,5,1,1,0,1791331200,2026-10-07T00:00:00Z
2026-10-06T08:06:16.931631Z,refresh,18725,1761240,5,1,1,0,1791331200,2026-10-07T00:00:00Z
2026-10-06T08:06:16.931631Z,refresh,18726,1761241,5,1,1,0,1791331200,2026-10-07T00:00:00Z
2026-10-06T08:06:16.931631Z,refresh,18727,1761242,5,1,1,0,1791331200,2026-10-07T00:00:00Z
2026-10-06T08:06:16.931631Z,refresh,18728,1761243,5,1,1,0,1791331200,2026-10-07T00:00:00Z
2026-10-06T08:06:16.931631Z,refresh,18729,1761244,15,3,1,0,1791331200,2026-10-07T00:00:00Z
2026-10-06T08:06:16.931631Z,refresh,18730,1761245,15,3,1,0,1791331200,2026-10-07T00:00:00Z
2026-10-06T08:06:16.931631Z,refresh,18731,1761246,5,0,1,0,1791331200,2026-10-07T00:00:00Z
2026-10-06T08:06:16.931631Z,refresh,18732,1761310,5,1,1,0,1791331200,2026-10-07T00:00:00Z
2026-10-06T08:06:16.931631Z,refresh,18733,1761311,10,2,1,0,1791331200,2026-10-07T00:00:00Z
2026-10-06T08:06:16.931631Z,refresh,18734,1761312,10,2,1,0,1791331200,2026-10-07T00:00:00Z
2026-10-06T08:06:16.931631Z,refresh,18735,1761313,50,7,1,0,1791331200,2026-10-07T00:00:00Z
2026-10-06T08:06:16.931631Z,refresh,17125,1779931,65,14,1,0,1791333000,2026-10-07T00:30:00Z
2026-10-06T08:27:41.534377Z,refresh,10000,1761139,105,2,1,0,1791324000,2026-10-06T22:00:00Z
2026-10-06T08:27:41.534377Z,refresh,10001,1761140,100,0,1,0,1791324000,2026-10-06T22:00:00Z
2026-10-06T08:27:41.534377Z,refresh,10002,1761141,100,1,1,0,1791324000,2026-10-06T22:00:00Z
2026-10-06T08:27:41.534377Z,refresh,10003,1761142,1025,12,1,0,1791324000,2026-10-06T22:00:00Z
2026-10-06T08:27:41.534377Z,refresh,10004,1761143,2600,30,1,0,1791324000,2026-10-06T22:00:00Z
2026-10-06T08:27:41.534377Z,refresh,10005,1761144,3100,20,1,0,1791324000,2026-10-06T22:00:00Z
2026-10-06T08:27:41.534377Z,refresh,10006,1761145,2050,32,1,0,1791324000,2026-10-06T22:00:00Z
2026-10-06T08:27:41.534377Z,refresh,10007,1761146,1075,16,1,0,1791324000,2026-10-06T22:00:00Z
2026-10-06T08:27:41.534377Z,refresh,10008,1761147,9050,37,1,0,1791324000,2026-10-06T22:00:00Z
2026-10-06T08:27:41.534377Z,refresh,10009,1761148,25600,31,1,0,1791324000,2026-10-06T22:00:00Z
2026-10-06T08:27:41.534377Z,refresh,10010,1761149,13550,182,1,0,1791324000,2026-10-06T22:00:00Z
2026-10-06T08:27:41.534377Z,refresh,10011,1761150,20100,191,1,0,1791324000,2026-10-06T22:00:00Z
2026-10-06T08:27:41.534377Z,refresh,10012,1761151,20100,59,1,0,1791324000,2026-10-06T22:00:00Z
2026-10-06T08:27:41.534377Z,refresh,10013,1761152,50000,95,1,0,1791324000,2026-10-06T22:00:00Z
2026-10-06T08:27:41.534377Z,refresh,10014,1761153,23650,67,1,0,1791324000,2026-10-06T22:00:00Z
2026-10-06T08:27:41.534377Z,refresh,10015,1761154,20900,35,1,0,1791324000,2026-10-06T22:00:00Z
2026-10-06T08:27:41.534377Z,refresh,10016,1761155,15100,31,1,0,1791324000,2026-10-06T22:00:00Z
2026-10-06T08:27:41.534377Z,refresh,10017,1761156,42750,57,1,0,1791324000,2026-10-06T22:00:00Z
2026-10-06T08:27:41.534377Z,refresh,10018,1761157,2550,32,1,0,1791324000,2026-10-06T22:00:00Z
2026-10-06T08:27:41.534377Z,refresh,10019,1761158,1075,29,1,0,1791324000,2026-10-06T22:00:00Z
2026-10-06T08:27:41.534377Z,refresh,10050,1761119,4050,51,1,0,1791325800,2026-10-06T22:30:00Z
2026-10-06T08:27:41.534377Z,refresh,10051,1761120,705,3,1,0,1791325800,2026-10-06T22:30:00Z
2026-10-06T08:27:41.534377Z,refresh,10052,1761121,1550,14,1,0,1791325800,2026-10-06T22:30:00Z
2026-10-06T08:27:41.534377Z,refresh,10053,1761122,5050,77,1,0,1791325800,2026-10-06T22:30:00Z
2026-10-06T08:27:41.534377Z,refresh,10054,1761123,1550,35,1,0,1791325800,2026-10-06T22:30:00Z
2026-10-06T08:27:41.534377Z,refresh,10055,1761124,325,5,1,0,1791325800,2026-10-06T22:30:00Z
2026-10-06T08:27:41.534377Z,refresh,10056,1761125,1505,7,1,0,1791325800,2026-10-06T22:30:00Z
2026-10-06T08:27:41.534377Z,refresh,10057,1761126,305,3,1,0,1791325800,2026-10-06T22:30:00Z
2026-10-06T08:27:41.534377Z,refresh,10058,1761127,755,13,1,0,1791325800,2026-10-06T22:30:00Z
2026-10-06T08:27:41.534377Z,refresh,10059,1761128,1400,22,1,0,1791325800,2026-10-06T22:30:00Z
2026-10-06T08:27:41.534377Z,refresh,10060,1761129,7800,63,1,0,1791325800,2026-10-06T22:30:00Z
2026-10-06T08:27:41.534377Z,refresh,10061,1761130,1550,40,1,0,1791325800,2026-10-06T22:30:00Z
2026-10-06T08:27:41.534377Z,refresh,10062,1761131,6200,137,1,0,1791325800,2026-10-06T22:30:00Z
2026-10-06T08:27:41.534377Z,refresh,10063,1761132,1525,15,1,0,1791325800,2026-10-06T22:30:00Z
2026-10-06T08:27:41.534377Z,refresh,10064,1761133,1700,24,1,0,1791325800,2026-10-06T22:30:00Z
2026-10-06T08:27:41.534377Z,refresh,10065,1761134,1650,44,1,0,1791325800,2026-10-06T22:30:00Z
2026-10-06T08:27:41.534377Z,refresh,10066,1761135,1650,16,1,0,1791325800,2026-10-06T22:30:00Z
2026-10-06T08:27:41.534377Z,refresh,10067,1761136,1550,5,1,0,1791325800,2026-10-06T22:30:00Z
2026-10-06T08:27:41.534377Z,refresh,10068,1761137,2100,17,1,0,1791325800,2026-10-06T22:30:00Z
2026-10-06T08:27:41.534377Z,refresh,10069,1761138,1320,69,1,0,1791325800,2026-10-06T22:30:00Z
2026-10-06T08:27:41.534377Z,refresh,17100,1761063,115,4,1,0,1791327600,2026-10-06T23:00:00Z
2026-10-06T08:27:41.534377Z,refresh,17101,1761064,110,3,1,0,1791327600,2026-10-06T23:00:00Z
2026-10-06T08:27:41.534377Z,refresh,17102,1761065,100,1,1,0,1791327600,2026-10-06T23:00:00Z
2026-10-06T08:27:41.534377Z,refresh,17103,1761066,105,2,1,0,1791327600,2026-10-06T23:00:00Z
2026-10-06T08:27:41.534377Z,refresh,17104,1761067,120,5,1,0,1791327600,2026-10-06T23:00:00Z
2026-10-06T08:27:41.534377Z,refresh,17105,1761068,105,2,1,0,1791327600,2026-10-06T23:00:00Z
2026-10-06T08:27:41.534377Z,refresh,17106,1761069,105,2,1,0,1791327600,2026-10-06T23:00:00Z
2026-10-06T08:27:41.534377Z,refresh,17107,1761070,110,3,1,0,1791327600,2026-10-06T23:00:00Z
2026-10-06T08:27:41.534377Z,refresh,17108,1761071,120,5,1,0,1791327600,2026-10-06T23:00:00Z
2026-10-06T08:27:41.534377Z,refresh,17109,1761072,110,3,1,0,1791327600,2026-10-06T23:00:00Z
2026-10-06T08:27:41.534377Z,refresh,17110,1761073,110,3,1,0,1791327600,2026-10-06T23:00:00Z
2026-10-06T08:27:41.534377Z,refresh,17111,1761074,115,4,1,0,1791327600,2026-10-06T23:00:00Z
2026-10-06T08:27:41.534377Z,refresh,17112,1761075,505,13,1,0,1791327600,2026-10-06T23:00:00Z
2026-10-06T08:27:41.534377Z,refresh,17113,1761076,105,2,1,0,1791327600,2026-10-06T23:00:00Z
2026-10-06T08:27:41.534377Z,refresh,17114,1761077,110,3,1,0,1791327600,2026-10-06T23:00:00Z
2026-10-06T08:27:41.534377Z,refresh,17115,1761078,505,28,1,0,1791327600,2026-10-06T23:00:00Z
2026-10-06T08:27:41.534377Z,refresh,17116,1761079,115,4,1,0,1791327600,2026-10-06T23:00:00Z
2026-10-06T08:27:41.534377Z,refresh,17117,1761080,105,2,1,0,1791327600,2026-10-06T23:00:00Z
2026-10-06T08:27:41.534377Z,refresh,17118,1761081,105,2,1,0,1791327600,2026-10-06T23:00:00Z
2026-10-06T08:27:41.534377Z,refresh,17119,1761082,100,1,1,0,1791327600,2026-10-06T23:00:00Z
2026-10-06T08:27:41.534377Z,refresh,17120,1761083,105,2,1,0,1791327600,2026-10-06T23:00:00Z
2026-10-06T08:27:41.534377Z,refresh,17121,1761084,105,2,1,0,1791327600,2026-10-06T23:00:00Z
2026-10-06T08:27:41.534377Z,refresh,17122,1761085,170,15,1,0,1791327600,2026-10-06T23:00:00Z
2026-10-06T08:27:41.534377Z,refresh,10020,1761159,16050,119,1,0,1791329400,2026-10-06T23:30:00Z
2026-10-06T08:27:41.534377Z,refresh,10021,1761160,5,1,1,0,1791329400,2026-10-06T23:30:00Z
2026-10-06T08:27:41.534377Z,refresh,10022,1761161,330,40,1,0,1791329400,2026-10-06T23:30:00Z
2026-10-06T08:27:41.534377Z,refresh,10023,1761162,550,47,1,0,1791329400,2026-10-06T23:30:00Z
2026-10-06T08:27:41.534377Z,refresh,10024,1761163,5,1,1,0,1791329400,2026-10-06T23:30:00Z
2026-10-06T08:27:41.534377Z,refresh,10025,1761164,5,0,1,0,1791329400,2026-10-06T23:30:00Z
2026-10-06T08:27:41.534377Z,refresh,17850,1761247,5,0,1,0,1791329400,2026-10-06T23:30:00Z
2026-10-06T08:27:41.534377Z,refresh,17851,1761248,5,1,1,0,1791329400,2026-10-06T23:30:00Z
2026-10-06T08:27:41.534377Z,refresh,17852,1761249,390,15,1,0,1791329400,2026-10-06T23:30:00Z
2026-10-06T08:27:41.534377Z,refresh,17853,1761250,1350,46,1,0,1791329400,2026-10-06T23:30:00Z
2026-10-06T08:27:41.534377Z,refresh,17854,1761251,155,10,1,0,1791329400,2026-10-06T23:30:00Z
2026-10-06T08:27:41.534377Z,refresh,17855,1761252,100,20,1,0,1791329400,2026-10-06T23:30:00Z
2026-10-06T08:27:41.534377Z,refresh,17856,1761253,180,21,1,0,1791329400,2026-10-06T23:30:00Z
2026-10-06T08:27:41.534377Z,refresh,17857,1761254,110,9,1,0,1791329400,2026-10-06T23:30:00Z
2026-10-06T08:27:41.534377Z,refresh,17858,1761255,60,12,1,0,1791329400,2026-10-06T23:30:00Z
2026-10-06T08:27:41.534377Z,refresh,17859,1761256,5,1,1,0,1791329400,2026-10-06T23:30:00Z
2026-10-06T08:27:41.534377Z,refresh,17860,1761257,5,1,1,0,1791329400,2026-10-06T23:30:00Z
2026-10-06T08:27:41.534377Z,refresh,17861,1761258,30,7,1,0,1791329400,2026-10-06T23:30:00Z
2026-10-06T08:27:41.534377Z,refresh,17862,1761259,5,1,1,0,1791329400,2026-10-06T23:30:00Z
2026-10-06T08:27:41.534377Z,refresh,17863,1761260,5,1,1,0,1791329400,2026-10-06T23:30:00Z
2026-10-06T08:27:41.534377Z,refresh,17864,1761262,10,3,1,0,1791329400,2026-10-06T23:30:00Z
2026-10-06T08:27:41.534377Z,refresh,17865,1761263,15,3,1,0,1791329400,2026-10-06T23:30:00Z
2026-10-06T08:27:41.534377Z,refresh,17909,1761086,5,0,1,0,1791329400,2026-10-06T23:30:00Z
2026-10-06T08:27:41.534377Z,refresh,17911,1761088,5,0,1,0,1791329400,2026-10-06T23:30:00Z
2026-10-06T08:27:41.534377Z,refresh,17912,1761089,5,0,1,0,1791329400,2026-10-06T23:30:00Z
2026-10-06T08:27:41.534377Z,refresh,17913,1761090,5,0,1,0,1791329400,2026-10-06T23:30:00Z
2026-10-06T08:27:41.534377Z,refresh,17914,1761091,5,0,1,0,1791329400,2026-10-06T23:30:00Z
2026-10-06T08:27:41.534377Z,refresh,17915,1761092,5,0,1,0,1791329400,2026-10-06T23:30:00Z
2026-10-06T08:27:41.534377Z,refresh,17916,1761093,5,0,1,0,1791329400,2026-10-06T23:30:00Z
2026-10-06T08:27:41.534377Z,refresh,17917,1761094,5,1,1,0,1791329400,2026-10-06T23:30:00Z
2026-10-06T08:27:41.534377Z,refresh,17918,1761095,5,0,1,0,1791329400,2026-10-06T23:30:00Z
2026-10-06T08:27:41.534377Z,refresh,17919,1761096,5,0,1,0,1791329400,2026-10-06T23:30:00Z
2026-10-06T08:27:41.534377Z,refresh,17920,1761097,5,1,1,0,1791329400,2026-10-06T23:30:00Z
2026-10-06T08:27:41.534377Z,refresh,17921,1761098,5,1,1,0,1791329400,2026-10-06T23:30:00Z
2026-10-06T08:27:41.534377Z,refresh,17922,1761099,5,0,1,0,1791329400,2026-10-06T23:30:00Z
2026-10-06T08:27:41.534377Z,refresh,17923,1761100,5,0,1,0,1791329400,2026-10-06T23:30:00Z
2026-10-06T08:27:41.534377Z,refresh,17924,1761101,10,2,1,0,1791329400,2026-10-06T23:30:00Z
2026-10-06T08:27:41.534377Z,refresh,17925,1761102,5,1,1,0,1791329400,2026-10-06T23:30:00Z
2026-10-06T08:27:41.534377Z,refresh,17926,1761103,5,1,1,0,1791329400,2026-10-06T23:30:00Z
2026-10-06T08:27:41.534377Z,refresh,17927,1761104,105,5,1,0,1791329400,2026-10-06T23:30:00Z
2026-10-06T08:27:41.534377Z,refresh,17928,1761105,5,1,1,0,1791329400,2026-10-06T23:30:00Z
2026-10-06T08:27:41.534377Z,refresh,17929,1761106,5,1,1,0,1791329400,2026-10-06T23:30:00Z
2026-10-06T08:27:41.534377Z,refresh,17930,1761107,5,1,1,0,1791329400,2026-10-06T23:30:00Z
2026-10-06T08:27:41.534377Z,refresh,17931,1761108,15,4,1,0,1791329400,2026-10-06T23:30:00Z
2026-10-06T08:27:41.534377Z,refresh,17932,1761109,5,1,1,0,1791329400,2026-10-06T23:30:00Z
2026-10-06T08:27:41.534377Z,refresh,17933,1761110,5,1,1,0,1791329400,2026-10-06T23:30:00Z
2026-10-06T08:27:41.534377Z,refresh,17934,1761111,5,0,1,0,1791329400,2026-10-06T23:30:00Z
2026-10-06T08:27:41.534377Z,refresh,17935,1761112,5,0,1,0,1791329400,2026-10-06T23:30:00Z
2026-10-06T08:27:41.534377Z,refresh,17936,1761113,5,0,1,0,1791329400,2026-10-06T23:30:00Z
2026-10-06T08:27:41.534377Z,refresh,17937,1761114,5,1,1,0,1791329400,2026-10-06T23:30:00Z
2026-10-06T08:27:41.534377Z,refresh,17938,1761115,5,1,1,0,1791329400,2026-10-06T23:30:00Z
2026-10-06T08:27:41.534377Z,refresh,17939,1761116,5,1,1,0,1791329400,2026-10-06T23:30:00Z
2026-10-06T08:27:41.534377Z,refresh,17940,1761117,25,5,1,0,1791329400,2026-10-06T23:30:00Z
2026-10-06T08:27:41.534377Z,refresh,17941,1761118,420,19,1,0,1791329400,2026-10-06T23:30:00Z
2026-10-06T08:27:41.534377Z,refresh,18650,1761165,5,1,1,0,1791329400,2026-10-06T23:30:00Z
2026-10-06T08:27:41.534377Z,refresh,18651,1761166,40,9,1,0,1791329400,2026-10-06T23:30:00Z
2026-10-06T08:27:41.534377Z,refresh,18652,1761167,5,1,1,0,1791329400,2026-10-06T23:30:00Z
2026-10-06T08:27:41.534377Z,refresh,18653,1761168,5,1,1,0,1791329400,2026-10-06T23:30:00Z
2026-10-06T08:27:41.534377Z,refresh,18654,1761169,15,3,1,0,1791329400,2026-10-06T23:30:00Z
2026-10-06T08:27:41.534377Z,refresh,18655,1761170,5,1,1,0,1791329400,2026-10-06T23:30:00Z
2026-10-06T08:27:41.534377Z,refresh,18656,1761171,5,1,1,0,1791329400,2026-10-06T23:30:00Z
2026-10-06T08:27:41.534377Z,refresh,18657,1761172,110,9,1,0,1791329400,2026-10-06T23:30:00Z
2026-10-06T08:27:41.534377Z,refresh,18658,1761173,15,3,1,0,1791329400,2026-10-06T23:30:00Z
2026-10-06T08:27:41.534377Z,refresh,18659,1761174,5,1,1,0,1791329400,2026-10-06T23:30:00Z
2026-10-06T08:27:41.534377Z,refresh,18660,1761175,410,67,1,0,1791329400,2026-10-06T23:30:00Z
2026-10-06T08:27:41.534377Z,refresh,18661,1761176,35,8,1,0,1791329400,2026-10-06T23:30:00Z
2026-10-06T08:27:41.534377Z,refresh,18662,1761177,5,1,1,0,1791329400,2026-10-06T23:30:00Z
2026-10-06T08:27:41.534377Z,refresh,18663,1761178,210,25,1,0,1791329400,2026-10-06T23:30:00Z
2026-10-06T08:27:41.534377Z,refresh,18664,1761179,255,30,1,0,1791329400,2026-10-06T23:30:00Z
2026-10-06T08:27:41.534377Z,refresh,18665,1761180,205,33,1,0,1791329400,2026-10-06T23:30:00Z
2026-10-06T08:27:41.534377Z,refresh,18666,1761181,39,6,1,0,1791329400,2026-10-06T23:30:00Z
2026-10-06T08:27:41.534377Z,refresh,18667,1761182,5,0,1,0,1791329400,2026-10-06T23:30:00Z
2026-10-06T08:27:41.534377Z,refresh,18668,1761183,5,1,1,0,1791329400,2026-10-06T23:30:00Z
2026-10-06T08:27:41.534377Z,refresh,18669,1761184,55,10,1,0,1791329400,2026-10-06T23:30:00Z
2026-10-06T08:27:41.534377Z,refresh,18670,1761185,15,3,1,0,1791329400,2026-10-06T23:30:00Z
2026-10-06T08:27:41.534377Z,refresh,18671,1761186,125,25,1,0,1791329400,2026-10-06T23:30:00Z
2026-10-06T08:27:41.534377Z,refresh,18672,1761187,115,24,1,0,1791329400,2026-10-06T23:30:00Z
2026-10-06T08:27:41.534377Z,refresh,18673,1761188,24,5,1,0,1791329400,2026-10-06T23:30:00Z
2026-10-06T08:27:41.534377Z,refresh,18674,1761189,15,3,1,0,1791329400,2026-10-06T23:30:00Z
2026-10-06T08:27:41.534377Z,refresh,18675,1761190,55,12,1,0,1791329400,2026-10-06T23:30:00Z
2026-10-06T08:27:41.534377Z,refresh,18676,1761191,5,1,1,0,1791329400,2026-10-06T23:30:00Z
2026-10-06T08:27:41.534377Z,refresh,18677,1761192,35,8,1,0,1791329400,2026-10-06T23:30:00Z
2026-10-06T08:27:41.534377Z,refresh,18678,1761194,20,5,1,0,1791329400,2026-10-06T23:30:00Z
2026-10-06T08:27:41.534377Z,refresh,18679,1761195,5,1,1,0,1791329400,2026-10-06T23:30:00Z
2026-10-06T08:27:41.534377Z,refresh,18680,1761196,55,12,1,0,1791329400,2026-10-06T23:30:00Z
2026-10-06T08:27:41.534377Z,refresh,18681,1761197,70,11,1,0,1791329400,2026-10-06T23:30:00Z
2026-10-06T08:27:41.534377Z,refresh,18682,1761198,10,2,1,0,1791329400,2026-10-06T23:30:00Z
2026-10-06T08:27:41.534377Z,refresh,18683,1761199,5,1,1,0,1791329400,2026-10-06T23:30:00Z
2026-10-06T08:27:41.534377Z,refresh,18705,1761220,5,0,1,0,1791329400,2026-10-06T23:30:00Z
2026-10-06T08:27:41.534377Z,refresh,18706,1761221,5,0,1,0,1791329400,2026-10-06T23:30:00Z
2026-10-06T08:27:41.534377Z,refresh,18707,1761222,10,2,1,0,1791329400,2026-10-06T23:30:00Z
2026-10-06T08:27:41.534377Z,refresh,18708,1761223,45,6,1,0,1791329400,2026-10-06T23:30:00Z
2026-10-06T08:27:41.534377Z,refresh,18709,1761224,5,0,1,0,1791329400,2026-10-06T23:30:00Z
2026-10-06T08:27:41.534377Z,refresh,18710,1761225,5,0,1,0,1791329400,2026-10-06T23:30:00Z
2026-10-06T08:27:41.534377Z,refresh,18711,1761226,5,0,1,0,1791329400,2026-10-06T23:30:00Z
2026-10-06T08:27:41.534377Z,refresh,18712,1761227,5,1,1,0,1791329400,2026-10-06T23:30:00Z
2026-10-06T08:27:41.534377Z,refresh,18713,1761228,50,10,1,0,1791329400,2026-10-06T23:30:00Z
2026-10-06T08:27:41.534377Z,refresh,18714,1761229,5,1,1,0,1791329400,2026-10-06T23:30:00Z
2026-10-06T08:27:41.534377Z,refresh,18715,1761230,5,1,1,0,1791329400,2026-10-06T23:30:00Z
2026-10-06T08:27:41.534377Z,refresh,18716,1761231,155,5,1,0,1791329400,2026-10-06T23:30:00Z
2026-10-06T08:27:41.534377Z,refresh,18717,1761232,205,6,1,0,1791329400,2026-10-06T23:30:00Z
2026-10-06T08:27:41.534377Z,refresh,18718,1761233,115,24,1,0,1791329400,2026-10-06T23:30:00Z
2026-10-06T08:27:41.534377Z,refresh,18719,1761234,5,0,1,0,1791329400,2026-10-06T23:30:00Z
2026-10-06T08:27:41.534377Z,refresh,18720,1761235,5,0,1,0,1791329400,2026-10-06T23:30:00Z
2026-10-06T08:27:41.534377Z,refresh,17866,1761264,5,1,1,0,1791331200,2026-10-07T00:00:00Z
2026-10-06T08:27:41.534377Z,refresh,17867,1761265,10,2,1,0,1791331200,2026-10-07T00:00:00Z
2026-10-06T08:27:41.534377Z,refresh,17868,1761266,5,1,1,0,1791331200,2026-10-07T00:00:00Z
2026-10-06T08:27:41.534377Z,refresh,17869,1761268,10,2,1,0,1791331200,2026-10-07T00:00:00Z
2026-10-06T08:27:41.534377Z,refresh,17870,1761269,5,1,1,0,1791331200,2026-10-07T00:00:00Z
2026-10-06T08:27:41.534377Z,refresh,17871,1761270,5,1,1,0,1791331200,2026-10-07T00:00:00Z
2026-10-06T08:27:41.534377Z,refresh,17872,1761271,5,0,1,0,1791331200,2026-10-07T00:00:00Z
2026-10-06T08:27:41.534377Z,refresh,17873,1761272,10,2,1,0,1791331200,2026-10-07T00:00:00Z
2026-10-06T08:27:41.534377Z,refresh,17874,1761273,5,0,1,0,1791331200,2026-10-07T00:00:00Z
2026-10-06T08:27:41.534377Z,refresh,17875,1761274,160,25,1,0,1791331200,2026-10-07T00:00:00Z
2026-10-06T08:27:41.534377Z,refresh,17876,1761275,15,3,1,0,1791331200,2026-10-07T00:00:00Z
2026-10-06T08:27:41.534377Z,refresh,17877,1761276,5,1,1,0,1791331200,2026-10-07T00:00:00Z
2026-10-06T08:27:41.534377Z,refresh,17878,1761277,40,9,1,0,1791331200,2026-10-07T00:00:00Z
2026-10-06T08:27:41.534377Z,refresh,17879,1761278,5,1,1,0,1791331200,2026-10-07T00:00:00Z
2026-10-06T08:27:41.534377Z,refresh,17880,1761279,210,17,1,0,1791331200,2026-10-07T00:00:00Z
2026-10-06T08:27:41.534377Z,refresh,17881,1761280,44,9,1,0,1791331200,2026-10-07T00:00:00Z
2026-10-06T08:27:41.534377Z,refresh,17882,1761281,24,5,1,0,1791331200,2026-10-07T00:00:00Z
2026-10-06T08:27:41.534377Z,refresh,17883,1761282,34,7,1,0,1791331200,2026-10-07T00:00:00Z
2026-10-06T08:27:41.534377Z,refresh,17884,1761283,15,3,1,0,1791331200,2026-10-07T00:00:00Z
2026-10-06T08:27:41.534377Z,refresh,17885,1761284,5,1,1,0,1791331200,2026-10-07T00:00:00Z
2026-10-06T08:27:41.534377Z,refresh,17886,1761285,5,1,1,0,1791331200,2026-10-07T00:00:00Z
2026-10-06T08:27:41.534377Z,refresh,17887,1761286,5,1,1,0,1791331200,2026-10-07T00:00:00Z
2026-10-06T08:27:41.534377Z,refresh,17888,1761287,5,0,1,0,1791331200,2026-10-07T00:00:00Z
2026-10-06T08:27:41.534377Z,refresh,17889,1761288,105,12,1,0,1791331200,2026-10-07T00:00:00Z
2026-10-06T08:27:41.534377Z,refresh,17890,1761289,10,2,1,0,1791331200,2026-10-07T00:00:00Z
2026-10-06T08:27:41.534377Z,refresh,17891,1761291,600,51,1,0,1791331200,2026-10-07T00:00:00Z
2026-10-06T08:27:41.534377Z,refresh,17892,1761292,255,52,1,0,1791331200,2026-10-07T00:00:00Z
2026-10-06T08:27:41.534377Z,refresh,17893,1761293,5,1,1,0,1791331200,2026-10-07T00:00:00Z
2026-10-06T08:27:41.534377Z,refresh,17894,1761294,24,5,1,0,1791331200,2026-10-07T00:00:00Z
2026-10-06T08:27:41.534377Z,refresh,17895,1761295,114,24,1,0,1791331200,2026-10-07T00:00:00Z
2026-10-06T08:27:41.534377Z,refresh,17896,1761296,10,2,1,0,1791331200,2026-10-07T00:00:00Z
2026-10-06T08:27:41.534377Z,refresh,17897,1761297,55,12,1,0,1791331200,2026-10-07T00:00:00Z
2026-10-06T08:27:41.534377Z,refresh,17898,1761298,5,1,1,0,1791331200,2026-10-07T00:00:00Z
2026-10-06T08:27:41.534377Z,refresh,17899,1761299,10,2,1,0,1791331200,2026-10-07T00:00:00Z
2026-10-06T08:27:41.534377Z,refresh,17900,1761300,25,5,1,0,1791331200,2026-10-07T00:00:00Z
2026-10-06T08:27:41.534377Z,refresh,17901,1761301,31,7,1,0,1791331200,2026-10-07T00:00:00Z
2026-10-06T08:27:41.534377Z,refresh,17902,1761303,5,0,1,0,1791331200,2026-10-07T00:00:00Z
2026-10-06T08:27:41.534377Z,refresh,17903,1761304,370,53,1,0,1791331200,2026-10-07T00:00:00Z
2026-10-06T08:27:41.534377Z,refresh,17904,1761305,15,3,1,0,1791331200,2026-10-07T00:00:00Z
2026-10-06T08:27:41.534377Z,refresh,17905,1761306,35,8,1,0,1791331200,2026-10-07T00:00:00Z
2026-10-06T08:27:41.534377Z,refresh,17906,1761307,115,18,1,0,1791331200,2026-10-07T00:00:00Z
2026-10-06T08:27:41.534377Z,refresh,17907,1761308,115,6,1,0,1791331200,2026-10-07T00:00:00Z
2026-10-06T08:27:41.534377Z,refresh,17908,1761309,15,3,1,0,1791331200,2026-10-07T00:00:00Z
2026-10-06T08:27:41.534377Z,refresh,17910,1761314,5,1,1,0,1791331200,2026-10-07T00:00:00Z
2026-10-06T08:27:41.534377Z,refresh,18684,1761200,5,0,1,0,1791331200,2026-10-07T00:00:00Z
2026-10-06T08:27:41.534377Z,refresh,18685,1761201,5,1,1,0,1791331200,2026-10-07T00:00:00Z
2026-10-06T08:27:41.534377Z,refresh,18686,1761202,5,1,1,0,1791331200,2026-10-07T00:00:00Z
2026-10-06T08:27:41.534377Z,refresh,18687,1761203,5,1,1,0,1791331200,2026-10-07T00:00:00Z
2026-10-06T08:27:41.534377Z,refresh,18688,1761204,5,1,1,0,1791331200,2026-10-07T00:00:00Z
2026-10-06T08:27:41.534377Z,refresh,18689,1761205,65,14,1,0,1791331200,2026-10-07T00:00:00Z
2026-10-06T08:27:41.534377Z,refresh,18690,1761206,115,24,1,0,1791331200,2026-10-07T00:00:00Z
2026-10-06T08:27:41.534377Z,refresh,18691,1761207,15,3,1,0,1791331200,2026-10-07T00:00:00Z
2026-10-06T08:27:41.534377Z,refresh,18692,1761208,15,3,1,0,1791331200,2026-10-07T00:00:00Z
2026-10-06T08:27:41.534377Z,refresh,18693,1761209,15,3,1,0,1791331200,2026-10-07T00:00:00Z
2026-10-06T08:27:41.534377Z,refresh,18694,1761210,5,1,1,0,1791331200,2026-10-07T00:00:00Z
2026-10-06T08:27:41.534377Z,refresh,18695,1761211,5,1,1,0,1791331200,2026-10-07T00:00:00Z
2026-10-06T08:27:41.534377Z,refresh,18696,1761212,5,1,1,0,1791331200,2026-10-07T00:00:00Z
2026-10-06T08:27:41.534377Z,refresh,18697,1761213,5,1,1,0,1791331200,2026-10-07T00:00:00Z
2026-10-06T08:27:41.534377Z,refresh,18698,1761214,5,1,1,0,1791331200,2026-10-07T00:00:00Z
2026-10-06T08:27:41.534377Z,refresh,18699,1761215,5,1,1,0,1791331200,2026-10-07T00:00:00Z
2026-10-06T08:27:41.534377Z,refresh,18700,1761216,5,1,1,0,1791331200,2026-10-07T00:00:00Z
2026-10-06T08:27:41.534377Z,refresh,18701,1761217,320,19,1,0,1791331200,2026-10-07T00:00:00Z
2026-10-06T08:27:41.534377Z,refresh,18702,1761218,460,48,1,0,1791331200,2026-10-07T00:00:00Z
2026-10-06T08:27:41.534377Z,refresh,18703,1761219,55,5,1,0,1791331200,2026-10-07T00:00:00Z
2026-10-06T08:27:41.534377Z,refresh,18721,1761236,10,2,1,0,1791331200,2026-10-07T00:00:00Z
2026-10-06T08:27:41.534377Z,refresh,18722,1761237,55,12,1,0,1791331200,2026-10-07T00:00:00Z
2026-10-06T08:27:41.534377Z,refresh,18723,1761238,5,1,1,0,1791331200,2026-10-07T00:00:00Z
2026-10-06T08:27:41.534377Z,refresh,18724,1761239,5,1,1,0,1791331200,2026-10-07T00:00:00Z
2026-10-06T08:27:41.534377Z,refresh,18725,1761240,5,1,1,0,1791331200,2026-10-07T00:00:00Z
2026-10-06T08:27:41.534377Z,refresh,18726,1761241,5,1,1,0,1791331200,2026-10-07T00:00:00Z
2026-10-06T08:27:41.534377Z,refresh,18727,1761242,5,1,1,0,1791331200,2026-10-07T00:00:00Z
2026-10-06T08:27:41.534377Z,refresh,18728,1761243,5,1,1,0,1791331200,2026-10-07T00:00:00Z
2026-10-06T08:27:41.534377Z,refresh,18729,1761244,15,3,1,0,1791331200,2026-10-07T00:00:00Z
2026-10-06T08:27:41.534377Z,refresh,18730,1761245,15,3,1,0,1791331200,2026-10-07T00:00:00Z
2026-10-06T08:27:41.534377Z,refresh,18731,1761246,5,0,1,0,1791331200,2026-10-07T00:00:00Z
2026-10-06T08:27:41.534377Z,refresh,18732,1761310,5,1,1,0,1791331200,2026-10-07T00:00:00Z
2026-10-06T08:27:41.534377Z,refresh,18733,1761311,10,2,1,0,1791331200,2026-10-07T00:00:00Z
2026-10-06T08:27:41.534377Z,refresh,18734,1761312,10,2,1,0,1791331200,2026-10-07T00:00:00Z
2026-10-06T08:27:41.534377Z,refresh,18735,1761313,50,7,1,0,1791331200,2026-10-07T00:00:00Z
2026-10-06T08:27:41.534377Z,refresh,17125,1779931,65,14,1,0,1791333000,2026-10-07T00:30:00Z
2026-10-06T08:33:36.777251Z,refresh,10000,1761139,105,2,1,0,1791324000,2026-10-06T22:00:00Z
2026-10-06T08:33:36.777251Z,refresh,10001,1761140,100,0,1,0,1791324000,2026-10-06T22:00:00Z
2026-10-06T08:33:36.777251Z,refresh,10002,1761141,100,1,1,0,1791324000,2026-10-06T22:00:00Z
2026-10-06T08:33:36.777251Z,refresh,10003,1761142,1025,12,1,0,1791324000,2026-10-06T22:00:00Z
2026-10-06T08:33:36.777251Z,refresh,10004,1761143,2600,30,1,0,1791324000,2026-10-06T22:00:00Z
2026-10-06T08:33:36.777251Z,refresh,10005,1761144,3100,20,1,0,1791324000,2026-10-06T22:00:00Z
2026-10-06T08:33:36.777251Z,refresh,10006,1761145,2050,32,1,0,1791324000,2026-10-06T22:00:00Z
2026-10-06T08:33:36.777251Z,refresh,10007,1761146,1075,16,1,0,1791324000,2026-10-06T22:00:00Z
2026-10-06T08:33:36.777251Z,refresh,10008,1761147,9050,37,1,0,1791324000,2026-10-06T22:00:00Z
2026-10-06T08:33:36.777251Z,refresh,10009,1761148,25600,31,1,0,1791324000,2026-10-06T22:00:00Z
2026-10-06T08:33:36.777251Z,refresh,10010,1761149,13550,182,1,0,1791324000,2026-10-06T22:00:00Z
2026-10-06T08:33:36.777251Z,refresh,10011,1761150,20100,191,1,0,1791324000,2026-10-06T22:00:00Z
2026-10-06T08:33:36.777251Z,refresh,10012,1761151,20100,59,1,0,1791324000,2026-10-06T22:00:00Z
2026-10-06T08:33:36.777251Z,refresh,10013,1761152,50000,95,1,0,1791324000,2026-10-06T22:00:00Z
2026-10-06T08:33:36.777251Z,refresh,10014,1761153,23650,67,1,0,1791324000,2026-10-06T22:00:00Z
2026-10-06T08:33:36.777251Z,refresh,10015,1761154,20900,35,1,0,1791324000,2026-10-06T22:00:00Z
2026-10-06T08:33:36.777251Z,refresh,10016,1761155,15100,31,1,0,1791324000,2026-10-06T22:00:00Z
2026-10-06T08:33:36.777251Z,refresh,10017,1761156,42750,57,1,0,1791324000,2026-10-06T22:00:00Z
2026-10-06T08:33:36.777251Z,refresh,10018,1761157,2550,32,1,0,1791324000,2026-10-06T22:00:00Z
2026-10-06T08:33:36.777251Z,refresh,10019,1761158,1075,29,1,0,1791324000,2026-10-06T22:00:00Z
2026-10-06T08:33:36.777251Z,refresh,10050,1761119,4050,51,1,0,1791325800,2026-10-06T22:30:00Z
2026-10-06T08:33:36.777251Z,refresh,10051,1761120,705,3,1,0,1791325800,2026-10-06T22:30:00Z
2026-10-06T08:33:36.777251Z,refresh,10052,1761121,1550,14,1,0,1791325800,2026-10-06T22:30:00Z
2026-10-06T08:33:36.777251Z,refresh,10053,1761122,5050,77,1,0,1791325800,2026-10-06T22:30:00Z
2026-10-06T08:33:36.777251Z,refresh,10054,1761123,1550,35,1,0,1791325800,2026-10-06T22:30:00Z
2026-10-06T08:33:36.777251Z,refresh,10055,1761124,325,5,1,0,1791325800,2026-10-06T22:30:00Z
2026-10-06T08:33:36.777251Z,refresh,10056,1761125,1505,7,1,0,1791325800,2026-10-06T22:30:00Z
2026-10-06T08:33:36.777251Z,refresh,10057,1761126,305,3,1,0,1791325800,2026-10-06T22:30:00Z
2026-10-06T08:33:36.777251Z,refresh,10058,1761127,755,13,1,0,1791325800,2026-10-06T22:30:00Z
2026-10-06T08:33:36.777251Z,refresh,10059,1761128,1400,22,1,0,1791325800,2026-10-06T22:30:00Z
2026-10-06T08:33:36.777251Z,refresh,10060,1761129,7800,63,1,0,1791325800,2026-10-06T22:30:00Z
2026-10-06T08:33:36.777251Z,refresh,10061,1761130,1550,40,1,0,1791325800,2026-10-06T22:30:00Z
2026-10-06T08:33:36.777251Z,refresh,10062,1761131,6200,137,1,0,1791325800,2026-10-06T22:30:00Z
2026-10-06T08:33:36.777251Z,refresh,10063,1761132,1525,15,1,0,1791325800,2026-10-06T22:30:00Z
2026-10-06T08:33:36.777251Z,refresh,10064,1761133,1700,24,1,0,1791325800,2026-10-06T22:30:00Z
2026-10-06T08:33:36.777251Z,refresh,10065,1761134,1650,44,1,0,1791325800,2026-10-06T22:30:00Z
2026-10-06T08:33:36.777251Z,refresh,10066,1761135,1650,16,1,0,1791325800,2026-10-06T22:30:00Z
2026-10-06T08:33:36.777251Z,refresh,10067,1761136,1550,5,1,0,1791325800,2026-10-06T22:30:00Z
2026-10-06T08:33:36.777251Z,refresh,10068,1761137,2100,17,1,0,1791325800,2026-10-06T22:30:00Z
2026-10-06T08:33:36.777251Z,refresh,10069,1761138,1320,69,1,0,1791325800,2026-10-06T22:30:00Z
2026-10-06T08:33:36.777251Z,refresh,17100,1761063,115,4,1,0,1791327600,2026-10-06T23:00:00Z
2026-10-06T08:33:36.777251Z,refresh,17101,1761064,110,3,1,0,1791327600,2026-10-06T23:00:00Z
2026-10-06T08:33:36.777251Z,refresh,17102,1761065,100,1,1,0,1791327600,2026-10-06T23:00:00Z
2026-10-06T08:33:36.777251Z,refresh,17103,1761066,105,2,1,0,1791327600,2026-10-06T23:00:00Z
2026-10-06T08:33:36.777251Z,refresh,17104,1761067,120,5,1,0,1791327600,2026-10-06T23:00:00Z
2026-10-06T08:33:36.777251Z,refresh,17105,1761068,105,2,1,0,1791327600,2026-10-06T23:00:00Z
2026-10-06T08:33:36.777251Z,refresh,17106,1761069,105,2,1,0,1791327600,2026-10-06T23:00:00Z
2026-10-06T08:33:36.777251Z,refresh,17107,1761070,110,3,1,0,1791327600,2026-10-06T23:00:00Z
2026-10-06T08:33:36.777251Z,refresh,17108,1761071,120,5,1,0,1791327600,2026-10-06T23:00:00Z
2026-10-06T08:33:36.777251Z,refresh,17109,1761072,110,3,1,0,1791327600,2026-10-06T23:00:00Z
2026-10-06T08:33:36.777251Z,refresh,17110,1761073,110,3,1,0,1791327600,2026-10-06T23:00:00Z
2026-10-06T08:33:36.777251Z,refresh,17111,1761074,115,4,1,0,1791327600,2026-10-06T23:00:00Z
2026-10-06T08:33:36.777251Z,refresh,17112,1761075,505,13,1,0,1791327600,2026-10-06T23:00:00Z
2026-10-06T08:33:36.777251Z,refresh,17113,1761076,105,2,1,0,1791327600,2026-10-06T23:00:00Z
2026-10-06T08:33:36.777251Z,refresh,17114,1761077,110,3,1,0,1791327600,2026-10-06T23:00:00Z
2026-10-06T08:33:36.777251Z,refresh,17115,1761078,505,28,1,0,1791327600,2026-10-06T23:00:00Z
2026-10-06T08:33:36.777251Z,refresh,17116,1761079,115,4,1,0,1791327600,2026-10-06T23:00:00Z
2026-10-06T08:33:36.777251Z,refresh,17117,1761080,105,2,1,0,1791327600,2026-10-06T23:00:00Z
2026-10-06T08:33:36.777251Z,refresh,17118,1761081,105,2,1,0,1791327600,2026-10-06T23:00:00Z
2026-10-06T08:33:36.777251Z,refresh,17119,1761082,100,1,1,0,1791327600,2026-10-06T23:00:00Z
2026-10-06T08:33:36.777251Z,refresh,17120,1761083,105,2,1,0,1791327600,2026-10-06T23:00:00Z
2026-10-06T08:33:36.777251Z,refresh,17121,1761084,105,2,1,0,1791327600,2026-10-06T23:00:00Z
2026-10-06T08:33:36.777251Z,refresh,17122,1761085,170,15,1,0,1791327600,2026-10-06T23:00:00Z
2026-10-06T08:33:36.777251Z,refresh,10020,1761159,16050,119,1,0,1791329400,2026-10-06T23:30:00Z
2026-10-06T08:33:36.777251Z,refresh,10021,1761160,5,1,1,0,1791329400,2026-10-06T23:30:00Z
2026-10-06T08:33:36.777251Z,refresh,10022,1761161,330,40,1,0,1791329400,2026-10-06T23:30:00Z
2026-10-06T08:33:36.777251Z,refresh,10023,1761162,550,47,1,0,1791329400,2026-10-06T23:30:00Z
2026-10-06T08:33:36.777251Z,refresh,10024,1761163,5,1,1,0,1791329400,2026-10-06T23:30:00Z
2026-10-06T08:33:36.777251Z,refresh,10025,1761164,5,0,1,0,1791329400,2026-10-06T23:30:00Z
2026-10-06T08:33:36.777251Z,refresh,17850,1761247,5,0,1,0,1791329400,2026-10-06T23:30:00Z
2026-10-06T08:33:36.777251Z,refresh,17851,1761248,5,1,1,0,1791329400,2026-10-06T23:30:00Z
2026-10-06T08:33:36.777251Z,refresh,17852,1761249,390,15,1,0,1791329400,2026-10-06T23:30:00Z
2026-10-06T08:33:36.777251Z,refresh,17853,1761250,1350,46,1,0,1791329400,2026-10-06T23:30:00Z
2026-10-06T08:33:36.777251Z,refresh,17854,1761251,155,10,1,0,1791329400,2026-10-06T23:30:00Z
2026-10-06T08:33:36.777251Z,refresh,17855,1761252,100,20,1,0,1791329400,2026-10-06T23:30:00Z
2026-10-06T08:33:36.777251Z,refresh,17856,1761253,180,21,1,0,1791329400,2026-10-06T23:30:00Z
2026-10-06T08:33:36.777251Z,refresh,17857,1761254,110,9,1,0,1791329400,2026-10-06T23:30:00Z
2026-10-06T08:33:36.777251Z,refresh,17858,1761255,60,12,1,0,1791329400,2026-10-06T23:30:00Z
2026-10-06T08:33:36.777251Z,refresh,17859,1761256,5,1,1,0,1791329400,2026-10-06T23:30:00Z
2026-10-06T08:33:36.777251Z,refresh,17860,1761257,5,1,1,0,1791329400,2026-10-06T23:30:00Z
2026-10-06T08:33:36.777251Z,refresh,17861,1761258,30,7,1,0,1791329400,2026-10-06T23:30:00Z
2026-10-06T08:33:36.777251Z,refresh,17862,1761259,5,1,1,0,1791329400,2026-10-06T23:30:00Z
2026-10-06T08:33:36.777251Z,refresh,17863,1761260,5,1,1,0,1791329400,2026-10-06T23:30:00Z
2026-10-06T08:33:36.777251Z,refresh,17864,1761262,10,3,1,0,1791329400,2026-10-06T23:30:00Z
2026-10-06T08:33:36.777251Z,refresh,17865,1761263,15,3,1,0,1791329400,2026-10-06T23:30:00Z
2026-10-06T08:33:36.777251Z,refresh,17909,1761086,5,0,1,0,1791329400,2026-10-06T23:30:00Z
2026-10-06T08:33:36.777251Z,refresh,17911,1761088,5,0,1,0,1791329400,2026-10-06T23:30:00Z
2026-10-06T08:33:36.777251Z,refresh,17912,1761089,5,0,1,0,1791329400,2026-10-06T23:30:00Z
2026-10-06T08:33:36.777251Z,refresh,17913,1761090,5,0,1,0,1791329400,2026-10-06T23:30:00Z
2026-10-06T08:33:36.777251Z,refresh,17914,1761091,5,0,1,0,1791329400,2026-10-06T23:30:00Z
2026-10-06T08:33:36.777251Z,refresh,17915,1761092,5,0,1,0,1791329400,2026-10-06T23:30:00Z
2026-10-06T08:33:36.777251Z,refresh,17916,1761093,5,0,1,0,1791329400,2026-10-06T23:30:00Z
2026-10-06T08:33:36.777251Z,refresh,17917,1761094,5,1,1,0,1791329400,2026-10-06T23:30:00Z
2026-10-06T08:33:36.777251Z,refresh,17918,1761095,5,0,1,0,1791329400,2026-10-06T23:30:00Z
2026-10-06T08:33:36.777251Z,refresh,17919,1761096,5,0,1,0,1791329400,2026-10-06T23:30:00Z
2026-10-06T08:33:36.777251Z,refresh,17920,1761097,5,1,1,0,1791329400,2026-10-06T23:30:00Z
2026-10-06T08:33:36.777251Z,refresh,17921,1761098,5,1,1,0,1791329400,2026-10-06T23:30:00Z
2026-10-06T08:33:36.777251Z,refresh,17922,1761099,5,0,1,0,1791329400,2026-10-06T23:30:00Z
2026-10-06T08:33:36.777251Z,refresh,17923,1761100,5,0,1,0,1791329400,2026-10-06T23:30:00Z
2026-10-06T08:33:36.777251Z,refresh,17924,1761101,10,2,1,0,1791329400,2026-10-06T23:30:00Z
2026-10-06T08:33:36.777251Z,refresh,17925,1761102,5,1,1,0,1791329400,2026-10-06T23:30:00Z
2026-10-06T08:33:36.777251Z,refresh,17926,1761103,5,1,1,0,1791329400,2026-10-06T23:30:00Z
2026-10-06T08:33:36.777251Z,refresh,17927,1761104,105,5,1,0,1791329400,2026-10-06T23:30:00Z
2026-10-06T08:33:36.777251Z,refresh,17928,1761105,5,1,1,0,1791329400,2026-10-06T23:30:00Z
2026-10-06T08:33:36.777251Z,refresh,17929,1761106,5,1,1,0,1791329400,2026-10-06T23:30:00Z
2026-10-06T08:33:36.777251Z,refresh,17930,1761107,5,1,1,0,1791329400,2026-10-06T23:30:00Z
2026-10-06T08:33:36.777251Z,refresh,17931,1761108,15,4,1,0,1791329400,2026-10-06T23:30:00Z
2026-10-06T08:33:36.777251Z,refresh,17932,1761109,5,1,1,0,1791329400,2026-10-06T23:30:00Z
2026-10-06T08:33:36.777251Z,refresh,17933,1761110,5,1,1,0,1791329400,2026-10-06T23:30:00Z
2026-10-06T08:33:36.777251Z,refresh,17934,1761111,5,0,1,0,1791329400,2026-10-06T23:30:00Z
2026-10-06T08:33:36.777251Z,refresh,17935,1761112,5,0,1,0,1791329400,2026-10-06T23:30:00Z
2026-10-06T08:33:36.777251Z,refresh,17936,1761113,5,0,1,0,1791329400,2026-10-06T23:30:00Z
2026-10-06T08:33:36.777251Z,refresh,17937,1761114,5,1,1,0,1791329400,2026-10-06T23:30:00Z
2026-10-06T08:33:36.777251Z,refresh,17938,1761115,5,1,1,0,1791329400,2026-10-06T23:30:00Z
2026-10-06T08:33:36.777251Z,refresh,17939,1761116,5,1,1,0,1791329400,2026-10-06T23:30:00Z
2026-10-06T08:33:36.777251Z,refresh,17940,1761117,25,5,1,0,1791329400,2026-10-06T23:30:00Z
2026-10-06T08:33:36.777251Z,refresh,17941,1761118,420,19,1,0,1791329400,2026-10-06T23:30:00Z
2026-10-06T08:33:36.777251Z,refresh,18650,1761165,5,1,1,0,1791329400,2026-10-06T23:30:00Z
2026-10-06T08:33:36.777251Z,refresh,18651,1761166,40,9,1,0,1791329400,2026-10-06T23:30:00Z
2026-10-06T08:33:36.777251Z,refresh,18652,1761167,5,1,1,0,1791329400,2026-10-06T23:30:00Z
2026-10-06T08:33:36.777251Z,refresh,18653,1761168,5,1,1,0,1791329400,2026-10-06T23:30:00Z
2026-10-06T08:33:36.777251Z,refresh,18654,1761169,15,3,1,0,1791329400,2026-10-06T23:30:00Z
2026-10-06T08:33:36.777251Z,refresh,18655,1761170,5,1,1,0,1791329400,2026-10-06T23:30:00Z
2026-10-06T08:33:36.777251Z,refresh,18656,1761171,5,1,1,0,1791329400,2026-10-06T23:30:00Z
2026-10-06T08:33:36.777251Z,refresh,18657,1761172,110,9,1,0,1791329400,2026-10-06T23:30:00Z
2026-10-06T08:33:36.777251Z,refresh,18658,1761173,15,3,1,0,1791329400,2026-10-06T23:30:00Z
2026-10-06T08:33:36.777251Z,refresh,18659,1761174,5,1,1,0,1791329400,2026-10-06T23:30:00Z
2026-10-06T08:33:36.777251Z,refresh,18660,1761175,410,67,1,0,1791329400,2026-10-06T23:30:00Z
2026-10-06T08:33:36.777251Z,refresh,18661,1761176,35,8,1,0,1791329400,2026-10-06T23:30:00Z
2026-10-06T08:33:36.777251Z,refresh,18662,1761177,5,1,1,0,1791329400,2026-10-06T23:30:00Z
2026-10-06T08:33:36.777251Z,refresh,18663,1761178,210,25,1,0,1791329400,2026-10-06T23:30:00Z
2026-10-06T08:33:36.777251Z,refresh,18664,1761179,255,30,1,0,1791329400,2026-10-06T23:30:00Z
2026-10-06T08:33:36.777251Z,refresh,18665,1761180,205,33,1,0,1791329400,2026-10-06T23:30:00Z
2026-10-06T08:33:36.777251Z,refresh,18666,1761181,39,6,1,0,1791329400,2026-10-06T23:30:00Z
2026-10-06T08:33:36.777251Z,refresh,18667,1761182,5,0,1,0,1791329400,2026-10-06T23:30:00Z
2026-10-06T08:33:36.777251Z,refresh,18668,1761183,5,1,1,0,1791329400,2026-10-06T23:30:00Z
2026-10-06T08:33:36.777251Z,refresh,18669,1761184,55,10,1,0,1791329400,2026-10-06T23:30:00Z
2026-10-06T08:33:36.777251Z,refresh,18670,1761185,15,3,1,0,1791329400,2026-10-06T23:30:00Z
2026-10-06T08:33:36.777251Z,refresh,18671,1761186,125,25,1,0,1791329400,2026-10-06T23:30:00Z
2026-10-06T08:33:36.777251Z,refresh,18672,1761187,115,24,1,0,1791329400,2026-10-06T23:30:00Z
2026-10-06T08:33:36.777251Z,refresh,18673,1761188,24,5,1,0,1791329400,2026-10-06T23:30:00Z
2026-10-06T08:33:36.777251Z,refresh,18674,1761189,15,3,1,0,1791329400,2026-10-06T23:30:00Z
2026-10-06T08:33:36.777251Z,refresh,18675,1761190,55,12,1,0,1791329400,2026-10-06T23:30:00Z
2026-10-06T08:33:36.777251Z,refresh,18676,1761191,5,1,1,0,1791329400,2026-10-06T23:30:00Z
2026-10-06T08:33:36.777251Z,refresh,18677,1761192,35,8,1,0,1791329400,2026-10-06T23:30:00Z
2026-10-06T08:33:36.777251Z,refresh,18678,1761194,20,5,1,0,1791329400,2026-10-06T23:30:00Z
2026-10-06T08:33:36.777251Z,refresh,18679,1761195,5,1,1,0,1791329400,2026-10-06T23:30:00Z
2026-10-06T08:33:36.777251Z,refresh,18680,1761196,55,12,1,0,1791329400,2026-10-06T23:30:00Z
2026-10-06T08:33:36.777251Z,refresh,18681,1761197,70,11,1,0,1791329400,2026-10-06T23:30:00Z
2026-10-06T08:33:36.777251Z,refresh,18682,1761198,10,2,1,0,1791329400,2026-10-06T23:30:00Z
2026-10-06T08:33:36.777251Z,refresh,18683,1761199,5,1,1,0,1791329400,2026-10-06T23:30:00Z
2026-10-06T08:33:36.777251Z,refresh,18705,1761220,5,0,1,0,1791329400,2026-10-06T23:30:00Z
2026-10-06T08:33:36.777251Z,refresh,18706,1761221,5,0,1,0,1791329400,2026-10-06T23:30:00Z
2026-10-06T08:33:36.777251Z,refresh,18707,1761222,10,2,1,0,1791329400,2026-10-06T23:30:00Z
2026-10-06T08:33:36.777251Z,refresh,18708,1761223,45,6,1,0,1791329400,2026-10-06T23:30:00Z
2026-10-06T08:33:36.777251Z,refresh,18709,1761224,5,0,1,0,1791329400,2026-10-06T23:30:00Z
2026-10-06T08:33:36.777251Z,refresh,18710,1761225,5,0,1,0,1791329400,2026-10-06T23:30:00Z
2026-10-06T08:33:36.777251Z,refresh,18711,1761226,5,0,1,0,1791329400,2026-10-06T23:30:00Z
2026-10-06T08:33:36.777251Z,refresh,18712,1761227,5,1,1,0,1791329400,2026-10-06T23:30:00Z
2026-10-06T08:33:36.777251Z,refresh,18713,1761228,50,10,1,0,1791329400,2026-10-06T23:30:00Z
2026-10-06T08:33:36.777251Z,refresh,18714,1761229,5,1,1,0,1791329400,2026-10-06T23:30:00Z
2026-10-06T08:33:36.777251Z,refresh,18715,1761230,5,1,1,0,1791329400,2026-10-06T23:30:00Z
2026-10-06T08:33:36.777251Z,refresh,18716,1761231,155,5,1,0,1791329400,2026-10-06T23:30:00Z
2026-10-06T08:33:36.777251Z,refresh,18717,1761232,205,6,1,0,1791329400,2026-10-06T23:30:00Z
2026-10-06T08:33:36.777251Z,refresh,18718,1761233,115,24,1,0,1791329400,2026-10-06T23:30:00Z
2026-10-06T08:33:36.777251Z,refresh,18719,1761234,5,0,1,0,1791329400,2026-10-06T23:30:00Z
2026-10-06T08:33:36.777251Z,refresh,18720,1761235,5,0,1,0,1791329400,2026-10-06T23:30:00Z
2026-10-06T08:33:36.777251Z,refresh,17866,1761264,5,1,1,0,1791331200,2026-10-07T00:00:00Z
2026-10-06T08:33:36.777251Z,refresh,17867,1761265,10,2,1,0,1791331200,2026-10-07T00:00:00Z
2026-10-06T08:33:36.777251Z,refresh,17868,1761266,5,1,1,0,1791331200,2026-10-07T00:00:00Z
2026-10-06T08:33:36.777251Z,refresh,17869,1761268,10,2,1,0,1791331200,2026-10-07T00:00:00Z
2026-10-06T08:33:36.777251Z,refresh,17870,1761269,5,1,1,0,1791331200,2026-10-07T00:00:00Z
2026-10-06T08:33:36.777251Z,refresh,17871,1761270,5,1,1,0,1791331200,2026-10-07T00:00:00Z
2026-10-06T08:33:36.777251Z,refresh,17872,1761271,5,0,1,0,1791331200,2026-10-07T00:00:00Z
2026-10-06T08:33:36.777251Z,refresh,17873,1761272,10,2,1,0,1791331200,2026-10-07T00:00:00Z
2026-10-06T08:33:36.777251Z,refresh,17874,1761273,5,0,1,0,1791331200,2026-10-07T00:00:00Z
2026-10-06T08:33:36.777251Z,refresh,17875,1761274,160,25,1,0,1791331200,2026-10-07T00:00:00Z
2026-10-06T08:33:36.777251Z,refresh,17876,1761275,15,3,1,0,1791331200,2026-10-07T00:00:00Z
2026-10-06T08:33:36.777251Z,refresh,17877,1761276,5,1,1,0,1791331200,2026-10-07T00:00:00Z
2026-10-06T08:33:36.777251Z,refresh,17878,1761277,40,9,1,0,1791331200,2026-10-07T00:00:00Z
2026-10-06T08:33:36.777251Z,refresh,17879,1761278,5,1,1,0,1791331200,2026-10-07T00:00:00Z
2026-10-06T08:33:36.777251Z,refresh,17880,1761279,210,17,1,0,1791331200,2026-10-07T00:00:00Z
2026-10-06T08:33:36.777251Z,refresh,17881,1761280,44,9,1,0,1791331200,2026-10-07T00:00:00Z
2026-10-06T08:33:36.777251Z,refresh,17882,1761281,24,5,1,0,1791331200,2026-10-07T00:00:00Z
2026-10-06T08:33:36.777251Z,refresh,17883,1761282,34,7,1,0,1791331200,2026-10-07T00:00:00Z
2026-10-06T08:33:36.777251Z,refresh,17884,1761283,15,3,1,0,1791331200,2026-10-07T00:00:00Z
2026-10-06T08:33:36.777251Z,refresh,17885,1761284,5,1,1,0,1791331200,2026-10-07T00:00:00Z
2026-10-06T08:33:36.777251Z,refresh,17886,1761285,5,1,1,0,1791331200,2026-10-07T00:00:00Z
2026-10-06T08:33:36.777251Z,refresh,17887,1761286,5,1,1,0,1791331200,2026-10-07T00:00:00Z
2026-10-06T08:33:36.777251Z,refresh,17888,1761287,5,0,1,0,1791331200,2026-10-07T00:00:00Z
2026-10-06T08:33:36.777251Z,refresh,17889,1761288,105,12,1,0,1791331200,2026-10-07T00:00:00Z
2026-10-06T08:33:36.777251Z,refresh,17890,1761289,10,2,1,0,1791331200,2026-10-07T00:00:00Z
2026-10-06T08:33:36.777251Z,refresh,17891,1761291,600,51,1,0,1791331200,2026-10-07T00:00:00Z
2026-10-06T08:33:36.777251Z,refresh,17892,1761292,255,52,1,0,1791331200,2026-10-07T00:00:00Z
2026-10-06T08:33:36.777251Z,refresh,17893,1761293,5,1,1,0,1791331200,2026-10-07T00:00:00Z
2026-10-06T08:33:36.777251Z,refresh,17894,1761294,24,5,1,0,1791331200,2026-10-07T00:00:00Z
2026-10-06T08:33:36.777251Z,refresh,17895,1761295,114,24,1,0,1791331200,2026-10-07T00:00:00Z
2026-10-06T08:33:36.777251Z,refresh,17896,1761296,10,2,1,0,1791331200,2026-10-07T00:00:00Z
2026-10-06T08:33:36.777251Z,refresh,17897,1761297,55,12,1,0,1791331200,2026-10-07T00:00:00Z
2026-10-06T08:33:36.777251Z,refresh,17898,1761298,5,1,1,0,1791331200,2026-10-07T00:00:00Z
2026-10-06T08:33:36.777251Z,refresh,17899,1761299,10,2,1,0,1791331200,2026-10-07T00:00:00Z
2026-10-06T08:33:36.777251Z,refresh,17900,1761300,25,5,1,0,1791331200,2026-10-07T00:00:00Z
2026-10-06T08:33:36.777251Z,refresh,17901,1761301,31,7,1,0,1791331200,2026-10-07T00:00:00Z
2026-10-06T08:33:36.777251Z,refresh,17902,1761303,5,0,1,0,1791331200,2026-10-07T00:00:00Z
2026-10-06T08:33:36.777251Z,refresh,17903,1761304,370,53,1,0,1791331200,2026-10-07T00:00:00Z
2026-10-06T08:33:36.777251Z,refresh,17904,1761305,15,3,1,0,1791331200,2026-10-07T00:00:00Z
2026-10-06T08:33:36.777251Z,refresh,17905,1761306,35,8,1,0,1791331200,2026-10-07T00:00:00Z
2026-10-06T08:33:36.777251Z,refresh,17906,1761307,115,18,1,0,1791331200,2026-10-07T00:00:00Z
2026-10-06T08:33:36.777251Z,refresh,17907,1761308,115,6,1,0,1791331200,2026-10-07T00:00:00Z
2026-10-06T08:33:36.777251Z,refresh,17908,1761309,15,3,1,0,1791331200,2026-10-07T00:00:00Z
2026-10-06T08:33:36.777251Z,refresh,17910,1761314,5,1,1,0,1791331200,2026-10-07T00:00:00Z
2026-10-06T08:33:36.777251Z,refresh,18684,1761200,5,0,1,0,1791331200,2026-10-07T00:00:00Z
2026-10-06T08:33:36.777251Z,refresh,18685,1761201,5,1,1,0,1791331200,2026-10-07T00:00:00Z
2026-10-06T08:33:36.777251Z,refresh,18686,1761202,5,1,1,0,1791331200,2026-10-07T00:00:00Z
2026-10-06T08:33:36.777251Z,refresh,18687,1761203,5,1,1,0,1791331200,2026-10-07T00:00:00Z
2026-10-06T08:33:36.777251Z,refresh,18688,1761204,5,1,1,0,1791331200,2026-10-07T00:00:00Z
2026-10-06T08:33:36.777251Z,refresh,18689,1761205,65,14,1,0,1791331200,2026-10-07T00:00:00Z
2026-10-06T08:33:36.777251Z,refresh,18690,1761206,115,24,1,0,1791331200,2026-10-07T00:00:00Z
2026-10-06T08:33:36.777251Z,refresh,18691,1761207,15,3,1,0,1791331200,2026-10-07T00:00:00Z
2026-10-06T08:33:36.777251Z,refresh,18692,1761208,15,3,1,0,1791331200,2026-10-07T00:00:00Z
2026-10-06T08:33:36.777251Z,refresh,18693,1761209,15,3,1,0,1791331200,2026-10-07T00:00:00Z
2026-10-06T08:33:36.777251Z,refresh,18694,1761210,5,1,1,0,1791331200,2026-10-07T00:00:00Z
2026-10-06T08:33:36.777251Z,refresh,18695,1761211,5,1,1,0,1791331200,2026-10-07T00:00:00Z
2026-10-06T08:33:36.777251Z,refresh,18696,1761212,5,1,1,0,1791331200,2026-10-07T00:00:00Z
2026-10-06T08:33:36.777251Z,refresh,18697,1761213,5,1,1,0,1791331200,2026-10-07T00:00:00Z
2026-10-06T08:33:36.777251Z,refresh,18698,1761214,5,1,1,0,1791331200,2026-10-07T00:00:00Z
2026-10-06T08:33:36.777251Z,refresh,18699,1761215,5,1,1,0,1791331200,2026-10-07T00:00:00Z
2026-10-06T08:33:36.777251Z,refresh,18700,1761216,5,1,1,0,1791331200,2026-10-07T00:00:00Z
2026-10-06T08:33:36.777251Z,refresh,18701,1761217,320,19,1,0,1791331200,2026-10-07T00:00:00Z
2026-10-06T08:33:36.777251Z,refresh,18702,1761218,460,48,1,0,1791331200,2026-10-07T00:00:00Z
2026-10-06T08:33:36.777251Z,refresh,18703,1761219,55,5,1,0,1791331200,2026-10-07T00:00:00Z
2026-10-06T08:33:36.777251Z,refresh,18721,1761236,10,2,1,0,1791331200,2026-10-07T00:00:00Z
2026-10-06T08:33:36.777251Z,refresh,18722,1761237,55,12,1,0,1791331200,2026-10-07T00:00:00Z
2026-10-06T08:33:36.777251Z,refresh,18723,1761238,5,1,1,0,1791331200,2026-10-07T00:00:00Z
2026-10-06T08:33:36.777251Z,refresh,18724,1761239,5,1,1,0,1791331200,2026-10-07T00:00:00Z
2026-10-06T08:33:36.777251Z,refresh,18725,1761240,5,1,1,0,1791331200,2026-10-07T00:00:00Z
2026-10-06T08:33:36.777251Z,refresh,18726,1761241,5,1,1,0,1791331200,2026-10-07T00:00:00Z
2026-10-06T08:33:36.777251Z,refresh,18727,1761242,5,1,1,0,1791331200,2026-10-07T00:00:00Z
2026-10-06T08:33:36.777251Z,refresh,18728,1761243,5,1,1,0,1791331200,2026-10-07T00:00:00Z
2026-10-06T08:33:36.777251Z,refresh,18729,1761244,15,3,1,0,1791331200,2026-10-07T00:00:00Z
2026-10-06T08:33:36.777251Z,refresh,18730,1761245,15,3,1,0,1791331200,2026-10-07T00:00:00Z
2026-10-06T08:33:36.777251Z,refresh,18731,1761246,5,0,1,0,1791331200,2026-10-07T00:00:00Z
2026-10-06T08:33:36.777251Z,refresh,18732,1761310,5,1,1,0,1791331200,2026-10-07T00:00:00Z
2026-10-06T08:33:36.777251Z,refresh,18733,1761311,10,2,1,0,1791331200,2026-10-07T00:00:00Z
2026-10-06T08:33:36.777251Z,refresh,18734,1761312,10,2,1,0,1791331200,2026-10-07T00:00:00Z
2026-10-06T08:33:36.777251Z,refresh,18735,1761313,50,7,1,0,1791331200,2026-10-07T00:00:00Z
2026-10-06T08:33:36.777251Z,refresh,17125,1779931,65,14,1,0,1791333000,2026-10-07T00:30:00Z
2026-10-06T08:52:05.006702Z,refresh,10000,1761139,105,2,1,0,1791324000,2026-10-06T22:00:00Z
2026-10-06T08:52:05.006702Z,refresh,10001,1761140,100,0,1,0,1791324000,2026-10-06T22:00:00Z
2026-10-06T08:52:05.006702Z,refresh,10002,1761141,100,1,1,0,1791324000,2026-10-06T22:00:00Z
2026-10-06T08:52:05.006702Z,refresh,10003,1761142,1025,12,1,0,1791324000,2026-10-06T22:00:00Z
2026-10-06T08:52:05.006702Z,refresh,10004,1761143,2600,30,1,0,1791324000,2026-10-06T22:00:00Z
2026-10-06T08:52:05.006702Z,refresh,10005,1761144,3100,20,1,0,1791324000,2026-10-06T22:00:00Z
2026-10-06T08:52:05.006702Z,refresh,10006,1761145,2050,32,1,0,1791324000,2026-10-06T22:00:00Z
2026-10-06T08:52:05.006702Z,refresh,10007,1761146,1075,16,1,0,1791324000,2026-10-06T22:00:00Z
2026-10-06T08:52:05.006702Z,refresh,10008,1761147,9050,37,1,0,1791324000,2026-10-06T22:00:00Z
2026-10-06T08:52:05.006702Z,refresh,10009,1761148,25600,31,1,0,1791324000,2026-10-06T22:00:00Z
2026-10-06T08:52:05.006702Z,refresh,10010,1761149,13550,182,1,0,1791324000,2026-10-06T22:00:00Z
2026-10-06T08:52:05.006702Z,refresh,10011,1761150,20100,191,1,0,1791324000,2026-10-06T22:00:00Z
2026-10-06T08:52:05.006702Z,refresh,10012,1761151,20100,59,1,0,1791324000,2026-10-06T22:00:00Z
2026-10-06T08:52:05.006702Z,refresh,10013,1761152,50000,95,1,0,1791324000,2026-10-06T22:00:00Z
2026-10-06T08:52:05.006702Z,refresh,10014,1761153,23650,67,1,0,1791324000,2026-10-06T22:00:00Z
2026-10-06T08:52:05.006702Z,refresh,10015,1761154,20900,35,1,0,1791324000,2026-10-06T22:00:00Z
2026-10-06T08:52:05.006702Z,refresh,10016,1761155,15100,31,1,0,1791324000,2026-10-06T22:00:00Z
2026-10-06T08:52:05.006702Z,refresh,10017,1761156,42750,57,1,0,1791324000,2026-10-06T22:00:00Z
2026-10-06T08:52:05.006702Z,refresh,10018,1761157,2550,32,1,0,1791324000,2026-10-06T22:00:00Z
2026-10-06T08:52:05.006702Z,refresh,10019,1761158,1075,29,1,0,1791324000,2026-10-06T22:00:00Z
2026-10-06T08:52:05.006702Z,refresh,10050,1761119,4050,51,1,0,1791325800,2026-10-06T22:30:00Z
2026-10-06T08:52:05.006702Z,refresh,10051,1761120,705,3,1,0,1791325800,2026-10-06T22:30:00Z
2026-10-06T08:52:05.006702Z,refresh,10052,1761121,1550,14,1,0,1791325800,2026-10-06T22:30:00Z
2026-10-06T08:52:05.006702Z,refresh,10053,1761122,5050,77,1,0,1791325800,2026-10-06T22:30:00Z
2026-10-06T08:52:05.006702Z,refresh,10054,1761123,1550,35,1,0,1791325800,2026-10-06T22:30:00Z
2026-10-06T08:52:05.006702Z,refresh,10055,1761124,325,5,1,0,1791325800,2026-10-06T22:30:00Z
2026-10-06T08:52:05.006702Z,refresh,10056,1761125,1505,7,1,0,1791325800,2026-10-06T22:30:00Z
2026-10-06T08:52:05.006702Z,refresh,10057,1761126,305,3,1,0,1791325800,2026-10-06T22:30:00Z
2026-10-06T08:52:05.006702Z,refresh,10058,1761127,755,13,1,0,1791325800,2026-10-06T22:30:00Z
2026-10-06T08:52:05.006702Z,refresh,10059,1761128,1400,22,1,0,1791325800,2026-10-06T22:30:00Z
2026-10-06T08:52:05.006702Z,refresh,10060,1761129,7800,63,1,0,1791325800,2026-10-06T22:30:00Z
2026-10-06T08:52:05.006702Z,refresh,10061,1761130,1550,40,1,0,1791325800,2026-10-06T22:30:00Z
2026-10-06T08:52:05.006702Z,refresh,10062,1761131,6200,137,1,0,1791325800,2026-10-06T22:30:00Z
2026-10-06T08:52:05.006702Z,refresh,10063,1761132,1525,15,1,0,1791325800,2026-10-06T22:30:00Z
2026-10-06T08:52:05.006702Z,refresh,10064,1761133,1700,24,1,0,1791325800,2026-10-06T22:30:00Z
2026-10-06T08:52:05.006702Z,refresh,10065,1761134,1650,44,1,0,1791325800,2026-10-06T22:30:00Z
2026-10-06T08:52:05.006702Z,refresh,10066,1761135,1650,16,1,0,1791325800,2026-10-06T22:30:00Z
2026-10-06T08:52:05.006702Z,refresh,10067,1761136,1550,5,1,0,1791325800,2026-10-06T22:30:00Z
2026-10-06T08:52:05.006702Z,refresh,10068,1761137,2100,17,1,0,1791325800,2026-10-06T22:30:00Z
2026-10-06T08:52:05.006702Z,refresh,10069,1761138,1320,69,1,0,1791325800,2026-10-06T22:30:00Z
2026-10-06T08:52:05.006702Z,refresh,17100,1761063,115,4,1,0,1791327600,2026-10-06T23:00:00Z
2026-10-06T08:52:05.006702Z,refresh,17101,1761064,110,3,1,0,1791327600,2026-10-06T23:00:00Z
2026-10-06T08:52:05.006702Z,refresh,17102,1761065,100,1,1,0,1791327600,2026-10-06T23:00:00Z
2026-10-06T08:52:05.006702Z,refresh,17103,1761066,105,2,1,0,1791327600,2026-10-06T23:00:00Z
2026-10-06T08:52:05.006702Z,refresh,17104,1761067,120,5,1,0,1791327600,2026-10-06T23:00:00Z
2026-10-06T08:52:05.006702Z,refresh,17105,1761068,105,2,1,0,1791327600,2026-10-06T23:00:00Z
2026-10-06T08:52:05.006702Z,refresh,17106,1761069,105,2,1,0,1791327600,2026-10-06T23:00:00Z
2026-10-06T08:52:05.006702Z,refresh,17107,1761070,110,3,1,0,1791327600,2026-10-06T23:00:00Z
2026-10-06T08:52:05.006702Z,refresh,17108,1761071,120,5,1,0,1791327600,2026-10-06T23:00:00Z
2026-10-06T08:52:05.006702Z,refresh,17109,1761072,110,3,1,0,1791327600,2026-10-06T23:00:00Z
2026-10-06T08:52:05.006702Z,refresh,17110,1761073,110,3,1,0,1791327600,2026-10-06T23:00:00Z
2026-10-06T08:52:05.006702Z,refresh,17111,1761074,115,4,1,0,1791327600,2026-10-06T23:00:00Z
2026-10-06T08:52:05.006702Z,refresh,17112,1761075,505,13,1,0,1791327600,2026-10-06T23:00:00Z
2026-10-06T08:52:05.006702Z,refresh,17113,1761076,105,2,1,0,1791327600,2026-10-06T23:00:00Z
2026-10-06T08:52:05.006702Z,refresh,17114,1761077,110,3,1,0,1791327600,2026-10-06T23:00:00Z
2026-10-06T08:52:05.006702Z,refresh,17115,1761078,505,28,1,0,1791327600,2026-10-06T23:00:00Z
2026-10-06T08:52:05.006702Z,refresh,17116,1761079,115,4,1,0,1791327600,2026-10-06T23:00:00Z
2026-10-06T08:52:05.006702Z,refresh,17117,1761080,105,2,1,0,1791327600,2026-10-06T23:00:00Z
2026-10-06T08:52:05.006702Z,refresh,17118,1761081,105,2,1,0,1791327600,2026-10-06T23:00:00Z
2026-10-06T08:52:05.006702Z,refresh,17119,1761082,100,1,1,0,1791327600,2026-10-06T23:00:00Z
2026-10-06T08:52:05.006702Z,refresh,17120,1761083,105,2,1,0,1791327600,2026-10-06T23:00:00Z
2026-10-06T08:52:05.006702Z,refresh,17121,1761084,105,2,1,0,1791327600,2026-10-06T23:00:00Z
2026-10-06T08:52:05.006702Z,refresh,17122,1761085,170,15,1,0,1791327600,2026-10-06T23:00:00Z
2026-10-06T08:52:05.006702Z,refresh,10020,1761159,16050,119,1,0,1791329400,2026-10-06T23:30:00Z
2026-10-06T08:52:05.006702Z,refresh,10021,1761160,5,1,1,0,1791329400,2026-10-06T23:30:00Z
2026-10-06T08:52:05.006702Z,refresh,10022,1761161,330,40,1,0,1791329400,2026-10-06T23:30:00Z
2026-10-06T08:52:05.006702Z,refresh,10023,1761162,550,47,1,0,1791329400,2026-10-06T23:30:00Z
2026-10-06T08:52:05.006702Z,refresh,10024,1761163,5,1,1,0,1791329400,2026-10-06T23:30:00Z
2026-10-06T08:52:05.006702Z,refresh,10025,1761164,5,0,1,0,1791329400,2026-10-06T23:30:00Z
2026-10-06T08:52:05.006702Z,refresh,17850,1761247,5,0,1,0,1791329400,2026-10-06T23:30:00Z
2026-10-06T08:52:05.006702Z,refresh,17851,1761248,5,1,1,0,1791329400,2026-10-06T23:30:00Z
2026-10-06T08:52:05.006702Z,refresh,17852,1761249,390,15,1,0,1791329400,2026-10-06T23:30:00Z
2026-10-06T08:52:05.006702Z,refresh,17853,1761250,1350,46,1,0,1791329400,2026-10-06T23:30:00Z
2026-10-06T08:52:05.006702Z,refresh,17854,1761251,155,10,1,0,1791329400,2026-10-06T23:30:00Z
2026-10-06T08:52:05.006702Z,refresh,17855,1761252,100,20,1,0,1791329400,2026-10-06T23:30:00Z
2026-10-06T08:52:05.006702Z,refresh,17856,1761253,180,21,1,0,1791329400,2026-10-06T23:30:00Z
2026-10-06T08:52:05.006702Z,refresh,17857,1761254,110,9,1,0,1791329400,2026-10-06T23:30:00Z
2026-10-06T08:52:05.006702Z,refresh,17858,1761255,60,12,1,0,1791329400,2026-10-06T23:30:00Z
2026-10-06T08:52:05.006702Z,refresh,17859,1761256,5,1,1,0,1791329400,2026-10-06T23:30:00Z
2026-10-06T08:52:05.006702Z,refresh,17860,1761257,5,1,1,0,1791329400,2026-10-06T23:30:00Z
2026-10-06T08:52:05.006702Z,refresh,17861,1761258,30,7,1,0,1791329400,2026-10-06T23:30:00Z
2026-10-06T08:52:05.006702Z,refresh,17862,1761259,5,1,1,0,1791329400,2026-10-06T23:30:00Z
2026-10-06T08:52:05.006702Z,refresh,17863,1761260,5,1,1,0,1791329400,2026-10-06T23:30:00Z
2026-10-06T08:52:05.006702Z,refresh,17864,1761262,10,3,1,0,1791329400,2026-10-06T23:30:00Z
2026-10-06T08:52:05.006702Z,refresh,17865,1761263,15,3,1,0,1791329400,2026-10-06T23:30:00Z
2026-10-06T08:52:05.006702Z,refresh,17909,1761086,5,0,1,0,1791329400,2026-10-06T23:30:00Z
2026-10-06T08:52:05.006702Z,refresh,17911,1761088,5,0,1,0,1791329400,2026-10-06T23:30:00Z
2026-10-06T08:52:05.006702Z,refresh,17912,1761089,5,0,1,0,1791329400,2026-10-06T23:30:00Z
2026-10-06T08:52:05.006702Z,refresh,17913,1761090,5,0,1,0,1791329400,2026-10-06T23:30:00Z
2026-10-06T08:52:05.006702Z,refresh,17914,1761091,5,0,1,0,1791329400,2026-10-06T23:30:00Z
2026-10-06T08:52:05.006702Z,refresh,17915,1761092,5,0,1,0,1791329400,2026-10-06T23:30:00Z
2026-10-06T08:52:05.006702Z,refresh,17916,1761093,5,0,1,0,1791329400,2026-10-06T23:30:00Z
2026-10-06T08:52:05.006702Z,refresh,17917,1761094,5,1,1,0,1791329400,2026-10-06T23:30:00Z
2026-10-06T08:52:05.006702Z,refresh,17918,1761095,5,0,1,0,1791329400,2026-10-06T23:30:00Z
2026-10-06T08:52:05.006702Z,refresh,17919,1761096,5,0,1,0,1791329400,2026-10-06T23:30:00Z
2026-10-06T08:52:05.006702Z,refresh,17920,1761097,5,1,1,0,1791329400,2026-10-06T23:30:00Z
2026-10-06T08:52:05.006702Z,refresh,17921,1761098,5,1,1,0,1791329400,2026-10-06T23:30:00Z
2026-10-06T08:52:05.006702Z,refresh,17922,1761099,5,0,1,0,1791329400,2026-10-06T23:30:00Z
2026-10-06T08:52:05.006702Z,refresh,17923,1761100,5,0,1,0,1791329400,2026-10-06T23:30:00Z
2026-10-06T08:52:05.006702Z,refresh,17924,1761101,10,2,1,0,1791329400,2026-10-06T23:30:00Z
2026-10-06T08:52:05.006702Z,refresh,17925,1761102,5,1,1,0,1791329400,2026-10-06T23:30:00Z
2026-10-06T08:52:05.006702Z,refresh,17926,1761103,5,1,1,0,1791329400,2026-10-06T23:30:00Z
2026-10-06T08:52:05.006702Z,refresh,17927,1761104,105,5,1,0,1791329400,2026-10-06T23:30:00Z
2026-10-06T08:52:05.006702Z,refresh,17928,1761105,5,1,1,0,1791329400,2026-10-06T23:30:00Z
2026-10-06T08:52:05.006702Z,refresh,17929,1761106,5,1,1,0,1791329400,2026-10-06T23:30:00Z
2026-10-06T08:52:05.006702Z,refresh,17930,1761107,5,1,1,0,1791329400,2026-10-06T23:30:00Z
2026-10-06T08:52:05.006702Z,refresh,17931,1761108,15,4,1,0,1791329400,2026-10-06T23:30:00Z
2026-10-06T08:52:05.006702Z,refresh,17932,1761109,5,1,1,0,1791329400,2026-10-06T23:30:00Z
2026-10-06T08:52:05.006702Z,refresh,17933,1761110,5,1,1,0,1791329400,2026-10-06T23:30:00Z
2026-10-06T08:52:05.006702Z,refresh,17934,1761111,5,0,1,0,1791329400,2026-10-06T23:30:00Z
2026-10-06T08:52:05.006702Z,refresh,17935,1761112,5,0,1,0,1791329400,2026-10-06T23:30:00Z
2026-10-06T08:52:05.006702Z,refresh,17936,1761113,5,0,1,0,1791329400,2026-10-06T23:30:00Z
2026-10-06T08:52:05.006702Z,refresh,17937,1761114,5,1,1,0,1791329400,2026-10-06T23:30:00Z
2026-10-06T08:52:05.006702Z,refresh,17938,1761115,5,1,1,0,1791329400,2026-10-06T23:30:00Z
2026-10-06T08:52:05.006702Z,refresh,17939,1761116,5,1,1,0,1791329400,2026-10-06T23:30:00Z
2026-10-06T08:52:05.006702Z,refresh,17940,1761117,25,5,1,0,1791329400,2026-10-06T23:30:00Z
2026-10-06T08:52:05.006702Z,refresh,17941,1761118,420,19,1,0,1791329400,2026-10-06T23:30:00Z
2026-10-06T08:52:05.006702Z,refresh,18650,1761165,5,1,1,0,1791329400,2026-10-06T23:30:00Z
2026-10-06T08:52:05.006702Z,refresh,18651,1761166,40,9,1,0,1791329400,2026-10-06T23:30:00Z
2026-10-06T08:52:05.006702Z,refresh,18652,1761167,5,1,1,0,1791329400,2026-10-06T23:30:00Z
2026-10-06T08:52:05.006702Z,refresh,18653,1761168,5,1,1,0,1791329400,2026-10-06T23:30:00Z
2026-10-06T08:52:05.006702Z,refresh,18654,1761169,15,3,1,0,1791329400,2026-10-06T23:30:00Z
2026-10-06T08:52:05.006702Z,refresh,18655,1761170,5,1,1,0,1791329400,2026-10-06T23:30:00Z
2026-10-06T08:52:05.006702Z,refresh,18656,1761171,5,1,1,0,1791329400,2026-10-06T23:30:00Z
2026-10-06T08:52:05.006702Z,refresh,18657,1761172,110,9,1,0,1791329400,2026-10-06T23:30:00Z
2026-10-06T08:52:05.006702Z,refresh,18658,1761173,15,3,1,0,1791329400,2026-10-06T23:30:00Z
2026-10-06T08:52:05.006702Z,refresh,18659,1761174,5,1,1,0,1791329400,2026-10-06T23:30:00Z
2026-10-06T08:52:05.006702Z,refresh,18660,1761175,410,67,1,0,1791329400,2026-10-06T23:30:00Z
2026-10-06T08:52:05.006702Z,refresh,18661,1761176,35,8,1,0,1791329400,2026-10-06T23:30:00Z
2026-10-06T08:52:05.006702Z,refresh,18662,1761177,5,1,1,0,1791329400,2026-10-06T23:30:00Z
2026-10-06T08:52:05.006702Z,refresh,18663,1761178,210,25,1,0,1791329400,2026-10-06T23:30:00Z
2026-10-06T08:52:05.006702Z,refresh,18664,1761179,255,30,1,0,1791329400,2026-10-06T23:30:00Z
2026-10-06T08:52:05.006702Z,refresh,18665,1761180,205,33,1,0,1791329400,2026-10-06T23:30:00Z
2026-10-06T08:52:05.006702Z,refresh,18666,1761181,39,6,1,0,1791329400,2026-10-06T23:30:00Z
2026-10-06T08:52:05.006702Z,refresh,18667,1761182,5,0,1,0,1791329400,2026-10-06T23:30:00Z
2026-10-06T08:52:05.006702Z,refresh,18668,1761183,5,1,1,0,1791329400,2026-10-06T23:30:00Z
2026-10-06T08:52:05.006702Z,refresh,18669,1761184,55,10,1,0,1791329400,2026-10-06T23:30:00Z
2026-10-06T08:52:05.006702Z,refresh,18670,1761185,15,3,1,0,1791329400,2026-10-06T23:30:00Z
2026-10-06T08:52:05.006702Z,refresh,18671,1761186,125,25,1,0,1791329400,2026-10-06T23:30:00Z
2026-10-06T08:52:05.006702Z,refresh,18672,1761187,115,24,1,0,1791329400,2026-10-06T23:30:00Z
2026-10-06T08:52:05.006702Z,refresh,18673,1761188,24,5,1,0,1791329400,2026-10-06T23:30:00Z
2026-10-06T08:52:05.006702Z,refresh,18674,1761189,15,3,1,0,1791329400,2026-10-06T23:30:00Z
2026-10-06T08:52:05.006702Z,refresh,18675,1761190,55,12,1,0,1791329400,2026-10-06T23:30:00Z
2026-10-06T08:52:05.006702Z,refresh,18676,1761191,5,1,1,0,1791329400,2026-10-06T23:30:00Z
2026-10-06T08:52:05.006702Z,refresh,18677,1761192,35,8,1,0,1791329400,2026-10-06T23:30:00Z
2026-10-06T08:52:05.006702Z,refresh,18678,1761194,20,5,1,0,1791329400,2026-10-06T23:30:00Z
2026-10-06T08:52:05.006702Z,refresh,18679,1761195,5,1,1,0,1791329400,2026-10-06T23:30:00Z
2026-10-06T08:52:05.006702Z,refresh,18680,1761196,55,12,1,0,1791329400,2026-10-06T23:30:00Z
2026-10-06T08:52:05.006702Z,refresh,18681,1761197,70,11,1,0,1791329400,2026-10-06T23:30:00Z
2026-10-06T08:52:05.006702Z,refresh,18682,1761198,10,2,1,0,1791329400,2026-10-06T23:30:00Z
2026-10-06T08:52:05.006702Z,refresh,18683,1761199,5,1,1,0,1791329400,2026-10-06T23:30:00Z
2026-10-06T08:52:05.006702Z,refresh,18705,1761220,5,0,1,0,1791329400,2026-10-06T23:30:00Z
2026-10-06T08:52:05.006702Z,refresh,18706,1761221,5,0,1,0,1791329400,2026-10-06T23:30:00Z
2026-10-06T08:52:05.006702Z,refresh,18707,1761222,10,2,1,0,1791329400,2026-10-06T23:30:00Z
2026-10-06T08:52:05.006702Z,refresh,18708,1761223,45,6,1,0,1791329400,2026-10-06T23:30:00Z
2026-10-06T08:52:05.006702Z,refresh,18709,1761224,5,0,1,0,1791329400,2026-10-06T23:30:00Z
2026-10-06T08:52:05.006702Z,refresh,18710,1761225,5,0,1,0,1791329400,2026-10-06T23:30:00Z
2026-10-06T08:52:05.006702Z,refresh,18711,1761226,5,0,1,0,1791329400,2026-10-06T23:30:00Z
2026-10-06T08:52:05.006702Z,refresh,18712,1761227,5,1,1,0,1791329400,2026-10-06T23:30:00Z
2026-10-06T08:52:05.006702Z,refresh,18713,1761228,50,10,1,0,1791329400,2026-10-06T23:30:00Z
2026-10-06T08:52:05.006702Z,refresh,18714,1761229,5,1,1,0,1791329400,2026-10-06T23:30:00Z
2026-10-06T08:52:05.006702Z,refresh,18715,1761230,5,1,1,0,1791329400,2026-10-06T23:30:00Z
2026-10-06T08:52:05.006702Z,refresh,18716,1761231,155,5,1,0,1791329400,2026-10-06T23:30:00Z
2026-10-06T08:52:05.006702Z,refresh,18717,1761232,205,6,1,0,1791329400,2026-10-06T23:30:00Z
2026-10-06T08:52:05.006702Z,refresh,18718,1761233,115,24,1,0,1791329400,2026-10-06T23:30:00Z
2026-10-06T08:52:05.006702Z,refresh,18719,1761234,5,0,1,0,1791329400,2026-10-06T23:30:00Z
2026-10-06T08:52:05.006702Z,refresh,18720,1761235,5,0,1,0,1791329400,2026-10-06T23:30:00Z
2026-10-06T08:52:05.006702Z,refresh,17866,1761264,5,1,1,0,1791331200,2026-10-07T00:00:00Z
2026-10-06T08:52:05.006702Z,refresh,17867,1761265,10,2,1,0,1791331200,2026-10-07T00:00:00Z
2026-10-06T08:52:05.006702Z,refresh,17868,1761266,5,1,1,0,1791331200,2026-10-07T00:00:00Z
2026-10-06T08:52:05.006702Z,refresh,17869,1761268,10,2,1,0,1791331200,2026-10-07T00:00:00Z
2026-10-06T08:52:05.006702Z,refresh,17870,1761269,5,1,1,0,1791331200,2026-10-07T00:00:00Z
2026-10-06T08:52:05.006702Z,refresh,17871,1761270,5,1,1,0,1791331200,2026-10-07T00:00:00Z
2026-10-06T08:52:05.006702Z,refresh,17872,1761271,5,0,1,0,1791331200,2026-10-07T00:00:00Z
2026-10-06T08:52:05.006702Z,refresh,17873,1761272,10,2,1,0,1791331200,2026-10-07T00:00:00Z
2026-10-06T08:52:05.006702Z,refresh,17874,1761273,5,0,1,0,1791331200,2026-10-07T00:00:00Z
2026-10-06T08:52:05.006702Z,refresh,17875,1761274,160,25,1,0,1791331200,2026-10-07T00:00:00Z
2026-10-06T08:52:05.006702Z,refresh,17876,1761275,15,3,1,0,1791331200,2026-10-07T00:00:00Z
2026-10-06T08:52:05.006702Z,refresh,17877,1761276,5,1,1,0,1791331200,2026-10-07T00:00:00Z
2026-10-06T08:52:05.006702Z,refresh,17878,1761277,40,9,1,0,1791331200,2026-10-07T00:00:00Z
2026-10-06T08:52:05.006702Z,refresh,17879,1761278,5,1,1,0,1791331200,2026-10-07T00:00:00Z
2026-10-06T08:52:05.006702Z,refresh,17880,1761279,210,17,1,0,1791331200,2026-10-07T00:00:00Z
2026-10-06T08:52:05.006702Z,refresh,17881,1761280,44,9,1,0,1791331200,2026-10-07T00:00:00Z
2026-10-06T08:52:05.006702Z,refresh,17882,1761281,24,5,1,0,1791331200,2026-10-07T00:00:00Z
2026-10-06T08:52:05.006702Z,refresh,17883,1761282,34,7,1,0,1791331200,2026-10-07T00:00:00Z
2026-10-06T08:52:05.006702Z,refresh,17884,1761283,15,3,1,0,1791331200,2026-10-07T00:00:00Z
2026-10-06T08:52:05.006702Z,refresh,17885,1761284,5,1,1,0,1791331200,2026-10-07T00:00:00Z
2026-10-06T08:52:05.006702Z,refresh,17886,1761285,5,1,1,0,1791331200,2026-10-07T00:00:00Z
2026-10-06T08:52:05.006702Z,refresh,17887,1761286,5,1,1,0,1791331200,2026-10-07T00:00:00Z
2026-10-06T08:52:05.006702Z,refresh,17888,1761287,5,0,1,0,1791331200,2026-10-07T00:00:00Z
2026-10-06T08:52:05.006702Z,refresh,17889,1761288,105,12,1,0,1791331200,2026-10-07T00:00:00Z
2026-10-06T08:52:05.006702Z,refresh,17890,1761289,10,2,1,0,1791331200,2026-10-07T00:00:00Z
2026-10-06T08:52:05.006702Z,refresh,17891,1761291,600,51,1,0,1791331200,2026-10-07T00:00:00Z
2026-10-06T08:52:05.006702Z,refresh,17892,1761292,255,52,1,0,1791331200,2026-10-07T00:00:00Z
2026-10-06T08:52:05.006702Z,refresh,17893,1761293,5,1,1,0,1791331200,2026-10-07T00:00:00Z
2026-10-06T08:52:05.006702Z,refresh,17894,1761294,24,5,1,0,1791331200,2026-10-07T00:00:00Z
2026-10-06T08:52:05.006702Z,refresh,17895,1761295,114,24,1,0,1791331200,2026-10-07T00:00:00Z
2026-10-06T08:52:05.006702Z,refresh,17896,1761296,10,2,1,0,1791331200,2026-10-07T00:00:00Z
2026-10-06T08:52:05.006702Z,refresh,17897,1761297,55,12,1,0,1791331200,2026-10-07T00:00:00Z
2026-10-06T08:52:05.006702Z,refresh,17898,1761298,5,1,1,0,1791331200,2026-10-07T00:00:00Z
2026-10-06T08:52:05.006702Z,refresh,17899,1761299,10,2,1,0,1791331200,2026-10-07T00:00:00Z
2026-10-06T08:52:05.006702Z,refresh,17900,1761300,25,5,1,0,1791331200,2026-10-07T00:00:00Z
2026-10-06T08:52:05.006702Z,refresh,17901,1761301,31,7,1,0,1791331200,2026-10-07T00:00:00Z
2026-10-06T08:52:05.006702Z,refresh,17902,1761303,5,0,1,0,1791331200,2026-10-07T00:00:00Z
2026-10-06T08:52:05.006702Z,refresh,17903,1761304,370,53,1,0,1791331200,2026-10-07T00:00:00Z
2026-10-06T08:52:05.006702Z,refresh,17904,1761305,15,3,1,0,1791331200,2026-10-07T00:00:00Z
2026-10-06T08:52:05.006702Z,refresh,17905,1761306,35,8,1,0,1791331200,2026-10-07T00:00:00Z
2026-10-06T08:52:05.006702Z,refresh,17906,1761307,115,18,1,0,1791331200,2026-10-07T00:00:00Z
2026-10-06T08:52:05.006702Z,refresh,17907,1761308,115,6,1,0,1791331200,2026-10-07T00:00:00Z
2026-10-06T08:52:05.006702Z,refresh,17908,1761309,15,3,1,0,1791331200,2026-10-07T00:00:00Z
2026-10-06T08:52:05.006702Z,refresh,17910,1761314,5,1,1,0,1791331200,2026-10-07T00:00:00Z
2026-10-06T08:52:05.006702Z,refresh,18684,1761200,5,0,1,0,1791331200,2026-10-07T00:00:00Z
2026-10-06T08:52:05.006702Z,refresh,18685,1761201,5,1,1,0,1791331200,2026-10-07T00:00:00Z
2026-10-06T08:52:05.006702Z,refresh,18686,1761202,5,1,1,0,1791331200,2026-10-07T00:00:00Z
2026-10-06T08:52:05.006702Z,refresh,18687,1761203,5,1,1,0,1791331200,2026-10-07T00:00:00Z
2026-10-06T08:52:05.006702Z,refresh,18688,1761204,5,1,1,0,1791331200,2026-10-07T00:00:00Z
2026-10-06T08:52:05.006702Z,refresh,18689,1761205,65,14,1,0,1791331200,2026-10-07T00:00:00Z
2026-10-06T08:52:05.006702Z,refresh,18690,1761206,115,24,1,0,1791331200,2026-10-07T00:00:00Z
2026-10-06T08:52:05.006702Z,refresh,18691,1761207,15,3,1,0,1791331200,2026-10-07T00:00:00Z
2026-10-06T08:52:05.006702Z,refresh,18692,1761208,15,3,1,0,1791331200,2026-10-07T00:00:00Z
2026-10-06T08:52:05.006702Z,refresh,18693,1761209,15,3,1,0,1791331200,2026-10-07T00:00:00Z
2026-10-06T08:52:05.006702Z,refresh,18694,1761210,5,1,1,0,1791331200,2026-10-07T00:00:00Z
2026-10-06T08:52:05.006702Z,refresh,18695,1761211,5,1,1,0,1791331200,2026-10-07T00:00:00Z
2026-10-06T08:52:05.006702Z,refresh,18696,1761212,5,1,1,0,1791331200,2026-10-07T00:00:00Z
2026-10-06T08:52:05.006702Z,refresh,18697,1761213,5,1,1,0,1791331200,2026-10-07T00:00:00Z
2026-10-06T08:52:05.006702Z,refresh,18698,1761214,5,1,1,0,1791331200,2026-10-07T00:00:00Z
2026-10-06T08:52:05.006702Z,refresh,18699,1761215,5,1,1,0,1791331200,2026-10-07T00:00:00Z
2026-10-06T08:52:05.006702Z,refresh,18700,1761216,5,1,1,0,1791331200,2026-10-07T00:00:00Z
2026-10-06T08:52:05.006702Z,refresh,18701,1761217,320,19,1,0,1791331200,2026-10-07T00:00:00Z
2026-10-06T08:52:05.006702Z,refresh,18702,1761218,460,48,1,0,1791331200,2026-10-07T00:00:00Z
2026-10-06T08:52:05.006702Z,refresh,18703,1761219,55,5,1,0,1791331200,2026-10-07T00:00:00Z
2026-10-06T08:52:05.006702Z,refresh,18721,1761236,10,2,1,0,1791331200,2026-10-07T00:00:00Z
2026-10-06T08:52:05.006702Z,refresh,18722,1761237,55,12,1,0,1791331200,2026-10-07T00:00:00Z
2026-10-06T08:52:05.006702Z,refresh,18723,1761238,5,1,1,0,1791331200,2026-10-07T00:00:00Z
2026-10-06T08:52:05.006702Z,refresh,18724,1761239,5,1,1,0,1791331200,2026-10-07T00:00:00Z
2026-10-06T08:52:05.006702Z,refresh,18725,1761240,5,1,1,0,1791331200,2026-10-07T00:00:00Z
2026-10-06T08:52:05.006702Z,refresh,18726,1761241,5,1,1,0,1791331200,2026-10-07T00:00:00Z
2026-10-06T08:52:05.006702Z,refresh,18727,1761242,5,1,1,0,1791331200,2026-10-07T00:00:00Z
2026-10-06T08:52:05.006702Z,refresh,18728,1761243,5,1,1,0,1791331200,2026-10-07T00:00:00Z
2026-10-06T08:52:05.006702Z,refresh,18729,1761244,15,3,1,0,1791331200,2026-10-07T00:00:00Z
2026-10-06T08:52:05.006702Z,refresh,18730,1761245,15,3,1,0,1791331200,2026-10-07T00:00:00Z
2026-10-06T08:52:05.006702Z,refresh,18731,1761246,5,0,1,0,1791331200,2026-10-07T00:00:00Z
2026-10-06T08:52:05.006702Z,refresh,18732,1761310,5,1,1,0,1791331200,2026-10-07T00:00:00Z
2026-10-06T08:52:05.006702Z,refresh,18733,1761311,10,2,1,0,1791331200,2026-10-07T00:00:00Z
2026-10-06T08:52:05.006702Z,refresh,18734,1761312,10,2,1,0,1791331200,2026-10-07T00:00:00Z
2026-10-06T08:52:05.006702Z,refresh,18735,1761313,50,7,1,0,1791331200,2026-10-07T00:00:00Z
2026-10-06T08:52:05.006702Z,refresh,17125,1779931,65,14,1,0,1791333000,2026-10-07T00:30:00Z
2026-10-06T09:05:26.538541Z,refresh,10000,1761139,105,2,1,0,1791324000,2026-10-06T22:00:00Z
2026-10-06T09:05:26.538541Z,refresh,10001,1761140,100,0,1,0,1791324000,2026-10-06T22:00:00Z
2026-10-06T09:05:26.538541Z,refresh,10002,1761141,100,1,1,0,1791324000,2026-10-06T22:00:00Z
2026-10-06T09:05:26.538541Z,refresh,10003,1761142,1025,12,1,0,1791324000,2026-10-06T22:00:00Z
2026-10-06T09:05:26.538541Z,refresh,10004,1761143,2600,30,1,0,1791324000,2026-10-06T22:00:00Z
2026-10-06T09:05:26.538541Z,refresh,10005,1761144,3100,20,1,0,1791324000,2026-10-06T22:00:00Z
2026-10-06T09:05:26.538541Z,refresh,10006,1761145,2050,32,1,0,1791324000,2026-10-06T22:00:00Z
2026-10-06T09:05:26.538541Z,refresh,10007,1761146,1075,16,1,0,1791324000,2026-10-06T22:00:00Z
2026-10-06T09:05:26.538541Z,refresh,10008,1761147,9050,37,1,0,1791324000,2026-10-06T22:00:00Z
2026-10-06T09:05:26.538541Z,refresh,10009,1761148,25600,31,1,0,1791324000,2026-10-06T22:00:00Z
2026-10-06T09:05:26.538541Z,refresh,10010,1761149,13550,182,1,0,1791324000,2026-10-06T22:00:00Z
2026-10-06T09:05:26.538541Z,refresh,10011,1761150,20100,191,1,0,1791324000,2026-10-06T22:00:00Z
2026-10-06T09:05:26.538541Z,refresh,10012,1761151,20100,59,1,0,1791324000,2026-10-06T22:00:00Z
2026-10-06T09:05:26.538541Z,refresh,10013,1761152,50000,95,1,0,1791324000,2026-10-06T22:00:00Z
2026-10-06T09:05:26.538541Z,refresh,10014,1761153,23650,67,1,0,1791324000,2026-10-06T22:00:00Z
2026-10-06T09:05:26.538541Z,refresh,10015,1761154,20900,35,1,0,1791324000,2026-10-06T22:00:00Z
2026-10-06T09:05:26.538541Z,refresh,10016,1761155,15100,31,1,0,1791324000,2026-10-06T22:00:00Z
2026-10-06T09:05:26.538541Z,refresh,10017,1761156,42750,57,1,0,1791324000,2026-10-06T22:00:00Z
2026-10-06T09:05:26.538541Z,refresh,10018,1761157,2550,32,1,0,1791324000,2026-10-06T22:00:00Z
2026-10-06T09:05:26.538541Z,refresh,10019,1761158,1075,29,1,0,1791324000,2026-10-06T22:00:00Z
2026-10-06T09:05:26.538541Z,refresh,10050,1761119,4050,51,1,0,1791325800,2026-10-06T22:30:00Z
2026-10-06T09:05:26.538541Z,refresh,10051,1761120,705,3,1,0,1791325800,2026-10-06T22:30:00Z
2026-10-06T09:05:26.538541Z,refresh,10052,1761121,1550,14,1,0,1791325800,2026-10-06T22:30:00Z
2026-10-06T09:05:26.538541Z,refresh,10053,1761122,5050,77,1,0,1791325800,2026-10-06T22:30:00Z
2026-10-06T09:05:26.538541Z,refresh,10054,1761123,1550,35,1,0,1791325800,2026-10-06T22:30:00Z
2026-10-06T09:05:26.538541Z,refresh,10055,1761124,325,5,1,0,1791325800,2026-10-06T22:30:00Z
2026-10-06T09:05:26.538541Z,refresh,10056,1761125,1505,7,1,0,1791325800,2026-10-06T22:30:00Z
2026-10-06T09:05:26.538541Z,refresh,10057,1761126,305,3,1,0,1791325800,2026-10-06T22:30:00Z
2026-10-06T09:05:26.538541Z,refresh,10058,1761127,755,13,1,0,1791325800,2026-10-06T22:30:00Z
2026-10-06T09:05:26.538541Z,refresh,10059,1761128,1400,22,1,0,1791325800,2026-10-06T22:30:00Z
2026-10-06T09:05:26.538541Z,refresh,10060,1761129,7800,63,1,0,1791325800,2026-10-06T22:30:00Z
2026-10-06T09:05:26.538541Z,refresh,10061,1761130,1550,40,1,0,1791325800,2026-10-06T22:30:00Z
2026-10-06T09:05:26.538541Z,refresh,10062,1761131,6200,137,1,0,1791325800,2026-10-06T22:30:00Z
2026-10-06T09:05:26.538541Z,refresh,10063,1761132,1525,15,1,0,1791325800,2026-10-06T22:30:00Z
2026-10-06T09:05:26.538541Z,refresh,10064,1761133,1700,24,1,0,1791325800,2026-10-06T22:30:00Z
2026-10-06T09:05:26.538541Z,refresh,10065,1761134,1650,44,1,0,1791325800,2026-10-06T22:30:00Z
2026-10-06T09:05:26.538541Z,refresh,10066,1761135,1650,16,1,0,1791325800,2026-10-06T22:30:00Z
2026-10-06T09:05:26.538541Z,refresh,10067,1761136,1550,5,1,0,1791325800,2026-10-06T22:30:00Z
2026-10-06T09:05:26.538541Z,refresh,10068,1761137,2100,17,1,0,1791325800,2026-10-06T22:30:00Z
2026-10-06T09:05:26.538541Z,refresh,10069,1761138,1320,69,1,0,1791325800,2026-10-06T22:30:00Z
2026-10-06T09:05:26.538541Z,refresh,17100,1761063,115,4,1,0,1791327600,2026-10-06T23:00:00Z
2026-10-06T09:05:26.538541Z,refresh,17101,1761064,110,3,1,0,1791327600,2026-10-06T23:00:00Z
2026-10-06T09:05:26.538541Z,refresh,17102,1761065,100,1,1,0,1791327600,2026-10-06T23:00:00Z
2026-10-06T09:05:26.538541Z,refresh,17103,1761066,105,2,1,0,1791327600,2026-10-06T23:00:00Z
2026-10-06T09:05:26.538541Z,refresh,17104,1761067,120,5,1,0,1791327600,2026-10-06T23:00:00Z
2026-10-06T09:05:26.538541Z,refresh,17105,1761068,105,2,1,0,1791327600,2026-10-06T23:00:00Z
2026-10-06T09:05:26.538541Z,refresh,17106,1761069,105,2,1,0,1791327600,2026-10-06T23:00:00Z
2026-10-06T09:05:26.538541Z,refresh,17107,1761070,110,3,1,0,1791327600,2026-10-06T23:00:00Z
2026-10-06T09:05:26.538541Z,refresh,17108,1761071,120,5,1,0,1791327600,2026-10-06T23:00:00Z
2026-10-06T09:05:26.538541Z,refresh,17109,1761072,110,3,1,0,1791327600,2026-10-06T23:00:00Z
2026-10-06T09:05:26.538541Z,refresh,17110,1761073,110,3,1,0,1791327600,2026-10-06T23:00:00Z
2026-10-06T09:05:26.538541Z,refresh,17111,1761074,115,4,1,0,1791327600,2026-10-06T23:00:00Z
2026-10-06T09:05:26.538541Z,refresh,17112,1761075,505,13,1,0,1791327600,2026-10-06T23:00:00Z
2026-10-06T09:05:26.538541Z,refresh,17113,1761076,105,2,1,0,1791327600,2026-10-06T23:00:00Z
2026-10-06T09:05:26.538541Z,refresh,17114,1761077,110,3,1,0,1791327600,2026-10-06T23:00:00Z
2026-10-06T09:05:26.538541Z,refresh,17115,1761078,505,28,1,0,1791327600,2026-10-06T23:00:00Z
2026-10-06T09:05:26.538541Z,refresh,17116,1761079,115,4,1,0,1791327600,2026-10-06T23:00:00Z
2026-10-06T09:05:26.538541Z,refresh,17117,1761080,105,2,1,0,1791327600,2026-10-06T23:00:00Z
2026-10-06T09:05:26.538541Z,refresh,17118,1761081,105,2,1,0,1791327600,2026-10-06T23:00:00Z
2026-10-06T09:05:26.538541Z,refresh,17119,1761082,100,1,1,0,1791327600,2026-10-06T23:00:00Z
2026-10-06T09:05:26.538541Z,refresh,17120,1761083,105,2,1,0,1791327600,2026-10-06T23:00:00Z
2026-10-06T09:05:26.538541Z,refresh,17121,1761084,105,2,1,0,1791327600,2026-10-06T23:00:00Z
2026-10-06T09:05:26.538541Z,refresh,17122,1761085,170,15,1,0,1791327600,2026-10-06T23:00:00Z
2026-10-06T09:05:26.538541Z,refresh,10020,1761159,16050,119,1,0,1791329400,2026-10-06T23:30:00Z
2026-10-06T09:05:26.538541Z,refresh,10021,1761160,5,1,1,0,1791329400,2026-10-06T23:30:00Z
2026-10-06T09:05:26.538541Z,refresh,10022,1761161,330,40,1,0,1791329400,2026-10-06T23:30:00Z
2026-10-06T09:05:26.538541Z,refresh,10023,1761162,550,47,1,0,1791329400,2026-10-06T23:30:00Z
2026-10-06T09:05:26.538541Z,refresh,10024,1761163,5,1,1,0,1791329400,2026-10-06T23:30:00Z
2026-10-06T09:05:26.538541Z,refresh,10025,1761164,5,0,1,0,1791329400,2026-10-06T23:30:00Z
2026-10-06T09:05:26.538541Z,refresh,17850,1761247,5,0,1,0,1791329400,2026-10-06T23:30:00Z
2026-10-06T09:05:26.538541Z,refresh,17851,1761248,5,1,1,0,1791329400,2026-10-06T23:30:00Z
2026-10-06T09:05:26.538541Z,refresh,17852,1761249,390,15,1,0,1791329400,2026-10-06T23:30:00Z
2026-10-06T09:05:26.538541Z,refresh,17853,1761250,1350,46,1,0,1791329400,2026-10-06T23:30:00Z
2026-10-06T09:05:26.538541Z,refresh,17854,1761251,155,10,1,0,1791329400,2026-10-06T23:30:00Z
2026-10-06T09:05:26.538541Z,refresh,17855,1761252,100,20,1,0,1791329400,2026-10-06T23:30:00Z
2026-10-06T09:05:26.538541Z,refresh,17856,1761253,180,21,1,0,1791329400,2026-10-06T23:30:00Z
2026-10-06T09:05:26.538541Z,refresh,17857,1761254,110,9,1,0,1791329400,2026-10-06T23:30:00Z
2026-10-06T09:05:26.538541Z,refresh,17858,1761255,60,12,1,0,1791329400,2026-10-06T23:30:00Z
2026-10-06T09:05:26.538541Z,refresh,17859,1761256,5,1,1,0,1791329400,2026-10-06T23:30:00Z
2026-10-06T09:05:26.538541Z,refresh,17860,1761257,5,1,1,0,1791329400,2026-10-06T23:30:00Z
2026-10-06T09:05:26.538541Z,refresh,17861,1761258,30,7,1,0,1791329400,2026-10-06T23:30:00Z
2026-10-06T09:05:26.538541Z,refresh,17862,1761259,5,1,1,0,1791329400,2026-10-06T23:30:00Z
2026-10-06T09:05:26.538541Z,refresh,17863,1761260,5,1,1,0,1791329400,2026-10-06T23:30:00Z
2026-10-06T09:05:26.538541Z,refresh,17864,1761262,10,3,1,0,1791329400,2026-10-06T23:30:00Z
2026-10-06T09:05:26.538541Z,refresh,17865,1761263,15,3,1,0,1791329400,2026-10-06T23:30:00Z
2026-10-06T09:05:26.538541Z,refresh,17909,1761086,5,0,1,0,1791329400,2026-10-06T23:30:00Z
2026-10-06T09:05:26.538541Z,refresh,17911,1761088,5,0,1,0,1791329400,2026-10-06T23:30:00Z
2026-10-06T09:05:26.538541Z,refresh,17912,1761089,5,0,1,0,1791329400,2026-10-06T23:30:00Z
2026-10-06T09:05:26.538541Z,refresh,17913,1761090,5,0,1,0,1791329400,2026-10-06T23:30:00Z
2026-10-06T09:05:26.538541Z,refresh,17914,1761091,5,0,1,0,1791329400,2026-10-06T23:30:00Z
2026-10-06T09:05:26.538541Z,refresh,17915,1761092,5,0,1,0,1791329400,2026-10-06T23:30:00Z
2026-10-06T09:05:26.538541Z,refresh,17916,1761093,5,0,1,0,1791329400,2026-10-06T23:30:00Z
2026-10-06T09:05:26.538541Z,refresh,17917,1761094,5,1,1,0,1791329400,2026-10-06T23:30:00Z
2026-10-06T09:05:26.538541Z,refresh,17918,1761095,5,0,1,0,1791329400,2026-10-06T23:30:00Z
2026-10-06T09:05:26.538541Z,refresh,17919,1761096,5,0,1,0,1791329400,2026-10-06T23:30:00Z
2026-10-06T09:05:26.538541Z,refresh,17920,1761097,5,1,1,0,1791329400,2026-10-06T23:30:00Z
2026-10-06T09:05:26.538541Z,refresh,17921,1761098,5,1,1,0,1791329400,2026-10-06T23:30:00Z
2026-10-06T09:05:26.538541Z,refresh,17922,1761099,5,0,1,0,1791329400,2026-10-06T23:30:00Z
2026-10-06T09:05:26.538541Z,refresh,17923,1761100,5,0,1,0,1791329400,2026-10-06T23:30:00Z
2026-10-06T09:05:26.538541Z,refresh,17924,1761101,10,2,1,0,1791329400,2026-10-06T23:30:00Z
2026-10-06T09:05:26.538541Z,refresh,17925,1761102,5,1,1,0,1791329400,2026-10-06T23:30:00Z
2026-10-06T09:05:26.538541Z,refresh,17926,1761103,5,1,1,0,1791329400,2026-10-06T23:30:00Z
2026-10-06T09:05:26.538541Z,refresh,17927,1761104,105,5,1,0,1791329400,2026-10-06T23:30:00Z
2026-10-06T09:05:26.538541Z,refresh,17928,1761105,5,1,1,0,1791329400,2026-10-06T23:30:00Z
2026-10-06T09:05:26.538541Z,refresh,17929,1761106,5,1,1,0,1791329400,2026-10-06T23:30:00Z
2026-10-06T09:05:26.538541Z,refresh,17930,1761107,5,1,1,0,1791329400,2026-10-06T23:30:00Z
2026-10-06T09:05:26.538541Z,refresh,17931,1761108,15,4,1,0,1791329400,2026-10-06T23:30:00Z
2026-10-06T09:05:26.538541Z,refresh,17932,1761109,5,1,1,0,1791329400,2026-10-06T23:30:00Z
2026-10-06T09:05:26.538541Z,refresh,17933,1761110,5,1,1,0,1791329400,2026-10-06T23:30:00Z
2026-10-06T09:05:26.538541Z,refresh,17934,1761111,5,0,1,0,1791329400,2026-10-06T23:30:00Z
2026-10-06T09:05:26.538541Z,refresh,17935,1761112,5,0,1,0,1791329400,2026-10-06T23:30:00Z
2026-10-06T09:05:26.538541Z,refresh,17936,1761113,5,0,1,0,1791329400,2026-10-06T23:30:00Z
2026-10-06T09:05:26.538541Z,refresh,17937,1761114,5,1,1,0,1791329400,2026-10-06T23:30:00Z
2026-10-06T09:05:26.538541Z,refresh,17938,1761115,5,1,1,0,1791329400,2026-10-06T23:30:00Z
2026-10-06T09:05:26.538541Z,refresh,17939,1761116,5,1,1,0,1791329400,2026-10-06T23:30:00Z
2026-10-06T09:05:26.538541Z,refresh,17940,1761117,25,5,1,0,1791329400,2026-10-06T23:30:00Z
2026-10-06T09:05:26.538541Z,refresh,17941,1761118,420,19,1,0,1791329400,2026-10-06T23:30:00Z
2026-10-06T09:05:26.538541Z,refresh,18650,1761165,5,1,1,0,1791329400,2026-10-06T23:30:00Z
2026-10-06T09:05:26.538541Z,refresh,18651,1761166,40,9,1,0,1791329400,2026-10-06T23:30:00Z
2026-10-06T09:05:26.538541Z,refresh,18652,1761167,5,1,1,0,1791329400,2026-10-06T23:30:00Z
2026-10-06T09:05:26.538541Z,refresh,18653,1761168,5,1,1,0,1791329400,2026-10-06T23:30:00Z
2026-10-06T09:05:26.538541Z,refresh,18654,1761169,15,3,1,0,1791329400,2026-10-06T23:30:00Z
2026-10-06T09:05:26.538541Z,refresh,18655,1761170,5,1,1,0,1791329400,2026-10-06T23:30:00Z
2026-10-06T09:05:26.538541Z,refresh,18656,1761171,5,1,1,0,1791329400,2026-10-06T23:30:00Z
2026-10-06T09:05:26.538541Z,refresh,18657,1761172,110,9,1,0,1791329400,2026-10-06T23:30:00Z
2026-10-06T09:05:26.538541Z,refresh,18658,1761173,15,3,1,0,1791329400,2026-10-06T23:30:00Z
2026-10-06T09:05:26.538541Z,refresh,18659,1761174,5,1,1,0,1791329400,2026-10-06T23:30:00Z
2026-10-06T09:05:26.538541Z,refresh,18660,1761175,410,67,1,0,1791329400,2026-10-06T23:30:00Z
2026-10-06T09:05:26.538541Z,refresh,18661,1761176,35,8,1,0,1791329400,2026-10-06T23:30:00Z
2026-10-06T09:05:26.538541Z,refresh,18662,1761177,5,1,1,0,1791329400,2026-10-06T23:30:00Z
2026-10-06T09:05:26.538541Z,refresh,18663,1761178,210,25,1,0,1791329400,2026-10-06T23:30:00Z
2026-10-06T09:05:26.538541Z,refresh,18664,1761179,255,30,1,0,1791329400,2026-10-06T23:30:00Z
2026-10-06T09:05:26.538541Z,refresh,18665,1761180,205,33,1,0,1791329400,2026-10-06T23:30:00Z
2026-10-06T09:05:26.538541Z,refresh,18666,1761181,39,6,1,0,1791329400,2026-10-06T23:30:00Z
2026-10-06T09:05:26.538541Z,refresh,18667,1761182,5,0,1,0,1791329400,2026-10-06T23:30:00Z
2026-10-06T09:05:26.538541Z,refresh,18668,1761183,5,1,1,0,1791329400,2026-10-06T23:30:00Z
2026-10-06T09:05:26.538541Z,refresh,18669,1761184,55,10,1,0,1791329400,2026-10-06T23:30:00Z
2026-10-06T09:05:26.538541Z,refresh,18670,1761185,15,3,1,0,1791329400,2026-10-06T23:30:00Z
2026-10-06T09:05:26.538541Z,refresh,18671,1761186,125,25,1,0,1791329400,2026-10-06T23:30:00Z
2026-10-06T09:05:26.538541Z,refresh,18672,1761187,115,24,1,0,1791329400,2026-10-06T23:30:00Z
2026-10-06T09:05:26.538541Z,refresh,18673,1761188,24,5,1,0,1791329400,2026-10-06T23:30:00Z
2026-10-06T09:05:26.538541Z,refresh,18674,1761189,15,3,1,0,1791329400,2026-10-06T23:30:00Z
2026-10-06T09:05:26.538541Z,refresh,18675,1761190,55,12,1,0,1791329400,2026-10-06T23:30:00Z
2026-10-06T09:05:26.538541Z,refresh,18676,1761191,5,1,1,0,1791329400,2026-10-06T23:30:00Z
2026-10-06T09:05:26.538541Z,refresh,18677,1761192,35,8,1,0,1791329400,2026-10-06T23:30:00Z
2026-10-06T09:05:26.538541Z,refresh,18678,1761194,20,5,1,0,1791329400,2026-10-06T23:30:00Z
2026-10-06T09:05:26.538541Z,refresh,18679,1761195,5,1,1,0,1791329400,2026-10-06T23:30:00Z
2026-10-06T09:05:26.538541Z,refresh,18680,1761196,55,12,1,0,1791329400,2026-10-06T23:30:00Z
2026-10-06T09:05:26.538541Z,refresh,18681,1761197,70,11,1,0,1791329400,2026-10-06T23:30:00Z
2026-10-06T09:05:26.538541Z,refresh,18682,1761198,10,2,1,0,1791329400,2026-10-06T23:30:00Z
2026-10-06T09:05:26.538541Z,refresh,18683,1761199,5,1,1,0,1791329400,2026-10-06T23:30:00Z
2026-10-06T09:05:26.538541Z,refresh,18705,1761220,5,0,1,0,1791329400,2026-10-06T23:30:00Z
2026-10-06T09:05:26.538541Z,refresh,18706,1761221,5,0,1,0,1791329400,2026-10-06T23:30:00Z
2026-10-06T09:05:26.538541Z,refresh,18707,1761222,10,2,1,0,1791329400,2026-10-06T23:30:00Z
2026-10-06T09:05:26.538541Z,refresh,18708,1761223,45,6,1,0,1791329400,2026-10-06T23:30:00Z
2026-10-06T09:05:26.538541Z,refresh,18709,1761224,5,0,1,0,1791329400,2026-10-06T23:30:00Z
2026-10-06T09:05:26.538541Z,refresh,18710,1761225,5,0,1,0,1791329400,2026-10-06T23:30:00Z
2026-10-06T09:05:26.538541Z,refresh,18711,1761226,5,0,1,0,1791329400,2026-10-06T23:30:00Z
2026-10-06T09:05:26.538541Z,refresh,18712,1761227,5,1,1,0,1791329400,2026-10-06T23:30:00Z
2026-10-06T09:05:26.538541Z,refresh,18713,1761228,50,10,1,0,1791329400,2026-10-06T23:30:00Z
2026-10-06T09:05:26.538541Z,refresh,18714,1761229,5,1,1,0,1791329400,2026-10-06T23:30:00Z
2026-10-06T09:05:26.538541Z,refresh,18715,1761230,5,1,1,0,1791329400,2026-10-06T23:30:00Z
2026-10-06T09:05:26.538541Z,refresh,18716,1761231,155,5,1,0,1791329400,2026-10-06T23:30:00Z
2026-10-06T09:05:26.538541Z,refresh,18717,1761232,205,6,1,0,1791329400,2026-10-06T23:30:00Z
2026-10-06T09:05:26.538541Z,refresh,18718,1761233,115,24,1,0,1791329400,2026-10-06T23:30:00Z
2026-10-06T09:05:26.538541Z,refresh,18719,1761234,5,0,1,0,1791329400,2026-10-06T23:30:00Z
2026-10-06T09:05:26.538541Z,refresh,18720,1761235,5,0,1,0,1791329400,2026-10-06T23:30:00Z
2026-10-06T09:05:26.538541Z,refresh,17866,1761264,5,1,1,0,1791331200,2026-10-07T00:00:00Z
2026-10-06T09:05:26.538541Z,refresh,17867,1761265,10,2,1,0,1791331200,2026-10-07T00:00:00Z
2026-10-06T09:05:26.538541Z,refresh,17868,1761266,5,1,1,0,1791331200,2026-10-07T00:00:00Z
2026-10-06T09:05:26.538541Z,refresh,17869,1761268,10,2,1,0,1791331200,2026-10-07T00:00:00Z
2026-10-06T09:05:26.538541Z,refresh,17870,1761269,5,1,1,0,1791331200,2026-10-07T00:00:00Z
2026-10-06T09:05:26.538541Z,refresh,17871,1761270,5,1,1,0,1791331200,2026-10-07T00:00:00Z
2026-10-06T09:05:26.538541Z,refresh,17872,1761271,5,0,1,0,1791331200,2026-10-07T00:00:00Z
2026-10-06T09:05:26.538541Z,refresh,17873,1761272,10,2,1,0,1791331200,2026-10-07T00:00:00Z
2026-10-06T09:05:26.538541Z,refresh,17874,1761273,5,0,1,0,1791331200,2026-10-07T00:00:00Z
2026-10-06T09:05:26.538541Z,refresh,17875,1761274,160,25,1,0,1791331200,2026-10-07T00:00:00Z
2026-10-06T09:05:26.538541Z,refresh,17876,1761275,15,3,1,0,1791331200,2026-10-07T00:00:00Z
2026-10-06T09:05:26.538541Z,refresh,17877,1761276,5,1,1,0,1791331200,2026-10-07T00:00:00Z
2026-10-06T09:05:26.538541Z,refresh,17878,1761277,40,9,1,0,1791331200,2026-10-07T00:00:00Z
2026-10-06T09:05:26.538541Z,refresh,17879,1761278,5,1,1,0,1791331200,2026-10-07T00:00:00Z
2026-10-06T09:05:26.538541Z,refresh,17880,1761279,210,17,1,0,1791331200,2026-10-07T00:00:00Z
2026-10-06T09:05:26.538541Z,refresh,17881,1761280,44,9,1,0,1791331200,2026-10-07T00:00:00Z
2026-10-06T09:05:26.538541Z,refresh,17882,1761281,24,5,1,0,1791331200,2026-10-07T00:00:00Z
2026-10-06T09:05:26.538541Z,refresh,17883,1761282,34,7,1,0,1791331200,2026-10-07T00:00:00Z
2026-10-06T09:05:26.538541Z,refresh,17884,1761283,15,3,1,0,1791331200,2026-10-07T00:00:00Z
2026-10-06T09:05:26.538541Z,refresh,17885,1761284,5,1,1,0,1791331200,2026-10-07T00:00:00Z
2026-10-06T09:05:26.538541Z,refresh,17886,1761285,5,1,1,0,1791331200,2026-10-07T00:00:00Z
2026-10-06T09:05:26.538541Z,refresh,17887,1761286,5,1,1,0,1791331200,2026-10-07T00:00:00Z
2026-10-06T09:05:26.538541Z,refresh,17888,1761287,5,0,1,0,1791331200,2026-10-07T00:00:00Z
2026-10-06T09:05:26.538541Z,refresh,17889,1761288,105,12,1,0,1791331200,2026-10-07T00:00:00Z
2026-10-06T09:05:26.538541Z,refresh,17890,1761289,10,2,1,0,1791331200,2026-10-07T00:00:00Z
2026-10-06T09:05:26.538541Z,refresh,17891,1761291,600,51,1,0,1791331200,2026-10-07T00:00:00Z
2026-10-06T09:05:26.538541Z,refresh,17892,1761292,255,52,1,0,1791331200,2026-10-07T00:00:00Z
2026-10-06T09:05:26.538541Z,refresh,17893,1761293,5,1,1,0,1791331200,2026-10-07T00:00:00Z
2026-10-06T09:05:26.538541Z,refresh,17894,1761294,24,5,1,0,1791331200,2026-10-07T00:00:00Z
2026-10-06T09:05:26.538541Z,refresh,17895,1761295,114,24,1,0,1791331200,2026-10-07T00:00:00Z
2026-10-06T09:05:26.538541Z,refresh,17896,1761296,10,2,1,0,1791331200,2026-10-07T00:00:00Z
2026-10-06T09:05:26.538541Z,refresh,17897,1761297,55,12,1,0,1791331200,2026-10-07T00:00:00Z
2026-10-06T09:05:26.538541Z,refresh,17898,1761298,5,1,1,0,1791331200,2026-10-07T00:00:00Z
2026-10-06T09:05:26.538541Z,refresh,17899,1761299,10,2,1,0,1791331200,2026-10-07T00:00:00Z
2026-10-06T09:05:26.538541Z,refresh,17900,1761300,25,5,1,0,1791331200,2026-10-07T00:00:00Z
2026-10-06T09:05:26.538541Z,refresh,17901,1761301,31,7,1,0,1791331200,2026-10-07T00:00:00Z
2026-10-06T09:05:26.538541Z,refresh,17902,1761303,5,0,1,0,1791331200,2026-10-07T00:00:00Z
2026-10-06T09:05:26.538541Z,refresh,17903,1761304,370,53,1,0,1791331200,2026-10-07T00:00:00Z
2026-10-06T09:05:26.538541Z,refresh,17904,1761305,15,3,1,0,1791331200,2026-10-07T00:00:00Z
2026-10-06T09:05:26.538541Z,refresh,17905,1761306,35,8,1,0,1791331200,2026-10-07T00:00:00Z
2026-10-06T09:05:26.538541Z,refresh,17906,1761307,115,18,1,0,1791331200,2026-10-07T00:00:00Z
2026-10-06T09:05:26.538541Z,refresh,17907,1761308,115,6,1,0,1791331200,2026-10-07T00:00:00Z
2026-10-06T09:05:26.538541Z,refresh,17908,1761309,15,3,1,0,1791331200,2026-10-07T00:00:00Z
2026-10-06T09:05:26.538541Z,refresh,17910,1761314,5,1,1,0,1791331200,2026-10-07T00:00:00Z
2026-10-06T09:05:26.538541Z,refresh,18684,1761200,5,0,1,0,1791331200,2026-10-07T00:00:00Z
2026-10-06T09:05:26.538541Z,refresh,18685,1761201,5,1,1,0,1791331200,2026-10-07T00:00:00Z
2026-10-06T09:05:26.538541Z,refresh,18686,1761202,5,1,1,0,1791331200,2026-10-07T00:00:00Z
2026-10-06T09:05:26.538541Z,refresh,18687,1761203,5,1,1,0,1791331200,2026-10-07T00:00:00Z
2026-10-06T09:05:26.538541Z,refresh,18688,1761204,5,1,1,0,1791331200,2026-10-07T00:00:00Z
2026-10-06T09:05:26.538541Z,refresh,18689,1761205,65,14,1,0,1791331200,2026-10-07T00:00:00Z
2026-10-06T09:05:26.538541Z,refresh,18690,1761206,115,24,1,0,1791331200,2026-10-07T00:00:00Z
2026-10-06T09:05:26.538541Z,refresh,18691,1761207,15,3,1,0,1791331200,2026-10-07T00:00:00Z
2026-10-06T09:05:26.538541Z,refresh,18692,1761208,15,3,1,0,1791331200,2026-10-07T00:00:00Z
2026-10-06T09:05:26.538541Z,refresh,18693,1761209,15,3,1,0,1791331200,2026-10-07T00:00:00Z
2026-10-06T09:05:26.538541Z,refresh,18694,1761210,5,1,1,0,1791331200,2026-10-07T00:00:00Z
2026-10-06T09:05:26.538541Z,refresh,18695,1761211,5,1,1,0,1791331200,2026-10-07T00:00:00Z
2026-10-06T09:05:26.538541Z,refresh,18696,1761212,5,1,1,0,1791331200,2026-10-07T00:00:00Z
2026-10-06T09:05:26.538541Z,refresh,18697,1761213,5,1,1,0,1791331200,2026-10-07T00:00:00Z
2026-10-06T09:05:26.538541Z,refresh,18698,1761214,5,1,1,0,1791331200,2026-10-07T00:00:00Z
2026-10-06T09:05:26.538541Z,refresh,18699,1761215,5,1,1,0,1791331200,2026-10-07T00:00:00Z
2026-10-06T09:05:26.538541Z,refresh,18700,1761216,5,1,1,0,1791331200,2026-10-07T00:00:00Z
2026-10-06T09:05:26.538541Z,refresh,18701,1761217,320,19,1,0,1791331200,2026-10-07T00:00:00Z
2026-10-06T09:05:26.538541Z,refresh,18702,1761218,460,48,1,0,1791331200,2026-10-07T00:00:00Z
2026-10-06T09:05:26.538541Z,refresh,18703,1761219,55,5,1,0,1791331200,2026-10-07T00:00:00Z
2026-10-06T09:05:26.538541Z,refresh,18721,1761236,10,2,1,0,1791331200,2026-10-07T00:00:00Z
2026-10-06T09:05:26.538541Z,refresh,18722,1761237,55,12,1,0,1791331200,2026-10-07T00:00:00Z
2026-10-06T09:05:26.538541Z,refresh,18723,1761238,5,1,1,0,1791331200,2026-10-07T00:00:00Z
2026-10-06T09:05:26.538541Z,refresh,18724,1761239,5,1,1,0,1791331200,2026-10-07T00:00:00Z
2026-10-06T09:05:26.538541Z,refresh,18725,1761240,5,1,1,0,1791331200,2026-10-07T00:00:00Z
2026-10-06T09:05:26.538541Z,refresh,18726,1761241,5,1,1,0,1791331200,2026-10-07T00:00:00Z
2026-10-06T09:05:26.538541Z,refresh,18727,1761242,5,1,1,0,1791331200,2026-10-07T00:00:00Z
2026-10-06T09:05:26.538541Z,refresh,18728,1761243,5,1,1,0,1791331200,2026-10-07T00:00:00Z
2026-10-06T09:05:26.538541Z,refresh,18729,1761244,15,3,1,0,1791331200,2026-10-07T00:00:00Z
2026-10-06T09:05:26.538541Z,refresh,18730,1761245,15,3,1,0,1791331200,2026-10-07T00:00:00Z
2026-10-06T09:05:26.538541Z,refresh,18731,1761246,5,0,1,0,1791331200,2026-10-07T00:00:00Z
2026-10-06T09:05:26.538541Z,refresh,18732,1761310,5,1,1,0,1791331200,2026-10-07T00:00:00Z
2026-10-06T09:05:26.538541Z,refresh,18733,1761311,10,2,1,0,1791331200,2026-10-07T00:00:00Z
2026-10-06T09:05:26.538541Z,refresh,18734,1761312,10,2,1,0,1791331200,2026-10-07T00:00:00Z
2026-10-06T09:05:26.538541Z,refresh,18735,1761313,50,7,1,0,1791331200,2026-10-07T00:00:00Z
2026-10-06T09:05:26.538541Z,refresh,17125,1779931,65,14,1,0,1791333000,2026-10-07T00:30:00Z
2026-10-06T09:27:08.478535Z,refresh,10000,1761139,105,2,1,0,1791324000,2026-10-06T22:00:00Z
2026-10-06T09:27:08.478535Z,refresh,10001,1761140,100,0,1,0,1791324000,2026-10-06T22:00:00Z
2026-10-06T09:27:08.478535Z,refresh,10002,1761141,100,1,1,0,1791324000,2026-10-06T22:00:00Z
2026-10-06T09:27:08.478535Z,refresh,10003,1761142,1025,12,1,0,1791324000,2026-10-06T22:00:00Z
2026-10-06T09:27:08.478535Z,refresh,10004,1761143,2600,30,1,0,1791324000,2026-10-06T22:00:00Z
2026-10-06T09:27:08.478535Z,refresh,10005,1761144,3100,20,1,0,1791324000,2026-10-06T22:00:00Z
2026-10-06T09:27:08.478535Z,refresh,10006,1761145,2050,32,1,0,1791324000,2026-10-06T22:00:00Z
2026-10-06T09:27:08.478535Z,refresh,10007,1761146,1075,16,1,0,1791324000,2026-10-06T22:00:00Z
2026-10-06T09:27:08.478535Z,refresh,10008,1761147,9050,37,1,0,1791324000,2026-10-06T22:00:00Z
2026-10-06T09:27:08.478535Z,refresh,10009,1761148,25600,31,1,0,1791324000,2026-10-06T22:00:00Z
2026-10-06T09:27:08.478535Z,refresh,10010,1761149,13550,182,1,0,1791324000,2026-10-06T22:00:00Z
2026-10-06T09:27:08.478535Z,refresh,10011,1761150,20100,191,1,0,1791324000,2026-10-06T22:00:00Z
2026-10-06T09:27:08.478535Z,refresh,10012,1761151,20100,59,1,0,1791324000,2026-10-06T22:00:00Z
2026-10-06T09:27:08.478535Z,refresh,10013,1761152,50000,95,1,0,1791324000,2026-10-06T22:00:00Z
2026-10-06T09:27:08.478535Z,refresh,10014,1761153,23650,67,1,0,1791324000,2026-10-06T22:00:00Z
2026-10-06T09:27:08.478535Z,refresh,10015,1761154,20900,35,1,0,1791324000,2026-10-06T22:00:00Z
2026-10-06T09:27:08.478535Z,refresh,10016,1761155,15100,31,1,0,1791324000,2026-10-06T22:00:00Z
2026-10-06T09:27:08.478535Z,refresh,10017,1761156,42750,57,1,0,1791324000,2026-10-06T22:00:00Z
2026-10-06T09:27:08.478535Z,refresh,10018,1761157,2550,32,1,0,1791324000,2026-10-06T22:00:00Z
2026-10-06T09:27:08.478535Z,refresh,10019,1761158,1075,29,1,0,1791324000,2026-10-06T22:00:00Z
2026-10-06T09:27:08.478535Z,refresh,10050,1761119,4050,51,1,0,1791325800,2026-10-06T22:30:00Z
2026-10-06T09:27:08.478535Z,refresh,10051,1761120,705,3,1,0,1791325800,2026-10-06T22:30:00Z
2026-10-06T09:27:08.478535Z,refresh,10052,1761121,1550,14,1,0,1791325800,2026-10-06T22:30:00Z
2026-10-06T09:27:08.478535Z,refresh,10053,1761122,5050,77,1,0,1791325800,2026-10-06T22:30:00Z
2026-10-06T09:27:08.478535Z,refresh,10054,1761123,1550,35,1,0,1791325800,2026-10-06T22:30:00Z
2026-10-06T09:27:08.478535Z,refresh,10055,1761124,325,5,1,0,1791325800,2026-10-06T22:30:00Z
2026-10-06T09:27:08.478535Z,refresh,10056,1761125,1505,7,1,0,1791325800,2026-10-06T22:30:00Z
2026-10-06T09:27:08.478535Z,refresh,10057,1761126,305,3,1,0,1791325800,2026-10-06T22:30:00Z
2026-10-06T09:27:08.478535Z,refresh,10058,1761127,755,13,1,0,1791325800,2026-10-06T22:30:00Z
2026-10-06T09:27:08.478535Z,refresh,10059,1761128,1400,22,1,0,1791325800,2026-10-06T22:30:00Z
2026-10-06T09:27:08.478535Z,refresh,10060,1761129,7800,63,1,0,1791325800,2026-10-06T22:30:00Z
2026-10-06T09:27:08.478535Z,refresh,10061,1761130,1550,40,1,0,1791325800,2026-10-06T22:30:00Z
2026-10-06T09:27:08.478535Z,refresh,10062,1761131,6200,137,1,0,1791325800,2026-10-06T22:30:00Z
2026-10-06T09:27:08.478535Z,refresh,10063,1761132,1525,15,1,0,1791325800,2026-10-06T22:30:00Z
2026-10-06T09:27:08.478535Z,refresh,10064,1761133,1700,24,1,0,1791325800,2026-10-06T22:30:00Z
2026-10-06T09:27:08.478535Z,refresh,10065,1761134,1650,44,1,0,1791325800,2026-10-06T22:30:00Z
2026-10-06T09:27:08.478535Z,refresh,10066,1761135,1650,16,1,0,1791325800,2026-10-06T22:30:00Z
2026-10-06T09:27:08.478535Z,refresh,10067,1761136,1550,5,1,0,1791325800,2026-10-06T22:30:00Z
2026-10-06T09:27:08.478535Z,refresh,10068,1761137,2100,17,1,0,1791325800,2026-10-06T22:30:00Z
2026-10-06T09:27:08.478535Z,refresh,10069,1761138,1320,69,1,0,1791325800,2026-10-06T22:30:00Z
2026-10-06T09:27:08.478535Z,refresh,17100,1761063,115,4,1,0,1791327600,2026-10-06T23:00:00Z
2026-10-06T09:27:08.478535Z,refresh,17101,1761064,110,3,1,0,1791327600,2026-10-06T23:00:00Z
2026-10-06T09:27:08.478535Z,refresh,17102,1761065,100,1,1,0,1791327600,2026-10-06T23:00:00Z
2026-10-06T09:27:08.478535Z,refresh,17103,1761066,105,2,1,0,1791327600,2026-10-06T23:00:00Z
2026-10-06T09:27:08.478535Z,refresh,17104,1761067,120,5,1,0,1791327600,2026-10-06T23:00:00Z
2026-10-06T09:27:08.478535Z,refresh,17105,1761068,105,2,1,0,1791327600,2026-10-06T23:00:00Z
2026-10-06T09:27:08.478535Z,refresh,17106,1761069,105,2,1,0,1791327600,2026-10-06T23:00:00Z
2026-10-06T09:27:08.478535Z,refresh,17107,1761070,110,3,1,0,1791327600,2026-10-06T23:00:00Z
2026-10-06T09:27:08.478535Z,refresh,17108,1761071,120,5,1,0,1791327600,2026-10-06T23:00:00Z
2026-10-06T09:27:08.478535Z,refresh,17109,1761072,110,3,1,0,1791327600,2026-10-06T23:00:00Z
2026-10-06T09:27:08.478535Z,refresh,17110,1761073,110,3,1,0,1791327600,2026-10-06T23:00:00Z
2026-10-06T09:27:08.478535Z,refresh,17111,1761074,115,4,1,0,1791327600,2026-10-06T23:00:00Z
2026-10-06T09:27:08.478535Z,refresh,17112,1761075,505,13,1,0,1791327600,2026-10-06T23:00:00Z
2026-10-06T09:27:08.478535Z,refresh,17113,1761076,105,2,1,0,1791327600,2026-10-06T23:00:00Z
2026-10-06T09:27:08.478535Z,refresh,17114,1761077,110,3,1,0,1791327600,2026-10-06T23:00:00Z
2026-10-06T09:27:08.478535Z,refresh,17115,1761078,505,28,1,0,1791327600,2026-10-06T23:00:00Z
2026-10-06T09:27:08.478535Z,refresh,17116,1761079,115,4,1,0,1791327600,2026-10-06T23:00:00Z
2026-10-06T09:27:08.478535Z,refresh,17117,1761080,105,2,1,0,1791327600,2026-10-06T23:00:00Z
2026-10-06T09:27:08.478535Z,refresh,17118,1761081,105,2,1,0,1791327600,2026-10-06T23:00:00Z
2026-10-06T09:27:08.478535Z,refresh,17119,1761082,100,1,1,0,1791327600,2026-10-06T23:00:00Z
2026-10-06T09:27:08.478535Z,refresh,17120,1761083,105,2,1,0,1791327600,2026-10-06T23:00:00Z
2026-10-06T09:27:08.478535Z,refresh,17121,1761084,105,2,1,0,1791327600,2026-10-06T23:00:00Z
2026-10-06T09:27:08.478535Z,refresh,17122,1761085,170,15,1,0,1791327600,2026-10-06T23:00:00Z
2026-10-06T09:27:08.478535Z,refresh,10020,1761159,16050,119,1,0,1791329400,2026-10-06T23:30:00Z
2026-10-06T09:27:08.478535Z,refresh,10021,1761160,5,1,1,0,1791329400,2026-10-06T23:30:00Z
2026-10-06T09:27:08.478535Z,refresh,10022,1761161,330,40,1,0,1791329400,2026-10-06T23:30:00Z
2026-10-06T09:27:08.478535Z,refresh,10023,1761162,550,47,1,0,1791329400,2026-10-06T23:30:00Z
2026-10-06T09:27:08.478535Z,refresh,10024,1761163,5,1,1,0,1791329400,2026-10-06T23:30:00Z
2026-10-06T09:27:08.478535Z,refresh,10025,1761164,5,0,1,0,1791329400,2026-10-06T23:30:00Z
2026-10-06T09:27:08.478535Z,refresh,17850,1761247,5,0,1,0,1791329400,2026-10-06T23:30:00Z
2026-10-06T09:27:08.478535Z,refresh,17851,1761248,5,1,1,0,1791329400,2026-10-06T23:30:00Z
2026-10-06T09:27:08.478535Z,refresh,17852,1761249,390,15,1,0,1791329400,2026-10-06T23:30:00Z
2026-10-06T09:27:08.478535Z,refresh,17853,1761250,1350,46,1,0,1791329400,2026-10-06T23:30:00Z
2026-10-06T09:27:08.478535Z,refresh,17854,1761251,155,10,1,0,1791329400,2026-10-06T23:30:00Z
2026-10-06T09:27:08.478535Z,refresh,17855,1761252,100,20,1,0,1791329400,2026-10-06T23:30:00Z
2026-10-06T09:27:08.478535Z,refresh,17856,1761253,180,21,1,0,1791329400,2026-10-06T23:30:00Z
2026-10-06T09:27:08.478535Z,refresh,17857,1761254,110,9,1,0,1791329400,2026-10-06T23:30:00Z
2026-10-06T09:27:08.478535Z,refresh,17858,1761255,60,12,1,0,1791329400,2026-10-06T23:30:00Z
2026-10-06T09:27:08.478535Z,refresh,17859,1761256,5,1,1,0,1791329400,2026-10-06T23:30:00Z
2026-10-06T09:27:08.478535Z,refresh,17860,1761257,5,1,1,0,1791329400,2026-10-06T23:30:00Z
2026-10-06T09:27:08.478535Z,refresh,17861,1761258,30,7,1,0,1791329400,2026-10-06T23:30:00Z
2026-10-06T09:27:08.478535Z,refresh,17862,1761259,5,1,1,0,1791329400,2026-10-06T23:30:00Z
2026-10-06T09:27:08.478535Z,refresh,17863,1761260,5,1,1,0,1791329400,2026-10-06T23:30:00Z
2026-10-06T09:27:08.478535Z,refresh,17864,1761262,10,3,1,0,1791329400,2026-10-06T23:30:00Z
2026-10-06T09:27:08.478535Z,refresh,17865,1761263,15,3,1,0,1791329400,2026-10-06T23:30:00Z
2026-10-06T09:27:08.478535Z,refresh,17909,1761086,5,0,1,0,1791329400,2026-10-06T23:30:00Z
2026-10-06T09:27:08.478535Z,refresh,17911,1761088,5,0,1,0,1791329400,2026-10-06T23:30:00Z
2026-10-06T09:27:08.478535Z,refresh,17912,1761089,5,0,1,0,1791329400,2026-10-06T23:30:00Z
2026-10-06T09:27:08.478535Z,refresh,17913,1761090,5,0,1,0,1791329400,2026-10-06T23:30:00Z
2026-10-06T09:27:08.478535Z,refresh,17914,1761091,5,0,1,0,1791329400,2026-10-06T23:30:00Z
2026-10-06T09:27:08.478535Z,refresh,17915,1761092,5,0,1,0,1791329400,2026-10-06T23:30:00Z
2026-10-06T09:27:08.478535Z,refresh,17916,1761093,5,0,1,0,1791329400,2026-10-06T23:30:00Z
2026-10-06T09:27:08.478535Z,refresh,17917,1761094,5,1,1,0,1791329400,2026-10-06T23:30:00Z
2026-10-06T09:27:08.478535Z,refresh,17918,1761095,5,0,1,0,1791329400,2026-10-06T23:30:00Z
2026-10-06T09:27:08.478535Z,refresh,17919,1761096,5,0,1,0,1791329400,2026-10-06T23:30:00Z
2026-10-06T09:27:08.478535Z,refresh,17920,1761097,5,1,1,0,1791329400,2026-10-06T23:30:00Z
2026-10-06T09:27:08.478535Z,refresh,17921,1761098,5,1,1,0,1791329400,2026-10-06T23:30:00Z
2026-10-06T09:27:08.478535Z,refresh,17922,1761099,5,0,1,0,1791329400,2026-10-06T23:30:00Z
2026-10-06T09:27:08.478535Z,refresh,17923,1761100,5,0,1,0,1791329400,2026-10-06T23:30:00Z
2026-10-06T09:27:08.478535Z,refresh,17924,1761101,10,2,1,0,1791329400,2026-10-06T23:30:00Z
2026-10-06T09:27:08.478535Z,refresh,17925,1761102,5,1,1,0,1791329400,2026-10-06T23:30:00Z
2026-10-06T09:27:08.478535Z,refresh,17926,1761103,5,1,1,0,1791329400,2026-10-06T23:30:00Z
2026-10-06T09:27:08.478535Z,refresh,17927,1761104,105,5,1,0,1791329400,2026-10-06T23:30:00Z
2026-10-06T09:27:08.478535Z,refresh,17928,1761105,5,1,1,0,1791329400,2026-10-06T23:30:00Z
2026-10-06T09:27:08.478535Z,refresh,17929,1761106,5,1,1,0,1791329400,2026-10-06T23:30:00Z
2026-10-06T09:27:08.478535Z,refresh,17930,1761107,5,1,1,0,1791329400,2026-10-06T23:30:00Z
2026-10-06T09:27:08.478535Z,refresh,17931,1761108,15,4,1,0,1791329400,2026-10-06T23:30:00Z
2026-10-06T09:27:08.478535Z,refresh,17932,1761109,5,1,1,0,1791329400,2026-10-06T23:30:00Z
2026-10-06T09:27:08.478535Z,refresh,17933,1761110,5,1,1,0,1791329400,2026-10-06T23:30:00Z
2026-10-06T09:27:08.478535Z,refresh,17934,1761111,5,0,1,0,1791329400,2026-10-06T23:30:00Z
2026-10-06T09:27:08.478535Z,refresh,17935,1761112,5,0,1,0,1791329400,2026-10-06T23:30:00Z
2026-10-06T09:27:08.478535Z,refresh,17936,1761113,5,0,1,0,1791329400,2026-10-06T23:30:00Z
2026-10-06T09:27:08.478535Z,refresh,17937,1761114,5,1,1,0,1791329400,2026-10-06T23:30:00Z
2026-10-06T09:27:08.478535Z,refresh,17938,1761115,5,1,1,0,1791329400,2026-10-06T23:30:00Z
2026-10-06T09:27:08.478535Z,refresh,17939,1761116,5,1,1,0,1791329400,2026-10-06T23:30:00Z
2026-10-06T09:27:08.478535Z,refresh,17940,1761117,25,5,1,0,1791329400,2026-10-06T23:30:00Z
2026-10-06T09:27:08.478535Z,refresh,17941,1761118,420,19,1,0,1791329400,2026-10-06T23:30:00Z
2026-10-06T09:27:08.478535Z,refresh,18650,1761165,5,1,1,0,1791329400,2026-10-06T23:30:00Z
2026-10-06T09:27:08.478535Z,refresh,18651,1761166,40,9,1,0,1791329400,2026-10-06T23:30:00Z
2026-10-06T09:27:08.478535Z,refresh,18652,1761167,5,1,1,0,1791329400,2026-10-06T23:30:00Z
2026-10-06T09:27:08.478535Z,refresh,18653,1761168,5,1,1,0,1791329400,2026-10-06T23:30:00Z
2026-10-06T09:27:08.478535Z,refresh,18654,1761169,15,3,1,0,1791329400,2026-10-06T23:30:00Z
2026-10-06T09:27:08.478535Z,refresh,18655,1761170,5,1,1,0,1791329400,2026-10-06T23:30:00Z
2026-10-06T09:27:08.478535Z,refresh,18656,1761171,5,1,1,0,1791329400,2026-10-06T23:30:00Z
2026-10-06T09:27:08.478535Z,refresh,18657,1761172,110,9,1,0,1791329400,2026-10-06T23:30:00Z
2026-10-06T09:27:08.478535Z,refresh,18658,1761173,15,3,1,0,1791329400,2026-10-06T23:30:00Z
2026-10-06T09:27:08.478535Z,refresh,18659,1761174,5,1,1,0,1791329400,2026-10-06T23:30:00Z
2026-10-06T09:27:08.478535Z,refresh,18660,1761175,410,67,1,0,1791329400,2026-10-06T23:30:00Z
2026-10-06T09:27:08.478535Z,refresh,18661,1761176,35,8,1,0,1791329400,2026-10-06T23:30:00Z
2026-10-06T09:27:08.478535Z,refresh,18662,1761177,5,1,1,0,1791329400,2026-10-06T23:30:00Z
2026-10-06T09:27:08.478535Z,refresh,18663,1761178,210,25,1,0,1791329400,2026-10-06T23:30:00Z
2026-10-06T09:27:08.478535Z,refresh,18664,1761179,255,30,1,0,1791329400,2026-10-06T23:30:00Z
2026-10-06T09:27:08.478535Z,refresh,18665,1761180,205,33,1,0,1791329400,2026-10-06T23:30:00Z
2026-10-06T09:27:08.478535Z,refresh,18666,1761181,39,6,1,0,1791329400,2026-10-06T23:30:00Z
2026-10-06T09:27:08.478535Z,refresh,18667,1761182,5,0,1,0,1791329400,2026-10-06T23:30:00Z
2026-10-06T09:27:08.478535Z,refresh,18668,1761183,5,1,1,0,1791329400,2026-10-06T23:30:00Z
2026-10-06T09:27:08.478535Z,refresh,18669,1761184,55,10,1,0,1791329400,2026-10-06T23:30:00Z
2026-10-06T09:27:08.478535Z,refresh,18670,1761185,15,3,1,0,1791329400,2026-10-06T23:30:00Z
2026-10-06T09:27:08.478535Z,refresh,18671,1761186,125,25,1,0,1791329400,2026-10-06T23:30:00Z
2026-10-06T09:27:08.478535Z,refresh,18672,1761187,115,24,1,0,1791329400,2026-10-06T23:30:00Z
2026-10-06T09:27:08.478535Z,refresh,18673,1761188,24,5,1,0,1791329400,2026-10-06T23:30:00Z
2026-10-06T09:27:08.478535Z,refresh,18674,1761189,15,3,1,0,1791329400,2026-10-06T23:30:00Z
2026-10-06T09:27:08.478535Z,refresh,18675,1761190,55,12,1,0,1791329400,2026-10-06T23:30:00Z
2026-10-06T09:27:08.478535Z,refresh,18676,1761191,5,1,1,0,1791329400,2026-10-06T23:30:00Z
2026-10-06T09:27:08.478535Z,refresh,18677,1761192,35,8,1,0,1791329400,2026-10-06T23:30:00Z
2026-10-06T09:27:08.478535Z,refresh,18678,1761194,20,5,1,0,1791329400,2026-10-06T23:30:00Z
2026-10-06T09:27:08.478535Z,refresh,18679,1761195,5,1,1,0,1791329400,2026-10-06T23:30:00Z
2026-10-06T09:27:08.478535Z,refresh,18680,1761196,55,12,1,0,1791329400,2026-10-06T23:30:00Z
2026-10-06T09:27:08.478535Z,refresh,18681,1761197,70,11,1,0,1791329400,2026-10-06T23:30:00Z
2026-10-06T09:27:08.478535Z,refresh,18682,1761198,10,2,1,0,1791329400,2026-10-06T23:30:00Z
2026-10-06T09:27:08.478535Z,refresh,18683,1761199,5,1,1,0,1791329400,2026-10-06T23:30:00Z
2026-10-06T09:27:08.478535Z,refresh,18705,1761220,5,0,1,0,1791329400,2026-10-06T23:30:00Z
2026-10-06T09:27:08.478535Z,refresh,18706,1761221,5,0,1,0,1791329400,2026-10-06T23:30:00Z
2026-10-06T09:27:08.478535Z,refresh,18707,1761222,10,2,1,0,1791329400,2026-10-06T23:30:00Z
2026-10-06T09:27:08.478535Z,refresh,18708,1761223,45,6,1,0,1791329400,2026-10-06T23:30:00Z
2026-10-06T09:27:08.478535Z,refresh,18709,1761224,5,0,1,0,1791329400,2026-10-06T23:30:00Z
2026-10-06T09:27:08.478535Z,refresh,18710,1761225,5,0,1,0,1791329400,2026-10-06T23:30:00Z
2026-10-06T09:27:08.478535Z,refresh,18711,1761226,5,0,1,0,1791329400,2026-10-06T23:30:00Z
2026-10-06T09:27:08.478535Z,refresh,18712,1761227,5,1,1,0,1791329400,2026-10-06T23:30:00Z
2026-10-06T09:27:08.478535Z,refresh,18713,1761228,50,10,1,0,1791329400,2026-10-06T23:30:00Z
2026-10-06T09:27:08.478535Z,refresh,18714,1761229,5,1,1,0,1791329400,2026-10-06T23:30:00Z
2026-10-06T09:27:08.478535Z,refresh,18715,1761230,5,1,1,0,1791329400,2026-10-06T23:30:00Z
2026-10-06T09:27:08.478535Z,refresh,18716,1761231,155,5,1,0,1791329400,2026-10-06T23:30:00Z
2026-10-06T09:27:08.478535Z,refresh,18717,1761232,205,6,1,0,1791329400,2026-10-06T23:30:00Z
2026-10-06T09:27:08.478535Z,refresh,18718,1761233,115,24,1,0,1791329400,2026-10-06T23:30:00Z
2026-10-06T09:27:08.478535Z,refresh,18719,1761234,5,0,1,0,1791329400,2026-10-06T23:30:00Z
2026-10-06T09:27:08.478535Z,refresh,18720,1761235,5,0,1,0,1791329400,2026-10-06T23:30:00Z
2026-10-06T09:27:08.478535Z,refresh,17866,1761264,5,1,1,0,1791331200,2026-10-07T00:00:00Z
2026-10-06T09:27:08.478535Z,refresh,17867,1761265,10,2,1,0,1791331200,2026-10-07T00:00:00Z
2026-10-06T09:27:08.478535Z,refresh,17868,1761266,5,1,1,0,1791331200,2026-10-07T00:00:00Z
2026-10-06T09:27:08.478535Z,refresh,17869,1761268,10,2,1,0,1791331200,2026-10-07T00:00:00Z
2026-10-06T09:27:08.478535Z,refresh,17870,1761269,5,1,1,0,1791331200,2026-10-07T00:00:00Z
2026-10-06T09:27:08.478535Z,refresh,17871,1761270,5,1,1,0,1791331200,2026-10-07T00:00:00Z
2026-10-06T09:27:08.478535Z,refresh,17872,1761271,5,0,1,0,1791331200,2026-10-07T00:00:00Z
2026-10-06T09:27:08.478535Z,refresh,17873,1761272,10,2,1,0,1791331200,2026-10-07T00:00:00Z
2026-10-06T09:27:08.478535Z,refresh,17874,1761273,5,0,1,0,1791331200,2026-10-07T00:00:00Z
2026-10-06T09:27:08.478535Z,refresh,17875,1761274,160,25,1,0,1791331200,2026-10-07T00:00:00Z
2026-10-06T09:27:08.478535Z,refresh,17876,1761275,15,3,1,0,1791331200,2026-10-07T00:00:00Z
2026-10-06T09:27:08.478535Z,refresh,17877,1761276,5,1,1,0,1791331200,2026-10-07T00:00:00Z
2026-10-06T09:27:08.478535Z,refresh,17878,1761277,40,9,1,0,1791331200,2026-10-07T00:00:00Z
2026-10-06T09:27:08.478535Z,refresh,17879,1761278,5,1,1,0,1791331200,2026-10-07T00:00:00Z
2026-10-06T09:27:08.478535Z,refresh,17880,1761279,210,17,1,0,1791331200,2026-10-07T00:00:00Z
2026-10-06T09:27:08.478535Z,refresh,17881,1761280,44,9,1,0,1791331200,2026-10-07T00:00:00Z
2026-10-06T09:27:08.478535Z,refresh,17882,1761281,24,5,1,0,1791331200,2026-10-07T00:00:00Z
2026-10-06T09:27:08.478535Z,refresh,17883,1761282,34,7,1,0,1791331200,2026-10-07T00:00:00Z
2026-10-06T09:27:08.478535Z,refresh,17884,1761283,15,3,1,0,1791331200,2026-10-07T00:00:00Z
2026-10-06T09:27:08.478535Z,refresh,17885,1761284,5,1,1,0,1791331200,2026-10-07T00:00:00Z
2026-10-06T09:27:08.478535Z,refresh,17886,1761285,5,1,1,0,1791331200,2026-10-07T00:00:00Z
2026-10-06T09:27:08.478535Z,refresh,17887,1761286,5,1,1,0,1791331200,2026-10-07T00:00:00Z
2026-10-06T09:27:08.478535Z,refresh,17888,1761287,5,0,1,0,1791331200,2026-10-07T00:00:00Z
2026-10-06T09:27:08.478535Z,refresh,17889,1761288,105,12,1,0,1791331200,2026-10-07T00:00:00Z
2026-10-06T09:27:08.478535Z,refresh,17890,1761289,10,2,1,0,1791331200,2026-10-07T00:00:00Z
2026-10-06T09:27:08.478535Z,refresh,17891,1761291,600,51,1,0,1791331200,2026-10-07T00:00:00Z
2026-10-06T09:27:08.478535Z,refresh,17892,1761292,255,52,1,0,1791331200,2026-10-07T00:00:00Z
2026-10-06T09:27:08.478535Z,refresh,17893,1761293,5,1,1,0,1791331200,2026-10-07T00:00:00Z
2026-10-06T09:27:08.478535Z,refresh,17894,1761294,24,5,1,0,1791331200,2026-10-07T00:00:00Z
2026-10-06T09:27:08.478535Z,refresh,17895,1761295,114,24,1,0,1791331200,2026-10-07T00:00:00Z
2026-10-06T09:27:08.478535Z,refresh,17896,1761296,10,2,1,0,1791331200,2026-10-07T00:00:00Z
2026-10-06T09:27:08.478535Z,refresh,17897,1761297,55,12,1,0,1791331200,2026-10-07T00:00:00Z
2026-10-06T09:27:08.478535Z,refresh,17898,1761298,5,1,1,0,1791331200,2026-10-07T00:00:00Z
2026-10-06T09:27:08.478535Z,refresh,17899,1761299,10,2,1,0,1791331200,2026-10-07T00:00:00Z
2026-10-06T09:27:08.478535Z,refresh,17900,1761300,25,5,1,0,1791331200,2026-10-07T00:00:00Z
2026-10-06T09:27:08.478535Z,refresh,17901,1761301,31,7,1,0,1791331200,2026-10-07T00:00:00Z
2026-10-06T09:27:08.478535Z,refresh,17902,1761303,5,0,1,0,1791331200,2026-10-07T00:00:00Z
2026-10-06T09:27:08.478535Z,refresh,17903,1761304,370,53,1,0,1791331200,2026-10-07T00:00:00Z
2026-10-06T09:27:08.478535Z,refresh,17904,1761305,15,3,1,0,1791331200,2026-10-07T00:00:00Z
2026-10-06T09:27:08.478535Z,refresh,17905,1761306,35,8,1,0,1791331200,2026-10-07T00:00:00Z
2026-10-06T09:27:08.478535Z,refresh,17906,1761307,115,18,1,0,1791331200,2026-10-07T00:00:00Z
2026-10-06T09:27:08.478535Z,refresh,17907,1761308,115,6,1,0,1791331200,2026-10-07T00:00:00Z
2026-10-06T09:27:08.478535Z,refresh,17908,1761309,15,3,1,0,1791331200,2026-10-07T00:00:00Z
2026-10-06T09:27:08.478535Z,refresh,17910,1761314,5,1,1,0,1791331200,2026-10-07T00:00:00Z
2026-10-06T09:27:08.478535Z,refresh,18684,1761200,5,0,1,0,1791331200,2026-10-07T00:00:00Z
2026-10-06T09:27:08.478535Z,refresh,18685,1761201,5,1,1,0,1791331200,2026-10-07T00:00:00Z
2026-10-06T09:27:08.478535Z,refresh,18686,1761202,5,1,1,0,1791331200,2026-10-07T00:00:00Z
2026-10-06T09:27:08.478535Z,refresh,18687,1761203,5,1,1,0,1791331200,2026-10-07T00:00:00Z
2026-10-06T09:27:08.478535Z,refresh,18688,1761204,5,1,1,0,1791331200,2026-10-07T00:00:00Z
2026-10-06T09:27:08.478535Z,refresh,18689,1761205,65,14,1,0,1791331200,2026-10-07T00:00:00Z
2026-10-06T09:27:08.478535Z,refresh,18690,1761206,115,24,1,0,1791331200,2026-10-07T00:00:00Z
2026-10-06T09:27:08.478535Z,refresh,18691,1761207,15,3,1,0,1791331200,2026-10-07T00:00:00Z
2026-10-06T09:27:08.478535Z,refresh,18692,1761208,15,3,1,0,1791331200,2026-10-07T00:00:00Z
2026-10-06T09:27:08.478535Z,refresh,18693,1761209,15,3,1,0,1791331200,2026-10-07T00:00:00Z
2026-10-06T09:27:08.478535Z,refresh,18694,1761210,5,1,1,0,1791331200,2026-10-07T00:00:00Z
2026-10-06T09:27:08.478535Z,refresh,18695,1761211,5,1,1,0,1791331200,2026-10-07T00:00:00Z
2026-10-06T09:27:08.478535Z,refresh,18696,1761212,5,1,1,0,1791331200,2026-10-07T00:00:00Z
2026-10-06T09:27:08.478535Z,refresh,18697,1761213,5,1,1,0,1791331200,2026-10-07T00:00:00Z
2026-10-06T09:27:08.478535Z,refresh,18698,1761214,5,1,1,0,1791331200,2026-10-07T00:00:00Z
2026-10-06T09:27:08.478535Z,refresh,18699,1761215,5,1,1,0,1791331200,2026-10-07T00:00:00Z
2026-10-06T09:27:08.478535Z,refresh,18700,1761216,5,1,1,0,1791331200,2026-10-07T00:00:00Z
2026-10-06T09:27:08.478535Z,refresh,18701,1761217,320,19,1,0,1791331200,2026-10-07T00:00:00Z
2026-10-06T09:27:08.478535Z,refresh,18702,1761218,460,48,1,0,1791331200,2026-10-07T00:00:00Z
2026-10-06T09:27:08.478535Z,refresh,18703,1761219,55,5,1,0,1791331200,2026-10-07T00:00:00Z
2026-10-06T09:27:08.478535Z,refresh,18721,1761236,10,2,1,0,1791331200,2026-10-07T00:00:00Z
2026-10-06T09:27:08.478535Z,refresh,18722,1761237,55,12,1,0,1791331200,2026-10-07T00:00:00Z
2026-10-06T09:27:08.478535Z,refresh,18723,1761238,5,1,1,0,1791331200,2026-10-07T00:00:00Z
2026-10-06T09:27:08.478535Z,refresh,18724,1761239,5,1,1,0,1791331200,2026-10-07T00:00:00Z
2026-10-06T09:27:08.478535Z,refresh,18725,1761240,5,1,1,0,1791331200,2026-10-07T00:00:00Z
2026-10-06T09:27:08.478535Z,refresh,18726,1761241,5,1,1,0,1791331200,2026-10-07T00:00:00Z
2026-10-06T09:27:08.478535Z,refresh,18727,1761242,5,1,1,0,1791331200,2026-10-07T00:00:00Z
2026-10-06T09:27:08.478535Z,refresh,18728,1761243,5,1,1,0,1791331200,2026-10-07T00:00:00Z
2026-10-06T09:27:08.478535Z,refresh,18729,1761244,15,3,1,0,1791331200,2026-10-07T00:00:00Z
2026-10-06T09:27:08.478535Z,refresh,18730,1761245,15,3,1,0,1791331200,2026-10-07T00:00:00Z
2026-10-06T09:27:08.478535Z,refresh,18731,1761246,5,0,1,0,1791331200,2026-10-07T00:00:00Z
2026-10-06T09:27:08.478535Z,refresh,18732,1761310,5,1,1,0,1791331200,2026-10-07T00:00:00Z
2026-10-06T09:27:08.478535Z,refresh,18733,1761311,10,2,1,0,1791331200,2026-10-07T00:00:00Z
2026-10-06T09:27:08.478535Z,refresh,18734,1761312,10,2,1,0,1791331200,2026-10-07T00:00:00Z
2026-10-06T09:27:08.478535Z,refresh,18735,1761313,50,7,1,0,1791331200,2026-10-07T00:00:00Z
2026-10-06T09:27:08.478535Z,refresh,17125,1779931,65,14,1,0,1791333000,2026-10-07T00:30:00Z
2026-10-06T09:33:36.020526Z,refresh,10000,1761139,105,2,1,0,1791324000,2026-10-06T22:00:00Z
2026-10-06T09:33:36.020526Z,refresh,10001,1761140,100,0,1,0,1791324000,2026-10-06T22:00:00Z
2026-10-06T09:33:36.020526Z,refresh,10002,1761141,100,1,1,0,1791324000,2026-10-06T22:00:00Z
2026-10-06T09:33:36.020526Z,refresh,10003,1761142,1025,12,1,0,1791324000,2026-10-06T22:00:00Z
2026-10-06T09:33:36.020526Z,refresh,10004,1761143,2600,30,1,0,1791324000,2026-10-06T22:00:00Z
2026-10-06T09:33:36.020526Z,refresh,10005,1761144,3100,20,1,0,1791324000,2026-10-06T22:00:00Z
2026-10-06T09:33:36.020526Z,refresh,10006,1761145,2050,32,1,0,1791324000,2026-10-06T22:00:00Z
2026-10-06T09:33:36.020526Z,refresh,10007,1761146,1075,16,1,0,1791324000,2026-10-06T22:00:00Z
2026-10-06T09:33:36.020526Z,refresh,10008,1761147,9050,37,1,0,1791324000,2026-10-06T22:00:00Z
2026-10-06T09:33:36.020526Z,refresh,10009,1761148,25600,31,1,0,1791324000,2026-10-06T22:00:00Z
2026-10-06T09:33:36.020526Z,refresh,10010,1761149,13550,182,1,0,1791324000,2026-10-06T22:00:00Z
2026-10-06T09:33:36.020526Z,refresh,10011,1761150,20100,191,1,0,1791324000,2026-10-06T22:00:00Z
2026-10-06T09:33:36.020526Z,refresh,10012,1761151,20100,59,1,0,1791324000,2026-10-06T22:00:00Z
2026-10-06T09:33:36.020526Z,refresh,10013,1761152,50000,95,1,0,1791324000,2026-10-06T22:00:00Z
2026-10-06T09:33:36.020526Z,refresh,10014,1761153,23650,67,1,0,1791324000,2026-10-06T22:00:00Z
2026-10-06T09:33:36.020526Z,refresh,10015,1761154,20900,35,1,0,1791324000,2026-10-06T22:00:00Z
2026-10-06T09:33:36.020526Z,refresh,10016,1761155,15100,31,1,0,1791324000,2026-10-06T22:00:00Z
2026-10-06T09:33:36.020526Z,refresh,10017,1761156,42750,57,1,0,1791324000,2026-10-06T22:00:00Z
2026-10-06T09:33:36.020526Z,refresh,10018,1761157,2550,32,1,0,1791324000,2026-10-06T22:00:00Z
2026-10-06T09:33:36.020526Z,refresh,10019,1761158,1075,29,1,0,1791324000,2026-10-06T22:00:00Z
2026-10-06T09:33:36.020526Z,refresh,10050,1761119,4050,51,1,0,1791325800,2026-10-06T22:30:00Z
2026-10-06T09:33:36.020526Z,refresh,10051,1761120,705,3,1,0,1791325800,2026-10-06T22:30:00Z
2026-10-06T09:33:36.020526Z,refresh,10052,1761121,1550,14,1,0,1791325800,2026-10-06T22:30:00Z
2026-10-06T09:33:36.020526Z,refresh,10053,1761122,5050,77,1,0,1791325800,2026-10-06T22:30:00Z
2026-10-06T09:33:36.020526Z,refresh,10054,1761123,1550,35,1,0,1791325800,2026-10-06T22:30:00Z
2026-10-06T09:33:36.020526Z,refresh,10055,1761124,325,5,1,0,1791325800,2026-10-06T22:30:00Z
2026-10-06T09:33:36.020526Z,refresh,10056,1761125,1505,7,1,0,1791325800,2026-10-06T22:30:00Z
2026-10-06T09:33:36.020526Z,refresh,10057,1761126,305,3,1,0,1791325800,2026-10-06T22:30:00Z
2026-10-06T09:33:36.020526Z,refresh,10058,1761127,755,13,1,0,1791325800,2026-10-06T22:30:00Z
2026-10-06T09:33:36.020526Z,refresh,10059,1761128,1400,22,1,0,1791325800,2026-10-06T22:30:00Z
2026-10-06T09:33:36.020526Z,refresh,10060,1761129,7800,63,1,0,1791325800,2026-10-06T22:30:00Z
2026-10-06T09:33:36.020526Z,refresh,10061,1761130,1550,40,1,0,1791325800,2026-10-06T22:30:00Z
2026-10-06T09:33:36.020526Z,refresh,10062,1761131,6200,137,1,0,1791325800,2026-10-06T22:30:00Z
2026-10-06T09:33:36.020526Z,refresh,10063,1761132,1525,15,1,0,1791325800,2026-10-06T22:30:00Z
2026-10-06T09:33:36.020526Z,refresh,10064,1761133,1700,24,1,0,1791325800,2026-10-06T22:30:00Z
2026-10-06T09:33:36.020526Z,refresh,10065,1761134,1650,44,1,0,1791325800,2026-10-06T22:30:00Z
2026-10-06T09:33:36.020526Z,refresh,10066,1761135,1650,16,1,0,1791325800,2026-10-06T22:30:00Z
2026-10-06T09:33:36.020526Z,refresh,10067,1761136,1550,5,1,0,1791325800,2026-10-06T22:30:00Z
2026-10-06T09:33:36.020526Z,refresh,10068,1761137,2100,17,1,0,1791325800,2026-10-06T22:30:00Z
2026-10-06T09:33:36.020526Z,refresh,10069,1761138,1320,69,1,0,1791325800,2026-10-06T22:30:00Z
2026-10-06T09:33:36.020526Z,refresh,17100,1761063,115,4,1,0,1791327600,2026-10-06T23:00:00Z
2026-10-06T09:33:36.020526Z,refresh,17101,1761064,110,3,1,0,1791327600,2026-10-06T23:00:00Z
2026-10-06T09:33:36.020526Z,refresh,17102,1761065,100,1,1,0,1791327600,2026-10-06T23:00:00Z
2026-10-06T09:33:36.020526Z,refresh,17103,1761066,105,2,1,0,1791327600,2026-10-06T23:00:00Z
2026-10-06T09:33:36.020526Z,refresh,17104,1761067,120,5,1,0,1791327600,2026-10-06T23:00:00Z
2026-10-06T09:33:36.020526Z,refresh,17105,1761068,105,2,1,0,1791327600,2026-10-06T23:00:00Z
2026-10-06T09:33:36.020526Z,refresh,17106,1761069,105,2,1,0,1791327600,2026-10-06T23:00:00Z
2026-10-06T09:33:36.020526Z,refresh,17107,1761070,110,3,1,0,1791327600,2026-10-06T23:00:00Z
2026-10-06T09:33:36.020526Z,refresh,17108,1761071,120,5,1,0,1791327600,2026-10-06T23:00:00Z
2026-10-06T09:33:36.020526Z,refresh,17109,1761072,110,3,1,0,1791327600,2026-10-06T23:00:00Z
2026-10-06T09:33:36.020526Z,refresh,17110,1761073,110,3,1,0,1791327600,2026-10-06T23:00:00Z
2026-10-06T09:33:36.020526Z,refresh,17111,1761074,115,4,1,0,1791327600,2026-10-06T23:00:00Z
2026-10-06T09:33:36.020526Z,refresh,17112,1761075,505,13,1,0,1791327600,2026-10-06T23:00:00Z
2026-10-06T09:33:36.020526Z,refresh,17113,1761076,105,2,1,0,1791327600,2026-10-06T23:00:00Z
2026-10-06T09:33:36.020526Z,refresh,17114,1761077,110,3,1,0,1791327600,2026-10-06T23:00:00Z
2026-10-06T09:33:36.020526Z,refresh,17115,1761078,505,28,1,0,1791327600,2026-10-06T23:00:00Z
2026-10-06T09:33:36.020526Z,refresh,17116,1761079,115,4,1,0,1791327600,2026-10-06T23:00:00Z
2026-10-06T09:33:36.020526Z,refresh,17117,1761080,105,2,1,0,1791327600,2026-10-06T23:00:00Z
2026-10-06T09:33:36.020526Z,refresh,17118,1761081,105,2,1,0,1791327600,2026-10-06T23:00:00Z
2026-10-06T09:33:36.020526Z,refresh,17119,1761082,100,1,1,0,1791327600,2026-10-06T23:00:00Z
2026-10-06T09:33:36.020526Z,refresh,17120,1761083,105,2,1,0,1791327600,2026-10-06T23:00:00Z
2026-10-06T09:33:36.020526Z,refresh,17121,1761084,105,2,1,0,1791327600,2026-10-06T23:00:00Z
2026-10-06T09:33:36.020526Z,refresh,17122,1761085,170,15,1,0,1791327600,2026-10-06T23:00:00Z
2026-10-06T09:33:36.020526Z,refresh,10020,1761159,16050,119,1,0,1791329400,2026-10-06T23:30:00Z
2026-10-06T09:33:36.020526Z,refresh,10021,1761160,5,1,1,0,1791329400,2026-10-06T23:30:00Z
2026-10-06T09:33:36.020526Z,refresh,10022,1761161,330,40,1,0,1791329400,2026-10-06T23:30:00Z
2026-10-06T09:33:36.020526Z,refresh,10023,1761162,550,47,1,0,1791329400,2026-10-06T23:30:00Z
2026-10-06T09:33:36.020526Z,refresh,10024,1761163,5,1,1,0,1791329400,2026-10-06T23:30:00Z
2026-10-06T09:33:36.020526Z,refresh,10025,1761164,5,0,1,0,1791329400,2026-10-06T23:30:00Z
2026-10-06T09:33:36.020526Z,refresh,17850,1761247,5,0,1,0,1791329400,2026-10-06T23:30:00Z
2026-10-06T09:33:36.020526Z,refresh,17851,1761248,5,1,1,0,1791329400,2026-10-06T23:30:00Z
2026-10-06T09:33:36.020526Z,refresh,17852,1761249,390,15,1,0,1791329400,2026-10-06T23:30:00Z
2026-10-06T09:33:36.020526Z,refresh,17853,1761250,1350,46,1,0,1791329400,2026-10-06T23:30:00Z
2026-10-06T09:33:36.020526Z,refresh,17854,1761251,155,10,1,0,1791329400,2026-10-06T23:30:00Z
2026-10-06T09:33:36.020526Z,refresh,17855,1761252,100,20,1,0,1791329400,2026-10-06T23:30:00Z
2026-10-06T09:33:36.020526Z,refresh,17856,1761253,180,21,1,0,1791329400,2026-10-06T23:30:00Z
2026-10-06T09:33:36.020526Z,refresh,17857,1761254,110,9,1,0,1791329400,2026-10-06T23:30:00Z
2026-10-06T09:33:36.020526Z,refresh,17858,1761255,60,12,1,0,1791329400,2026-10-06T23:30:00Z
2026-10-06T09:33:36.020526Z,refresh,17859,1761256,5,1,1,0,1791329400,2026-10-06T23:30:00Z
2026-10-06T09:33:36.020526Z,refresh,17860,1761257,5,1,1,0,1791329400,2026-10-06T23:30:00Z
2026-10-06T09:33:36.020526Z,refresh,17861,1761258,30,7,1,0,1791329400,2026-10-06T23:30:00Z
2026-10-06T09:33:36.020526Z,refresh,17862,1761259,5,1,1,0,1791329400,2026-10-06T23:30:00Z
2026-10-06T09:33:36.020526Z,refresh,17863,1761260,5,1,1,0,1791329400,2026-10-06T23:30:00Z
2026-10-06T09:33:36.020526Z,refresh,17864,1761262,10,3,1,0,1791329400,2026-10-06T23:30:00Z
2026-10-06T09:33:36.020526Z,refresh,17865,1761263,15,3,1,0,1791329400,2026-10-06T23:30:00Z
2026-10-06T09:33:36.020526Z,refresh,17909,1761086,5,0,1,0,1791329400,2026-10-06T23:30:00Z
2026-10-06T09:33:36.020526Z,refresh,17911,1761088,5,0,1,0,1791329400,2026-10-06T23:30:00Z
2026-10-06T09:33:36.020526Z,refresh,17912,1761089,5,0,1,0,1791329400,2026-10-06T23:30:00Z
2026-10-06T09:33:36.020526Z,refresh,17913,1761090,5,0,1,0,1791329400,2026-10-06T23:30:00Z
2026-10-06T09:33:36.020526Z,refresh,17914,1761091,5,0,1,0,1791329400,2026-10-06T23:30:00Z
2026-10-06T09:33:36.020526Z,refresh,17915,1761092,5,0,1,0,1791329400,2026-10-06T23:30:00Z
2026-10-06T09:33:36.020526Z,refresh,17916,1761093,5,0,1,0,1791329400,2026-10-06T23:30:00Z
2026-10-06T09:33:36.020526Z,refresh,17917,1761094,5,1,1,0,1791329400,2026-10-06T23:30:00Z
2026-10-06T09:33:36.020526Z,refresh,17918,1761095,5,0,1,0,1791329400,2026-10-06T23:30:00Z
2026-10-06T09:33:36.020526Z,refresh,17919,1761096,5,0,1,0,1791329400,2026-10-06T23:30:00Z
2026-10-06T09:33:36.020526Z,refresh,17920,1761097,5,1,1,0,1791329400,2026-10-06T23:30:00Z
2026-10-06T09:33:36.020526Z,refresh,17921,1761098,5,1,1,0,1791329400,2026-10-06T23:30:00Z
2026-10-06T09:33:36.020526Z,refresh,17922,1761099,5,0,1,0,1791329400,2026-10-06T23:30:00Z
2026-10-06T09:33:36.020526Z,refresh,17923,1761100,5,0,1,0,1791329400,2026-10-06T23:30:00Z
2026-10-06T09:33:36.020526Z,refresh,17924,1761101,10,2,1,0,1791329400,2026-10-06T23:30:00Z
2026-10-06T09:33:36.020526Z,refresh,17925,1761102,5,1,1,0,1791329400,2026-10-06T23:30:00Z
2026-10-06T09:33:36.020526Z,refresh,17926,1761103,5,1,1,0,1791329400,2026-10-06T23:30:00Z
2026-10-06T09:33:36.020526Z,refresh,17927,1761104,105,5,1,0,1791329400,2026-10-06T23:30:00Z
2026-10-06T09:33:36.020526Z,refresh,17928,1761105,5,1,1,0,1791329400,2026-10-06T23:30:00Z
2026-10-06T09:33:36.020526Z,refresh,17929,1761106,5,1,1,0,1791329400,2026-10-06T23:30:00Z
2026-10-06T09:33:36.020526Z,refresh,17930,1761107,5,1,1,0,1791329400,2026-10-06T23:30:00Z
2026-10-06T09:33:36.020526Z,refresh,17931,1761108,15,4,1,0,1791329400,2026-10-06T23:30:00Z
2026-10-06T09:33:36.020526Z,refresh,17932,1761109,5,1,1,0,1791329400,2026-10-06T23:30:00Z
2026-10-06T09:33:36.020526Z,refresh,17933,1761110,5,1,1,0,1791329400,2026-10-06T23:30:00Z
2026-10-06T09:33:36.020526Z,refresh,17934,1761111,5,0,1,0,1791329400,2026-10-06T23:30:00Z
2026-10-06T09:33:36.020526Z,refresh,17935,1761112,5,0,1,0,1791329400,2026-10-06T23:30:00Z
2026-10-06T09:33:36.020526Z,refresh,17936,1761113,5,0,1,0,1791329400,2026-10-06T23:30:00Z
2026-10-06T09:33:36.020526Z,refresh,17937,1761114,5,1,1,0,1791329400,2026-10-06T23:30:00Z
2026-10-06T09:33:36.020526Z,refresh,17938,1761115,5,1,1,0,1791329400,2026-10-06T23:30:00Z
2026-10-06T09:33:36.020526Z,refresh,17939,1761116,5,1,1,0,1791329400,2026-10-06T23:30:00Z
2026-10-06T09:33:36.020526Z,refresh,17940,1761117,25,5,1,0,1791329400,2026-10-06T23:30:00Z
2026-10-06T09:33:36.020526Z,refresh,17941,1761118,420,19,1,0,1791329400,2026-10-06T23:30:00Z
2026-10-06T09:33:36.020526Z,refresh,18650,1761165,5,1,1,0,1791329400,2026-10-06T23:30:00Z
2026-10-06T09:33:36.020526Z,refresh,18651,1761166,40,9,1,0,1791329400,2026-10-06T23:30:00Z
2026-10-06T09:33:36.020526Z,refresh,18652,1761167,5,1,1,0,1791329400,2026-10-06T23:30:00Z
2026-10-06T09:33:36.020526Z,refresh,18653,1761168,5,1,1,0,1791329400,2026-10-06T23:30:00Z
2026-10-06T09:33:36.020526Z,refresh,18654,1761169,15,3,1,0,1791329400,2026-10-06T23:30:00Z
2026-10-06T09:33:36.020526Z,refresh,18655,1761170,5,1,1,0,1791329400,2026-10-06T23:30:00Z
2026-10-06T09:33:36.020526Z,refresh,18656,1761171,5,1,1,0,1791329400,2026-10-06T23:30:00Z
2026-10-06T09:33:36.020526Z,refresh,18657,1761172,110,9,1,0,1791329400,2026-10-06T23:30:00Z
2026-10-06T09:33:36.020526Z,refresh,18658,1761173,15,3,1,0,1791329400,2026-10-06T23:30:00Z
2026-10-06T09:33:36.020526Z,refresh,18659,1761174,5,1,1,0,1791329400,2026-10-06T23:30:00Z
2026-10-06T09:33:36.020526Z,refresh,18660,1761175,410,67,1,0,1791329400,2026-10-06T23:30:00Z
2026-10-06T09:33:36.020526Z,refresh,18661,1761176,35,8,1,0,1791329400,2026-10-06T23:30:00Z
2026-10-06T09:33:36.020526Z,refresh,18662,1761177,5,1,1,0,1791329400,2026-10-06T23:30:00Z
2026-10-06T09:33:36.020526Z,refresh,18663,1761178,210,25,1,0,1791329400,2026-10-06T23:30:00Z
2026-10-06T09:33:36.020526Z,refresh,18664,1761179,255,30,1,0,1791329400,2026-10-06T23:30:00Z
2026-10-06T09:33:36.020526Z,refresh,18665,1761180,205,33,1,0,1791329400,2026-10-06T23:30:00Z
2026-10-06T09:33:36.020526Z,refresh,18666,1761181,39,6,1,0,1791329400,2026-10-06T23:30:00Z
2026-10-06T09:33:36.020526Z,refresh,18667,1761182,5,0,1,0,1791329400,2026-10-06T23:30:00Z
2026-10-06T09:33:36.020526Z,refresh,18668,1761183,5,1,1,0,1791329400,2026-10-06T23:30:00Z
2026-10-06T09:33:36.020526Z,refresh,18669,1761184,55,10,1,0,1791329400,2026-10-06T23:30:00Z
2026-10-06T09:33:36.020526Z,refresh,18670,1761185,15,3,1,0,1791329400,2026-10-06T23:30:00Z
2026-10-06T09:33:36.020526Z,refresh,18671,1761186,125,25,1,0,1791329400,2026-10-06T23:30:00Z
2026-10-06T09:33:36.020526Z,refresh,18672,1761187,115,24,1,0,1791329400,2026-10-06T23:30:00Z
2026-10-06T09:33:36.020526Z,refresh,18673,1761188,24,5,1,0,1791329400,2026-10-06T23:30:00Z
2026-10-06T09:33:36.020526Z,refresh,18674,1761189,15,3,1,0,1791329400,2026-10-06T23:30:00Z
2026-10-06T09:33:36.020526Z,refresh,18675,1761190,55,12,1,0,1791329400,2026-10-06T23:30:00Z
2026-10-06T09:33:36.020526Z,refresh,18676,1761191,5,1,1,0,1791329400,2026-10-06T23:30:00Z
2026-10-06T09:33:36.020526Z,refresh,18677,1761192,35,8,1,0,1791329400,2026-10-06T23:30:00Z
2026-10-06T09:33:36.020526Z,refresh,18678,1761194,20,5,1,0,1791329400,2026-10-06T23:30:00Z
2026-10-06T09:33:36.020526Z,refresh,18679,1761195,5,1,1,0,1791329400,2026-10-06T23:30:00Z
2026-10-06T09:33:36.020526Z,refresh,18680,1761196,55,12,1,0,1791329400,2026-10-06T23:30:00Z
2026-10-06T09:33:36.020526Z,refresh,18681,1761197,70,11,1,0,1791329400,2026-10-06T23:30:00Z
2026-10-06T09:33:36.020526Z,refresh,18682,1761198,10,2,1,0,1791329400,2026-10-06T23:30:00Z
2026-10-06T09:33:36.020526Z,refresh,18683,1761199,5,1,1,0,1791329400,2026-10-06T23:30:00Z
2026-10-06T09:33:36.020526Z,refresh,18705,1761220,5,0,1,0,1791329400,2026-10-06T23:30:00Z
2026-10-06T09:33:36.020526Z,refresh,18706,1761221,5,0,1,0,1791329400,2026-10-06T23:30:00Z
2026-10-06T09:33:36.020526Z,refresh,18707,1761222,10,2,1,0,1791329400,2026-10-06T23:30:00Z
2026-10-06T09:33:36.020526Z,refresh,18708,1761223,45,6,1,0,1791329400,2026-10-06T23:30:00Z
2026-10-06T09:33:36.020526Z,refresh,18709,1761224,5,0,1,0,1791329400,2026-10-06T23:30:00Z
2026-10-06T09:33:36.020526Z,refresh,18710,1761225,5,0,1,0,1791329400,2026-10-06T23:30:00Z
2026-10-06T09:33:36.020526Z,refresh,18711,1761226,5,0,1,0,1791329400,2026-10-06T23:30:00Z
2026-10-06T09:33:36.020526Z,refresh,18712,1761227,5,1,1,0,1791329400,2026-10-06T23:30:00Z
2026-10-06T09:33:36.020526Z,refresh,18713,1761228,50,10,1,0,1791329400,2026-10-06T23:30:00Z
2026-10-06T09:33:36.020526Z,refresh,18714,1761229,5,1,1,0,1791329400,2026-10-06T23:30:00Z
2026-10-06T09:33:36.020526Z,refresh,18715,1761230,5,1,1,0,1791329400,2026-10-06T23:30:00Z
2026-10-06T09:33:36.020526Z,refresh,18716,1761231,155,5,1,0,1791329400,2026-10-06T23:30:00Z
2026-10-06T09:33:36.020526Z,refresh,18717,1761232,205,6,1,0,1791329400,2026-10-06T23:30:00Z
2026-10-06T09:33:36.020526Z,refresh,18718,1761233,115,24,1,0,1791329400,2026-10-06T23:30:00Z
2026-10-06T09:33:36.020526Z,refresh,18719,1761234,5,1,1,0,1791329400,2026-10-06T23:30:00Z
2026-10-06T09:33:36.020526Z,refresh,18720,1761235,5,0,1,0,1791329400,2026-10-06T23:30:00Z
2026-10-06T09:33:36.020526Z,refresh,17866,1761264,5,1,1,0,1791331200,2026-10-07T00:00:00Z
2026-10-06T09:33:36.020526Z,refresh,17867,1761265,10,2,1,0,1791331200,2026-10-07T00:00:00Z
2026-10-06T09:33:36.020526Z,refresh,17868,1761266,5,1,1,0,1791331200,2026-10-07T00:00:00Z
2026-10-06T09:33:36.020526Z,refresh,17869,1761268,10,2,1,0,1791331200,2026-10-07T00:00:00Z
2026-10-06T09:33:36.020526Z,refresh,17870,1761269,5,1,1,0,1791331200,2026-10-07T00:00:00Z
2026-10-06T09:33:36.020526Z,refresh,17871,1761270,5,1,1,0,1791331200,2026-10-07T00:00:00Z
2026-10-06T09:33:36.020526Z,refresh,17872,1761271,5,0,1,0,1791331200,2026-10-07T00:00:00Z
2026-10-06T09:33:36.020526Z,refresh,17873,1761272,10,2,1,0,1791331200,2026-10-07T00:00:00Z
2026-10-06T09:33:36.020526Z,refresh,17874,1761273,5,0,1,0,1791331200,2026-10-07T00:00:00Z
2026-10-06T09:33:36.020526Z,refresh,17875,1761274,160,25,1,0,1791331200,2026-10-07T00:00:00Z
2026-10-06T09:33:36.020526Z,refresh,17876,1761275,15,3,1,0,1791331200,2026-10-07T00:00:00Z
2026-10-06T09:33:36.020526Z,refresh,17877,1761276,5,1,1,0,1791331200,2026-10-07T00:00:00Z
2026-10-06T09:33:36.020526Z,refresh,17878,1761277,40,9,1,0,1791331200,2026-10-07T00:00:00Z
2026-10-06T09:33:36.020526Z,refresh,17879,1761278,5,1,1,0,1791331200,2026-10-07T00:00:00Z
2026-10-06T09:33:36.020526Z,refresh,17880,1761279,210,17,1,0,1791331200,2026-10-07T00:00:00Z
2026-10-06T09:33:36.020526Z,refresh,17881,1761280,44,9,1,0,1791331200,2026-10-07T00:00:00Z
2026-10-06T09:33:36.020526Z,refresh,17882,1761281,24,5,1,0,1791331200,2026-10-07T00:00:00Z
2026-10-06T09:33:36.020526Z,refresh,17883,1761282,34,7,1,0,1791331200,2026-10-07T00:00:00Z
2026-10-06T09:33:36.020526Z,refresh,17884,1761283,15,3,1,0,1791331200,2026-10-07T00:00:00Z
2026-10-06T09:33:36.020526Z,refresh,17885,1761284,5,1,1,0,1791331200,2026-10-07T00:00:00Z
2026-10-06T09:33:36.020526Z,refresh,17886,1761285,5,1,1,0,1791331200,2026-10-07T00:00:00Z
2026-10-06T09:33:36.020526Z,refresh,17887,1761286,5,1,1,0,1791331200,2026-10-07T00:00:00Z
2026-10-06T09:33:36.020526Z,refresh,17888,1761287,5,0,1,0,1791331200,2026-10-07T00:00:00Z
2026-10-06T09:33:36.020526Z,refresh,17889,1761288,105,12,1,0,1791331200,2026-10-07T00:00:00Z
2026-10-06T09:33:36.020526Z,refresh,17890,1761289,10,2,1,0,1791331200,2026-10-07T00:00:00Z
2026-10-06T09:33:36.020526Z,refresh,17891,1761291,600,51,1,0,1791331200,2026-10-07T00:00:00Z
2026-10-06T09:33:36.020526Z,refresh,17892,1761292,255,52,1,0,1791331200,2026-10-07T00:00:00Z
2026-10-06T09:33:36.020526Z,refresh,17893,1761293,5,1,1,0,1791331200,2026-10-07T00:00:00Z
2026-10-06T09:33:36.020526Z,refresh,17894,1761294,24,5,1,0,1791331200,2026-10-07T00:00:00Z
2026-10-06T09:33:36.020526Z,refresh,17895,1761295,114,24,1,0,1791331200,2026-10-07T00:00:00Z
2026-10-06T09:33:36.020526Z,refresh,17896,1761296,10,2,1,0,1791331200,2026-10-07T00:00:00Z
2026-10-06T09:33:36.020526Z,refresh,17897,1761297,55,12,1,0,1791331200,2026-10-07T00:00:00Z
2026-10-06T09:33:36.020526Z,refresh,17898,1761298,5,1,1,0,1791331200,2026-10-07T00:00:00Z
2026-10-06T09:33:36.020526Z,refresh,17899,1761299,10,2,1,0,1791331200,2026-10-07T00:00:00Z
2026-10-06T09:33:36.020526Z,refresh,17900,1761300,25,5,1,0,1791331200,2026-10-07T00:00:00Z
2026-10-06T09:33:36.020526Z,refresh,17901,1761301,31,7,1,0,1791331200,2026-10-07T00:00:00Z
2026-10-06T09:33:36.020526Z,refresh,17902,1761303,5,0,1,0,1791331200,2026-10-07T00:00:00Z
2026-10-06T09:33:36.020526Z,refresh,17903,1761304,370,53,1,0,1791331200,2026-10-07T00:00:00Z
2026-10-06T09:33:36.020526Z,refresh,17904,1761305,15,3,1,0,1791331200,2026-10-07T00:00:00Z
2026-10-06T09:33:36.020526Z,refresh,17905,1761306,35,8,1,0,1791331200,2026-10-07T00:00:00Z
2026-10-06T09:33:36.020526Z,refresh,17906,1761307,115,18,1,0,1791331200,2026-10-07T00:00:00Z
2026-10-06T09:33:36.020526Z,refresh,17907,1761308,115,6,1,0,1791331200,2026-10-07T00:00:00Z
2026-10-06T09:33:36.020526Z,refresh,17908,1761309,15,3,1,0,1791331200,2026-10-07T00:00:00Z
2026-10-06T09:33:36.020526Z,refresh,17910,1761314,5,1,1,0,1791331200,2026-10-07T00:00:00Z
2026-10-06T09:33:36.020526Z,refresh,18684,1761200,5,0,1,0,1791331200,2026-10-07T00:00:00Z
2026-10-06T09:33:36.020526Z,refresh,18685,1761201,5,1,1,0,1791331200,2026-10-07T00:00:00Z
2026-10-06T09:33:36.020526Z,refresh,18686,1761202,5,1,1,0,1791331200,2026-10-07T00:00:00Z
2026-10-06T09:33:36.020526Z,refresh,18687,1761203,5,1,1,0,1791331200,2026-10-07T00:00:00Z
2026-10-06T09:33:36.020526Z,refresh,18688,1761204,5,1,1,0,1791331200,2026-10-07T00:00:00Z
2026-10-06T09:33:36.020526Z,refresh,18689,1761205,65,14,1,0,1791331200,2026-10-07T00:00:00Z
2026-10-06T09:33:36.020526Z,refresh,18690,1761206,115,24,1,0,1791331200,2026-10-07T00:00:00Z
2026-10-06T09:33:36.020526Z,refresh,18691,1761207,15,3,1,0,1791331200,2026-10-07T00:00:00Z
2026-10-06T09:33:36.020526Z,refresh,18692,1761208,15,3,1,0,1791331200,2026-10-07T00:00:00Z
2026-10-06T09:33:36.020526Z,refresh,18693,1761209,15,3,1,0,1791331200,2026-10-07T00:00:00Z
2026-10-06T09:33:36.020526Z,refresh,18694,1761210,5,1,1,0,1791331200,2026-10-07T00:00:00Z
2026-10-06T09:33:36.020526Z,refresh,18695,1761211,5,1,1,0,1791331200,2026-10-07T00:00:00Z
2026-10-06T09:33:36.020526Z,refresh,18696,1761212,5,1,1,0,1791331200,2026-10-07T00:00:00Z
2026-10-06T09:33:36.020526Z,refresh,18697,1761213,5,1,1,0,1791331200,2026-10-07T00:00:00Z
2026-10-06T09:33:36.020526Z,refresh,18698,1761214,5,1,1,0,1791331200,2026-10-07T00:00:00Z
2026-10-06T09:33:36.020526Z,refresh,18699,1761215,5,1,1,0,1791331200,2026-10-07T00:00:00Z
2026-10-06T09:33:36.020526Z,refresh,18700,1761216,5,1,1,0,1791331200,2026-10-07T00:00:00Z
2026-10-06T09:33:36.020526Z,refresh,18701,1761217,320,19,1,0,1791331200,2026-10-07T00:00:00Z
2026-10-06T09:33:36.020526Z,refresh,18702,1761218,460,48,1,0,1791331200,2026-10-07T00:00:00Z
2026-10-06T09:33:36.020526Z,refresh,18703,1761219,55,5,1,0,1791331200,2026-10-07T00:00:00Z
2026-10-06T09:33:36.020526Z,refresh,18721,1761236,10,2,1,0,1791331200,2026-10-07T00:00:00Z
2026-10-06T09:33:36.020526Z,refresh,18722,1761237,55,12,1,0,1791331200,2026-10-07T00:00:00Z
2026-10-06T09:33:36.020526Z,refresh,18723,1761238,5,1,1,0,1791331200,2026-10-07T00:00:00Z
2026-10-06T09:33:36.020526Z,refresh,18724,1761239,5,1,1,0,1791331200,2026-10-07T00:00:00Z
2026-10-06T09:33:36.020526Z,refresh,18725,1761240,5,1,1,0,1791331200,2026-10-07T00:00:00Z
2026-10-06T09:33:36.020526Z,refresh,18726,1761241,5,1,1,0,1791331200,2026-10-07T00:00:00Z
2026-10-06T09:33:36.020526Z,refresh,18727,1761242,5,1,1,0,1791331200,2026-10-07T00:00:00Z
2026-10-06T09:33:36.020526Z,refresh,18728,1761243,5,1,1,0,1791331200,2026-10-07T00:00:00Z
2026-10-06T09:33:36.020526Z,refresh,18729,1761244,15,3,1,0,1791331200,2026-10-07T00:00:00Z
2026-10-06T09:33:36.020526Z,refresh,18730,1761245,15,3,1,0,1791331200,2026-10-07T00:00:00Z
2026-10-06T09:33:36.020526Z,refresh,18731,1761246,5,0,1,0,1791331200,2026-10-07T00:00:00Z
2026-10-06T09:33:36.020526Z,refresh,18732,1761310,5,1,1,0,1791331200,2026-10-07T00:00:00Z
2026-10-06T09:33:36.020526Z,refresh,18733,1761311,10,2,1,0,1791331200,2026-10-07T00:00:00Z
2026-10-06T09:33:36.020526Z,refresh,18734,1761312,10,2,1,0,1791331200,2026-10-07T00:00:00Z
2026-10-06T09:33:36.020526Z,refresh,18735,1761313,50,7,1,0,1791331200,2026-10-07T00:00:00Z
2026-10-06T09:33:36.020526Z,refresh,17125,1779931,65,14,1,0,1791333000,2026-10-07T00:30:00Z
2026-10-06T09:51:53.037751Z,refresh,10000,1761139,105,2,1,0,1791324000,2026-10-06T22:00:00Z
2026-10-06T09:51:53.037751Z,refresh,10001,1761140,100,0,1,0,1791324000,2026-10-06T22:00:00Z
2026-10-06T09:51:53.037751Z,refresh,10002,1761141,100,1,1,0,1791324000,2026-10-06T22:00:00Z
2026-10-06T09:51:53.037751Z,refresh,10003,1761142,1025,12,1,0,1791324000,2026-10-06T22:00:00Z
2026-10-06T09:51:53.037751Z,refresh,10004,1761143,2600,30,1,0,1791324000,2026-10-06T22:00:00Z
2026-10-06T09:51:53.037751Z,refresh,10005,1761144,3100,20,1,0,1791324000,2026-10-06T22:00:00Z
2026-10-06T09:51:53.037751Z,refresh,10006,1761145,2050,32,1,0,1791324000,2026-10-06T22:00:00Z
2026-10-06T09:51:53.037751Z,refresh,10007,1761146,1075,16,1,0,1791324000,2026-10-06T22:00:00Z
2026-10-06T09:51:53.037751Z,refresh,10008,1761147,9050,37,1,0,1791324000,2026-10-06T22:00:00Z
2026-10-06T09:51:53.037751Z,refresh,10009,1761148,25600,31,1,0,1791324000,2026-10-06T22:00:00Z
2026-10-06T09:51:53.037751Z,refresh,10010,1761149,13550,182,1,0,1791324000,2026-10-06T22:00:00Z
2026-10-06T09:51:53.037751Z,refresh,10011,1761150,20100,191,1,0,1791324000,2026-10-06T22:00:00Z
2026-10-06T09:51:53.037751Z,refresh,10012,1761151,20100,59,1,0,1791324000,2026-10-06T22:00:00Z
2026-10-06T09:51:53.037751Z,refresh,10013,1761152,50000,95,1,0,1791324000,2026-10-06T22:00:00Z
2026-10-06T09:51:53.037751Z,refresh,10014,1761153,23650,67,1,0,1791324000,2026-10-06T22:00:00Z
2026-10-06T09:51:53.037751Z,refresh,10015,1761154,20900,35,1,0,1791324000,2026-10-06T22:00:00Z
2026-10-06T09:51:53.037751Z,refresh,10016,1761155,15100,31,1,0,1791324000,2026-10-06T22:00:00Z
2026-10-06T09:51:53.037751Z,refresh,10017,1761156,42750,57,1,0,1791324000,2026-10-06T22:00:00Z
2026-10-06T09:51:53.037751Z,refresh,10018,1761157,2550,32,1,0,1791324000,2026-10-06T22:00:00Z
2026-10-06T09:51:53.037751Z,refresh,10019,1761158,1075,29,1,0,1791324000,2026-10-06T22:00:00Z
2026-10-06T09:51:53.037751Z,refresh,10050,1761119,4050,51,1,0,1791325800,2026-10-06T22:30:00Z
2026-10-06T09:51:53.037751Z,refresh,10051,1761120,705,3,1,0,1791325800,2026-10-06T22:30:00Z
2026-10-06T09:51:53.037751Z,refresh,10052,1761121,1550,14,1,0,1791325800,2026-10-06T22:30:00Z
2026-10-06T09:51:53.037751Z,refresh,10053,1761122,5050,77,1,0,1791325800,2026-10-06T22:30:00Z
2026-10-06T09:51:53.037751Z,refresh,10054,1761123,1550,35,1,0,1791325800,2026-10-06T22:30:00Z
2026-10-06T09:51:53.037751Z,refresh,10055,1761124,325,5,1,0,1791325800,2026-10-06T22:30:00Z
2026-10-06T09:51:53.037751Z,refresh,10056,1761125,1505,7,1,0,1791325800,2026-10-06T22:30:00Z
2026-10-06T09:51:53.037751Z,refresh,10057,1761126,305,3,1,0,1791325800,2026-10-06T22:30:00Z
2026-10-06T09:51:53.037751Z,refresh,10058,1761127,755,13,1,0,1791325800,2026-10-06T22:30:00Z
2026-10-06T09:51:53.037751Z,refresh,10059,1761128,1400,22,1,0,1791325800,2026-10-06T22:30:00Z
2026-10-06T09:51:53.037751Z,refresh,10060,1761129,7800,63,1,0,1791325800,2026-10-06T22:30:00Z
2026-10-06T09:51:53.037751Z,refresh,10061,1761130,1550,40,1,0,1791325800,2026-10-06T22:30:00Z
2026-10-06T09:51:53.037751Z,refresh,10062,1761131,6200,137,1,0,1791325800,2026-10-06T22:30:00Z
2026-10-06T09:51:53.037751Z,refresh,10063,1761132,1525,15,1,0,1791325800,2026-10-06T22:30:00Z
2026-10-06T09:51:53.037751Z,refresh,10064,1761133,1700,24,1,0,1791325800,2026-10-06T22:30:00Z
2026-10-06T09:51:53.037751Z,refresh,10065,1761134,1650,44,1,0,1791325800,2026-10-06T22:30:00Z
2026-10-06T09:51:53.037751Z,refresh,10066,1761135,1650,16,1,0,1791325800,2026-10-06T22:30:00Z
2026-10-06T09:51:53.037751Z,refresh,10067,1761136,1550,5,1,0,1791325800,2026-10-06T22:30:00Z
2026-10-06T09:51:53.037751Z,refresh,10068,1761137,2100,17,1,0,1791325800,2026-10-06T22:30:00Z
2026-10-06T09:51:53.037751Z,refresh,10069,1761138,1320,69,1,0,1791325800,2026-10-06T22:30:00Z
2026-10-06T09:51:53.037751Z,refresh,17100,1761063,115,4,1,0,1791327600,2026-10-06T23:00:00Z
2026-10-06T09:51:53.037751Z,refresh,17101,1761064,110,3,1,0,1791327600,2026-10-06T23:00:00Z
2026-10-06T09:51:53.037751Z,refresh,17102,1761065,100,1,1,0,1791327600,2026-10-06T23:00:00Z
2026-10-06T09:51:53.037751Z,refresh,17103,1761066,105,2,1,0,1791327600,2026-10-06T23:00:00Z
2026-10-06T09:51:53.037751Z,refresh,17104,1761067,120,5,1,0,1791327600,2026-10-06T23:00:00Z
2026-10-06T09:51:53.037751Z,refresh,17105,1761068,105,2,1,0,1791327600,2026-10-06T23:00:00Z
2026-10-06T09:51:53.037751Z,refresh,17106,1761069,105,2,1,0,1791327600,2026-10-06T23:00:00Z
2026-10-06T09:51:53.037751Z,refresh,17107,1761070,110,3,1,0,1791327600,2026-10-06T23:00:00Z
2026-10-06T09:51:53.037751Z,refresh,17108,1761071,120,5,1,0,1791327600,2026-10-06T23:00:00Z
2026-10-06T09:51:53.037751Z,refresh,17109,1761072,110,3,1,0,1791327600,2026-10-06T23:00:00Z
2026-10-06T09:51:53.037751Z,refresh,17110,1761073,110,3,1,0,1791327600,2026-10-06T23:00:00Z
2026-10-06T09:51:53.037751Z,refresh,17111,1761074,115,4,1,0,1791327600,2026-10-06T23:00:00Z
2026-10-06T09:51:53.037751Z,refresh,17112,1761075,505,13,1,0,1791327600,2026-10-06T23:00:00Z
2026-10-06T09:51:53.037751Z,refresh,17113,1761076,105,2,1,0,1791327600,2026-10-06T23:00:00Z
2026-10-06T09:51:53.037751Z,refresh,17114,1761077,110,3,1,0,1791327600,2026-10-06T23:00:00Z
2026-10-06T09:51:53.037751Z,refresh,17115,1761078,505,28,1,0,1791327600,2026-10-06T23:00:00Z
2026-10-06T09:51:53.037751Z,refresh,17116,1761079,115,4,1,0,1791327600,2026-10-06T23:00:00Z
2026-10-06T09:51:53.037751Z,refresh,17117,1761080,105,2,1,0,1791327600,2026-10-06T23:00:00Z
2026-10-06T09:51:53.037751Z,refresh,17118,1761081,105,2,1,0,1791327600,2026-10-06T23:00:00Z
2026-10-06T09:51:53.037751Z,refresh,17119,1761082,100,1,1,0,1791327600,2026-10-06T23:00:00Z
2026-10-06T09:51:53.037751Z,refresh,17120,1761083,105,2,1,0,1791327600,2026-10-06T23:00:00Z
2026-10-06T09:51:53.037751Z,refresh,17121,1761084,105,2,1,0,1791327600,2026-10-06T23:00:00Z
2026-10-06T09:51:53.037751Z,refresh,17122,1761085,170,15,1,0,1791327600,2026-10-06T23:00:00Z
2026-10-06T09:51:53.037751Z,refresh,10020,1761159,16050,119,1,0,1791329400,2026-10-06T23:30:00Z
2026-10-06T09:51:53.037751Z,refresh,10021,1761160,5,1,1,0,1791329400,2026-10-06T23:30:00Z
2026-10-06T09:51:53.037751Z,refresh,10022,1761161,330,40,1,0,1791329400,2026-10-06T23:30:00Z
2026-10-06T09:51:53.037751Z,refresh,10023,1761162,550,47,1,0,1791329400,2026-10-06T23:30:00Z
2026-10-06T09:51:53.037751Z,refresh,10024,1761163,5,1,1,0,1791329400,2026-10-06T23:30:00Z
2026-10-06T09:51:53.037751Z,refresh,10025,1761164,5,0,1,0,1791329400,2026-10-06T23:30:00Z
2026-10-06T09:51:53.037751Z,refresh,17850,1761247,5,0,1,0,1791329400,2026-10-06T23:30:00Z
2026-10-06T09:51:53.037751Z,refresh,17851,1761248,5,1,1,0,1791329400,2026-10-06T23:30:00Z
2026-10-06T09:51:53.037751Z,refresh,17852,1761249,390,15,1,0,1791329400,2026-10-06T23:30:00Z
2026-10-06T09:51:53.037751Z,refresh,17853,1761250,1350,46,1,0,1791329400,2026-10-06T23:30:00Z
2026-10-06T09:51:53.037751Z,refresh,17854,1761251,155,10,1,0,1791329400,2026-10-06T23:30:00Z
2026-10-06T09:51:53.037751Z,refresh,17855,1761252,100,20,1,0,1791329400,2026-10-06T23:30:00Z
2026-10-06T09:51:53.037751Z,refresh,17856,1761253,180,21,1,0,1791329400,2026-10-06T23:30:00Z
2026-10-06T09:51:53.037751Z,refresh,17857,1761254,110,9,1,0,1791329400,2026-10-06T23:30:00Z
2026-10-06T09:51:53.037751Z,refresh,17858,1761255,60,12,1,0,1791329400,2026-10-06T23:30:00Z
2026-10-06T09:51:53.037751Z,refresh,17859,1761256,5,1,1,0,1791329400,2026-10-06T23:30:00Z
2026-10-06T09:51:53.037751Z,refresh,17860,1761257,5,1,1,0,1791329400,2026-10-06T23:30:00Z
2026-10-06T09:51:53.037751Z,refresh,17861,1761258,30,7,1,0,1791329400,2026-10-06T23:30:00Z
2026-10-06T09:51:53.037751Z,refresh,17862,1761259,5,1,1,0,1791329400,2026-10-06T23:30:00Z
2026-10-06T09:51:53.037751Z,refresh,17863,1761260,5,1,1,0,1791329400,2026-10-06T23:30:00Z
2026-10-06T09:51:53.037751Z,refresh,17864,1761262,10,3,1,0,1791329400,2026-10-06T23:30:00Z
2026-10-06T09:51:53.037751Z,refresh,17865,1761263,15,3,1,0,1791329400,2026-10-06T23:30:00Z
2026-10-06T09:51:53.037751Z,refresh,17909,1761086,5,0,1,0,1791329400,2026-10-06T23:30:00Z
2026-10-06T09:51:53.037751Z,refresh,17911,1761088,5,0,1,0,1791329400,2026-10-06T23:30:00Z
2026-10-06T09:51:53.037751Z,refresh,17912,1761089,5,0,1,0,1791329400,2026-10-06T23:30:00Z
2026-10-06T09:51:53.037751Z,refresh,17913,1761090,5,0,1,0,1791329400,2026-10-06T23:30:00Z
2026-10-06T09:51:53.037751Z,refresh,17914,1761091,5,0,1,0,1791329400,2026-10-06T23:30:00Z
2026-10-06T09:51:53.037751Z,refresh,17915,1761092,5,0,1,0,1791329400,2026-10-06T23:30:00Z
2026-10-06T09:51:53.037751Z,refresh,17916,1761093,5,0,1,0,1791329400,2026-10-06T23:30:00Z
2026-10-06T09:51:53.037751Z,refresh,17917,1761094,5,1,1,0,1791329400,2026-10-06T23:30:00Z
2026-10-06T09:51:53.037751Z,refresh,17918,1761095,5,0,1,0,1791329400,2026-10-06T23:30:00Z
2026-10-06T09:51:53.037751Z,refresh,17919,1761096,5,0,1,0,1791329400,2026-10-06T23:30:00Z
2026-10-06T09:51:53.037751Z,refresh,17920,1761097,5,1,1,0,1791329400,2026-10-06T23:30:00Z
2026-10-06T09:51:53.037751Z,refresh,17921,1761098,5,1,1,0,1791329400,2026-10-06T23:30:00Z
2026-10-06T09:51:53.037751Z,refresh,17922,1761099,5,0,1,0,1791329400,2026-10-06T23:30:00Z
2026-10-06T09:51:53.037751Z,refresh,17923,1761100,5,0,1,0,1791329400,2026-10-06T23:30:00Z
2026-10-06T09:51:53.037751Z,refresh,17924,1761101,10,2,1,0,1791329400,2026-10-06T23:30:00Z
2026-10-06T09:51:53.037751Z,refresh,17925,1761102,5,1,1,0,1791329400,2026-10-06T23:30:00Z
2026-10-06T09:51:53.037751Z,refresh,17926,1761103,5,1,1,0,1791329400,2026-10-06T23:30:00Z
2026-10-06T09:51:53.037751Z,refresh,17927,1761104,105,5,1,0,1791329400,2026-10-06T23:30:00Z
2026-10-06T09:51:53.037751Z,refresh,17928,1761105,5,1,1,0,1791329400,2026-10-06T23:30:00Z
2026-10-06T09:51:53.037751Z,refresh,17929,1761106,5,1,1,0,1791329400,2026-10-06T23:30:00Z
2026-10-06T09:51:53.037751Z,refresh,17930,1761107,5,1,1,0,1791329400,2026-10-06T23:30:00Z
2026-10-06T09:51:53.037751Z,refresh,17931,1761108,15,4,1,0,1791329400,2026-10-06T23:30:00Z
2026-10-06T09:51:53.037751Z,refresh,17932,1761109,5,1,1,0,1791329400,2026-10-06T23:30:00Z
2026-10-06T09:51:53.037751Z,refresh,17933,1761110,5,1,1,0,1791329400,2026-10-06T23:30:00Z
2026-10-06T09:51:53.037751Z,refresh,17934,1761111,5,0,1,0,1791329400,2026-10-06T23:30:00Z
2026-10-06T09:51:53.037751Z,refresh,17935,1761112,5,0,1,0,1791329400,2026-10-06T23:30:00Z
2026-10-06T09:51:53.037751Z,refresh,17936,1761113,5,0,1,0,1791329400,2026-10-06T23:30:00Z
2026-10-06T09:51:53.037751Z,refresh,17937,1761114,5,1,1,0,1791329400,2026-10-06T23:30:00Z
2026-10-06T09:51:53.037751Z,refresh,17938,1761115,5,1,1,0,1791329400,2026-10-06T23:30:00Z
2026-10-06T09:51:53.037751Z,refresh,17939,1761116,5,1,1,0,1791329400,2026-10-06T23:30:00Z
2026-10-06T09:51:53.037751Z,refresh,17940,1761117,25,5,1,0,1791329400,2026-10-06T23:30:00Z
2026-10-06T09:51:53.037751Z,refresh,17941,1761118,420,19,1,0,1791329400,2026-10-06T23:30:00Z
2026-10-06T09:51:53.037751Z,refresh,18650,1761165,5,1,1,0,1791329400,2026-10-06T23:30:00Z
2026-10-06T09:51:53.037751Z,refresh,18651,1761166,40,9,1,0,1791329400,2026-10-06T23:30:00Z
2026-10-06T09:51:53.037751Z,refresh,18652,1761167,5,1,1,0,1791329400,2026-10-06T23:30:00Z
2026-10-06T09:51:53.037751Z,refresh,18653,1761168,5,1,1,0,1791329400,2026-10-06T23:30:00Z
2026-10-06T09:51:53.037751Z,refresh,18654,1761169,15,3,1,0,1791329400,2026-10-06T23:30:00Z
2026-10-06T09:51:53.037751Z,refresh,18655,1761170,5,1,1,0,1791329400,2026-10-06T23:30:00Z
2026-10-06T09:51:53.037751Z,refresh,18656,1761171,5,1,1,0,1791329400,2026-10-06T23:30:00Z
2026-10-06T09:51:53.037751Z,refresh,18657,1761172,110,9,1,0,1791329400,2026-10-06T23:30:00Z
2026-10-06T09:51:53.037751Z,refresh,18658,1761173,15,3,1,0,1791329400,2026-10-06T23:30:00Z
2026-10-06T09:51:53.037751Z,refresh,18659,1761174,5,1,1,0,1791329400,2026-10-06T23:30:00Z
2026-10-06T09:51:53.037751Z,refresh,18660,1761175,410,67,1,0,1791329400,2026-10-06T23:30:00Z
2026-10-06T09:51:53.037751Z,refresh,18661,1761176,35,8,1,0,1791329400,2026-10-06T23:30:00Z
2026-10-06T09:51:53.037751Z,refresh,18662,1761177,5,1,1,0,1791329400,2026-10-06T23:30:00Z
2026-10-06T09:51:53.037751Z,refresh,18663,1761178,210,25,1,0,1791329400,2026-10-06T23:30:00Z
2026-10-06T09:51:53.037751Z,refresh,18664,1761179,255,30,1,0,1791329400,2026-10-06T23:30:00Z
2026-10-06T09:51:53.037751Z,refresh,18665,1761180,205,33,1,0,1791329400,2026-10-06T23:30:00Z
2026-10-06T09:51:53.037751Z,refresh,18666,1761181,39,6,1,0,1791329400,2026-10-06T23:30:00Z
2026-10-06T09:51:53.037751Z,refresh,18667,1761182,5,0,1,0,1791329400,2026-10-06T23:30:00Z
2026-10-06T09:51:53.037751Z,refresh,18668,1761183,5,1,1,0,1791329400,2026-10-06T23:30:00Z
2026-10-06T09:51:53.037751Z,refresh,18669,1761184,55,10,1,0,1791329400,2026-10-06T23:30:00Z
2026-10-06T09:51:53.037751Z,refresh,18670,1761185,15,3,1,0,1791329400,2026-10-06T23:30:00Z
2026-10-06T09:51:53.037751Z,refresh,18671,1761186,125,25,1,0,1791329400,2026-10-06T23:30:00Z
2026-10-06T09:51:53.037751Z,refresh,18672,1761187,115,24,1,0,1791329400,2026-10-06T23:30:00Z
2026-10-06T09:51:53.037751Z,refresh,18673,1761188,24,5,1,0,1791329400,2026-10-06T23:30:00Z
2026-10-06T09:51:53.037751Z,refresh,18674,1761189,15,3,1,0,1791329400,2026-10-06T23:30:00Z
2026-10-06T09:51:53.037751Z,refresh,18675,1761190,55,12,1,0,1791329400,2026-10-06T23:30:00Z
2026-10-06T09:51:53.037751Z,refresh,18676,1761191,5,1,1,0,1791329400,2026-10-06T23:30:00Z
2026-10-06T09:51:53.037751Z,refresh,18677,1761192,35,8,1,0,1791329400,2026-10-06T23:30:00Z
2026-10-06T09:51:53.037751Z,refresh,18678,1761194,20,5,1,0,1791329400,2026-10-06T23:30:00Z
2026-10-06T09:51:53.037751Z,refresh,18679,1761195,5,1,1,0,1791329400,2026-10-06T23:30:00Z
2026-10-06T09:51:53.037751Z,refresh,18680,1761196,55,12,1,0,1791329400,2026-10-06T23:30:00Z
2026-10-06T09:51:53.037751Z,refresh,18681,1761197,70,11,1,0,1791329400,2026-10-06T23:30:00Z
2026-10-06T09:51:53.037751Z,refresh,18682,1761198,10,2,1,0,1791329400,2026-10-06T23:30:00Z
2026-10-06T09:51:53.037751Z,refresh,18683,1761199,5,1,1,0,1791329400,2026-10-06T23:30:00Z
2026-10-06T09:51:53.037751Z,refresh,18705,1761220,5,0,1,0,1791329400,2026-10-06T23:30:00Z
2026-10-06T09:51:53.037751Z,refresh,18706,1761221,5,0,1,0,1791329400,2026-10-06T23:30:00Z
2026-10-06T09:51:53.037751Z,refresh,18707,1761222,10,2,1,0,1791329400,2026-10-06T23:30:00Z
2026-10-06T09:51:53.037751Z,refresh,18708,1761223,45,6,1,0,1791329400,2026-10-06T23:30:00Z
2026-10-06T09:51:53.037751Z,refresh,18709,1761224,5,0,1,0,1791329400,2026-10-06T23:30:00Z
2026-10-06T09:51:53.037751Z,refresh,18710,1761225,5,0,1,0,1791329400,2026-10-06T23:30:00Z
2026-10-06T09:51:53.037751Z,refresh,18711,1761226,5,0,1,0,1791329400,2026-10-06T23:30:00Z
2026-10-06T09:51:53.037751Z,refresh,18712,1761227,5,1,1,0,1791329400,2026-10-06T23:30:00Z
2026-10-06T09:51:53.037751Z,refresh,18713,1761228,50,10,1,0,1791329400,2026-10-06T23:30:00Z
2026-10-06T09:51:53.037751Z,refresh,18714,1761229,5,1,1,0,1791329400,2026-10-06T23:30:00Z
2026-10-06T09:51:53.037751Z,refresh,18715,1761230,5,1,1,0,1791329400,2026-10-06T23:30:00Z
2026-10-06T09:51:53.037751Z,refresh,18716,1761231,155,5,1,0,1791329400,2026-10-06T23:30:00Z
2026-10-06T09:51:53.037751Z,refresh,18717,1761232,205,6,1,0,1791329400,2026-10-06T23:30:00Z
2026-10-06T09:51:53.037751Z,refresh,18718,1761233,115,24,1,0,1791329400,2026-10-06T23:30:00Z
2026-10-06T09:51:53.037751Z,refresh,18719,1761234,5,1,1,0,1791329400,2026-10-06T23:30:00Z
2026-10-06T09:51:53.037751Z,refresh,18720,1761235,5,0,1,0,1791329400,2026-10-06T23:30:00Z
2026-10-06T09:51:53.037751Z,refresh,17866,1761264,5,1,1,0,1791331200,2026-10-07T00:00:00Z
2026-10-06T09:51:53.037751Z,refresh,17867,1761265,10,2,1,0,1791331200,2026-10-07T00:00:00Z
2026-10-06T09:51:53.037751Z,refresh,17868,1761266,5,1,1,0,1791331200,2026-10-07T00:00:00Z
2026-10-06T09:51:53.037751Z,refresh,17869,1761268,10,2,1,0,1791331200,2026-10-07T00:00:00Z
2026-10-06T09:51:53.037751Z,refresh,17870,1761269,5,1,1,0,1791331200,2026-10-07T00:00:00Z
2026-10-06T09:51:53.037751Z,refresh,17871,1761270,5,1,1,0,1791331200,2026-10-07T00:00:00Z
2026-10-06T09:51:53.037751Z,refresh,17872,1761271,5,0,1,0,1791331200,2026-10-07T00:00:00Z
2026-10-06T09:51:53.037751Z,refresh,17873,1761272,10,2,1,0,1791331200,2026-10-07T00:00:00Z
2026-10-06T09:51:53.037751Z,refresh,17874,1761273,5,0,1,0,1791331200,2026-10-07T00:00:00Z
2026-10-06T09:51:53.037751Z,refresh,17875,1761274,160,25,1,0,1791331200,2026-10-07T00:00:00Z
2026-10-06T09:51:53.037751Z,refresh,17876,1761275,15,3,1,0,1791331200,2026-10-07T00:00:00Z
2026-10-06T09:51:53.037751Z,refresh,17877,1761276,5,1,1,0,1791331200,2026-10-07T00:00:00Z
2026-10-06T09:51:53.037751Z,refresh,17878,1761277,40,9,1,0,1791331200,2026-10-07T00:00:00Z
2026-10-06T09:51:53.037751Z,refresh,17879,1761278,5,1,1,0,1791331200,2026-10-07T00:00:00Z
2026-10-06T09:51:53.037751Z,refresh,17880,1761279,210,17,1,0,1791331200,2026-10-07T00:00:00Z
2026-10-06T09:51:53.037751Z,refresh,17881,1761280,44,9,1,0,1791331200,2026-10-07T00:00:00Z
2026-10-06T09:51:53.037751Z,refresh,17882,1761281,24,5,1,0,1791331200,2026-10-07T00:00:00Z
2026-10-06T09:51:53.037751Z,refresh,17883,1761282,34,7,1,0,1791331200,2026-10-07T00:00:00Z
2026-10-06T09:51:53.037751Z,refresh,17884,1761283,15,3,1,0,1791331200,2026-10-07T00:00:00Z
2026-10-06T09:51:53.037751Z,refresh,17885,1761284,5,1,1,0,1791331200,2026-10-07T00:00:00Z
2026-10-06T09:51:53.037751Z,refresh,17886,1761285,5,1,1,0,1791331200,2026-10-07T00:00:00Z
2026-10-06T09:51:53.037751Z,refresh,17887,1761286,5,1,1,0,1791331200,2026-10-07T00:00:00Z
2026-10-06T09:51:53.037751Z,refresh,17888,1761287,5,0,1,0,1791331200,2026-10-07T00:00:00Z
2026-10-06T09:51:53.037751Z,refresh,17889,1761288,105,12,1,0,1791331200,2026-10-07T00:00:00Z
2026-10-06T09:51:53.037751Z,refresh,17890,1761289,10,2,1,0,1791331200,2026-10-07T00:00:00Z
2026-10-06T09:51:53.037751Z,refresh,17891,1761291,600,51,1,0,1791331200,2026-10-07T00:00:00Z
2026-10-06T09:51:53.037751Z,refresh,17892,1761292,255,52,1,0,1791331200,2026-10-07T00:00:00Z
2026-10-06T09:51:53.037751Z,refresh,17893,1761293,5,1,1,0,1791331200,2026-10-07T00:00:00Z
2026-10-06T09:51:53.037751Z,refresh,17894,1761294,24,5,1,0,1791331200,2026-10-07T00:00:00Z
2026-10-06T09:51:53.037751Z,refresh,17895,1761295,114,24,1,0,1791331200,2026-10-07T00:00:00Z
2026-10-06T09:51:53.037751Z,refresh,17896,1761296,10,2,1,0,1791331200,2026-10-07T00:00:00Z
2026-10-06T09:51:53.037751Z,refresh,17897,1761297,55,12,1,0,1791331200,2026-10-07T00:00:00Z
2026-10-06T09:51:53.037751Z,refresh,17898,1761298,5,1,1,0,1791331200,2026-10-07T00:00:00Z
2026-10-06T09:51:53.037751Z,refresh,17899,1761299,10,2,1,0,1791331200,2026-10-07T00:00:00Z
2026-10-06T09:51:53.037751Z,refresh,17900,1761300,25,5,1,0,1791331200,2026-10-07T00:00:00Z
2026-10-06T09:51:53.037751Z,refresh,17901,1761301,31,7,1,0,1791331200,2026-10-07T00:00:00Z
2026-10-06T09:51:53.037751Z,refresh,17902,1761303,5,0,1,0,1791331200,2026-10-07T00:00:00Z
2026-10-06T09:51:53.037751Z,refresh,17903,1761304,370,53,1,0,1791331200,2026-10-07T00:00:00Z
2026-10-06T09:51:53.037751Z,refresh,17904,1761305,15,3,1,0,1791331200,2026-10-07T00:00:00Z
2026-10-06T09:51:53.037751Z,refresh,17905,1761306,35,8,1,0,1791331200,2026-10-07T00:00:00Z
2026-10-06T09:51:53.037751Z,refresh,17906,1761307,120,19,1,0,1791331200,2026-10-07T00:00:00Z
2026-10-06T09:51:53.037751Z,refresh,17907,1761308,115,6,1,0,1791331200,2026-10-07T00:00:00Z
2026-10-06T09:51:53.037751Z,refresh,17908,1761309,15,3,1,0,1791331200,2026-10-07T00:00:00Z
2026-10-06T09:51:53.037751Z,refresh,17910,1761314,5,1,1,0,1791331200,2026-10-07T00:00:00Z
2026-10-06T09:51:53.037751Z,refresh,18684,1761200,5,0,1,0,1791331200,2026-10-07T00:00:00Z
2026-10-06T09:51:53.037751Z,refresh,18685,1761201,5,1,1,0,1791331200,2026-10-07T00:00:00Z
2026-10-06T09:51:53.037751Z,refresh,18686,1761202,5,1,1,0,1791331200,2026-10-07T00:00:00Z
2026-10-06T09:51:53.037751Z,refresh,18687,1761203,5,1,1,0,1791331200,2026-10-07T00:00:00Z
2026-10-06T09:51:53.037751Z,refresh,18688,1761204,5,1,1,0,1791331200,2026-10-07T00:00:00Z
2026-10-06T09:51:53.037751Z,refresh,18689,1761205,65,14,1,0,1791331200,2026-10-07T00:00:00Z
2026-10-06T09:51:53.037751Z,refresh,18690,1761206,115,24,1,0,1791331200,2026-10-07T00:00:00Z
2026-10-06T09:51:53.037751Z,refresh,18691,1761207,15,3,1,0,1791331200,2026-10-07T00:00:00Z
2026-10-06T09:51:53.037751Z,refresh,18692,1761208,15,3,1,0,1791331200,2026-10-07T00:00:00Z
2026-10-06T09:51:53.037751Z,refresh,18693,1761209,15,3,1,0,1791331200,2026-10-07T00:00:00Z
2026-10-06T09:51:53.037751Z,refresh,18694,1761210,5,1,1,0,1791331200,2026-10-07T00:00:00Z
2026-10-06T09:51:53.037751Z,refresh,18695,1761211,5,1,1,0,1791331200,2026-10-07T00:00:00Z
2026-10-06T09:51:53.037751Z,refresh,18696,1761212,5,1,1,0,1791331200,2026-10-07T00:00:00Z
2026-10-06T09:51:53.037751Z,refresh,18697,1761213,5,1,1,0,1791331200,2026-10-07T00:00:00Z
2026-10-06T09:51:53.037751Z,refresh,18698,1761214,5,1,1,0,1791331200,2026-10-07T00:00:00Z
2026-10-06T09:51:53.037751Z,refresh,18699,1761215,5,1,1,0,1791331200,2026-10-07T00:00:00Z
2026-10-06T09:51:53.037751Z,refresh,18700,1761216,5,1,1,0,1791331200,2026-10-07T00:00:00Z
2026-10-06T09:51:53.037751Z,refresh,18701,1761217,320,19,1,0,1791331200,2026-10-07T00:00:00Z
2026-10-06T09:51:53.037751Z,refresh,18702,1761218,460,48,1,0,1791331200,2026-10-07T00:00:00Z
2026-10-06T09:51:53.037751Z,refresh,18703,1761219,55,5,1,0,1791331200,2026-10-07T00:00:00Z
2026-10-06T09:51:53.037751Z,refresh,18721,1761236,10,2,1,0,1791331200,2026-10-07T00:00:00Z
2026-10-06T09:51:53.037751Z,refresh,18722,1761237,55,12,1,0,1791331200,2026-10-07T00:00:00Z
2026-10-06T09:51:53.037751Z,refresh,18723,1761238,5,1,1,0,1791331200,2026-10-07T00:00:00Z
2026-10-06T09:51:53.037751Z,refresh,18724,1761239,5,1,1,0,1791331200,2026-10-07T00:00:00Z
2026-10-06T09:51:53.037751Z,refresh,18725,1761240,5,1,1,0,1791331200,2026-10-07T00:00:00Z
2026-10-06T09:51:53.037751Z,refresh,18726,1761241,5,1,1,0,1791331200,2026-10-07T00:00:00Z
2026-10-06T09:51:53.037751Z,refresh,18727,1761242,5,1,1,0,1791331200,2026-10-07T00:00:00Z
2026-10-06T09:51:53.037751Z,refresh,18728,1761243,5,1,1,0,1791331200,2026-10-07T00:00:00Z
2026-10-06T09:51:53.037751Z,refresh,18729,1761244,15,3,1,0,1791331200,2026-10-07T00:00:00Z
2026-10-06T09:51:53.037751Z,refresh,18730,1761245,15,3,1,0,1791331200,2026-10-07T00:00:00Z
2026-10-06T09:51:53.037751Z,refresh,18731,1761246,5,0,1,0,1791331200,2026-10-07T00:00:00Z
2026-10-06T09:51:53.037751Z,refresh,18732,1761310,5,1,1,0,1791331200,2026-10-07T00:00:00Z
2026-10-06T09:51:53.037751Z,refresh,18733,1761311,10,2,1,0,1791331200,2026-10-07T00:00:00Z
2026-10-06T09:51:53.037751Z,refresh,18734,1761312,10,2,1,0,1791331200,2026-10-07T00:00:00Z
2026-10-06T09:51:53.037751Z,refresh,18735,1761313,50,7,1,0,1791331200,2026-10-07T00:00:00Z
2026-10-06T09:51:53.037751Z,refresh,17125,1779931,65,14,1,0,1791333000,2026-10-07T00:30:00Z
2026-10-06T10:05:05.825955Z,refresh,10000,1761139,105,2,1,0,1791324000,2026-10-06T22:00:00Z
2026-10-06T10:05:05.825955Z,refresh,10001,1761140,100,0,1,0,1791324000,2026-10-06T22:00:00Z
2026-10-06T10:05:05.825955Z,refresh,10002,1761141,100,1,1,0,1791324000,2026-10-06T22:00:00Z
2026-10-06T10:05:05.825955Z,refresh,10003,1761142,1025,12,1,0,1791324000,2026-10-06T22:00:00Z
2026-10-06T10:05:05.825955Z,refresh,10004,1761143,2600,30,1,0,1791324000,2026-10-06T22:00:00Z
2026-10-06T10:05:05.825955Z,refresh,10005,1761144,3100,20,1,0,1791324000,2026-10-06T22:00:00Z
2026-10-06T10:05:05.825955Z,refresh,10006,1761145,2050,32,1,0,1791324000,2026-10-06T22:00:00Z
2026-10-06T10:05:05.825955Z,refresh,10007,1761146,1075,16,1,0,1791324000,2026-10-06T22:00:00Z
2026-10-06T10:05:05.825955Z,refresh,10008,1761147,9050,37,1,0,1791324000,2026-10-06T22:00:00Z
2026-10-06T10:05:05.825955Z,refresh,10009,1761148,25600,31,1,0,1791324000,2026-10-06T22:00:00Z
2026-10-06T10:05:05.825955Z,refresh,10010,1761149,13550,182,1,0,1791324000,2026-10-06T22:00:00Z
2026-10-06T10:05:05.825955Z,refresh,10011,1761150,20100,191,1,0,1791324000,2026-10-06T22:00:00Z
2026-10-06T10:05:05.825955Z,refresh,10012,1761151,20100,59,1,0,1791324000,2026-10-06T22:00:00Z
2026-10-06T10:05:05.825955Z,refresh,10013,1761152,50000,95,1,0,1791324000,2026-10-06T22:00:00Z
2026-10-06T10:05:05.825955Z,refresh,10014,1761153,23650,67,1,0,1791324000,2026-10-06T22:00:00Z
2026-10-06T10:05:05.825955Z,refresh,10015,1761154,20900,35,1,0,1791324000,2026-10-06T22:00:00Z
2026-10-06T10:05:05.825955Z,refresh,10016,1761155,15100,31,1,0,1791324000,2026-10-06T22:00:00Z
2026-10-06T10:05:05.825955Z,refresh,10017,1761156,42750,57,1,0,1791324000,2026-10-06T22:00:00Z
2026-10-06T10:05:05.825955Z,refresh,10018,1761157,2550,32,1,0,1791324000,2026-10-06T22:00:00Z
2026-10-06T10:05:05.825955Z,refresh,10019,1761158,1075,29,1,0,1791324000,2026-10-06T22:00:00Z
2026-10-06T10:05:05.825955Z,refresh,10050,1761119,4050,51,1,0,1791325800,2026-10-06T22:30:00Z
2026-10-06T10:05:05.825955Z,refresh,10051,1761120,705,3,1,0,1791325800,2026-10-06T22:30:00Z
2026-10-06T10:05:05.825955Z,refresh,10052,1761121,1550,14,1,0,1791325800,2026-10-06T22:30:00Z
2026-10-06T10:05:05.825955Z,refresh,10053,1761122,5050,77,1,0,1791325800,2026-10-06T22:30:00Z
2026-10-06T10:05:05.825955Z,refresh,10054,1761123,1550,35,1,0,1791325800,2026-10-06T22:30:00Z
2026-10-06T10:05:05.825955Z,refresh,10055,1761124,325,5,1,0,1791325800,2026-10-06T22:30:00Z
2026-10-06T10:05:05.825955Z,refresh,10056,1761125,1505,7,1,0,1791325800,2026-10-06T22:30:00Z
2026-10-06T10:05:05.825955Z,refresh,10057,1761126,305,3,1,0,1791325800,2026-10-06T22:30:00Z
2026-10-06T10:05:05.825955Z,refresh,10058,1761127,755,13,1,0,1791325800,2026-10-06T22:30:00Z
2026-10-06T10:05:05.825955Z,refresh,10059,1761128,1400,22,1,0,1791325800,2026-10-06T22:30:00Z
2026-10-06T10:05:05.825955Z,refresh,10060,1761129,7800,63,1,0,1791325800,2026-10-06T22:30:00Z
2026-10-06T10:05:05.825955Z,refresh,10061,1761130,1550,40,1,0,1791325800,2026-10-06T22:30:00Z
2026-10-06T10:05:05.825955Z,refresh,10062,1761131,6200,137,1,0,1791325800,2026-10-06T22:30:00Z
2026-10-06T10:05:05.825955Z,refresh,10063,1761132,1525,15,1,0,1791325800,2026-10-06T22:30:00Z
2026-10-06T10:05:05.825955Z,refresh,10064,1761133,1700,24,1,0,1791325800,2026-10-06T22:30:00Z
2026-10-06T10:05:05.825955Z,refresh,10065,1761134,1650,44,1,0,1791325800,2026-10-06T22:30:00Z
2026-10-06T10:05:05.825955Z,refresh,10066,1761135,1650,16,1,0,1791325800,2026-10-06T22:30:00Z
2026-10-06T10:05:05.825955Z,refresh,10067,1761136,1550,5,1,0,1791325800,2026-10-06T22:30:00Z
2026-10-06T10:05:05.825955Z,refresh,10068,1761137,2100,17,1,0,1791325800,2026-10-06T22:30:00Z
2026-10-06T10:05:05.825955Z,refresh,10069,1761138,1320,69,1,0,1791325800,2026-10-06T22:30:00Z
2026-10-06T10:05:05.825955Z,refresh,17100,1761063,115,4,1,0,1791327600,2026-10-06T23:00:00Z
2026-10-06T10:05:05.825955Z,refresh,17101,1761064,110,3,1,0,1791327600,2026-10-06T23:00:00Z
2026-10-06T10:05:05.825955Z,refresh,17102,1761065,100,1,1,0,1791327600,2026-10-06T23:00:00Z
2026-10-06T10:05:05.825955Z,refresh,17103,1761066,105,2,1,0,1791327600,2026-10-06T23:00:00Z
2026-10-06T10:05:05.825955Z,refresh,17104,1761067,120,5,1,0,1791327600,2026-10-06T23:00:00Z
2026-10-06T10:05:05.825955Z,refresh,17105,1761068,105,2,1,0,1791327600,2026-10-06T23:00:00Z
2026-10-06T10:05:05.825955Z,refresh,17106,1761069,105,2,1,0,1791327600,2026-10-06T23:00:00Z
2026-10-06T10:05:05.825955Z,refresh,17107,1761070,110,3,1,0,1791327600,2026-10-06T23:00:00Z
2026-10-06T10:05:05.825955Z,refresh,17108,1761071,120,5,1,0,1791327600,2026-10-06T23:00:00Z
2026-10-06T10:05:05.825955Z,refresh,17109,1761072,110,3,1,0,1791327600,2026-10-06T23:00:00Z
2026-10-06T10:05:05.825955Z,refresh,17110,1761073,110,3,1,0,1791327600,2026-10-06T23:00:00Z
2026-10-06T10:05:05.825955Z,refresh,17111,1761074,115,4,1,0,1791327600,2026-10-06T23:00:00Z
2026-10-06T10:05:05.825955Z,refresh,17112,1761075,505,13,1,0,1791327600,2026-10-06T23:00:00Z
2026-10-06T10:05:05.825955Z,refresh,17113,1761076,105,2,1,0,1791327600,2026-10-06T23:00:00Z
2026-10-06T10:05:05.825955Z,refresh,17114,1761077,110,3,1,0,1791327600,2026-10-06T23:00:00Z
2026-10-06T10:05:05.825955Z,refresh,17115,1761078,505,28,1,0,1791327600,2026-10-06T23:00:00Z
2026-10-06T10:05:05.825955Z,refresh,17116,1761079,115,4,1,0,1791327600,2026-10-06T23:00:00Z
2026-10-06T10:05:05.825955Z,refresh,17117,1761080,105,2,1,0,1791327600,2026-10-06T23:00:00Z
2026-10-06T10:05:05.825955Z,refresh,17118,1761081,105,2,1,0,1791327600,2026-10-06T23:00:00Z
2026-10-06T10:05:05.825955Z,refresh,17119,1761082,100,1,1,0,1791327600,2026-10-06T23:00:00Z
2026-10-06T10:05:05.825955Z,refresh,17120,1761083,105,2,1,0,1791327600,2026-10-06T23:00:00Z
2026-10-06T10:05:05.825955Z,refresh,17121,1761084,105,2,1,0,1791327600,2026-10-06T23:00:00Z
2026-10-06T10:05:05.825955Z,refresh,17122,1761085,170,15,1,0,1791327600,2026-10-06T23:00:00Z
2026-10-06T10:05:05.825955Z,refresh,10020,1761159,16050,119,1,0,1791329400,2026-10-06T23:30:00Z
2026-10-06T10:05:05.825955Z,refresh,10021,1761160,5,1,1,0,1791329400,2026-10-06T23:30:00Z
2026-10-06T10:05:05.825955Z,refresh,10022,1761161,330,40,1,0,1791329400,2026-10-06T23:30:00Z
2026-10-06T10:05:05.825955Z,refresh,10023,1761162,550,47,1,0,1791329400,2026-10-06T23:30:00Z
2026-10-06T10:05:05.825955Z,refresh,10024,1761163,5,1,1,0,1791329400,2026-10-06T23:30:00Z
2026-10-06T10:05:05.825955Z,refresh,10025,1761164,5,0,1,0,1791329400,2026-10-06T23:30:00Z
2026-10-06T10:05:05.825955Z,refresh,17850,1761247,5,0,1,0,1791329400,2026-10-06T23:30:00Z
2026-10-06T10:05:05.825955Z,refresh,17851,1761248,5,1,1,0,1791329400,2026-10-06T23:30:00Z
2026-10-06T10:05:05.825955Z,refresh,17852,1761249,390,15,1,0,1791329400,2026-10-06T23:30:00Z
2026-10-06T10:05:05.825955Z,refresh,17853,1761250,1350,46,1,0,1791329400,2026-10-06T23:30:00Z
2026-10-06T10:05:05.825955Z,refresh,17854,1761251,155,10,1,0,1791329400,2026-10-06T23:30:00Z
2026-10-06T10:05:05.825955Z,refresh,17855,1761252,255,26,1,0,1791329400,2026-10-06T23:30:00Z
2026-10-06T10:05:05.825955Z,refresh,17856,1761253,180,21,1,0,1791329400,2026-10-06T23:30:00Z
2026-10-06T10:05:05.825955Z,refresh,17857,1761254,110,9,1,0,1791329400,2026-10-06T23:30:00Z
2026-10-06T10:05:05.825955Z,refresh,17858,1761255,60,12,1,0,1791329400,2026-10-06T23:30:00Z
2026-10-06T10:05:05.825955Z,refresh,17859,1761256,5,1,1,0,1791329400,2026-10-06T23:30:00Z
2026-10-06T10:05:05.825955Z,refresh,17860,1761257,5,1,1,0,1791329400,2026-10-06T23:30:00Z
2026-10-06T10:05:05.825955Z,refresh,17861,1761258,35,8,1,0,1791329400,2026-10-06T23:30:00Z
2026-10-06T10:05:05.825955Z,refresh,17862,1761259,5,1,1,0,1791329400,2026-10-06T23:30:00Z
2026-10-06T10:05:05.825955Z,refresh,17863,1761260,5,1,1,0,1791329400,2026-10-06T23:30:00Z
2026-10-06T10:05:05.825955Z,refresh,17864,1761262,10,3,1,0,1791329400,2026-10-06T23:30:00Z
2026-10-06T10:05:05.825955Z,refresh,17865,1761263,15,3,1,0,1791329400,2026-10-06T23:30:00Z
2026-10-06T10:05:05.825955Z,refresh,17909,1761086,5,0,1,0,1791329400,2026-10-06T23:30:00Z
2026-10-06T10:05:05.825955Z,refresh,17911,1761088,5,0,1,0,1791329400,2026-10-06T23:30:00Z
2026-10-06T10:05:05.825955Z,refresh,17912,1761089,5,0,1,0,1791329400,2026-10-06T23:30:00Z
2026-10-06T10:05:05.825955Z,refresh,17913,1761090,5,0,1,0,1791329400,2026-10-06T23:30:00Z
2026-10-06T10:05:05.825955Z,refresh,17914,1761091,5,0,1,0,1791329400,2026-10-06T23:30:00Z
2026-10-06T10:05:05.825955Z,refresh,17915,1761092,5,0,1,0,1791329400,2026-10-06T23:30:00Z
2026-10-06T10:05:05.825955Z,refresh,17916,1761093,5,0,1,0,1791329400,2026-10-06T23:30:00Z
2026-10-06T10:05:05.825955Z,refresh,17917,1761094,5,1,1,0,1791329400,2026-10-06T23:30:00Z
2026-10-06T10:05:05.825955Z,refresh,17918,1761095,5,0,1,0,1791329400,2026-10-06T23:30:00Z
2026-10-06T10:05:05.825955Z,refresh,17919,1761096,5,0,1,0,1791329400,2026-10-06T23:30:00Z
2026-10-06T10:05:05.825955Z,refresh,17920,1761097,5,1,1,0,1791329400,2026-10-06T23:30:00Z
2026-10-06T10:05:05.825955Z,refresh,17921,1761098,5,1,1,0,1791329400,2026-10-06T23:30:00Z
2026-10-06T10:05:05.825955Z,refresh,17922,1761099,5,0,1,0,1791329400,2026-10-06T23:30:00Z
2026-10-06T10:05:05.825955Z,refresh,17923,1761100,5,0,1,0,1791329400,2026-10-06T23:30:00Z
2026-10-06T10:05:05.825955Z,refresh,17924,1761101,10,2,1,0,1791329400,2026-10-06T23:30:00Z
2026-10-06T10:05:05.825955Z,refresh,17925,1761102,5,1,1,0,1791329400,2026-10-06T23:30:00Z
2026-10-06T10:05:05.825955Z,refresh,17926,1761103,5,1,1,0,1791329400,2026-10-06T23:30:00Z
2026-10-06T10:05:05.825955Z,refresh,17927,1761104,105,5,1,0,1791329400,2026-10-06T23:30:00Z
2026-10-06T10:05:05.825955Z,refresh,17928,1761105,5,1,1,0,1791329400,2026-10-06T23:30:00Z
2026-10-06T10:05:05.825955Z,refresh,17929,1761106,5,1,1,0,1791329400,2026-10-06T23:30:00Z
2026-10-06T10:05:05.825955Z,refresh,17930,1761107,5,1,1,0,1791329400,2026-10-06T23:30:00Z
2026-10-06T10:05:05.825955Z,refresh,17931,1761108,15,4,1,0,1791329400,2026-10-06T23:30:00Z
2026-10-06T10:05:05.825955Z,refresh,17932,1761109,5,1,1,0,1791329400,2026-10-06T23:30:00Z
2026-10-06T10:05:05.825955Z,refresh,17933,1761110,5,1,1,0,1791329400,2026-10-06T23:30:00Z
2026-10-06T10:05:05.825955Z,refresh,17934,1761111,5,0,1,0,1791329400,2026-10-06T23:30:00Z
2026-10-06T10:05:05.825955Z,refresh,17935,1761112,5,0,1,0,1791329400,2026-10-06T23:30:00Z
2026-10-06T10:05:05.825955Z,refresh,17936,1761113,5,0,1,0,1791329400,2026-10-06T23:30:00Z
2026-10-06T10:05:05.825955Z,refresh,17937,1761114,5,1,1,0,1791329400,2026-10-06T23:30:00Z
2026-10-06T10:05:05.825955Z,refresh,17938,1761115,5,1,1,0,1791329400,2026-10-06T23:30:00Z
2026-10-06T10:05:05.825955Z,refresh,17939,1761116,5,1,1,0,1791329400,2026-10-06T23:30:00Z
2026-10-06T10:05:05.825955Z,refresh,17940,1761117,25,5,1,0,1791329400,2026-10-06T23:30:00Z
2026-10-06T10:05:05.825955Z,refresh,17941,1761118,420,19,1,0,1791329400,2026-10-06T23:30:00Z
2026-10-06T10:05:05.825955Z,refresh,18650,1761165,5,1,1,0,1791329400,2026-10-06T23:30:00Z
2026-10-06T10:05:05.825955Z,refresh,18651,1761166,40,9,1,0,1791329400,2026-10-06T23:30:00Z
2026-10-06T10:05:05.825955Z,refresh,18652,1761167,5,1,1,0,1791329400,2026-10-06T23:30:00Z
2026-10-06T10:05:05.825955Z,refresh,18653,1761168,5,1,1,0,1791329400,2026-10-06T23:30:00Z
2026-10-06T10:05:05.825955Z,refresh,18654,1761169,15,3,1,0,1791329400,2026-10-06T23:30:00Z
2026-10-06T10:05:05.825955Z,refresh,18655,1761170,5,1,1,0,1791329400,2026-10-06T23:30:00Z
2026-10-06T10:05:05.825955Z,refresh,18656,1761171,5,1,1,0,1791329400,2026-10-06T23:30:00Z
2026-10-06T10:05:05.825955Z,refresh,18657,1761172,110,9,1,0,1791329400,2026-10-06T23:30:00Z
2026-10-06T10:05:05.825955Z,refresh,18658,1761173,15,3,1,0,1791329400,2026-10-06T23:30:00Z
2026-10-06T10:05:05.825955Z,refresh,18659,1761174,5,1,1,0,1791329400,2026-10-06T23:30:00Z
2026-10-06T10:05:05.825955Z,refresh,18660,1761175,410,67,1,0,1791329400,2026-10-06T23:30:00Z
2026-10-06T10:05:05.825955Z,refresh,18661,1761176,35,8,1,0,1791329400,2026-10-06T23:30:00Z
2026-10-06T10:05:05.825955Z,refresh,18662,1761177,5,1,1,0,1791329400,2026-10-06T23:30:00Z
2026-10-06T10:05:05.825955Z,refresh,18663,1761178,210,25,1,0,1791329400,2026-10-06T23:30:00Z
2026-10-06T10:05:05.825955Z,refresh,18664,1761179,255,30,1,0,1791329400,2026-10-06T23:30:00Z
2026-10-06T10:05:05.825955Z,refresh,18665,1761180,205,33,1,0,1791329400,2026-10-06T23:30:00Z
2026-10-06T10:05:05.825955Z,refresh,18666,1761181,39,6,1,0,1791329400,2026-10-06T23:30:00Z
2026-10-06T10:05:05.825955Z,refresh,18667,1761182,5,0,1,0,1791329400,2026-10-06T23:30:00Z
2026-10-06T10:05:05.825955Z,refresh,18668,1761183,5,1,1,0,1791329400,2026-10-06T23:30:00Z
2026-10-06T10:05:05.825955Z,refresh,18669,1761184,55,10,1,0,1791329400,2026-10-06T23:30:00Z
2026-10-06T10:05:05.825955Z,refresh,18670,1761185,15,3,1,0,1791329400,2026-10-06T23:30:00Z
2026-10-06T10:05:05.825955Z,refresh,18671,1761186,125,25,1,0,1791329400,2026-10-06T23:30:00Z
2026-10-06T10:05:05.825955Z,refresh,18672,1761187,115,24,1,0,1791329400,2026-10-06T23:30:00Z
2026-10-06T10:05:05.825955Z,refresh,18673,1761188,24,5,1,0,1791329400,2026-10-06T23:30:00Z
2026-10-06T10:05:05.825955Z,refresh,18674,1761189,15,3,1,0,1791329400,2026-10-06T23:30:00Z
2026-10-06T10:05:05.825955Z,refresh,18675,1761190,55,12,1,0,1791329400,2026-10-06T23:30:00Z
2026-10-06T10:05:05.825955Z,refresh,18676,1761191,5,1,1,0,1791329400,2026-10-06T23:30:00Z
2026-10-06T10:05:05.825955Z,refresh,18677,1761192,35,8,1,0,1791329400,2026-10-06T23:30:00Z
2026-10-06T10:05:05.825955Z,refresh,18678,1761194,20,5,1,0,1791329400,2026-10-06T23:30:00Z
2026-10-06T10:05:05.825955Z,refresh,18679,1761195,5,1,1,0,1791329400,2026-10-06T23:30:00Z
2026-10-06T10:05:05.825955Z,refresh,18680,1761196,55,12,1,0,1791329400,2026-10-06T23:30:00Z
2026-10-06T10:05:05.825955Z,refresh,18681,1761197,70,11,1,0,1791329400,2026-10-06T23:30:00Z
2026-10-06T10:05:05.825955Z,refresh,18682,1761198,15,3,1,0,1791329400,2026-10-06T23:30:00Z
2026-10-06T10:05:05.825955Z,refresh,18683,1761199,5,1,1,0,1791329400,2026-10-06T23:30:00Z
2026-10-06T10:05:05.825955Z,refresh,18705,1761220,5,0,1,0,1791329400,2026-10-06T23:30:00Z
2026-10-06T10:05:05.825955Z,refresh,18706,1761221,5,0,1,0,1791329400,2026-10-06T23:30:00Z
2026-10-06T10:05:05.825955Z,refresh,18707,1761222,10,2,1,0,1791329400,2026-10-06T23:30:00Z
2026-10-06T10:05:05.825955Z,refresh,18708,1761223,45,6,1,0,1791329400,2026-10-06T23:30:00Z
2026-10-06T10:05:05.825955Z,refresh,18709,1761224,5,0,1,0,1791329400,2026-10-06T23:30:00Z
2026-10-06T10:05:05.825955Z,refresh,18710,1761225,5,0,1,0,1791329400,2026-10-06T23:30:00Z
2026-10-06T10:05:05.825955Z,refresh,18711,1761226,5,0,1,0,1791329400,2026-10-06T23:30:00Z
2026-10-06T10:05:05.825955Z,refresh,18712,1761227,5,1,1,0,1791329400,2026-10-06T23:30:00Z
2026-10-06T10:05:05.825955Z,refresh,18713,1761228,50,10,1,0,1791329400,2026-10-06T23:30:00Z
2026-10-06T10:05:05.825955Z,refresh,18714,1761229,5,1,1,0,1791329400,2026-10-06T23:30:00Z
2026-10-06T10:05:05.825955Z,refresh,18715,1761230,5,1,1,0,1791329400,2026-10-06T23:30:00Z
2026-10-06T10:05:05.825955Z,refresh,18716,1761231,155,5,1,0,1791329400,2026-10-06T23:30:00Z
2026-10-06T10:05:05.825955Z,refresh,18717,1761232,360,13,1,0,1791329400,2026-10-06T23:30:00Z
2026-10-06T10:05:05.825955Z,refresh,18718,1761233,115,24,1,0,1791329400,2026-10-06T23:30:00Z
2026-10-06T10:05:05.825955Z,refresh,18719,1761234,5,1,1,0,1791329400,2026-10-06T23:30:00Z
2026-10-06T10:05:05.825955Z,refresh,18720,1761235,5,0,1,0,1791329400,2026-10-06T23:30:00Z
2026-10-06T10:05:05.825955Z,refresh,17866,1761264,5,1,1,0,1791331200,2026-10-07T00:00:00Z
2026-10-06T10:05:05.825955Z,refresh,17867,1761265,10,2,1,0,1791331200,2026-10-07T00:00:00Z
2026-10-06T10:05:05.825955Z,refresh,17868,1761266,10,2,1,0,1791331200,2026-10-07T00:00:00Z
2026-10-06T10:05:05.825955Z,refresh,17869,1761268,10,2,1,0,1791331200,2026-10-07T00:00:00Z
2026-10-06T10:05:05.825955Z,refresh,17870,1761269,5,1,1,0,1791331200,2026-10-07T00:00:00Z
2026-10-06T10:05:05.825955Z,refresh,17871,1761270,5,1,1,0,1791331200,2026-10-07T00:00:00Z
2026-10-06T10:05:05.825955Z,refresh,17872,1761271,5,0,1,0,1791331200,2026-10-07T00:00:00Z
2026-10-06T10:05:05.825955Z,refresh,17873,1761272,10,2,1,0,1791331200,2026-10-07T00:00:00Z
2026-10-06T10:05:05.825955Z,refresh,17874,1761273,5,0,1,0,1791331200,2026-10-07T00:00:00Z
2026-10-06T10:05:05.825955Z,refresh,17875,1761274,160,25,1,0,1791331200,2026-10-07T00:00:00Z
2026-10-06T10:05:05.825955Z,refresh,17876,1761275,15,3,1,0,1791331200,2026-10-07T00:00:00Z
2026-10-06T10:05:05.825955Z,refresh,17877,1761276,5,1,1,0,1791331200,2026-10-07T00:00:00Z
2026-10-06T10:05:05.825955Z,refresh,17878,1761277,40,9,1,0,1791331200,2026-10-07T00:00:00Z
2026-10-06T10:05:05.825955Z,refresh,17879,1761278,5,1,1,0,1791331200,2026-10-07T00:00:00Z
2026-10-06T10:05:05.825955Z,refresh,17880,1761279,210,17,1,0,1791331200,2026-10-07T00:00:00Z
2026-10-06T10:05:05.825955Z,refresh,17881,1761280,44,9,1,0,1791331200,2026-10-07T00:00:00Z
2026-10-06T10:05:05.825955Z,refresh,17882,1761281,24,5,1,0,1791331200,2026-10-07T00:00:00Z
2026-10-06T10:05:05.825955Z,refresh,17883,1761282,34,7,1,0,1791331200,2026-10-07T00:00:00Z
2026-10-06T10:05:05.825955Z,refresh,17884,1761283,15,3,1,0,1791331200,2026-10-07T00:00:00Z
2026-10-06T10:05:05.825955Z,refresh,17885,1761284,5,1,1,0,1791331200,2026-10-07T00:00:00Z
2026-10-06T10:05:05.825955Z,refresh,17886,1761285,5,1,1,0,1791331200,2026-10-07T00:00:00Z
2026-10-06T10:05:05.825955Z,refresh,17887,1761286,5,1,1,0,1791331200,2026-10-07T00:00:00Z
2026-10-06T10:05:05.825955Z,refresh,17888,1761287,5,0,1,0,1791331200,2026-10-07T00:00:00Z
2026-10-06T10:05:05.825955Z,refresh,17889,1761288,105,12,1,0,1791331200,2026-10-07T00:00:00Z
2026-10-06T10:05:05.825955Z,refresh,17890,1761289,10,2,1,0,1791331200,2026-10-07T00:00:00Z
2026-10-06T10:05:05.825955Z,refresh,17891,1761291,600,51,1,0,1791331200,2026-10-07T00:00:00Z
2026-10-06T10:05:05.825955Z,refresh,17892,1761292,255,52,1,0,1791331200,2026-10-07T00:00:00Z
2026-10-06T10:05:05.825955Z,refresh,17893,1761293,5,1,1,0,1791331200,2026-10-07T00:00:00Z
2026-10-06T10:05:05.825955Z,refresh,17894,1761294,24,5,1,0,1791331200,2026-10-07T00:00:00Z
2026-10-06T10:05:05.825955Z,refresh,17895,1761295,114,24,1,0,1791331200,2026-10-07T00:00:00Z
2026-10-06T10:05:05.825955Z,refresh,17896,1761296,10,2,1,0,1791331200,2026-10-07T00:00:00Z
2026-10-06T10:05:05.825955Z,refresh,17897,1761297,55,12,1,0,1791331200,2026-10-07T00:00:00Z
2026-10-06T10:05:05.825955Z,refresh,17898,1761298,5,1,1,0,1791331200,2026-10-07T00:00:00Z
2026-10-06T10:05:05.825955Z,refresh,17899,1761299,10,2,1,0,1791331200,2026-10-07T00:00:00Z
2026-10-06T10:05:05.825955Z,refresh,17900,1761300,25,5,1,0,1791331200,2026-10-07T00:00:00Z
2026-10-06T10:05:05.825955Z,refresh,17901,1761301,31,7,1,0,1791331200,2026-10-07T00:00:00Z
2026-10-06T10:05:05.825955Z,refresh,17902,1761303,5,0,1,0,1791331200,2026-10-07T00:00:00Z
2026-10-06T10:05:05.825955Z,refresh,17903,1761304,370,53,1,0,1791331200,2026-10-07T00:00:00Z
2026-10-06T10:05:05.825955Z,refresh,17904,1761305,15,3,1,0,1791331200,2026-10-07T00:00:00Z
2026-10-06T10:05:05.825955Z,refresh,17905,1761306,35,8,1,0,1791331200,2026-10-07T00:00:00Z
2026-10-06T10:05:05.825955Z,refresh,17906,1761307,120,19,1,0,1791331200,2026-10-07T00:00:00Z
2026-10-06T10:05:05.825955Z,refresh,17907,1761308,120,7,1,0,1791331200,2026-10-07T00:00:00Z
2026-10-06T10:05:05.825955Z,refresh,17908,1761309,15,3,1,0,1791331200,2026-10-07T00:00:00Z
2026-10-06T10:05:05.825955Z,refresh,17910,1761314,5,1,1,0,1791331200,2026-10-07T00:00:00Z
2026-10-06T10:05:05.825955Z,refresh,18684,1761200,5,0,1,0,1791331200,2026-10-07T00:00:00Z
2026-10-06T10:05:05.825955Z,refresh,18685,1761201,5,1,1,0,1791331200,2026-10-07T00:00:00Z
2026-10-06T10:05:05.825955Z,refresh,18686,1761202,5,1,1,0,1791331200,2026-10-07T00:00:00Z
2026-10-06T10:05:05.825955Z,refresh,18687,1761203,5,1,1,0,1791331200,2026-10-07T00:00:00Z
2026-10-06T10:05:05.825955Z,refresh,18688,1761204,5,1,1,0,1791331200,2026-10-07T00:00:00Z
2026-10-06T10:05:05.825955Z,refresh,18689,1761205,65,14,1,0,1791331200,2026-10-07T00:00:00Z
2026-10-06T10:05:05.825955Z,refresh,18690,1761206,115,24,1,0,1791331200,2026-10-07T00:00:00Z
2026-10-06T10:05:05.825955Z,refresh,18691,1761207,15,3,1,0,1791331200,2026-10-07T00:00:00Z
2026-10-06T10:05:05.825955Z,refresh,18692,1761208,15,3,1,0,1791331200,2026-10-07T00:00:00Z
2026-10-06T10:05:05.825955Z,refresh,18693,1761209,15,3,1,0,1791331200,2026-10-07T00:00:00Z
2026-10-06T10:05:05.825955Z,refresh,18694,1761210,5,1,1,0,1791331200,2026-10-07T00:00:00Z
2026-10-06T10:05:05.825955Z,refresh,18695,1761211,5,1,1,0,1791331200,2026-10-07T00:00:00Z
2026-10-06T10:05:05.825955Z,refresh,18696,1761212,5,1,1,0,1791331200,2026-10-07T00:00:00Z
2026-10-06T10:05:05.825955Z,refresh,18697,1761213,5,1,1,0,1791331200,2026-10-07T00:00:00Z
2026-10-06T10:05:05.825955Z,refresh,18698,1761214,5,1,1,0,1791331200,2026-10-07T00:00:00Z
2026-10-06T10:05:05.825955Z,refresh,18699,1761215,5,1,1,0,1791331200,2026-10-07T00:00:00Z
2026-10-06T10:05:05.825955Z,refresh,18700,1761216,5,1,1,0,1791331200,2026-10-07T00:00:00Z
2026-10-06T10:05:05.825955Z,refresh,18701,1761217,320,19,1,0,1791331200,2026-10-07T00:00:00Z
2026-10-06T10:05:05.825955Z,refresh,18702,1761218,460,48,1,0,1791331200,2026-10-07T00:00:00Z
2026-10-06T10:05:05.825955Z,refresh,18703,1761219,55,5,1,0,1791331200,2026-10-07T00:00:00Z
2026-10-06T10:05:05.825955Z,refresh,18721,1761236,76,6,1,0,1791331200,2026-10-07T00:00:00Z
2026-10-06T10:05:05.825955Z,refresh,18722,1761237,55,12,1,0,1791331200,2026-10-07T00:00:00Z
2026-10-06T10:05:05.825955Z,refresh,18723,1761238,5,1,1,0,1791331200,2026-10-07T00:00:00Z
2026-10-06T10:05:05.825955Z,refresh,18724,1761239,5,1,1,0,1791331200,2026-10-07T00:00:00Z
2026-10-06T10:05:05.825955Z,refresh,18725,1761240,5,1,1,0,1791331200,2026-10-07T00:00:00Z
2026-10-06T10:05:05.825955Z,refresh,18726,1761241,5,1,1,0,1791331200,2026-10-07T00:00:00Z
2026-10-06T10:05:05.825955Z,refresh,18727,1761242,5,1,1,0,1791331200,2026-10-07T00:00:00Z
2026-10-06T10:05:05.825955Z,refresh,18728,1761243,5,1,1,0,1791331200,2026-10-07T00:00:00Z
2026-10-06T10:05:05.825955Z,refresh,18729,1761244,15,3,1,0,1791331200,2026-10-07T00:00:00Z
2026-10-06T10:05:05.825955Z,refresh,18730,1761245,15,3,1,0,1791331200,2026-10-07T00:00:00Z
2026-10-06T10:05:05.825955Z,refresh,18731,1761246,5,0,1,0,1791331200,2026-10-07T00:00:00Z
2026-10-06T10:05:05.825955Z,refresh,18732,1761310,5,1,1,0,1791331200,2026-10-07T00:00:00Z
2026-10-06T10:05:05.825955Z,refresh,18733,1761311,10,2,1,0,1791331200,2026-10-07T00:00:00Z
2026-10-06T10:05:05.825955Z,refresh,18734,1761312,10,2,1,0,1791331200,2026-10-07T00:00:00Z
2026-10-06T10:05:05.825955Z,refresh,18735,1761313,50,7,1,0,1791331200,2026-10-07T00:00:00Z
2026-10-06T10:05:05.825955Z,refresh,17125,1779931,65,14,1,0,1791333000,2026-10-07T00:30:00Z
