lot,internal_id,title,description,category,snapshot_bid_usd,photo_count,close_utc,indicative_resale_low_usd,indicative_resale_high_usd,conditional_max_hammer_usd,risk_flags,review_note,review_status,first_photo_url
30-1332,,"5 boxes of truck and equipment lights, grommets, etc",,,5,5,2026-09-29T22:00:00Z,,,,,Generic catalog triage only. Inspect details and likely demand before selecting a maximum bid.,Catalog triaged; image inspection and valuation pending,https://d1ljvnrgb7j023.cloudfront.net/files/1/68584d177d94b3975ad1/large
18100,,"Set of scaffolding, including (17) 60"" x 60"" upright, approx. (25) individual approx. 8' cross brace...",,,5,6,2026-09-29T22:00:00Z,,,,,Generic catalog triage only. Inspect details and likely demand before selecting a maximum bid.,Catalog triaged; image inspection and valuation pending,https://d1ljvnrgb7j023.cloudfront.net/files/1/950b384e773e7bcce024/large
18101,,"(1) 12' length x 8' height steel cantilever rack with contents of assorted flat stock, rectangular b...",,,5,9,2026-09-29T22:00:00Z,,,,Removal/loading,"Measure usable quantity; calculate dismantling, loading, transport and storage before bidding.",Catalog triaged; image inspection and valuation pending,https://d1ljvnrgb7j023.cloudfront.net/files/1/55fca3457791cf2e3463/large
18102,,"Large lot of assorted scrap steel, includes various angle, various sizes of pipe, solid cut offs, C-...",,,5,7,2026-09-29T22:00:00Z,,,,Removal/loading,"Measure usable quantity; calculate dismantling, loading, transport and storage before bidding.",Catalog triaged; image inspection and valuation pending,https://d1ljvnrgb7j023.cloudfront.net/files/1/460833fbcbb9faeddb44/large
18103,,"(1) 65"" length x 33"" height x 30"" depth wood work bench with assorted scrap steel, steel cuts, plate...",,,5,9,2026-09-29T22:00:00Z,,,,Removal/loading,"Measure usable quantity; calculate dismantling, loading, transport and storage before bidding.",Catalog triaged; image inspection and valuation pending,https://d1ljvnrgb7j023.cloudfront.net/files/1/2057903e80f8f0892f6d/large
18104,,"(1) 48"" length x 34.5"" height x 24"" depth, 2-tier steel cart, (1) plastic step stool, (1) 26"" length...",,,100,6,2026-09-29T22:00:00Z,,,,,"Measure usable quantity; calculate dismantling, loading, transport and storage before bidding.",Catalog triaged; image inspection and valuation pending,https://d1ljvnrgb7j023.cloudfront.net/files/1/2879d22bb6b7068cb6c8/large
18105,,"Lot including (1) Lisle Jeepers Creepers, and (1) Pro Gear automotive creeper, and (2) approx. 6-ton...",,,5,5,2026-09-29T22:00:00Z,60,160,35,Safety inspection,Inspect creeper wheels and stands; stands are not presumed safe.,Provisional description-based estimate; all images and sold comps pending,https://d1ljvnrgb7j023.cloudfront.net/files/1/139062a0dec7a1036c4e/large
18106,,(1) Crewline automotive creeper with (2) approx. 6-ton capacity jack stands.,,,5,4,2026-09-29T22:00:00Z,,,,Safety inspection,Generic catalog triage only. Inspect details and likely demand before selecting a maximum bid.,Catalog triaged; image inspection and valuation pending,https://d1ljvnrgb7j023.cloudfront.net/files/1/356a0796802f76166264/large
18107,,"(2) NAPA Blue-Comfort, item #BK 815-6219, automotive creepers.",,,5,4,2026-09-29T22:00:00Z,,,,,Generic catalog triage only. Inspect details and likely demand before selecting a maximum bid.,Catalog triaged; image inspection and valuation pending,https://d1ljvnrgb7j023.cloudfront.net/files/1/cba191df30077fe82dfb/large
18108,,"(1) make and model unknown automotive creeper with a 30"" length x 33"" height x 16"" depth, 2-tier ser...",,,5,5,2026-09-29T22:00:00Z,,,,,Generic catalog triage only. Inspect details and likely demand before selecting a maximum bid.,Catalog triaged; image inspection and valuation pending,https://d1ljvnrgb7j023.cloudfront.net/files/1/85f5e2745cadddc08707/large
18109,,"(1) 32"" width x 57"" height x 19"" depth, 2-sided rolling display rack with contents, including variou...",,,5,9,2026-09-29T22:00:00Z,,,,,"Confirm sizing, date code, sidewall condition and usable tread; heavy local pickup costs.",Catalog triaged; image inspection and valuation pending,https://d1ljvnrgb7j023.cloudfront.net/files/1/07c3334544819c9dbe2e/large
18110,,"(1) Blue Point 30"" width x 32"" height x 16"" depth, 2-tier steel shop cart, and (1) Blue Point 30"" le...",,,5,9,2026-09-29T22:00:00Z,220,500,90,,"Two Blue Point carts; check locks, drawers and casters; bulky local resale.",Provisional description-based estimate; all images and sold comps pending,https://d1ljvnrgb7j023.cloudfront.net/files/1/67e94e19779bbc513582/large
18111,,(1) skid of assorted pump hose.,,,5,6,2026-09-29T22:00:00Z,,,,,"Function, leaks, motor condition and parts availability not independently verified.",Catalog triaged; image inspection and valuation pending,https://d1ljvnrgb7j023.cloudfront.net/files/1/63af03de33deee26861e/large
18112,,"(1) Gorman-Rupp portable centrifugal pump with a Wisconsin, model AENLD, gas engine, S/N 5076635, wo...",,,5,7,2026-09-29T22:00:00Z,,,,Function unverified,"Function, leaks, motor condition and parts availability not independently verified.",Catalog triaged; image inspection and valuation pending,https://d1ljvnrgb7j023.cloudfront.net/files/1/f323d3f12d9d4cf06be8/large
18113,,"(1) Homelite portable trash pump with a make and model unknown gas engine, engine is seized, does no...",,,5,6,2026-09-29T22:00:00Z,,,,Incomplete/defective per catalog,"Function, leaks, motor condition and parts availability not independently verified.",Catalog triaged; image inspection and valuation pending,https://d1ljvnrgb7j023.cloudfront.net/files/1/bcca1276c4f2a1b76f8a/large
18114,,"(1) Hobart, model 6-261, portable, tow-behind generator (250 amp, 40V), HP illegible, S/N 120W-45251...",,,5,13,2026-09-29T22:00:00Z,,,,Function unverified,"Verify power requirements, output, missing accessories, ownership of any cylinders and safe handling.",Catalog triaged; image inspection and valuation pending,https://d1ljvnrgb7j023.cloudfront.net/files/1/45254336113cb53992b3/large
18115,,"(1) gas powered 20"" x 16"" compactor with a Honda GX140, 5 HP gas engine, engine pulls through and ha...",,,5,5,2026-09-29T22:00:00Z,250,550,85,,"Honda-powered compactor; compression reported, operation unverified.",Provisional description-based estimate; all images and sold comps pending,https://d1ljvnrgb7j023.cloudfront.net/files/1/61f5d58e192ea7e82abe/large
18116,,"(1) 20"" x 16"" gas powered compactor with a 212cc Predator gas engine, engine pulls through and has c...",,,5,5,2026-09-29T22:00:00Z,160,370,50,,Predator-powered compactor; verify exciter and start cold.,Provisional description-based estimate; all images and sold comps pending,https://d1ljvnrgb7j023.cloudfront.net/files/1/0eb562583d9513d6fb9c/large
18117,,"(1) Stone, model 938, 20"" x 16"" gas powered compactor with a 212cc Predator gas engine, engine pulls...",,,5,8,2026-09-29T22:00:00Z,200,460,60,,Stone compactor; test engine and exciter.,Provisional description-based estimate; all images and sold comps pending,https://d1ljvnrgb7j023.cloudfront.net/files/1/634a5a14d6059378b0b9/large
18118,,"(1) Ramco Shop Hand 5000, 5000 lb. capacity engine hoist with extendable arm, and RM8000 long ram ja...",,,5,7,2026-09-29T22:00:00Z,180,400,70,Safety inspection,Ramco 5000-pound engine hoist; inspect structure and jack.,Provisional description-based estimate; all images and sold comps pending,https://d1ljvnrgb7j023.cloudfront.net/files/1/6df141850ebf2aa14f85/large
18119,,"(1) Ramco, model RS-90P, metal cutting band saw with approx. 16"" x 10"" cut area, S/N 12386, equipped...",,,5,10,2026-09-29T22:00:00Z,330,750,100,Function unverified,"Ramco metal bandsaw; verify motor input, cut accuracy and gearbox.",Provisional description-based estimate; all images and sold comps pending,https://d1ljvnrgb7j023.cloudfront.net/files/1/5f4aecd1ea6d1013be6e/large
18120,,"Large lot of assorted extension cords, work lights, and surge strips.",,,5,3,2026-09-29T22:00:00Z,70,160,25,,Assorted extension cords; inspect insulation and plugs.,Provisional description-based estimate; all images and sold comps pending,https://d1ljvnrgb7j023.cloudfront.net/files/1/69a320fcfe333dfae853/large
18121,,"(1) 22"" width x 35"" height x 18"" depth heavy duty steel cart with contents, including (1) hydraulic ...",,,5,7,2026-09-29T22:00:00Z,,,,Removal/loading,"Function, leaks, motor condition and parts availability not independently verified.",Catalog triaged; image inspection and valuation pending,https://d1ljvnrgb7j023.cloudfront.net/files/1/bfd72c56ccf8d6b2a940/large
18122,,"(1) 22"" width x 34"" height x 30"" depth steel tool box with assorted hand tools, includes adjustable ...",,,5,8,2026-09-29T22:00:00Z,,,,,"Measure usable quantity; calculate dismantling, loading, transport and storage before bidding.",Catalog triaged; image inspection and valuation pending,https://d1ljvnrgb7j023.cloudfront.net/files/1/92f2f49ae39079b5871f/large
18123,,"(1) Miller, model AED-200LE, constant current AC/DC arc welder/generator, S/N JH202466 (120/240V-5 K...",,,5,10,2026-09-29T22:00:00Z,400,900,130,Function unverified,Miller engine welder untested; test power and welding output; hauling required.,Provisional description-based estimate; all images and sold comps pending,https://d1ljvnrgb7j023.cloudfront.net/files/1/cd76125f5a383defb445/large
18124,,"(1) Miller, Millermatic 300, 3 phase MIG welder power source with Tweco MIG gun (no tank).",,,5,6,2026-09-29T22:00:00Z,,,,Industrial power; Fluids/storage,"Verify power requirements, output, missing accessories, ownership of any cylinders and safe handling.",Catalog triaged; image inspection and valuation pending,https://d1ljvnrgb7j023.cloudfront.net/files/1/3c5abad3d85675fd6bb0/large
18125,,"(1) Lincoln Ideal Arc 250 arc welder, 230-460V input, S/N AC390125, working condition unknown, inclu...",,,5,8,2026-09-29T22:00:00Z,,,,Function unverified; Industrial power,"Verify power requirements, output, missing accessories, ownership of any cylinders and safe handling.",Catalog triaged; image inspection and valuation pending,https://d1ljvnrgb7j023.cloudfront.net/files/1/212ff48ddb96b7b852cb/large
18126,,"(1) make and model unknown portable engine hoist with a RM8000 long Ram jack, and extendable hoist.",,,5,7,2026-09-29T22:00:00Z,,,,Safety inspection,"Do not assume lifting rating. Inspect safety tags, hooks and damaged chain before any use.",Catalog triaged; image inspection and valuation pending,https://d1ljvnrgb7j023.cloudfront.net/files/1/407385c6985e3739a320/large
18127,,"(1) oxygen/acetylene torch cart set up with approx. 20' of hose, built-in tool box, approx. 16"" diam...",,,5,3,2026-09-29T22:00:00Z,95,230,25,Incomplete/defective per catalog; Fluids/storage,Torch cart oxygen-only; tank ownership unverified; hose/regulator safety.,Provisional description-based estimate; all images and sold comps pending,https://d1ljvnrgb7j023.cloudfront.net/files/1/e92d4897cb04bb3d269c/large
18128,,"(1) oxygen/acetylene torch cart set up with approx. 20' of hose, 8"" diameter solid wheels, face mask...",,,5,5,2026-09-29T22:00:00Z,125,300,40,Incomplete/defective per catalog; Fluids/storage,"Torch cart with regulators, no acetylene cylinder; check cylinder ownership.",Provisional description-based estimate; all images and sold comps pending,https://d1ljvnrgb7j023.cloudfront.net/files/1/bfa1dd367cb03550efc9/large
18129,,"(1) custom fabricated, heavy duty engine stand on wheels.",,,5,6,2026-09-29T22:00:00Z,,,,Removal/loading,"Confirm sizing, date code, sidewall condition and usable tread; heavy local pickup costs.",Catalog triaged; image inspection and valuation pending,https://d1ljvnrgb7j023.cloudfront.net/files/1/18ab009c91e65fb8b800/large
18130,,"(1) Miller Dimension 650 CC/CV/DC arc welding power source, S/N KF790082, 230/460/575V, 3 phase inpu...",,,5,11,2026-09-29T22:00:00Z,,,,Incomplete/defective per catalog; Industrial power; Fluids/storage,"Verify power requirements, output, missing accessories, ownership of any cylinders and safe handling.",Catalog triaged; image inspection and valuation pending,https://d1ljvnrgb7j023.cloudfront.net/files/1/77320c933d62090896af/large
18131,,(1) skid of assorted welding wire.,,,5,6,2026-09-29T22:00:00Z,,,,,"Verify power requirements, output, missing accessories, ownership of any cylinders and safe handling.",Catalog triaged; image inspection and valuation pending,https://d1ljvnrgb7j023.cloudfront.net/files/1/6361d124050647d1b2ca/large
18132,,"(1) Buffalo Tools extendable 3/8"" air hose reel with assorted lengths of various air hose.",,,5,4,2026-09-29T22:00:00Z,,,,,Inspect completeness and function; favor items with practical use or straightforward resale.,Catalog triaged; image inspection and valuation pending,https://d1ljvnrgb7j023.cloudfront.net/files/1/11e153156cdfd947f661/large
18133,,"(1) new Predator Engines 212 CC OHV horizontal shaft gas engine in box, unopened.",,,5,5,2026-09-29T22:00:00Z,80,150,45,,Unopened Predator 212 engine; compare actual retail discount and model.,Provisional description-based estimate; all images and sold comps pending,https://d1ljvnrgb7j023.cloudfront.net/files/1/9523db230d4876fe16cc/large
18134,,"Lot including (1) approx. 20 gallon capacity grease can with 4-wheel base, and a Lincoln Engineering...",,,5,4,2026-09-29T22:00:00Z,,,,Fluids/storage,"Verify power requirements, output, missing accessories, ownership of any cylinders and safe handling.",Catalog triaged; image inspection and valuation pending,https://d1ljvnrgb7j023.cloudfront.net/files/1/170f3073ee3a90727ddb/large
18135,,"(1) Kendall, partially full 55-gallon drum of NS-MP HYPOID gear lubricant SAE85W-140 (approx. 1/4 fu...",,,5,5,2026-09-29T22:00:00Z,,,,Fluids/storage,"Function, leaks, motor condition and parts availability not independently verified.",Catalog triaged; image inspection and valuation pending,https://d1ljvnrgb7j023.cloudfront.net/files/1/b2b3fc6a090f5a2e6dcf/large
18136,,"(1) Craftsman 16-gallon capacity wet/dry vac, and (1) Master Mechanic approx. 6-gallon capacity, 1 p...",,,5,6,2026-09-29T22:00:00Z,,,,,Generic catalog triage only. Inspect details and likely demand before selecting a maximum bid.,Catalog triaged; image inspection and valuation pending,https://d1ljvnrgb7j023.cloudfront.net/files/1/c352c0f998cb996e6139/large
18137,,"Lot including (1) McCulloch gas powered chain saw with 20"" bar, bar cover, engine pulls through and ...",,,5,11,2026-09-29T22:00:00Z,,,,Fluids/storage; Safety inspection,"Do not assume lifting rating. Inspect safety tags, hooks and damaged chain before any use.",Catalog triaged; image inspection and valuation pending,https://d1ljvnrgb7j023.cloudfront.net/files/1/b989cdf2ea6819791bd8/large
18138,,"(1) Stihl, model unknown, gas powered 14"" concrete saw, engine pulls through and has compression, wo...",,,5,5,2026-09-29T22:00:00Z,220,550,70,Function unverified,"Stihl cutoff saw; test cold start, throttle and blade guard.",Provisional description-based estimate; all images and sold comps pending,https://d1ljvnrgb7j023.cloudfront.net/files/1/79ef331fc0bb2b6f58ff/large
18139,,"(1) Partner, model K700, Active III, approx. 12"" diameter gas powered concrete saw, engine pulls thr...",,,5,6,2026-09-29T22:00:00Z,,,,Function unverified,"Function, leaks, motor condition and parts availability not independently verified.",Catalog triaged; image inspection and valuation pending,https://d1ljvnrgb7j023.cloudfront.net/files/1/7049e3edcc3dc4075fb2/large
18140,,"Lot including (1) Ridgid 36"", (1) 24"", and (1) Fuller 18"" pipe wrench.",,,5,6,2026-09-29T22:00:00Z,,,,,"Confirm exact model, full contents, function and sold comparables; assess shipping time.",Catalog triaged; image inspection and valuation pending,https://d1ljvnrgb7j023.cloudfront.net/files/1/dc370598b21c65f10d20/large
18141,,"(1) approx. 16"", (1) Pipe Master 14"", (1) Ridgid 14"" (handle was broken and is welded), and (1) Till...",,,5,8,2026-09-29T22:00:00Z,,,,Incomplete/defective per catalog,"Confirm exact model, full contents, function and sold comparables; assess shipping time.",Catalog triaged; image inspection and valuation pending,https://d1ljvnrgb7j023.cloudfront.net/files/1/a40d5849d648b0e99504/large
18142,,"(1) Ridgid 36"" pipe wrench, (1) Ridgid 36"" (handle is broken to 12""), and (1) Ridgid 18"" pipe wrench...",,,5,6,2026-09-29T22:00:00Z,,,,Incomplete/defective per catalog,"Confirm exact model, full contents, function and sold comparables; assess shipping time.",Catalog triaged; image inspection and valuation pending,https://d1ljvnrgb7j023.cloudfront.net/files/1/8e5c9386bd35806fecd5/large
18143,,"(1) approx. 32"" pipe wrench, and (1) heavy duty chain style pipe wrench.",,,5,5,2026-09-29T22:00:00Z,,,,Removal/loading; Safety inspection,"Do not assume lifting rating. Inspect safety tags, hooks and damaged chain before any use.",Catalog triaged; image inspection and valuation pending,https://d1ljvnrgb7j023.cloudfront.net/files/1/4052ceade82b556e9d46/large
18144,,Lot of (3) various sledgehammers with wedged end.,,,5,6,2026-09-29T22:00:00Z,,,,,Generic catalog triage only. Inspect details and likely demand before selecting a maximum bid.,Catalog triaged; image inspection and valuation pending,https://d1ljvnrgb7j023.cloudfront.net/files/1/52487d63efe00b405a80/large
18145,,Lot of (5) various sledgehammers.,,,5,9,2026-09-29T22:00:00Z,,,,,Generic catalog triage only. Inspect details and likely demand before selecting a maximum bid.,Catalog triaged; image inspection and valuation pending,https://d1ljvnrgb7j023.cloudfront.net/files/1/ba62956127c0cf7fe612/large
18146,,"Lot of (2) approx. 8 lb. sledgehammers, 1 with wedged tip.",,,5,6,2026-09-29T22:00:00Z,,,,,Generic catalog triage only. Inspect details and likely demand before selecting a maximum bid.,Catalog triaged; image inspection and valuation pending,https://d1ljvnrgb7j023.cloudfront.net/files/1/6370108975822c06a8d2/large
18147,,"Lot of Bessey bar clamps, includes (2) approx. 12"", (8) approx. 12"", and (3) approx. 8"", some have b...",,,5,6,2026-09-29T22:00:00Z,75,170,25,,Bessey clamps; several modified; test screws and jaws.,Provisional description-based estimate; all images and sold comps pending,https://d1ljvnrgb7j023.cloudfront.net/files/1/67e9dd9351ae3b301a03/large
18148,,"Lot of assorted C-clamps, includes (3) 3"", (11) 4"", (3) 5"", (3) 6"", (1) 8"", and (2) 10"" C-clamps.",,,5,6,2026-09-29T22:00:00Z,55,130,20,,Mixed C-clamps; check screw threads and jaws.,Provisional description-based estimate; all images and sold comps pending,https://d1ljvnrgb7j023.cloudfront.net/files/1/fc9bb959de28c9cafd21/large
18149,,"(1) Power Pull 48"" mechanical lift jack.",,,5,7,2026-09-29T22:00:00Z,,,,,Generic catalog triage only. Inspect details and likely demand before selecting a maximum bid.,Catalog triaged; image inspection and valuation pending,https://d1ljvnrgb7j023.cloudfront.net/files/1/fd408a7be2fede7c6a7b/large
18150,,"(1) approx. 9' long, 4-leg steel wire lift sling.",,,5,6,2026-09-29T22:00:00Z,,,,Safety inspection,"Do not assume lifting rating. Inspect safety tags, hooks and damaged chain before any use.",Catalog triaged; image inspection and valuation pending,https://d1ljvnrgb7j023.cloudfront.net/files/1/215cf1a7dff87ef9bfd1/large
18151,,"Lot including (3) approx. 20' long chains with 3/8"" hooks, (3) 2"" tow straps (2 approx. 20' long, 1 ...",,,5,7,2026-09-29T22:00:00Z,105,250,45,Fluids/storage; Safety inspection,Chains and tow straps; inspect tags and damage; not automatically lifting-rated.,Provisional description-based estimate; all images and sold comps pending,https://d1ljvnrgb7j023.cloudfront.net/files/1/1ef372ddfc3da4bb5ae1/large
18152,,"(1) Makita, model 9306, 120V, single phase, 4"" bench grinder, working condition unknown, unit is unt...",,,5,5,2026-09-29T22:00:00Z,,,,Function unverified,Inspect completeness and function; favor items with practical use or straightforward resale.,Catalog triaged; image inspection and valuation pending,https://d1ljvnrgb7j023.cloudfront.net/files/1/ddf77c401ee84fd98671/large
18153,,"(1) RN, model 52PY 6/12/24V battery charger-100/80/50 amp, S/N 7241, includes jumper cables, working...",,,5,5,2026-09-29T22:00:00Z,,,,Function unverified,Generic catalog triage only. Inspect details and likely demand before selecting a maximum bid.,Catalog triaged; image inspection and valuation pending,https://d1ljvnrgb7j023.cloudfront.net/files/1/c8bed59489cc72812945/large
18154,,"Lot of assorted hammers, mallets, and sledgehammers.",,,5,6,2026-09-29T22:00:00Z,,,,,Generic catalog triage only. Inspect details and likely demand before selecting a maximum bid.,Catalog triaged; image inspection and valuation pending,https://d1ljvnrgb7j023.cloudfront.net/files/1/290b204ee4e6049fc012/large
18156,,"Large lot of assorted pipe threading and cutting tools, including dies, pipe cutters, (1) reamer, va...",,,5,4,2026-09-29T22:00:00Z,100,260,35,,Mixed pipe threading tools; verify usable die sets and heads.,Provisional description-based estimate; all images and sold comps pending,https://d1ljvnrgb7j023.cloudfront.net/files/1/ef9db441f4f94e83fbed/large
18157,,"Lot of assorted torch related items, includes (1) pair of Radnor insulated welding gloves, item #640...",,,5,7,2026-09-29T22:00:00Z,65,170,20,,Victor torch components; inspect valves and tip completeness.,Provisional description-based estimate; all images and sold comps pending,https://d1ljvnrgb7j023.cloudfront.net/files/1/4b80ac8f2fc33e45fd20/large
18158,,"(1) Craftsman, model 113.29943, 10"" table saw (120V, 3 phase input) with a 40"" width x 27"" depth tab...",,,5,9,2026-09-29T22:00:00Z,,,,Function unverified; Industrial power,Inspect completeness and function; favor items with practical use or straightforward resale.,Catalog triaged; image inspection and valuation pending,https://d1ljvnrgb7j023.cloudfront.net/files/1/e4fd4049eabfedb853e5/large
18159,,"(1) make and model unknown air powered, portable truck jack, capacity is unknown (label is illegible...",,,5,6,2026-09-29T22:00:00Z,,,,,Generic catalog triage only. Inspect details and likely demand before selecting a maximum bid.,Catalog triaged; image inspection and valuation pending,https://d1ljvnrgb7j023.cloudfront.net/files/1/14b9cc4929e50955bd28/large
18160,,"(1) 30-gallon grease pump with ARO air powered pump, and hose (no grease gun).",,,5,4,2026-09-29T22:00:00Z,,,,Fluids/storage,"Function, leaks, motor condition and parts availability not independently verified.",Catalog triaged; image inspection and valuation pending,https://d1ljvnrgb7j023.cloudfront.net/files/1/b0c2134d98974b7dc375/large
18161,,"Lot of (2) approx. 30-gallon grease pumps with (1) ARO air powered pump, and (1) make and model unk...",,,5,6,2026-09-29T22:00:00Z,,,,Fluids/storage,"Function, leaks, motor condition and parts availability not independently verified.",Catalog triaged; image inspection and valuation pending,https://d1ljvnrgb7j023.cloudfront.net/files/1/0d38aea8bf7cb90f35f7/large
18162,,"(1) make and model unknown portable blast pot with nozzle, and approx. 10' of hose, working conditio...",,,5,5,2026-09-29T22:00:00Z,,,,Function unverified,Generic catalog triage only. Inspect details and likely demand before selecting a maximum bid.,Catalog triaged; image inspection and valuation pending,https://d1ljvnrgb7j023.cloudfront.net/files/1/e827b0c9c1b90910f8c9/large
18163,,"(1) Multiquip, model GA-6RZ, 5500 watt, portable generator, with a Wisconsin, model WI-390, gas engi...",,,5,8,2026-09-29T22:00:00Z,260,600,85,Function unverified,Multiquip 5.5kW generator untested; verify output.,Provisional description-based estimate; all images and sold comps pending,https://d1ljvnrgb7j023.cloudfront.net/files/1/8e96efcc06e25b8c7553/large
18164,,"Large lot of assorted chain, includes (2) buckets of tire chains.",,,5,6,2026-09-29T22:00:00Z,,,,Safety inspection,"Do not assume lifting rating. Inspect safety tags, hooks and damaged chain before any use.",Catalog triaged; image inspection and valuation pending,https://d1ljvnrgb7j023.cloudfront.net/files/1/f8dd9111b8c7d59853ed/large
18165,,"Lot of power tools, includes (1) Rota-Speed 230/9"" metal cutting circular saw, (1) Ramset Dyna Drill...",,,5,9,2026-09-29T22:00:00Z,,,,Removal/loading,"Measure usable quantity; calculate dismantling, loading, transport and storage before bidding.",Catalog triaged; image inspection and valuation pending,https://d1ljvnrgb7j023.cloudfront.net/files/1/6ec43313ab7fd0a70f1b/large
18166,,"Lot including (1) Harrington 2-ton capacity, (1) Haul Master 3/4-ton capacity, and (1) Yale 1.5-ton ...",,,5,10,2026-09-29T22:00:00Z,140,340,50,Safety inspection,"Harrington/Yale lever hoists plus budget hoist; check load chain, hooks.",Provisional description-based estimate; all images and sold comps pending,https://d1ljvnrgb7j023.cloudfront.net/files/1/657d4cc707ae1a52359d/large
18167,,"Large lot of assorted heavy duty lift hooks, shackles, (1) block pulley, and miscellaneous other ite...",,,5,8,2026-09-29T22:00:00Z,,,,Removal/loading,"Do not assume lifting rating. Inspect safety tags, hooks and damaged chain before any use.",Catalog triaged; image inspection and valuation pending,https://d1ljvnrgb7j023.cloudfront.net/files/1/6f0684d28fb637a2c090/large
18168,,"Lot including (6) various ratcheting chain binders, and (5) mechanical chain binders, also a block p...",,,5,6,2026-09-29T22:00:00Z,,,,Safety inspection,"Do not assume lifting rating. Inspect safety tags, hooks and damaged chain before any use.",Catalog triaged; image inspection and valuation pending,https://d1ljvnrgb7j023.cloudfront.net/files/1/855c24ce3d3deb278ae8/large
18169,,"Lot of (2) unused 20' sections of chain with 3/8"" hook on either side.",,,5,5,2026-09-29T22:00:00Z,80,180,30,Safety inspection,Two purportedly unused 20-foot hooked chains; verify grade.,Provisional description-based estimate; all images and sold comps pending,https://d1ljvnrgb7j023.cloudfront.net/files/1/887b8e57c72eabe9ae99/large
18170,,"Lot of (2) unused 20' sections of chain with 3/8"" hook on either side.",,,5,5,2026-09-29T22:00:00Z,80,180,30,Safety inspection,Two purportedly unused 20-foot hooked chains; verify grade.,Provisional description-based estimate; all images and sold comps pending,https://d1ljvnrgb7j023.cloudfront.net/files/1/92884200907b4f9fb30b/large
18171,,"Lot of (2) unused 20' sections of chain with 3/8"" hook on either side.",,,5,5,2026-09-29T22:00:00Z,80,180,30,Safety inspection,Two purportedly unused 20-foot hooked chains; verify grade.,Provisional description-based estimate; all images and sold comps pending,https://d1ljvnrgb7j023.cloudfront.net/files/1/226c9c2402951161ffaa/large
18172,,"Lot of (2) unused 20' sections of chain with 3/8"" hook on either side.",,,5,5,2026-09-29T22:00:00Z,80,180,30,Safety inspection,Two purportedly unused 20-foot hooked chains; verify grade.,Provisional description-based estimate; all images and sold comps pending,https://d1ljvnrgb7j023.cloudfront.net/files/1/34b7069f2d81c03d3198/large
18173,,"(1) DeWalt, model DCGG571, 20V, rechargeable, cordless grease gun with (2) battery chargers (batteri...",,,5,5,2026-09-29T22:00:00Z,70,160,30,Incomplete/defective per catalog; Fluids/storage,DeWalt grease gun with chargers but no batteries; power-on test needed.,Provisional description-based estimate; all images and sold comps pending,https://d1ljvnrgb7j023.cloudfront.net/files/1/911ea87ba926c5e3b797/large
18174,,"(1) CLS Super Mite rotary laser level with a rod eye, and (2) model 9907 Accu-Sensors, includes alum...",,,5,7,2026-09-29T22:00:00Z,,,,Function unverified,Generic catalog triage only. Inspect details and likely demand before selecting a maximum bid.,Catalog triaged; image inspection and valuation pending,https://d1ljvnrgb7j023.cloudfront.net/files/1/3079ddc7fddd25bf95dc/large
18175,,"Lot including (1) Lasco Auto, model L1-A5, rotary laser, and (1) Lasco, model L2, rotary laser, both...",,,5,9,2026-09-29T22:00:00Z,,,,,Generic catalog triage only. Inspect details and likely demand before selecting a maximum bid.,Catalog triaged; image inspection and valuation pending,https://d1ljvnrgb7j023.cloudfront.net/files/1/633fe36193ac9aa4b99a/large
18176,,"(1) Leica Rugby 280DG rotary laser with padded case, aluminum tripod, and measuring stick, lot also ...",,,5,5,2026-09-29T22:00:00Z,280,700,90,,Leica rotary laser with receiver; test leveling and receiver accuracy.,Provisional description-based estimate; all images and sold comps pending,https://d1ljvnrgb7j023.cloudfront.net/files/1/67141a08ee70e5dab56b/large
18177,,(1) vintage brass and bronze surveyors transit with (2) wood leg/steel frame tripods.,,,5,4,2026-09-29T22:00:00Z,,,,,"Measure usable quantity; calculate dismantling, loading, transport and storage before bidding.",Catalog triaged; image inspection and valuation pending,https://d1ljvnrgb7j023.cloudfront.net/files/1/2dcc0d0600af61dd5a8b/large
18178,,"(1) make and model unknown surveyors transit with wood case, (1) wood tripod, (1) aluminum tripod, a...",,,5,6,2026-09-29T22:00:00Z,,,,,Inspect completeness and function; favor items with practical use or straightforward resale.,Catalog triaged; image inspection and valuation pending,https://d1ljvnrgb7j023.cloudfront.net/files/1/036486880cf6f4fe20c7/large
18179,,"(1) vintage brass and bronze surveyors transit (cracked glass) with wood case, aluminum tripod, and ...",,,5,6,2026-09-29T22:00:00Z,,,,,"Measure usable quantity; calculate dismantling, loading, transport and storage before bidding.",Catalog triaged; image inspection and valuation pending,https://d1ljvnrgb7j023.cloudfront.net/files/1/dea95bc06ad83c82da42/large
18180,,"(1) Laser Alignment, Inc., laser receiver with mounting bracket and case, in working condition, (1) ...",,,5,18,2026-09-29T22:00:00Z,,,,,"Measure usable quantity; calculate dismantling, loading, transport and storage before bidding.",Catalog triaged; image inspection and valuation pending,https://d1ljvnrgb7j023.cloudfront.net/files/1/88976300bcab665102c3/large
18181,,"Lot including (3) approx. 22"" diameter, 10-lug rims, (5) 22"" x 12"" rings, and (1) 18"" x 3.5"" ring.",,,5,7,2026-09-29T22:00:00Z,,,,,"Confirm sizing, date code, sidewall condition and usable tread; heavy local pickup costs.",Catalog triaged; image inspection and valuation pending,https://d1ljvnrgb7j023.cloudfront.net/files/1/11fc7b5da23016626276/large
18182,,Lot of (4) various size 385/65R 22.5 tubeless tires with 10-lug rims.,,,5,9,2026-09-29T22:00:00Z,,,,,"Confirm sizing, date code, sidewall condition and usable tread; heavy local pickup costs.",Catalog triaged; image inspection and valuation pending,https://d1ljvnrgb7j023.cloudfront.net/files/1/f1ee8d6f730b39399ce4/large
18183,,"Lot of (3) various size 285/75R 245, and (1) size 10.00-20 tires with rings.",,,5,6,2026-09-29T22:00:00Z,,,,,"Confirm sizing, date code, sidewall condition and usable tread; heavy local pickup costs.",Catalog triaged; image inspection and valuation pending,https://d1ljvnrgb7j023.cloudfront.net/files/1/88e309b6423f2b62f294/large
18184,,Lot of (5) various size 275/70R 22.5 tires with 10-lug rims.,,,5,10,2026-09-29T22:00:00Z,,,,,"Confirm sizing, date code, sidewall condition and usable tread; heavy local pickup costs.",Catalog triaged; image inspection and valuation pending,https://d1ljvnrgb7j023.cloudfront.net/files/1/7ff8ce630e28bacf0ecc/large
18185,,"Lot including (1) size 8.25R 15TR tire with ring, (1) size 235/85R16 tire with 8-lug rim, (1) size 9...",,,5,12,2026-09-29T22:00:00Z,,,,,"Confirm sizing, date code, sidewall condition and usable tread; heavy local pickup costs.",Catalog triaged; image inspection and valuation pending,https://d1ljvnrgb7j023.cloudfront.net/files/1/489ead164e57560494e8/large
18186,,"(1) hydraulic portable wheel cart, appears to be in working condition.",,,5,4,2026-09-29T22:00:00Z,,,,,"Confirm sizing, date code, sidewall condition and usable tread; heavy local pickup costs.",Catalog triaged; image inspection and valuation pending,https://d1ljvnrgb7j023.cloudfront.net/files/1/60f947a8c7eb4ac3ef49/large
18187,,"Lot including (1) Bosch 120V angle grinder with wire wheel, and (1) Bosch, model unknown, 8"", 120V s...",,,5,4,2026-09-29T22:00:00Z,,,,,Inspect completeness and function; favor items with practical use or straightforward resale.,Catalog triaged; image inspection and valuation pending,https://d1ljvnrgb7j023.cloudfront.net/files/1/49e36d27cf927e14c6d6/large
18188,,"Lot including (2) make and model unknown 3/8"" capacity electric drills, (1) Black &amp; Decker, mode...",,,5,12,2026-09-29T22:00:00Z,,,,,"Confirm exact model, full contents, function and sold comparables; assess shipping time.",Catalog triaged; image inspection and valuation pending,https://d1ljvnrgb7j023.cloudfront.net/files/1/b822614f2dfedde1d85d/large
18189,,"Lot including (3) Matabo, 120V angle grinders, (1) Makita, model 9508BH, 4.5"" disc grinder (switch n...",,,5,7,2026-09-29T22:00:00Z,,,,,Inspect completeness and function; favor items with practical use or straightforward resale.,Catalog triaged; image inspection and valuation pending,https://d1ljvnrgb7j023.cloudfront.net/files/1/aa786e68b380fca46263/large
18190,,"(1) Radnor, model 250M123035, 250 amp Tweco style MIG gun with 12' hose.",,,5,6,2026-09-29T22:00:00Z,,,,,Generic catalog triage only. Inspect details and likely demand before selecting a maximum bid.,Catalog triaged; image inspection and valuation pending,https://d1ljvnrgb7j023.cloudfront.net/files/1/bdbbd389a82a931d2ae5/large
18191,,"(1) K.R. Wilson, model 6050B, flat head cylinder head cutter valve, 1940S with wood case and paperwo...",,,5,5,2026-09-29T22:00:00Z,,,,,Generic catalog triage only. Inspect details and likely demand before selecting a maximum bid.,Catalog triaged; image inspection and valuation pending,https://d1ljvnrgb7j023.cloudfront.net/files/1/0a7fa8e812607cd79283/large
18192,,"Lot including (1) Milwaukee Sawzall with steel case, and (1) Milwaukee, Cat #5211, 120V grinder.",,,5,5,2026-09-29T22:00:00Z,,,,,"Confirm exact model, full contents, function and sold comparables; assess shipping time.",Catalog triaged; image inspection and valuation pending,https://d1ljvnrgb7j023.cloudfront.net/files/1/5a9789c7990dde74a3df/large
18193,,"(1) Milwaukee, Cat #1675-1, heavy duty hole hawg drill with steel case.",,,5,4,2026-09-29T22:00:00Z,125,275,50,Removal/loading,Milwaukee Hole Hawg; test chuck and gearing; heavy shipment.,Provisional description-based estimate; all images and sold comps pending,https://d1ljvnrgb7j023.cloudfront.net/files/1/4cbbfea023c534dfc57a/large
18194,,"(1) Bench mount 4"" hand grinder, and (1) manual bench mount drill with steel case.",,,5,6,2026-09-29T22:00:00Z,,,,,"Measure usable quantity; calculate dismantling, loading, transport and storage before bidding.",Catalog triaged; image inspection and valuation pending,https://d1ljvnrgb7j023.cloudfront.net/files/1/db5c14def7ec74342379/large
18195,,"(1) 3/8"" reversable, 120V electric drill with 3/8"" keyless chuck, (1) Makita, model 6013B, 15V, 13mm...",,,5,8,2026-09-29T22:30:00Z,,,,Removal/loading,Inspect completeness and function; favor items with practical use or straightforward resale.,Catalog triaged; image inspection and valuation pending,https://d1ljvnrgb7j023.cloudfront.net/files/1/bccd9acc41d1a9302fc1/large
18196,,"(1) SPX OTC, item #5038, break anchor pin/bushing set with high-impact plastic case.",,,5,5,2026-09-29T22:30:00Z,,,,,Generic catalog triage only. Inspect details and likely demand before selecting a maximum bid.,Catalog triaged; image inspection and valuation pending,https://d1ljvnrgb7j023.cloudfront.net/files/1/0a32865263ffc749a15d/large
18197,,"(1) Kar Products, 20"" width x 8"" height x 17"" depth, 2-drawer hardware storage unit, with assorted t...",,,5,18,2026-09-29T22:30:00Z,110,270,40,,Tap/die cabinet; check tap condition and completeness.,Provisional description-based estimate; all images and sold comps pending,https://d1ljvnrgb7j023.cloudfront.net/files/1/8ad875cc40ff8a3ef168/large
18198,,"(1) T &amp; E, #A772A, 8-piece interchangeable long reach chisel and punch set with high-impact plas...",,,5,6,2026-09-29T22:30:00Z,,,,,Generic catalog triage only. Inspect details and likely demand before selecting a maximum bid.,Catalog triaged; image inspection and valuation pending,https://d1ljvnrgb7j023.cloudfront.net/files/1/802d13480a50902ecd9f/large
18199,,"(1) make and model unknown, 120V collet type bench top electric threader.",,,5,7,2026-09-29T22:30:00Z,,,,,Generic catalog triage only. Inspect details and likely demand before selecting a maximum bid.,Catalog triaged; image inspection and valuation pending,https://d1ljvnrgb7j023.cloudfront.net/files/1/9ceb79692939b2276ba7/large
18200,,"Lot including (1) Ramset air actuated tool with steel case, (1) Ramset 610 Dyna drill with bits, ste...",,,5,7,2026-09-29T22:30:00Z,,,,,"Measure usable quantity; calculate dismantling, loading, transport and storage before bidding.",Catalog triaged; image inspection and valuation pending,https://d1ljvnrgb7j023.cloudfront.net/files/1/ce4d0eb7f4d9aafcd43b/large
18201,,"(1) approx. 10-gallon capacity, portable auxiliary air tank, and (1) approx. 2-gallon capacity, valv...",,,5,6,2026-09-29T22:30:00Z,,,,Fluids/storage,Generic catalog triage only. Inspect details and likely demand before selecting a maximum bid.,Catalog triaged; image inspection and valuation pending,https://d1ljvnrgb7j023.cloudfront.net/files/1/9360211d2604f08d8001/large
18202,,"(1) Solar, model 660, Fleet 6/12/24V battery charger/starter, working condition unknown.",,,5,8,2026-09-29T22:30:00Z,,,,Function unverified,Generic catalog triage only. Inspect details and likely demand before selecting a maximum bid.,Catalog triaged; image inspection and valuation pending,https://d1ljvnrgb7j023.cloudfront.net/files/1/661a046c4fd3b2960dfa/large
18203,,(1) manual hydraulic ram tool with steel case.,,,5,5,2026-09-29T22:30:00Z,,,,,"Function, leaks, motor condition and parts availability not independently verified.",Catalog triaged; image inspection and valuation pending,https://d1ljvnrgb7j023.cloudfront.net/files/1/6052b48378e628ad46a0/large
18204,,Entire shelf of various large wrenches and spanner wrenches.,,,5,8,2026-09-29T22:30:00Z,,,,,"Confirm sizing, date code, sidewall condition and usable tread; heavy local pickup costs.",Catalog triaged; image inspection and valuation pending,https://d1ljvnrgb7j023.cloudfront.net/files/1/8e92f85de50dc5a171b5/large
18205,,"(1) make and model unknown, 120V, single phase MAG drill with wood case, working condition unknown.",,,5,5,2026-09-29T22:30:00Z,,,,Function unverified,Inspect completeness and function; favor items with practical use or straightforward resale.,Catalog triaged; image inspection and valuation pending,https://d1ljvnrgb7j023.cloudfront.net/files/1/aaa6bbb127fd8b6ec935/large
18206,,"Lot including (1) make and model unknown heavy duty drill with Jacobs 3/4"" capacity chuck, (1) Milwa...",,,5,5,2026-09-29T22:30:00Z,,,,Removal/loading,"Confirm exact model, full contents, function and sold comparables; assess shipping time.",Catalog triaged; image inspection and valuation pending,https://d1ljvnrgb7j023.cloudfront.net/files/1/59b098f802d0ecb07faa/large
18207,,"Lot including (1) Keson, model RR318N, portable roller type measuring tool, (2) 300' tape measures, ...",,,5,6,2026-09-29T22:30:00Z,,,,,Inspect completeness and function; favor items with practical use or straightforward resale.,Catalog triaged; image inspection and valuation pending,https://d1ljvnrgb7j023.cloudfront.net/files/1/fbbdf1a66cc91d445444/large
18208,,"Lot including (1) Werner 4' fiberglass and aluminum step ladder, and (1) Werner 6' fiberglass and al...",,,5,5,2026-09-29T22:30:00Z,,,,,Inspect completeness and function; favor items with practical use or straightforward resale.,Catalog triaged; image inspection and valuation pending,https://d1ljvnrgb7j023.cloudfront.net/files/1/489262b09799d2e9d7b8/large
18209,,"(1) Coats, model 1010, Super Powermate tire changer with assorted tools, working condition unknown.",,,5,4,2026-09-29T22:30:00Z,180,480,50,Function unverified,Coats tire changer untested; test operation and loading logistics.,Provisional description-based estimate; all images and sold comps pending,https://d1ljvnrgb7j023.cloudfront.net/files/1/a991a3aff45629c3a1f6/large
18210,,Lot of (2) 3-phase extension cords.,,,5,4,2026-09-29T22:30:00Z,,,,Industrial power,Generic catalog triage only. Inspect details and likely demand before selecting a maximum bid.,Catalog triaged; image inspection and valuation pending,https://d1ljvnrgb7j023.cloudfront.net/files/1/2fdcfee35215854e3a50/large
18211,,"Lot including (1) Milwaukee, Cat #2864-29, 3/4"" square ring, 18V rechargeable impact wrench, (1) Mil...",,,5,7,2026-09-29T22:30:00Z,230,520,100,,Milwaukee M18 impact/driver/battery bundle; load-test batteries.,Provisional description-based estimate; all images and sold comps pending,https://d1ljvnrgb7j023.cloudfront.net/files/1/b506a8d78fda95bbd58b/large
18212,,"Lot including (3) Motorola Radius 2-way radios with (1) Regency monitor radio/scanner, (1) Motorola ...",,,5,7,2026-09-29T22:30:00Z,,,,,"Function, leaks, motor condition and parts availability not independently verified.",Catalog triaged; image inspection and valuation pending,https://d1ljvnrgb7j023.cloudfront.net/files/1/7b7f9e55327c75ba3f9d/large
18213,,"Lot including (1) Snap-On, model CT561CL, 7.2V rechargeable screwdriver with charger, battery, and c...",,,5,5,2026-09-29T22:30:00Z,,,,,"Confirm exact model, full contents, function and sold comparables; assess shipping time.",Catalog triaged; image inspection and valuation pending,https://d1ljvnrgb7j023.cloudfront.net/files/1/ceee9c7b940e80304f3d/large
18214,,"(1) set of pallet racking, includes (2) 48"" width x 72.5"" height uprights, and (4) 46"" beams, conten...",,,5,3,2026-09-29T22:30:00Z,,,,Incomplete/defective per catalog,"Measure usable quantity; calculate dismantling, loading, transport and storage before bidding.",Catalog triaged; image inspection and valuation pending,https://d1ljvnrgb7j023.cloudfront.net/files/1/83673b87529cc1c4d59c/large
18215,,"(1) make and model unknown radial arm drill with approx. 48"" arm, approx. 12"" x 84"" column, 25.5"" wi...",,,5,13,2026-09-29T22:30:00Z,,,,Function unverified; Removal/loading,"Measure usable quantity; calculate dismantling, loading, transport and storage before bidding.",Catalog triaged; image inspection and valuation pending,https://d1ljvnrgb7j023.cloudfront.net/files/1/328f6ce29b83dd9e29f4/large
18216,,"(1) Gardner-Denver, model ADD-608961011, approx. 60-gallon capacity air compressor with a 230/460V, ...",,,5,5,2026-09-29T22:30:00Z,220,540,65,Function unverified; Industrial power; Removal/loading,"Three-phase Gardner-Denver compressor; verify motor and compressor, removal costs.",Provisional description-based estimate; all images and sold comps pending,https://d1ljvnrgb7j023.cloudfront.net/files/1/113d83bad261cf01b522/large
18217,,Large lot of assorted ratchet straps and tow straps.,,,5,8,2026-09-29T22:30:00Z,80,200,30,Safety inspection,"Assorted tie-down straps; only undamaged, labeled straps have load use.",Provisional description-based estimate; all images and sold comps pending,https://d1ljvnrgb7j023.cloudfront.net/files/1/af361ed8017809e12bcf/large
18218,,"Entire content of items shown on wall and in wood shelf, includes assorted hammers, rakes, pickaxes,...",,,5,9,2026-09-29T22:30:00Z,,,,Removal/loading,"Confirm sizing, date code, sidewall condition and usable tread; heavy local pickup costs.",Catalog triaged; image inspection and valuation pending,https://d1ljvnrgb7j023.cloudfront.net/files/1/dfe3cdf6e3b2781e86a0/large
18219,,"Lot including contents of 60"" width x 54"" height x 10"" depth storage unit with 35 divided compartmen...",,,5,15,2026-09-29T22:30:00Z,,,,Removal/loading,"Measure usable quantity; calculate dismantling, loading, transport and storage before bidding.",Catalog triaged; image inspection and valuation pending,https://d1ljvnrgb7j023.cloudfront.net/files/1/e6181424706b7c9ecc84/large
18220,,"(2) 38"" width x 14"" height x 9.5"" depth wood tool boxes, 1 with assorted trowels, 1 with various con...",,,5,7,2026-09-29T22:30:00Z,,,,,Inspect completeness and function; favor items with practical use or straightforward resale.,Catalog triaged; image inspection and valuation pending,https://d1ljvnrgb7j023.cloudfront.net/files/1/f537e5a150e7d7e7837b/large
18221,,"(1) First Jefferson Tool, approx. 4.5"" heavy duty bench vise with rotating base.",,,5,4,2026-09-29T22:30:00Z,50,130,22,Removal/loading,Heavy shop vise; inspect cracked casting and swivel.,Provisional description-based estimate; all images and sold comps pending,https://d1ljvnrgb7j023.cloudfront.net/files/1/38e66db208f0eb87e9cd/large
18222,,"Lot of (10) 53"" width x 48"" height x 48"" depth stackable steel racks, winning bidder responsible for...",,,5,5,2026-09-29T22:30:00Z,,,,Removal/loading,"Measure usable quantity; calculate dismantling, loading, transport and storage before bidding.",Catalog triaged; image inspection and valuation pending,https://d1ljvnrgb7j023.cloudfront.net/files/1/70f3a2ef413a0a5e72c2/large
18400,,"(1) Snap-On 50.5"" width x 24"" height x 21.5"" depth 10-drawer tool cabinet with a 50"" width x 38"" hei...",,,5,23,2026-09-29T22:30:00Z,1200,3200,400,,"Snap-On large cabinet stack; inspect model, drawers, rust and transport.",Provisional description-based estimate; all images and sold comps pending,https://d1ljvnrgb7j023.cloudfront.net/files/1/8aabf24a2e0cdb1ea6cb/large
18401,,"Lot including (1) set of 3/8"" drive Snap-On swivel sockets, sizes 3/8"" up to 3/4"", (1) Snap-On appro...",,,5,5,2026-09-29T22:30:00Z,150,300,55,,"Snap-On swivel sockets; check count, genuine marks and condition.",Provisional description-based estimate; all images and sold comps pending,https://d1ljvnrgb7j023.cloudfront.net/files/1/24711f81cc4bcc9f1ff7/large
18402,,"Set of Snap-On 1/4"" drive, 12 pt. sockets with ratchet with removable head, (1) set of Snap-On 1/4"" ...",,,5,5,2026-09-29T22:30:00Z,200,420,80,,Snap-On 1/4 and 3/8 socket groups; count sizes and ratchet operation.,Provisional description-based estimate; all images and sold comps pending,https://d1ljvnrgb7j023.cloudfront.net/files/1/735b8d6f7afcaf9c272f/large
18403,,"Lot of assorted 1/2"" drive Snap-On sockets, sizes range between 3/8"" drive and 1 1/8"" drive, and (1)...",,,5,5,2026-09-29T22:30:00Z,,,,Incomplete/defective per catalog,"Verify genuine markings, missing sizes and condition; branded lots may attract competition.",Catalog triaged; image inspection and valuation pending,https://d1ljvnrgb7j023.cloudfront.net/files/1/202aac402f698ee49a7a/large
18404,,"Lot of Snap-On impact sockets, includes 3/8"" drive, sizes 5/16"" up to 1"", (1) set of Snap-On 1/2"" dr...",,,5,4,2026-09-29T22:30:00Z,230,520,95,,Multiple Snap-On impact socket groups; check cracks and sizes.,Provisional description-based estimate; all images and sold comps pending,https://d1ljvnrgb7j023.cloudfront.net/files/1/0792055abf5b26ff72ab/large
18405,,"Set of Snap-On 3/8"" drive sockets, sizes range between 1/4"" up to 7/8"", (1) set of Snap-On 3/8"" driv...",,,5,4,2026-09-29T22:30:00Z,200,460,80,,Snap-On shallow/deep 3/8 sets; check missing sizes.,Provisional description-based estimate; all images and sold comps pending,https://d1ljvnrgb7j023.cloudfront.net/files/1/d27f370562dcf154e8aa/large
18406,,"(2) sets of Snap-On deep impact sockets, both 3/8"" drive, 1 has sizes 17mm up to 27mm, 1 has sizes 9...",,,5,5,2026-09-29T22:30:00Z,200,410,75,,Two deep impact sets; check metric/SAE completeness.,Provisional description-based estimate; all images and sold comps pending,https://d1ljvnrgb7j023.cloudfront.net/files/1/ba41206670f3f667859f/large
18407,,"Lot of assorted Snap-On sockets with (4) holders, includes 1/2"" and 3/8"" drive sockets.",,,5,6,2026-09-29T22:30:00Z,,,,,"Verify genuine markings, missing sizes and condition; branded lots may attract competition.",Catalog triaged; image inspection and valuation pending,https://d1ljvnrgb7j023.cloudfront.net/files/1/73654c12c5bb29627cdd/large
18408,,"Lot including (1) set of Snap-On sockets (1/4"" drive, 3/8"" drive, and 1/2"" drive), 1/4"" sizes from 4...",,,5,8,2026-09-29T22:30:00Z,280,640,120,,Several Snap-On sets plus ratchet; count all sizes individually.,Provisional description-based estimate; all images and sold comps pending,https://d1ljvnrgb7j023.cloudfront.net/files/1/b407d47a1d7c02f1545f/large
18409,,"(1) Snap-On swivel head 1/4"" drive ratchet, and (1) Snap-On swivel head 3/8"" drive ratchet.",,,5,5,2026-09-29T22:30:00Z,95,220,40,,Two Snap-On swivel ratchets; verify head and pawls.,Provisional description-based estimate; all images and sold comps pending,https://d1ljvnrgb7j023.cloudfront.net/files/1/6ba4e54f575609b35cfa/large
18410,,"(1) Snap-On 1/4"" drive socket set with ratchet, 2"", 4"", and 6"" extension, 5"" swivel head breaker, sw...",,,5,5,2026-09-29T22:30:00Z,170,340,65,,Cased Snap-On quarter-inch set; inspect completeness.,Provisional description-based estimate; all images and sold comps pending,https://d1ljvnrgb7j023.cloudfront.net/files/1/33bdfdfc4c4a1bc79f66/large
18411,,"(1) Snap-On 1/2"" drive extension set with 1/2"" drive Snap-On ratchet.",,,5,7,2026-09-29T22:30:00Z,,,,,"Verify genuine markings, missing sizes and condition; branded lots may attract competition.",Catalog triaged; image inspection and valuation pending,https://d1ljvnrgb7j023.cloudfront.net/files/1/3cb9aa58c13969133e25/large
18412,,"Lot including (1) 1/2"" drive Snap-On ratchet with 8"" handle, (1) 1/2"" drive Snap-On ratchet with 12""...",,,5,7,2026-09-29T22:30:00Z,115,260,45,,Snap-On half-inch ratchets and breaker bar; test mechanisms.,Provisional description-based estimate; all images and sold comps pending,https://d1ljvnrgb7j023.cloudfront.net/files/1/7b30a3abc9893170e488/large
18413,,"(1) Snap-On 1/2"" drive ratchet with Snap-On 3/8"" drive swivel head angle handle ratchet.",,,5,6,2026-09-29T22:30:00Z,,,,,"Verify genuine markings, missing sizes and condition; branded lots may attract competition.",Catalog triaged; image inspection and valuation pending,https://d1ljvnrgb7j023.cloudfront.net/files/1/a94a8bac6ae89867d95b/large
18414,,"(2) Snap-On 3/8"" drive extension sets with 3/8"" drive ratchet.",,,5,10,2026-09-29T22:30:00Z,,,,,"Verify genuine markings, missing sizes and condition; branded lots may attract competition.",Catalog triaged; image inspection and valuation pending,https://d1ljvnrgb7j023.cloudfront.net/files/1/29115f792ff32da29452/large
18415,,"(1) lot of Snap-On hex head tool sockets (3/8"" drive, 1/2"" drive, and impact), (1) set of Snap-On To...",,,5,9,2026-09-29T22:30:00Z,,,,,"Verify genuine markings, missing sizes and condition; branded lots may attract competition.",Catalog triaged; image inspection and valuation pending,https://d1ljvnrgb7j023.cloudfront.net/files/1/4aba3ca8e64bdeb0d40a/large
18416,,"Lot of Snap-On 1/2"" and 3/8"" drive crow foot wrench heads.",,,5,10,2026-09-29T22:30:00Z,,,,,"Verify genuine markings, missing sizes and condition; branded lots may attract competition.",Catalog triaged; image inspection and valuation pending,https://d1ljvnrgb7j023.cloudfront.net/files/1/30eacb4fae6e6b64c9b4/large
18417,,"Set of Snap-On wrenches, size 9/32"" up to 3/4"", (1) set of Snap-On stubby wrenches, sizes 7/16"", 1/2...",,,5,6,2026-09-29T22:30:00Z,230,480,85,,Snap-On standard/stubby/metric wrench groups; verify set continuity.,Provisional description-based estimate; all images and sold comps pending,https://d1ljvnrgb7j023.cloudfront.net/files/1/de68a161b9a8cd25651d/large
18418,,"Lot of 3/8"" and 1/2"" drive Snap-On tube sockets, set of Snap-On 3/8"" drive crow foot sockets, sizes ...",,,5,7,2026-09-29T22:30:00Z,,,,,"Verify genuine markings, missing sizes and condition; branded lots may attract competition.",Catalog triaged; image inspection and valuation pending,https://d1ljvnrgb7j023.cloudfront.net/files/1/2376ff412ea29a219231/large
18419,,"Set of Snap-On wrenches, sizes 3/4"" up to 1"", and (1) set of Snap-On wrenches, sizes 7/16"" up to 5/8...",,,5,5,2026-09-29T22:30:00Z,,,,,"Verify genuine markings, missing sizes and condition; branded lots may attract competition.",Catalog triaged; image inspection and valuation pending,https://d1ljvnrgb7j023.cloudfront.net/files/1/56516e238d5076f7e6b2/large
18420,,"Set of Snap-On combination box end wrenches, sizes 3/8"" up to 3/4"", and (1) combination curve Snap-O...",,,5,5,2026-09-29T22:30:00Z,,,,,"Verify genuine markings, missing sizes and condition; branded lots may attract competition.",Catalog triaged; image inspection and valuation pending,https://d1ljvnrgb7j023.cloudfront.net/files/1/69462e41fa646ddf7b64/large
18421,,"Set of Snap-On metric wrenches, size 10mm up to 19mm.",,,5,5,2026-09-29T22:30:00Z,140,310,55,,Snap-On metric wrenches 10–19mm; check complete matched set.,Provisional description-based estimate; all images and sold comps pending,https://d1ljvnrgb7j023.cloudfront.net/files/1/c9d868350a16caeaeab1/large
18422,,"Set of Snap-On combination wrenches, sizes 5/16"" up to 7/8"".",,,5,5,2026-09-29T22:30:00Z,,,,,"Verify genuine markings, missing sizes and condition; branded lots may attract competition.",Catalog triaged; image inspection and valuation pending,https://d1ljvnrgb7j023.cloudfront.net/files/1/d747a1e8d7b859be5a55/large
18423,,"Lot of Snap-On wrenches, sizes ranging between 7/16"" and 1 1/4"".",,,5,5,2026-09-29T22:30:00Z,,,,,"Verify genuine markings, missing sizes and condition; branded lots may attract competition.",Catalog triaged; image inspection and valuation pending,https://d1ljvnrgb7j023.cloudfront.net/files/1/8509099704ade4d5e9fe/large
18424,,"Lot with (2) boxes of Snap-On angle head wrenches, sizes 3/8"" up to 1 1/2"".",,,5,6,2026-09-29T22:30:00Z,,,,,"Verify genuine markings, missing sizes and condition; branded lots may attract competition.",Catalog triaged; image inspection and valuation pending,https://d1ljvnrgb7j023.cloudfront.net/files/1/5bb61cee6fc236abaf98/large
18425,,"Set of Snap-On ratcheting combination end wrenches, sizes 3/8"" up to 3/4"", and (1) metric 13/15mm ra...",,,5,5,2026-09-29T22:30:00Z,150,330,55,,Snap-On ratcheting wrenches; test every ratchet.,Provisional description-based estimate; all images and sold comps pending,https://d1ljvnrgb7j023.cloudfront.net/files/1/40d3d79079aed031f688/large
18426,,"Lot of (4) Snap-On heavy duty long wrenches, sizes 11/16"" up to 2"", lengths are 20"" up to 24"".",,,5,6,2026-09-29T22:30:00Z,,,,Removal/loading,"Verify genuine markings, missing sizes and condition; branded lots may attract competition.",Catalog triaged; image inspection and valuation pending,https://d1ljvnrgb7j023.cloudfront.net/files/1/5aa7705072e97481cb9b/large
18427,,"Set of Snap-On wrenches, sizes 1 5/16"" up to 1 5/8"".",,,5,6,2026-09-29T22:30:00Z,,,,,"Verify genuine markings, missing sizes and condition; branded lots may attract competition.",Catalog triaged; image inspection and valuation pending,https://d1ljvnrgb7j023.cloudfront.net/files/1/52fd96de8045c0f0ba9d/large
18428,,"(1) Snap-On 1/2"" drive swivel head, dial type torque wrench, model TQFR250D, with case, and (1) Snap...",,,5,8,2026-09-29T22:30:00Z,190,430,70,,Two dial-type Snap-On torque wrenches; calibration unverified.,Provisional description-based estimate; all images and sold comps pending,https://d1ljvnrgb7j023.cloudfront.net/files/1/65c607a31d4423a29e8e/large
18429,,(1) lot of Snap-On green handle screwdrivers.,,,5,6,2026-09-29T22:30:00Z,65,150,27,,Snap-On green screwdrivers; inspect worn tips.,Provisional description-based estimate; all images and sold comps pending,https://d1ljvnrgb7j023.cloudfront.net/files/1/93158cfad368f149a73b/large
18430,,(1) lot of Snap-On black handle screwdrivers.,,,5,6,2026-09-29T22:30:00Z,,,,,"Verify genuine markings, missing sizes and condition; branded lots may attract competition.",Catalog triaged; image inspection and valuation pending,https://d1ljvnrgb7j023.cloudfront.net/files/1/29fe47271dc60ec62f97/large
18431,,(1) set of Snap-On mini-screwdrivers with vinyl carrying case.,,,5,5,2026-09-29T22:30:00Z,,,,,"Verify genuine markings, missing sizes and condition; branded lots may attract competition.",Catalog triaged; image inspection and valuation pending,https://d1ljvnrgb7j023.cloudfront.net/files/1/b9d1f7a896c011830506/large
18432,,Lot of Snap-On pick tools.,,,5,6,2026-09-29T22:30:00Z,,,,,"Verify genuine markings, missing sizes and condition; branded lots may attract competition.",Catalog triaged; image inspection and valuation pending,https://d1ljvnrgb7j023.cloudfront.net/files/1/bdee85bbd378cba12b40/large
18433,,Lot of assorted Snap-On pry bars with handles.,,,5,8,2026-09-29T22:30:00Z,,,,,"Verify genuine markings, missing sizes and condition; branded lots may attract competition.",Catalog triaged; image inspection and valuation pending,https://d1ljvnrgb7j023.cloudfront.net/files/1/7553f938fe0023b3486d/large
18434,,"Lot including (1) Snap-On, model HBFE56, dead blow hammer, (1) Snap-On, model HBFE48, dead blow hamm...",,,5,6,2026-09-29T22:30:00Z,,,,,"Verify genuine markings, missing sizes and condition; branded lots may attract competition.",Catalog triaged; image inspection and valuation pending,https://d1ljvnrgb7j023.cloudfront.net/files/1/9d264d36524c60b6bab2/large
18435,,Lot of (8) Snap-On heavy duty pry bar tools.,,,5,4,2026-09-29T22:30:00Z,155,395,67,Removal/loading,Eight Snap-On pry bars; check bends and handles.,Provisional description-based estimate; all images and sold comps pending,https://d1ljvnrgb7j023.cloudfront.net/files/1/0b0ff60b73950f42e395/large
18436,,Lot of assorted Snap-On chisels and punch tools.,,,5,6,2026-09-29T22:30:00Z,,,,,"Verify genuine markings, missing sizes and condition; branded lots may attract competition.",Catalog triaged; image inspection and valuation pending,https://d1ljvnrgb7j023.cloudfront.net/files/1/47b104efb124d96761e0/large
18437,,"Lot including (1) Snap-On, model MG325, 3/8"" drive air impact tool, (2) Snap-On air chisel tools, an...",,,5,8,2026-09-29T22:30:00Z,110,300,45,,Snap-On air impact/chisels; air-test each.,Provisional description-based estimate; all images and sold comps pending,https://d1ljvnrgb7j023.cloudfront.net/files/1/09f8388988a7a98366d5/large
18438,,"(1) Snap-On 3/8"" drive air ratchet.",,,5,5,2026-09-29T22:30:00Z,,,,,"Verify genuine markings, missing sizes and condition; branded lots may attract competition.",Catalog triaged; image inspection and valuation pending,https://d1ljvnrgb7j023.cloudfront.net/files/1/80bb8a3f26bf831c6d68/large
18439,,"(1) Snap-On, model PH3050A, air chisel with assorted bits.",,,5,6,2026-09-29T22:30:00Z,,,,,"Verify genuine markings, missing sizes and condition; branded lots may attract competition.",Catalog triaged; image inspection and valuation pending,https://d1ljvnrgb7j023.cloudfront.net/files/1/84898d8881efaf61776e/large
18440,,"(1) set of Snap-On, model RTD33, rethreading kit with case.",,,5,7,2026-09-29T22:30:00Z,,,,,"Verify genuine markings, missing sizes and condition; branded lots may attract competition.",Catalog triaged; image inspection and valuation pending,https://d1ljvnrgb7j023.cloudfront.net/files/1/c5293ae6c1c80c4c6346/large
18441,,"(1) Snap-On, model A257, 28-piece bushing driver set, appears to be complete, with case.",,,5,5,2026-09-29T22:30:00Z,,,,,"Verify genuine markings, missing sizes and condition; branded lots may attract competition.",Catalog triaged; image inspection and valuation pending,https://d1ljvnrgb7j023.cloudfront.net/files/1/ed27e578137ce4fc8af5/large
18442,,"Lot including (1) Snap-On drill extractor set, (1) partial Snap-On solid carbide bur set, (1) comple...",,,5,12,2026-09-29T22:30:00Z,,,,,"Verify genuine markings, missing sizes and condition; branded lots may attract competition.",Catalog triaged; image inspection and valuation pending,https://d1ljvnrgb7j023.cloudfront.net/files/1/6cff00d4fab5033f7d5c/large
18443,,"(1) Snap-On 3/8"" drive hand held impact driver set with case.",,,5,6,2026-09-29T22:30:00Z,,,,,"Verify genuine markings, missing sizes and condition; branded lots may attract competition.",Catalog triaged; image inspection and valuation pending,https://d1ljvnrgb7j023.cloudfront.net/files/1/d611c55447c2386cb1e6/large
18444,,"(1) set of Snap-On, model A-157A, bushing driver set with metal case.",,,5,5,2026-09-29T22:30:00Z,,,,,"Verify genuine markings, missing sizes and condition; branded lots may attract competition.",Catalog triaged; image inspection and valuation pending,https://d1ljvnrgb7j023.cloudfront.net/files/1/ca4cff8a749e2566efbe/large
18445,,"(1) Snap-On, model PB25, diesel tune up set with clamp.",,,5,8,2026-09-29T22:30:00Z,,,,,"Verify genuine markings, missing sizes and condition; branded lots may attract competition.",Catalog triaged; image inspection and valuation pending,https://d1ljvnrgb7j023.cloudfront.net/files/1/70401ed210c1a5bfca63/large
18446,,(1) set of Snap-On ring plier tools.,,,5,10,2026-09-29T22:30:00Z,,,,,"Verify genuine markings, missing sizes and condition; branded lots may attract competition.",Catalog triaged; image inspection and valuation pending,https://d1ljvnrgb7j023.cloudfront.net/files/1/4c0e6e20fe6f4f581c19/large
18447,,(1) Snap-On collet set with stud remover.,,,5,8,2026-09-29T22:30:00Z,,,,,"Verify genuine markings, missing sizes and condition; branded lots may attract competition.",Catalog triaged; image inspection and valuation pending,https://d1ljvnrgb7j023.cloudfront.net/files/1/8f8588d877a12206cf22/large
18448,,"Lot including (1) Snap-On, model YAKS32A, gas soldering auto ignition multi-kit (25-130 watt) with a...",,,5,10,2026-09-29T22:30:00Z,,,,,"Verify genuine markings, missing sizes and condition; branded lots may attract competition.",Catalog triaged; image inspection and valuation pending,https://d1ljvnrgb7j023.cloudfront.net/files/1/a8519bb2a4cd5c1c85f4/large
18449,,"(1) Snap-On 1/8"" through 1/4"" T-handle hex head tool set.",,,5,6,2026-09-29T22:30:00Z,,,,,"Verify genuine markings, missing sizes and condition; branded lots may attract competition.",Catalog triaged; image inspection and valuation pending,https://d1ljvnrgb7j023.cloudfront.net/files/1/61d6a4fe914fb43060d3/large
18450,,"(1) set of Snap-On, model MT320, armature tester, (1) Snap-On, model TA360, torque angle gauge, (1) ...",,,5,10,2026-09-29T22:30:00Z,,,,,"Verify genuine markings, missing sizes and condition; branded lots may attract competition.",Catalog triaged; image inspection and valuation pending,https://d1ljvnrgb7j023.cloudfront.net/files/1/5b48c8c7aaadee36b9ec/large
18451,,"Lot of assorted Snap-On needle nose pliers, side cutters, channel locks, curved needle nose pliers, ...",,,5,9,2026-09-29T22:30:00Z,135,300,55,,Snap-On pliers/cutters; inspect jaws and handles.,Provisional description-based estimate; all images and sold comps pending,https://d1ljvnrgb7j023.cloudfront.net/files/1/e03c52151739844d6215/large
18452,,"(1) set of Snap-On, model SHCP1B, hose clamp pliers with flexible cable, (1) Snap-On seal removal to...",,,5,6,2026-09-29T22:30:00Z,,,,,"Verify genuine markings, missing sizes and condition; branded lots may attract competition.",Catalog triaged; image inspection and valuation pending,https://d1ljvnrgb7j023.cloudfront.net/files/1/0c94007c4647a6e2994c/large
18453,,"Lot including (1) Snap-On 3/4"" drive ratchet with approx. 36"" handle, (1) Snap-On 1"" drive ratchet w...",,,5,5,2026-09-29T22:30:00Z,215,520,90,,Oversized 3/4- and 1-inch Snap-On ratchets; substantial shipping.,Provisional description-based estimate; all images and sold comps pending,https://d1ljvnrgb7j023.cloudfront.net/files/1/01e3b51da3ed6b44ba65/large
18454,,"Lot of (4) various torque wrenches, includes 2 1/2"" drive, and 2 3/8"" drive.",,,5,6,2026-09-29T22:30:00Z,,,,,"Verify genuine markings, missing sizes and condition; branded lots may attract competition.",Catalog triaged; image inspection and valuation pending,https://d1ljvnrgb7j023.cloudfront.net/files/1/506692be1ac2b3e56bc8/large
18455,,"Lot of assorted 1"" drive impact and regular sockets with (1) Easco 3/4"" drive ratchet, (1) 3/4"" driv...",,,5,7,2026-09-29T22:30:00Z,,,,,"Verify genuine markings, missing sizes and condition; branded lots may attract competition.",Catalog triaged; image inspection and valuation pending,https://d1ljvnrgb7j023.cloudfront.net/files/1/ef9bd692e163517cda65/large
18456,,"Large lot of assorted grinding wheels, wire wheels, sanding wheels, (1) Makita, model GEO600, electr...",,,5,11,2026-09-29T22:30:00Z,,,,,"Verify genuine markings, missing sizes and condition; branded lots may attract competition.",Catalog triaged; image inspection and valuation pending,https://d1ljvnrgb7j023.cloudfront.net/files/1/5e5e52874d5851ac9915/large
18457,,Large lot of assorted grease guns.,,,5,5,2026-09-29T22:30:00Z,,,,Fluids/storage,"Verify genuine markings, missing sizes and condition; branded lots may attract competition.",Catalog triaged; image inspection and valuation pending,https://d1ljvnrgb7j023.cloudfront.net/files/1/f88db4c15afba7d58f46/large
18458,,"Lot of (6) various ratcheting combination wrenches, sizes 3/8"" up to 1 1/8"".",,,5,5,2026-09-29T22:30:00Z,,,,,"Verify genuine markings, missing sizes and condition; branded lots may attract competition.",Catalog triaged; image inspection and valuation pending,https://d1ljvnrgb7j023.cloudfront.net/files/1/2029110f8d2ca42b8282/large
18459,,"Large lot of assorted socket sets, ratchet sets, most appear to be 3/8"" drive, all with cases and ra...",,,5,9,2026-09-29T22:30:00Z,,,,,"Verify genuine markings, missing sizes and condition; branded lots may attract competition.",Catalog triaged; image inspection and valuation pending,https://d1ljvnrgb7j023.cloudfront.net/files/1/f6850558c1380e342fd1/large
18460,,"Lot of assorted tools, includes (1) set of Tool Shop wrenches, sizes 9/16"" up to 1 1/4"" with roll up...",,,5,9,2026-09-29T22:30:00Z,,,,,"Verify genuine markings, missing sizes and condition; branded lots may attract competition.",Catalog triaged; image inspection and valuation pending,https://d1ljvnrgb7j023.cloudfront.net/files/1/21a46ab5111878731786/large
18461,,(1) oil filter removal tool with various adapters.,,,5,7,2026-09-29T22:30:00Z,,,,Fluids/storage,"Verify genuine markings, missing sizes and condition; branded lots may attract competition.",Catalog triaged; image inspection and valuation pending,https://d1ljvnrgb7j023.cloudfront.net/files/1/8cedc6a13ce37d749fa1/large
18462,,"Set of box end/ratchet end wrenches, sizes 5/16"" up to 3/4"", (1) set of Gear Wrench brand box end/ra...",,,5,7,2026-09-29T22:30:00Z,110,250,43,,GearWrench/mixed ratcheting sets; test gear teeth and sizes.,Provisional description-based estimate; all images and sold comps pending,https://d1ljvnrgb7j023.cloudfront.net/files/1/1f996dbcc16107263669/large
18463,,"Lot of assorted chisel tools and a bag of various hand tools, including assorted wrenches, channel l...",,,5,6,2026-09-29T22:30:00Z,,,,,"Verify genuine markings, missing sizes and condition; branded lots may attract competition.",Catalog triaged; image inspection and valuation pending,https://d1ljvnrgb7j023.cloudfront.net/files/1/31f8e996b79acded94b4/large
18464,,"(2) Balkamp, model 4-1162, pressure tester for cooling systems, and pressure caps, with steel case.",,,5,5,2026-09-29T22:30:00Z,,,,,"Verify genuine markings, missing sizes and condition; branded lots may attract competition.",Catalog triaged; image inspection and valuation pending,https://d1ljvnrgb7j023.cloudfront.net/files/1/fa4f6002d11ac378e631/large
18465,,Set of (3) various air needle scale removers with a new Central Pneumatic 19-piece needle scaler rep...,,,5,6,2026-09-29T22:30:00Z,,,,,"Verify genuine markings, missing sizes and condition; branded lots may attract competition.",Catalog triaged; image inspection and valuation pending,https://d1ljvnrgb7j023.cloudfront.net/files/1/dc86aad7af1e3aaad3fc/large
18466,,"Set of Facom #76803, 5-piece starter punch set, (1) Mayhew Pro #62065, long pin punch set, both with...",,,5,7,2026-09-29T22:30:00Z,,,,,"Verify genuine markings, missing sizes and condition; branded lots may attract competition.",Catalog triaged; image inspection and valuation pending,https://d1ljvnrgb7j023.cloudfront.net/files/1/cc0f13478dc6145cb84b/large
30-1329,,"Lot of Reamers, testers, and random tools",,,5,4,2026-09-29T23:00:00Z,,,,,Inspect completeness and function; favor items with practical use or straightforward resale.,Catalog triaged; image inspection and valuation pending,https://d1ljvnrgb7j023.cloudfront.net/files/1/5453892f641767aeadab/large
30-1330,,Murphy Diesel Fuel Injector Tool,,,5,2,2026-09-29T23:00:00Z,,,,Fluids/storage,Inspect completeness and function; favor items with practical use or straightforward resale.,Catalog triaged; image inspection and valuation pending,https://d1ljvnrgb7j023.cloudfront.net/files/1/549cb4e5cef20e82897a/large
30-1331,,"Snap-On Cummins Injector Adjustment Gauge, m#GA707",,,5,5,2026-09-29T23:00:00Z,,,,,"Confirm exact model, full contents, function and sold comparables; assess shipping time.",Catalog triaged; image inspection and valuation pending,https://d1ljvnrgb7j023.cloudfront.net/files/1/38105369d7f1c0da8821/large
18467,,"Lot including (1) make and model unknown 3/8"" drive air impact tool, (1) make and model unknown 3/8""...",,,5,6,2026-09-29T23:00:00Z,,,,,Inspect completeness and function; favor items with practical use or straightforward resale.,Catalog triaged; image inspection and valuation pending,https://d1ljvnrgb7j023.cloudfront.net/files/1/4288f6a1afbb959a1927/large
18468,,"(1) Ingersoll-Rand, model unknown, 3/8"" drive air impact tool, and (1) Ingersoll-Rand, model 2235, 3...",,,5,4,2026-09-29T23:00:00Z,110,250,40,,Pair of Ingersoll-Rand impact tools; verify actual drive sizes.,Provisional description-based estimate; all images and sold comps pending,https://d1ljvnrgb7j023.cloudfront.net/files/1/24ec637db942630b443d/large
18469,,"(1) Central Pneumatic, item #92144, 1/4"" air die grinder, appears to be new, and (1) Blue Point 1/8""...",,,5,5,2026-09-29T23:00:00Z,,,,,"Confirm exact model, full contents, function and sold comparables; assess shipping time.",Catalog triaged; image inspection and valuation pending,https://d1ljvnrgb7j023.cloudfront.net/files/1/eae228edc8390a623ffa/large
18470,,"(1) MAC Tools, model AW234P, 3/8"" drive air impact tool, and (1) Ingersoll-Rand 3/8"" drive air impac...",,,5,7,2026-09-29T23:00:00Z,,,,,"Confirm exact model, full contents, function and sold comparables; assess shipping time.",Catalog triaged; image inspection and valuation pending,https://d1ljvnrgb7j023.cloudfront.net/files/1/e9a4bbb978171468532a/large
18471,,"(1) Fowler, item #52-483-888, deburring kit with case, (1) Central Pneumatic 1/4"" air angle die grin...",,,5,6,2026-09-29T23:00:00Z,,,,,"Confirm exact model, full contents, function and sold comparables; assess shipping time.",Catalog triaged; image inspection and valuation pending,https://d1ljvnrgb7j023.cloudfront.net/files/1/3074252e09b1ac7cba61/large
18472,,"(1) Dremel, model 290, electric engraver, and (5) Central Pneumatic 1/4"" air angle die grinders.",,,5,5,2026-09-29T23:00:00Z,,,,,Inspect completeness and function; favor items with practical use or straightforward resale.,Catalog triaged; image inspection and valuation pending,https://d1ljvnrgb7j023.cloudfront.net/files/1/cc85548225d7c1a12a15/large
18473,,"(1) Central Pneumatic, item #01704, 90 PSI/3700 SPM air file, (1) Central Pneumatic, item #60627, 3/...",,,5,5,2026-09-29T23:00:00Z,,,,,Inspect completeness and function; favor items with practical use or straightforward resale.,Catalog triaged; image inspection and valuation pending,https://d1ljvnrgb7j023.cloudfront.net/files/1/277a6f8ba88d0b1e01a5/large
18474,,"Lot of (6) Central Pneumatic, 1/4"" air die grinders.",,,5,4,2026-09-29T23:00:00Z,,,,,Inspect completeness and function; favor items with practical use or straightforward resale.,Catalog triaged; image inspection and valuation pending,https://d1ljvnrgb7j023.cloudfront.net/files/1/c805a67c68cf41535857/large
18475,,"Lot including (3) Central Pneumatic, 1/4"" die grinders, (1) Central Pneumatic, model unknown, air di...",,,5,6,2026-09-29T23:00:00Z,,,,,Inspect completeness and function; favor items with practical use or straightforward resale.,Catalog triaged; image inspection and valuation pending,https://d1ljvnrgb7j023.cloudfront.net/files/1/1c4173bec5558d77604e/large
18476,,"(1) 1/2-ton capacity, and (1) 1-ton capacity plate lifters, and (2) mechanical plate lifters.",,,5,7,2026-09-29T23:00:00Z,,,,,Generic catalog triage only. Inspect details and likely demand before selecting a maximum bid.,Catalog triaged; image inspection and valuation pending,https://d1ljvnrgb7j023.cloudfront.net/files/1/e56cac5f63ce1c1438a0/large
18477,,"(1) Central Hydraulics, model 36397, 8-ton, round bottom, long ram hydraulic jack.",,,5,4,2026-09-29T23:00:00Z,,,,,"Function, leaks, motor condition and parts availability not independently verified.",Catalog triaged; image inspection and valuation pending,https://d1ljvnrgb7j023.cloudfront.net/files/1/f4a867a90ee4a4d9ce87/large
18478,,"(1) 115V Lightnin, model L, electric paint mixer with (1) 20"", (1) 18"", and (1) 19"" metal tool box.",,,5,6,2026-09-29T23:00:00Z,,,,,Inspect completeness and function; favor items with practical use or straightforward resale.,Catalog triaged; image inspection and valuation pending,https://d1ljvnrgb7j023.cloudfront.net/files/1/0f300fe20fecba244e40/large
18479,,"(2) boxes of assorted files, some with custom golf ball handles.",,,5,7,2026-09-29T23:00:00Z,,,,,Generic catalog triage only. Inspect details and likely demand before selecting a maximum bid.,Catalog triaged; image inspection and valuation pending,https://d1ljvnrgb7j023.cloudfront.net/files/1/27b08b2f0ade9054dc3f/large
18480,,"(2) boxes of assorted files, some with custom golf ball handles.",,,5,6,2026-09-29T23:00:00Z,,,,,Generic catalog triage only. Inspect details and likely demand before selecting a maximum bid.,Catalog triaged; image inspection and valuation pending,https://d1ljvnrgb7j023.cloudfront.net/files/1/c1805d853137effeb0e6/large
18481,,"Lot of assorted Allen wrenches, and Torx wrenches.",,,5,7,2026-09-29T23:00:00Z,,,,,Inspect completeness and function; favor items with practical use or straightforward resale.,Catalog triaged; image inspection and valuation pending,https://d1ljvnrgb7j023.cloudfront.net/files/1/476a51cbb072d1857c34/large
18482,,"Lot of (2) channel lock type, adjustable filter wrenches.",,,5,5,2026-09-29T23:00:00Z,,,,,Inspect completeness and function; favor items with practical use or straightforward resale.,Catalog triaged; image inspection and valuation pending,https://d1ljvnrgb7j023.cloudfront.net/files/1/1473d4c0631610889f97/large
18483,,Lot of assorted snap ring pliers.,,,5,8,2026-09-29T23:00:00Z,,,,,Generic catalog triage only. Inspect details and likely demand before selecting a maximum bid.,Catalog triaged; image inspection and valuation pending,https://d1ljvnrgb7j023.cloudfront.net/files/1/cc3eea549937d1e589f9/large
18484,,"(1) Kal Equip #2204, digital multimeter with case.",,,5,4,2026-09-29T23:00:00Z,,,,,Generic catalog triage only. Inspect details and likely demand before selecting a maximum bid.,Catalog triaged; image inspection and valuation pending,https://d1ljvnrgb7j023.cloudfront.net/files/1/55ff378b8bcb6f489491/large
18485,,"Lot of assorted pick sets, and picks.",,,5,6,2026-09-29T23:00:00Z,,,,,Generic catalog triage only. Inspect details and likely demand before selecting a maximum bid.,Catalog triaged; image inspection and valuation pending,https://d1ljvnrgb7j023.cloudfront.net/files/1/0d503437893886dd8a88/large
18486,,(1) Lang internal and external retaining ring tool kit with plastic case.,,,5,7,2026-09-29T23:00:00Z,,,,,Inspect completeness and function; favor items with practical use or straightforward resale.,Catalog triaged; image inspection and valuation pending,https://d1ljvnrgb7j023.cloudfront.net/files/1/abd0ed648636bba66ed5/large
18487,,"(1) Ridgid brake line flaring tool, (3) various brake line bending tools, (1) Old Forge #7203, doubl...",,,5,10,2026-09-29T23:00:00Z,155,335,55,,Ridgid and Blue Point brake flaring tools; verify dies and cases.,Provisional description-based estimate; all images and sold comps pending,https://d1ljvnrgb7j023.cloudfront.net/files/1/0b08a3a5dbeb65ad1d70/large
18488,,"(1) Blue Point #1020, screw extractor set with plastic case, (1) Blue Point, model PGH8A, 11-piece g...",,,5,9,2026-09-29T23:00:00Z,,,,,"Confirm fit, wear, running status and pickup arrangements. Value depends on local demand.",Catalog triaged; image inspection and valuation pending,https://d1ljvnrgb7j023.cloudfront.net/files/1/1ef926dcffce67b38230/large
18489,,Lot of (5) various rubber handle prying and scraping tools.,,,5,5,2026-09-29T23:00:00Z,,,,,Inspect completeness and function; favor items with practical use or straightforward resale.,Catalog triaged; image inspection and valuation pending,https://d1ljvnrgb7j023.cloudfront.net/files/1/6abc18cc2a00bdb5eab0/large
18490,,Lot of assorted vise grip style welding clamps.,,,5,13,2026-09-29T23:00:00Z,,,,,"Verify power requirements, output, missing accessories, ownership of any cylinders and safe handling.",Catalog triaged; image inspection and valuation pending,https://d1ljvnrgb7j023.cloudfront.net/files/1/f5ff4ddbc077df68641c/large
18491,,"(1) approx. 60"" crow bar, and (2) approx. 60"" pry bars (1 with handle).",,,5,5,2026-09-29T23:00:00Z,,,,,Generic catalog triage only. Inspect details and likely demand before selecting a maximum bid.,Catalog triaged; image inspection and valuation pending,https://d1ljvnrgb7j023.cloudfront.net/files/1/cf2f8988fd354f784b9b/large
18492,,"Lot of assorted wrenches, and (1) bit driver set with hand held driver tool.",,,5,11,2026-09-29T23:00:00Z,,,,,Inspect completeness and function; favor items with practical use or straightforward resale.,Catalog triaged; image inspection and valuation pending,https://d1ljvnrgb7j023.cloudfront.net/files/1/a2457aaacaac3ed5303d/large
18493,,Set of (3) portable LED lights with magnetic base.,,,5,7,2026-09-29T23:00:00Z,,,,,Generic catalog triage only. Inspect details and likely demand before selecting a maximum bid.,Catalog triaged; image inspection and valuation pending,https://d1ljvnrgb7j023.cloudfront.net/files/1/3b7c27c7478aa165d1e4/large
18494,,Lot of assorted Helicoil thread repair kit items.,,,5,8,2026-09-29T23:00:00Z,,,,Fluids/storage,Generic catalog triage only. Inspect details and likely demand before selecting a maximum bid.,Catalog triaged; image inspection and valuation pending,https://d1ljvnrgb7j023.cloudfront.net/files/1/936d336947cbb543226c/large
18495,,Lot of assorted nut drivers.,,,5,5,2026-09-29T23:00:00Z,,,,,Generic catalog triage only. Inspect details and likely demand before selecting a maximum bid.,Catalog triaged; image inspection and valuation pending,https://d1ljvnrgb7j023.cloudfront.net/files/1/f170eef42620bda6ef3e/large
18496,,"Lot of 8""-10"", and 12""-13"" adjustable wrenches.",,,5,13,2026-09-29T23:00:00Z,,,,,Inspect completeness and function; favor items with practical use or straightforward resale.,Catalog triaged; image inspection and valuation pending,https://d1ljvnrgb7j023.cloudfront.net/files/1/d65f712cbeec50d75feb/large
18497,,Lot of assorted hole saws and accessories.,,,5,7,2026-09-29T23:00:00Z,,,,,Inspect completeness and function; favor items with practical use or straightforward resale.,Catalog triaged; image inspection and valuation pending,https://d1ljvnrgb7j023.cloudfront.net/files/1/70f75faa54981a069b98/large
18498,,"Lot of Grip, size 1 3/8"" up to 1 3/4"" crow foot wrenches with case.",,,5,6,2026-09-29T23:00:00Z,,,,,Inspect completeness and function; favor items with practical use or straightforward resale.,Catalog triaged; image inspection and valuation pending,https://d1ljvnrgb7j023.cloudfront.net/files/1/41750843fb0461e50c5d/large
18499,,"Lot of assorted nut drivers, Alden wrenches, size 3/8"" up to 13/16"", assorted 3/8"" drive sockets, wr...",,,5,14,2026-09-29T23:00:00Z,,,,,Inspect completeness and function; favor items with practical use or straightforward resale.,Catalog triaged; image inspection and valuation pending,https://d1ljvnrgb7j023.cloudfront.net/files/1/04009d1ddc50358bb723/large
18500,,"Lot of assorted screw extractor tools with (2) Irwin nut driver sets, and miscellaneous other items.",,,5,9,2026-09-29T23:00:00Z,,,,,"Confirm fit, wear, running status and pickup arrangements. Value depends on local demand.",Catalog triaged; image inspection and valuation pending,https://d1ljvnrgb7j023.cloudfront.net/files/1/58bb6b9a80af4a6b60ed/large
18501,,(1) Band-It banding tool with bands and hand tools.,,,5,7,2026-09-29T23:00:00Z,,,,,Inspect completeness and function; favor items with practical use or straightforward resale.,Catalog triaged; image inspection and valuation pending,https://d1ljvnrgb7j023.cloudfront.net/files/1/580eb4e2f0fb759a2629/large
18502,,Lot of assorted hitch pins.,,,5,7,2026-09-29T23:00:00Z,,,,,Generic catalog triage only. Inspect details and likely demand before selecting a maximum bid.,Catalog triaged; image inspection and valuation pending,https://d1ljvnrgb7j023.cloudfront.net/files/1/62e3b8fb4859958ea01f/large
18503,,"Lot including (1) 16"", and (2) 18"" adjustable wrenches, (1) Irwin, model GV20, channel locks, and (1...",,,5,5,2026-09-29T23:00:00Z,,,,,"Confirm exact model, full contents, function and sold comparables; assess shipping time.",Catalog triaged; image inspection and valuation pending,https://d1ljvnrgb7j023.cloudfront.net/files/1/801c8a8a05be98707d2d/large
18504,,Lot of (3) assorted Pex or water pipe cutters.,,,5,5,2026-09-29T23:00:00Z,,,,,"Measure usable quantity; calculate dismantling, loading, transport and storage before bidding.",Catalog triaged; image inspection and valuation pending,https://d1ljvnrgb7j023.cloudfront.net/files/1/7ea820a2562cc193554e/large
18505,,"Lot of assorted channel lock pliers, (1) wire cutter, and pliers.",,,5,5,2026-09-29T23:00:00Z,,,,,Generic catalog triage only. Inspect details and likely demand before selecting a maximum bid.,Catalog triaged; image inspection and valuation pending,https://d1ljvnrgb7j023.cloudfront.net/files/1/1a93fe28c3cf016d6883/large
18506,,"(1) Hemf loader tire remover/mounting tool, model EM8-75.",,,5,5,2026-09-29T23:00:00Z,,,,,"Confirm sizing, date code, sidewall condition and usable tread; heavy local pickup costs.",Catalog triaged; image inspection and valuation pending,https://d1ljvnrgb7j023.cloudfront.net/files/1/f543116a0a9f831d2140/large
18507,,"(1) Lawson Products universal internal and external thread restorer, 5-piece combination set, #57588...",,,5,5,2026-09-29T23:00:00Z,55,150,22,,Lawson thread restorer set; count components.,Provisional description-based estimate; all images and sold comps pending,https://d1ljvnrgb7j023.cloudfront.net/files/1/1c92eaad50afdccda213/large
18508,,"Lot of 6 assorted pipe wrenches, (1) 8"", (4) 6"", and (1) 5"".",,,5,4,2026-09-29T23:00:00Z,,,,,"Measure usable quantity; calculate dismantling, loading, transport and storage before bidding.",Catalog triaged; image inspection and valuation pending,https://d1ljvnrgb7j023.cloudfront.net/files/1/5e1e5a3976cf831767ca/large
18509,,"(1) Walton Tools tap extractor set, (1) screw extractor set, drill out power extractor, thread repai...",,,5,10,2026-09-29T23:00:00Z,,,,,"Confirm fit, wear, running status and pickup arrangements. Value depends on local demand.",Catalog triaged; image inspection and valuation pending,https://d1ljvnrgb7j023.cloudfront.net/files/1/fff34e79b6fe0f13fb0a/large
18510,,"(1) Channel Lock, 16-piece ultra access socket ratchet set, (1) Crescent socket set, and (1) T &amp;...",,,5,9,2026-09-29T23:00:00Z,,,,,Inspect completeness and function; favor items with practical use or straightforward resale.,Catalog triaged; image inspection and valuation pending,https://d1ljvnrgb7j023.cloudfront.net/files/1/f3091f4fb5447b61c485/large
18511,,"Lot of assorted inspection equipment, includes pin gauges, small hole gauges, depth micrometers, mic...",,,5,17,2026-09-29T23:00:00Z,125,380,42,,"Micrometers/gauges; inspect calibration, rust and boxes.",Provisional description-based estimate; all images and sold comps pending,https://d1ljvnrgb7j023.cloudfront.net/files/1/29cc4e9d475a5adf7fbb/large
18512,,"Lot of assorted vise grips, needle nose pliers, and more.",,,5,6,2026-09-29T23:00:00Z,,,,,Inspect completeness and function; favor items with practical use or straightforward resale.,Catalog triaged; image inspection and valuation pending,https://d1ljvnrgb7j023.cloudfront.net/files/1/bdcd5a0ffc2ff1ce72c5/large
18513,,"(1) TIF digital infrared photo tachometer with case, Blue Point non-contact infrared thermometer, an...",,,5,8,2026-09-29T23:00:00Z,,,,,"Confirm exact model, full contents, function and sold comparables; assess shipping time.",Catalog triaged; image inspection and valuation pending,https://d1ljvnrgb7j023.cloudfront.net/files/1/34a4cd2fbf38d007b09a/large
18514,,"(1) Tool Aid quick change ratcheting terminal crimping kit, and assorted Blue Point wire pliers.",,,5,7,2026-09-29T23:00:00Z,,,,,"Confirm exact model, full contents, function and sold comparables; assess shipping time.",Catalog triaged; image inspection and valuation pending,https://d1ljvnrgb7j023.cloudfront.net/files/1/ae6b2e2cad30331a1557/large
18515,,"Lot of assorted number punches, center punches, and (2) drill indexes.",,,5,7,2026-09-29T23:00:00Z,,,,,Inspect completeness and function; favor items with practical use or straightforward resale.,Catalog triaged; image inspection and valuation pending,https://d1ljvnrgb7j023.cloudfront.net/files/1/071e41af9a565a169939/large
18516,,(1) military grade ratcheting tank track tool.,,,5,5,2026-09-29T23:00:00Z,,,,Fluids/storage,"Measure usable quantity; calculate dismantling, loading, transport and storage before bidding.",Catalog triaged; image inspection and valuation pending,https://d1ljvnrgb7j023.cloudfront.net/files/1/617ad615693f8dc4cae0/large
18517,,"(1) Nailers fall protection compliance kit, size Large to XL.",,,5,6,2026-09-29T23:00:00Z,,,,,Generic catalog triage only. Inspect details and likely demand before selecting a maximum bid.,Catalog triaged; image inspection and valuation pending,https://d1ljvnrgb7j023.cloudfront.net/files/1/25082c3534d2a518451a/large
18518,,"Lot of assorted plastic tubing, Tectran, #1928 air brake, 1/2"" outside diameter tubing, 1/4"", smalle...",,,5,6,2026-09-29T23:00:00Z,,,,,Generic catalog triage only. Inspect details and likely demand before selecting a maximum bid.,Catalog triaged; image inspection and valuation pending,https://d1ljvnrgb7j023.cloudfront.net/files/1/f878e832e1d13ad2c74e/large
18519,,"(1) oxygen cylinder, approx. 50"" tall x 8"" diameter, tank is empty.",,,5,4,2026-09-29T23:00:00Z,,,,Fluids/storage,"Verify power requirements, output, missing accessories, ownership of any cylinders and safe handling.",Catalog triaged; image inspection and valuation pending,https://d1ljvnrgb7j023.cloudfront.net/files/1/eb5f37c5be3ef208265c/large
18520,,"(1) oxygen cylinder, approx. 42"" tall x 6"" diameter, tank is full.",,,5,5,2026-09-29T23:00:00Z,,,,Fluids/storage,"Verify power requirements, output, missing accessories, ownership of any cylinders and safe handling.",Catalog triaged; image inspection and valuation pending,https://d1ljvnrgb7j023.cloudfront.net/files/1/e692f1cc1a862261fe17/large
18521,,"(1) oxygen cylinder, approx. 42"" tall x 6"" diameter, tank is empty.",,,5,6,2026-09-29T23:00:00Z,,,,Fluids/storage,"Verify power requirements, output, missing accessories, ownership of any cylinders and safe handling.",Catalog triaged; image inspection and valuation pending,https://d1ljvnrgb7j023.cloudfront.net/files/1/40dd974d1f142e9fd2a7/large
18522,,"(2) Snap-On LED work light, 1 with tripod stand, 1 with handle, both in working condition.",,,5,4,2026-09-29T23:00:00Z,85,190,35,,Two working Snap-On LED worklights; verify battery charging.,Provisional description-based estimate; all images and sold comps pending,https://d1ljvnrgb7j023.cloudfront.net/files/1/e6c0fd8be32e8eea589b/large
18523,,"Lot of assorted O-ring cases, Gates hydraulic O-ring assortment, Bond fluid air O-ring set, (1) metr...",,,5,10,2026-09-29T23:00:00Z,40,120,15,,O-ring cases; assess actual inventory and age of rubber.,Provisional description-based estimate; all images and sold comps pending,https://d1ljvnrgb7j023.cloudfront.net/files/1/a5f752069636ca0789d5/large
18524,,"(1) set of SAE offset wrenches, sizes 1 3/8"", 1.5"", 1 5/8"", 1 3/4"", 1 7/8"", and 2"".",,,5,6,2026-09-29T23:00:00Z,,,,,Inspect completeness and function; favor items with practical use or straightforward resale.,Catalog triaged; image inspection and valuation pending,https://d1ljvnrgb7j023.cloudfront.net/files/1/39c4974de335ef252985/large
18525,,"Lot of (2) large pulley pullers, (1) 3-hook pulley puller, approx. 15"" long hooks, (1) 2-hook, appro...",,,5,6,2026-09-29T23:00:00Z,,,,,"Do not assume lifting rating. Inspect safety tags, hooks and damaged chain before any use.",Catalog triaged; image inspection and valuation pending,https://d1ljvnrgb7j023.cloudfront.net/files/1/65c0f739fde15c5d5c89/large
18526,,"Lot of (9) assorted fire extinguishers, all are approx. 12"" tall.",,,5,4,2026-09-29T23:00:00Z,,,,,Generic catalog triage only. Inspect details and likely demand before selecting a maximum bid.,Catalog triaged; image inspection and valuation pending,https://d1ljvnrgb7j023.cloudfront.net/files/1/81843c4ac1a1b1c7089f/large
18527,,"Lot of assorted pulley puller items, parts, washers, nuts, thread rod, and more.",,,5,11,2026-09-29T23:00:00Z,,,,,Generic catalog triage only. Inspect details and likely demand before selecting a maximum bid.,Catalog triaged; image inspection and valuation pending,https://d1ljvnrgb7j023.cloudfront.net/files/1/ac34e76da01e03bb156c/large
18528,,"(1) Sheldon metal cabinet, 36"" wide x 23.5"" deep x 34"" tall, with contents of assorted starters, wor...",,,5,12,2026-09-29T23:00:00Z,,,,Function unverified,"Function, leaks, motor condition and parts availability not independently verified.",Catalog triaged; image inspection and valuation pending,https://d1ljvnrgb7j023.cloudfront.net/files/1/5b376161d0149488de04/large
18529,,"(1) lot of assorted bearing separators, various sizes, slide hammers, threaded rod, axle seal tools,...",,,5,6,2026-09-29T23:00:00Z,,,,,Inspect completeness and function; favor items with practical use or straightforward resale.,Catalog triaged; image inspection and valuation pending,https://d1ljvnrgb7j023.cloudfront.net/files/1/cd45f8cd95fbe1f48545/large
18530,,"(1) wood work bench, 114"" long x approx. 30"" deep x 33"" tall, includes 5"" Wilton bench vise, and man...",,,5,7,2026-09-29T23:00:00Z,180,430,55,Incomplete/defective per catalog; Removal/loading,Large bench with Wilton vise; transport can dominate value.,Provisional description-based estimate; all images and sold comps pending,https://d1ljvnrgb7j023.cloudfront.net/files/1/697b685f3691be494ba6/large
18531,,"Lot of assorted safety triangles (with case), and approx. (4) sets of jumper cables.",,,5,5,2026-09-29T23:00:00Z,,,,,Generic catalog triage only. Inspect details and likely demand before selecting a maximum bid.,Catalog triaged; image inspection and valuation pending,https://d1ljvnrgb7j023.cloudfront.net/files/1/ba548143e0b0ca986ea3/large
18532,,"Lot of assorted hydraulic bottle jacks, includes (1) Jet, 15-ton, (2) unknown size bottle jacks, and...",,,5,5,2026-09-29T23:00:00Z,,,,,"Function, leaks, motor condition and parts availability not independently verified.",Catalog triaged; image inspection and valuation pending,https://d1ljvnrgb7j023.cloudfront.net/files/1/2b294ac627057747ac43/large
18533,,"Lot of (3) assorted hydraulic bottle jacks, 1 is approx. 10-ton, 1 is 12-ton, and 1 is 20-ton.",,,5,4,2026-09-29T23:00:00Z,,,,,"Function, leaks, motor condition and parts availability not independently verified.",Catalog triaged; image inspection and valuation pending,https://d1ljvnrgb7j023.cloudfront.net/files/1/b1f69e6907fe4cc18ec3/large
18534,,"Lot of (3) assorted hydraulic bottle jacks, approx. 20-ton with handles.",,,5,6,2026-09-29T23:00:00Z,,,,,"Function, leaks, motor condition and parts availability not independently verified.",Catalog triaged; image inspection and valuation pending,https://d1ljvnrgb7j023.cloudfront.net/files/1/0a7a99b5bca7987aaa76/large
18535,,Lot of (2) 20-ton hydraulic bottle jacks.,,,5,5,2026-09-29T23:00:00Z,,,,,"Function, leaks, motor condition and parts availability not independently verified.",Catalog triaged; image inspection and valuation pending,https://d1ljvnrgb7j023.cloudfront.net/files/1/e7219b4a413a4029af7b/large
18536,,Lot of (4) vintage jack stands.,,,5,6,2026-09-29T23:00:00Z,,,,Safety inspection,Generic catalog triage only. Inspect details and likely demand before selecting a maximum bid.,Catalog triaged; image inspection and valuation pending,https://d1ljvnrgb7j023.cloudfront.net/files/1/acc8d85493579f996f1a/large
18537,,Lot of (2) tractor top links.,,,5,4,2026-09-29T23:00:00Z,,,,,"Confirm fit, wear, running status and pickup arrangements. Value depends on local demand.",Catalog triaged; image inspection and valuation pending,https://d1ljvnrgb7j023.cloudfront.net/files/1/50bb81310e37a45acaa0/large
18538,,"(1) Ingersoll-Rand 1"" pneumatic impact gun, and (1) Ingersoll-Rand 3/4"" impact gun.",,,5,6,2026-09-29T23:00:00Z,190,470,60,,Ingersoll-Rand 1-inch and 3/4-inch air impacts; test under pressure.,Provisional description-based estimate; all images and sold comps pending,https://d1ljvnrgb7j023.cloudfront.net/files/1/bbece1fe913473b89a71/large
18539,,"Lot of assorted propane tanks with heating heads, and (1) Weller soldering gun.",,,5,7,2026-09-29T23:00:00Z,,,,Fluids/storage,Generic catalog triage only. Inspect details and likely demand before selecting a maximum bid.,Catalog triaged; image inspection and valuation pending,https://d1ljvnrgb7j023.cloudfront.net/files/1/ee8f00599a44cd6e7e3f/large
18540,,"(1) Cole Tool Manufacturing hand drill press, #7.",,,5,7,2026-09-29T23:00:00Z,,,,,Inspect completeness and function; favor items with practical use or straightforward resale.,Catalog triaged; image inspection and valuation pending,https://d1ljvnrgb7j023.cloudfront.net/files/1/bc2018157ba10cf717c8/large
18541,,(1) Kar Products electric wire reel stand with assorted size wire.,,,5,10,2026-09-29T23:00:00Z,,,,,Generic catalog triage only. Inspect details and likely demand before selecting a maximum bid.,Catalog triaged; image inspection and valuation pending,https://d1ljvnrgb7j023.cloudfront.net/files/1/794be978ff918980b093/large
18542,,"Contents of 2 shelves, includes assorted duct tape, electrical tape, (2) hand staplers with staples,...",,,5,10,2026-09-29T23:00:00Z,,,,Removal/loading,Generic catalog triage only. Inspect details and likely demand before selecting a maximum bid.,Catalog triaged; image inspection and valuation pending,https://d1ljvnrgb7j023.cloudfront.net/files/1/4c35b8f31550b322575b/large
18543,,"Lot of (3) 4-drawer pull out parts organizers with contents including fender washers, grease fitting...",,,5,14,2026-09-29T23:00:00Z,165,410,55,Removal/loading; Fluids/storage,Hardware organizers plus metal stand; check drawers and contents.,Provisional description-based estimate; all images and sold comps pending,https://d1ljvnrgb7j023.cloudfront.net/files/1/5f61f14da5207ed3fa4e/large
18544,,"Lot of (3) 4-drawer parts organizers with contents including square keys, woodruff keys, cable ties,...",,,5,15,2026-09-29T23:00:00Z,150,385,50,Removal/loading,"Electrical hardware organizers; slow to sort, local-only.",Provisional description-based estimate; all images and sold comps pending,https://d1ljvnrgb7j023.cloudfront.net/files/1/335ffbbd1428b04f3829/large
18545,,"Lot of (3) 4-drawer pull out parts organizers with contents including metric bolts, socket head cap ...",,,5,14,2026-09-29T23:00:00Z,155,400,50,Removal/loading,Metric hardware organizers; value depends on contents/condition.,Provisional description-based estimate; all images and sold comps pending,https://d1ljvnrgb7j023.cloudfront.net/files/1/ad26e074aada71bd1444/large
18546,,"(1) custom made, rotating lazy Susan style aerosol spray paint organizer/dispenser with assorted aer...",,,5,6,2026-09-29T23:00:00Z,,,,,Generic catalog triage only. Inspect details and likely demand before selecting a maximum bid.,Catalog triaged; image inspection and valuation pending,https://d1ljvnrgb7j023.cloudfront.net/files/1/a9e30ddf6f358d4f58b1/large
18547,,"Lot of (2) metal framed tables, 1 is approx. 45"" wide, 1 is approx. 36"" wide, with contents of (1) 4...",,,5,12,2026-09-29T23:00:00Z,,,,,"Confirm sizing, date code, sidewall condition and usable tread; heavy local pickup costs.",Catalog triaged; image inspection and valuation pending,https://d1ljvnrgb7j023.cloudfront.net/files/1/f7a36c66fa685a673a60/large
18548,,"(1) Schumacher multi battery charger, model SE-1072, (1) Chicago Electric battery tester, and (1) Ma...",,,5,5,2026-09-29T23:00:00Z,,,,,Generic catalog triage only. Inspect details and likely demand before selecting a maximum bid.,Catalog triaged; image inspection and valuation pending,https://d1ljvnrgb7j023.cloudfront.net/files/1/63a727ed96b08a46dddd/large
18549,,"(1) 5-drawer filing cabinet, 15"" wide x 28.5"" deep x 59"" tall.",,,5,5,2026-09-29T23:00:00Z,,,,,Generic catalog triage only. Inspect details and likely demand before selecting a maximum bid.,Catalog triaged; image inspection and valuation pending,https://d1ljvnrgb7j023.cloudfront.net/files/1/6f1aab0299c561d9899d/large
18550,,"(1) Hotsy natural gas steam cleaner, 220V, includes assorted soaps, approx. 50' hose with gun and re...",,,5,8,2026-09-29T23:00:00Z,,,,Removal/loading,Generic catalog triage only. Inspect details and likely demand before selecting a maximum bid.,Catalog triaged; image inspection and valuation pending,https://d1ljvnrgb7j023.cloudfront.net/files/1/4f35b66cdd8559ead603/large
18551,,"(1) Miller MP-65E welder, 230/460V, 3 phase, S/N JA358881, with a Miller Matic 30-E wire feed, welde...",,,5,9,2026-09-29T23:00:00Z,,,,Incomplete/defective per catalog; Industrial power,"Verify power requirements, output, missing accessories, ownership of any cylinders and safe handling.",Catalog triaged; image inspection and valuation pending,https://d1ljvnrgb7j023.cloudfront.net/files/1/c87bd9b06f182efe80d1/large
18552,,"(1) Chicago Rivet &amp; Machine Company vintage manual rivet, machine S/N 106, Type Premier with foo...",,,5,5,2026-09-29T23:00:00Z,,,,,Generic catalog triage only. Inspect details and likely demand before selecting a maximum bid.,Catalog triaged; image inspection and valuation pending,https://d1ljvnrgb7j023.cloudfront.net/files/1/a66716062e6c0edcbef8/large
18553,,"(1) custom made grinder fixture, approx. 15"" wide x 18"", adjustable height with threaded rod.",,,5,4,2026-09-29T23:00:00Z,,,,,Inspect completeness and function; favor items with practical use or straightforward resale.,Catalog triaged; image inspection and valuation pending,https://d1ljvnrgb7j023.cloudfront.net/files/1/43ba222507695ec8b83b/large
18554,,"(1) Bridgeport vertical milling machine, S/N J750B, S/N 27052, 42"" x 9"" slotted table, 1 HP, 220/440...",,,5,12,2026-09-29T23:00:00Z,1100,3500,250,Industrial power; Removal/loading,"Bridgeport mill; working claimed, three-phase and professional rigging.",Provisional description-based estimate; all images and sold comps pending,https://d1ljvnrgb7j023.cloudfront.net/files/1/0949ed52472ed05b15ab/large
18555,,"(1) Walcott 18"" swing lathe, 76"" bed with steady rest and tail stock, tool holder, power feed bed, i...",,,5,16,2026-09-29T23:00:00Z,,,,Industrial power; Removal/loading,Inspect completeness and function; favor items with practical use or straightforward resale.,Catalog triaged; image inspection and valuation pending,https://d1ljvnrgb7j023.cloudfront.net/files/1/ce1e35c0968f2928b45f/large
18556,,"(1) Marquette Dyna-Vision electronic engine analyzer vintage cart, 29"" wide x approx. 21"" deep x 45....",,,5,7,2026-09-29T23:00:00Z,,,,,"Function, leaks, motor condition and parts availability not independently verified.",Catalog triaged; image inspection and valuation pending,https://d1ljvnrgb7j023.cloudfront.net/files/1/20fbce5639c5c4d10ee4/large
18557,,"(1) Lawson Products wall mount organizer with assorted hydraulic brake lines, winning bidder respons...",,,5,5,2026-09-29T23:00:00Z,,,,Removal/loading,"Function, leaks, motor condition and parts availability not independently verified.",Catalog triaged; image inspection and valuation pending,https://d1ljvnrgb7j023.cloudfront.net/files/1/af6c8d52ec54b09ec2cb/large
18558,,"Contents of wood parts organizers, includes assorted bolts, nuts, assorted sizes, and (1) Ram bench ...",,,5,5,2026-09-29T23:00:00Z,,,,Incomplete/defective per catalog,Inspect completeness and function; favor items with practical use or straightforward resale.,Catalog triaged; image inspection and valuation pending,https://d1ljvnrgb7j023.cloudfront.net/files/1/09ff9ab4e7e331942269/large
18559,,"Contents of wood organizer, includes assorted pipe fittings, elbows, 90° caps, reducers, and more, c...",,,5,6,2026-09-29T23:00:00Z,,,,Incomplete/defective per catalog,"Measure usable quantity; calculate dismantling, loading, transport and storage before bidding.",Catalog triaged; image inspection and valuation pending,https://d1ljvnrgb7j023.cloudfront.net/files/1/94aa4ab921aa8ae9b584/large
18560,,"Lot of (4) metal parts cabinets, 2 measure 35"" wide x approx. 42"" tall x 11.5"" deep, 1 is 18"" wide x...",,,5,17,2026-09-29T23:00:00Z,,,,,Generic catalog triage only. Inspect details and likely demand before selecting a maximum bid.,Catalog triaged; image inspection and valuation pending,https://d1ljvnrgb7j023.cloudfront.net/files/1/ef336e49564f6db785e9/large
18561,,"Contents of wood organizers, includes assorted hitch balls, clevises, hooks, rope eyelets, threaded ...",,,5,11,2026-09-29T23:00:00Z,,,,Incomplete/defective per catalog,"Do not assume lifting rating. Inspect safety tags, hooks and damaged chain before any use.",Catalog triaged; image inspection and valuation pending,https://d1ljvnrgb7j023.cloudfront.net/files/1/af34747daa1828f793cb/large
30-1333,,"Lot of 4 wheels and tires, one does NOT match, GM 6-Lug",,,5,5,2026-09-29T23:30:00Z,,,,,"Confirm sizing, date code, sidewall condition and usable tread; heavy local pickup costs.",Catalog triaged; image inspection and valuation pending,https://d1ljvnrgb7j023.cloudfront.net/files/1/55d1dc225a5558d4f37d/large
18223,,"(1) Universal Spur Geared block/hoist, manual, tonnage is unknown, 1/2"" thick chain with block hook,...",,,5,10,2026-09-29T23:30:00Z,,,,Removal/loading; Safety inspection,"Do not assume lifting rating. Inspect safety tags, hooks and damaged chain before any use.",Catalog triaged; image inspection and valuation pending,https://d1ljvnrgb7j023.cloudfront.net/files/1/761f49ad25d42caea396/large
18224,,"(1) Ramco truck mount hydraulic jib crane arm, model RH5000, S/N 7159, does not include hydraulic ja...",,,5,5,2026-09-29T23:30:00Z,,,,Incomplete/defective per catalog,"Function, leaks, motor condition and parts availability not independently verified.",Catalog triaged; image inspection and valuation pending,https://d1ljvnrgb7j023.cloudfront.net/files/1/1b674fe6086e834fa6f2/large
18225,,"(1) Apache Bullseye III, laser receiver, with case and measuring stick, battery powered, in working ...",,,5,8,2026-09-29T23:30:00Z,120,275,40,,Listed working Apache laser receiver; confirm model and battery.,Provisional description-based estimate; all images and sold comps pending,https://d1ljvnrgb7j023.cloudfront.net/files/1/c1360672a45ef88ca5e2/large
18226,,"(1) Spectra Precision Laser receiver, model LR50, with case, and magnetic mounting bar, in working c...",,,5,9,2026-09-29T23:30:00Z,120,295,45,,Listed working Spectra LR50; verify display and mounts.,Provisional description-based estimate; all images and sold comps pending,https://d1ljvnrgb7j023.cloudfront.net/files/1/0c1e23fa390401385fe7/large
18250,,"Lot of (2) new Gladiator 11R24.5 tires, model QR92P0S.",,,5,6,2026-09-29T23:30:00Z,,,,,"Confirm sizing, date code, sidewall condition and usable tread; heavy local pickup costs.",Catalog triaged; image inspection and valuation pending,https://d1ljvnrgb7j023.cloudfront.net/files/1/86b0f7f41f758cda756a/large
18251,,(2) new Sailun 25570R225 tires with rims.,,,5,7,2026-09-29T23:30:00Z,,,,,"Confirm sizing, date code, sidewall condition and usable tread; heavy local pickup costs.",Catalog triaged; image inspection and valuation pending,https://d1ljvnrgb7j023.cloudfront.net/files/1/4d7f6f10f30037d002c0/large
18252,,"Lot of (3) new Power King 9.50-16.5 tires, 10P.R.",,,5,6,2026-09-29T23:30:00Z,,,,,"Confirm sizing, date code, sidewall condition and usable tread; heavy local pickup costs.",Catalog triaged; image inspection and valuation pending,https://d1ljvnrgb7j023.cloudfront.net/files/1/c153c9c9b908df1cf4e9/large
18253,,"(1) new Sumitomo ST720, 385/65R225 tire with steel rim, tire is in new condition.",,,5,6,2026-09-29T23:30:00Z,,,,,"Confirm sizing, date code, sidewall condition and usable tread; heavy local pickup costs.",Catalog triaged; image inspection and valuation pending,https://d1ljvnrgb7j023.cloudfront.net/files/1/31f9b8f05c8e919d5b7c/large
18254,,Lot of (2) new Sumitomo ST727 8.25R15TR tires with rims.,,,5,9,2026-09-29T23:30:00Z,,,,,"Confirm sizing, date code, sidewall condition and usable tread; heavy local pickup costs.",Catalog triaged; image inspection and valuation pending,https://d1ljvnrgb7j023.cloudfront.net/files/1/b7dddf932d29bbe2f61d/large
18255,,(1) new Concorde 7.50-16LT tire.,,,5,5,2026-09-29T23:30:00Z,,,,,"Confirm sizing, date code, sidewall condition and usable tread; heavy local pickup costs.",Catalog triaged; image inspection and valuation pending,https://d1ljvnrgb7j023.cloudfront.net/files/1/2c33b4106da8dc25e33a/large
18256,,"Lot of (2) new Gateway TRU-STEERF-3 11L-16SL tires, load range E.",,,5,7,2026-09-29T23:30:00Z,,,,,"Confirm sizing, date code, sidewall condition and usable tread; heavy local pickup costs.",Catalog triaged; image inspection and valuation pending,https://d1ljvnrgb7j023.cloudfront.net/files/1/15139e5a78d494ae66e8/large
18257,,"Lot of (2) new Firestone Transforce HT 9.50R16.5LT load range E tires, includes (1) steel rim.",,,5,6,2026-09-29T23:30:00Z,,,,,"Confirm sizing, date code, sidewall condition and usable tread; heavy local pickup costs.",Catalog triaged; image inspection and valuation pending,https://d1ljvnrgb7j023.cloudfront.net/files/1/e8352833eff79ff9a359/large
18258,,(1) new Farm and Field 11L-16SL tire with tube.,,,5,7,2026-09-29T23:30:00Z,,,,,"Confirm sizing, date code, sidewall condition and usable tread; heavy local pickup costs.",Catalog triaged; image inspection and valuation pending,https://d1ljvnrgb7j023.cloudfront.net/files/1/b0f53d969d9c2ad26501/large
18259,,"Lot of (2) new Goodyear 11R225 tires, model G622RSD, load range E, with (2) steel rims.",,,5,8,2026-09-29T23:30:00Z,,,,,"Confirm sizing, date code, sidewall condition and usable tread; heavy local pickup costs.",Catalog triaged; image inspection and valuation pending,https://d1ljvnrgb7j023.cloudfront.net/files/1/47dc0893663ef28cd472/large
18260,,"Lot of (4) new Gladiator 11R225 tires, (2) with steel rims, model QR92POSG416PR.",,,5,7,2026-09-29T23:30:00Z,,,,,"Confirm sizing, date code, sidewall condition and usable tread; heavy local pickup costs.",Catalog triaged; image inspection and valuation pending,https://d1ljvnrgb7j023.cloudfront.net/files/1/de0daee77207f4454430/large
18261,,(4) steel 22.5 rims.,,,5,7,2026-09-29T23:30:00Z,,,,,"Confirm sizing, date code, sidewall condition and usable tread; heavy local pickup costs.",Catalog triaged; image inspection and valuation pending,https://d1ljvnrgb7j023.cloudfront.net/files/1/d82ee49fcac7cec07150/large
18262,,Lot of (2) new Kelly Armor Steel KTSA11R 225 tires with steel rims.,,,5,8,2026-09-29T23:30:00Z,,,,,"Confirm sizing, date code, sidewall condition and usable tread; heavy local pickup costs.",Catalog triaged; image inspection and valuation pending,https://d1ljvnrgb7j023.cloudfront.net/files/1/fcdee335d37763777a57/large
18263,,"Lot of (4) approx. 43.5"" diameter spool tops used as crane mats.",,,5,6,2026-09-29T23:30:00Z,,,,,Generic catalog triage only. Inspect details and likely demand before selecting a maximum bid.,Catalog triaged; image inspection and valuation pending,https://d1ljvnrgb7j023.cloudfront.net/files/1/f58af403a61eab02256e/large
18264,,"(1) 2 pt. lift apparatus with 5-ton Crosby hooks, 48"" reach.",,,5,6,2026-09-29T23:30:00Z,,,,,"Do not assume lifting rating. Inspect safety tags, hooks and damaged chain before any use.",Catalog triaged; image inspection and valuation pending,https://d1ljvnrgb7j023.cloudfront.net/files/1/9ea131c3edb0337e10b3/large
18265,,"Lot of (2) wheelbarrows with wood handles, single wheel.",,,5,7,2026-09-29T23:30:00Z,,,,,"Confirm sizing, date code, sidewall condition and usable tread; heavy local pickup costs.",Catalog triaged; image inspection and valuation pending,https://d1ljvnrgb7j023.cloudfront.net/files/1/25662f90e97f72c2c5b7/large
18266,,"(1) 24' aluminum extension ladder, and (1) 6' aluminum extension ladder.",,,5,6,2026-09-29T23:30:00Z,,,,,Inspect completeness and function; favor items with practical use or straightforward resale.,Catalog triaged; image inspection and valuation pending,https://d1ljvnrgb7j023.cloudfront.net/files/1/895e94da46165bca9b43/large
18267,,"(1) skid full of assorted conveyor belt, 20"" wide, 23.5"" wide, 24"" wide, and more.",,,5,6,2026-09-29T23:30:00Z,,,,,"Measure usable quantity; calculate dismantling, loading, transport and storage before bidding.",Catalog triaged; image inspection and valuation pending,https://d1ljvnrgb7j023.cloudfront.net/files/1/7992bb199f993c36b52d/large
18268,,"(6) Luff Industries Ltd., model ST1043, conveyor belt with 43° steel belt conveyor shafts.",,,5,7,2026-09-29T23:30:00Z,,,,,"Measure usable quantity; calculate dismantling, loading, transport and storage before bidding.",Catalog triaged; image inspection and valuation pending,https://d1ljvnrgb7j023.cloudfront.net/files/1/6949d6e4fae5b0de4d45/large
18269,,"(1) steel counterweight, 32"" wide x 11.5"" deep x 17"" tall.",,,5,6,2026-09-29T23:30:00Z,,,,,"Measure usable quantity; calculate dismantling, loading, transport and storage before bidding.",Catalog triaged; image inspection and valuation pending,https://d1ljvnrgb7j023.cloudfront.net/files/1/e935706005c6c63d0e6e/large
18270,,"(1) Crane cable counterweight, 13 1/4"" diameter x 12.5"" tall.",,,5,5,2026-09-29T23:30:00Z,,,,,Generic catalog triage only. Inspect details and likely demand before selecting a maximum bid.,Catalog triaged; image inspection and valuation pending,https://d1ljvnrgb7j023.cloudfront.net/files/1/e09e2b90a02823d3f3f5/large
18271,,"(1) forklift counterweight, approx. 27.5"" wide x 16.5"" deep x approx. 7 1/4"" tall.",,,5,5,2026-09-29T23:30:00Z,,,,,Inspection and transport essential. No provisional ceiling without in-person checks and transaction/title review.,Catalog triaged; image inspection and valuation pending,https://d1ljvnrgb7j023.cloudfront.net/files/1/b803d346614d5d6bb2db/large
18272,,"Lot of (2) pipe handling clamps, OT-800, and OT-400.",,,5,6,2026-09-29T23:30:00Z,,,,,"Measure usable quantity; calculate dismantling, loading, transport and storage before bidding.",Catalog triaged; image inspection and valuation pending,https://d1ljvnrgb7j023.cloudfront.net/files/1/76c3eb455b6b0b16e47a/large
18273,,"(1) Super Grip Master 13-24, 4-ply tire.",,,5,5,2026-09-29T23:30:00Z,,,,,"Confirm sizing, date code, sidewall condition and usable tread; heavy local pickup costs.",Catalog triaged; image inspection and valuation pending,https://d1ljvnrgb7j023.cloudfront.net/files/1/f7b2f956d5ab98aaed21/large
18274,,"(1) BF Goodrich Silver Town 21.00-25, 20-ply rating tire with tube.",,,5,7,2026-09-29T23:30:00Z,,,,,"Confirm sizing, date code, sidewall condition and usable tread; heavy local pickup costs.",Catalog triaged; image inspection and valuation pending,https://d1ljvnrgb7j023.cloudfront.net/files/1/6b2a58c79242294577d8/large
18275,,Lot of (3) 23.5-25 tires.,,,5,8,2026-09-29T23:30:00Z,,,,,"Confirm sizing, date code, sidewall condition and usable tread; heavy local pickup costs.",Catalog triaged; image inspection and valuation pending,https://d1ljvnrgb7j023.cloudfront.net/files/1/88ed0b5730783c5c6aa2/large
18276,,Lot of (3) Hercules 23.5-25 tires.,,,5,7,2026-09-29T23:30:00Z,,,,,"Confirm sizing, date code, sidewall condition and usable tread; heavy local pickup costs.",Catalog triaged; image inspection and valuation pending,https://d1ljvnrgb7j023.cloudfront.net/files/1/02de2059cf6b9b0351b5/large
18277,,"Lot of (7) various 29.5-25 tires, various conditions.",,,5,12,2026-09-29T23:30:00Z,,,,,"Confirm sizing, date code, sidewall condition and usable tread; heavy local pickup costs.",Catalog triaged; image inspection and valuation pending,https://d1ljvnrgb7j023.cloudfront.net/files/1/98ae35db0af73e8c3232/large
18278,,"Lot of (7) various 20.5-25 tires, various conditions.",,,5,7,2026-09-29T23:30:00Z,,,,,"Confirm sizing, date code, sidewall condition and usable tread; heavy local pickup costs.",Catalog triaged; image inspection and valuation pending,https://d1ljvnrgb7j023.cloudfront.net/files/1/1032efaeffb87bbd306e/large
18279,,"(1) skid of assorted grease buckets, includes manual pumps, (1) pneumatic, and (1) retractable greas...",,,5,7,2026-09-29T23:30:00Z,,,,Fluids/storage,"Function, leaks, motor condition and parts availability not independently verified.",Catalog triaged; image inspection and valuation pending,https://d1ljvnrgb7j023.cloudfront.net/files/1/4d2206179739512e74cc/large
18280,,"Lot of assorted heavy duty truck parts, includes set of 16"" diameter drums, Meritor brake disc, (4) ...",,,5,9,2026-09-29T23:30:00Z,,,,Removal/loading; Fluids/storage,"Confirm sizing, date code, sidewall condition and usable tread; heavy local pickup costs.",Catalog triaged; image inspection and valuation pending,https://d1ljvnrgb7j023.cloudfront.net/files/1/ec387bfea67f6d74a590/large
18281,,"Lot of (3) assorted manual barrel pumps with hoses, 1 includes nozzle.",,,5,5,2026-09-29T23:30:00Z,,,,,"Function, leaks, motor condition and parts availability not independently verified.",Catalog triaged; image inspection and valuation pending,https://d1ljvnrgb7j023.cloudfront.net/files/1/59dfb9723548e15685d1/large
18282,,"Lot of (8) assorted heavy duty motors, includes 25, 20, and 5 HP, and more, all motors are for parts...",,,5,7,2026-09-29T23:30:00Z,,,,Incomplete/defective per catalog; Removal/loading,"Function, leaks, motor condition and parts availability not independently verified.",Catalog triaged; image inspection and valuation pending,https://d1ljvnrgb7j023.cloudfront.net/files/1/4d28ba811ad88d670f49/large
18283,,"Various cuts of heavy duty steel lifting cable, includes 7/8"" x 82', and others.",,,5,4,2026-09-29T23:30:00Z,,,,Removal/loading,"Measure usable quantity; calculate dismantling, loading, transport and storage before bidding.",Catalog triaged; image inspection and valuation pending,https://d1ljvnrgb7j023.cloudfront.net/files/1/01bf814c7e5e6c2744af/large
18284,,"(2) partial spools of galvanized hoist line, includes partial 3/4"", and partial 1/2"".",,,5,0,2026-09-29T23:30:00Z,,,,Safety inspection,No catalog photos; inspect onsite and check description before bidding.,Catalog triaged; image inspection and valuation pending,
18285,,"(2) skids of assorted Truck Oversize load banners/flags, Men Working safety signs, traffic cones, bu...",,,5,8,2026-09-29T23:30:00Z,,,,,Generic catalog triage only. Inspect details and likely demand before selecting a maximum bid.,Catalog triaged; image inspection and valuation pending,https://d1ljvnrgb7j023.cloudfront.net/files/1/6465db868155bf626903/large
18286,,"Lot of assorted hand saws, includes bow saws, 64"" 2-man saw, and more.",,,5,4,2026-09-29T23:30:00Z,,,,,Inspect completeness and function; favor items with practical use or straightforward resale.,Catalog triaged; image inspection and valuation pending,https://d1ljvnrgb7j023.cloudfront.net/files/1/fc48a0c038fec3fcb82c/large
18287,,"(1) skid with a Clipper Lacing belt, Flexco Quick Fit 190E connectors, various scalloped edges, and ...",,,5,5,2026-09-29T23:30:00Z,,,,,Generic catalog triage only. Inspect details and likely demand before selecting a maximum bid.,Catalog triaged; image inspection and valuation pending,https://d1ljvnrgb7j023.cloudfront.net/files/1/9b82b7b235c060778add/large
18288,,"Large lot of assorted hoses, includes 2"" OD, 1.5"" SAE, 100R4 Flame resistant hoses, hydraulic, and m...",,,5,5,2026-09-29T23:30:00Z,,,,,"Function, leaks, motor condition and parts availability not independently verified.",Catalog triaged; image inspection and valuation pending,https://d1ljvnrgb7j023.cloudfront.net/files/1/918b04abafe5191fead8/large
18289,,"(4) partial spools of air hose, includes Parker 1/2"", 200 PSI max, 3/8"" air hose, Pioneer Farmax 3/4...",,,5,6,2026-09-29T23:30:00Z,,,,,Generic catalog triage only. Inspect details and likely demand before selecting a maximum bid.,Catalog triaged; image inspection and valuation pending,https://d1ljvnrgb7j023.cloudfront.net/files/1/75bd05516114422b7899/large
18290,,"(1) Matthews Company HD, 3 pt. mower, model 10HDL, S/N 42021, approx. 10', 540 PTO.",,,5,9,2026-09-29T23:30:00Z,,,,,"Confirm fit, wear, running status and pickup arrangements. Value depends on local demand.",Catalog triaged; image inspection and valuation pending,https://d1ljvnrgb7j023.cloudfront.net/files/1/4e9f5b032b7b5c4c6c9a/large
18562,,"Contents of cabinet, includes assorted torch and welding supplies, Tweco replacement conduits (appea...",,,5,12,2026-09-29T23:30:00Z,,,,Removal/loading,"Verify power requirements, output, missing accessories, ownership of any cylinders and safe handling.",Catalog triaged; image inspection and valuation pending,https://d1ljvnrgb7j023.cloudfront.net/files/1/a80fd64e800c59332679/large
18563,,"(2) metal framed plastic pull out parts organizers with contents, includes assorted springs, brass f...",,,5,8,2026-09-29T23:30:00Z,,,,,"Confirm sizing, date code, sidewall condition and usable tread; heavy local pickup costs.",Catalog triaged; image inspection and valuation pending,https://d1ljvnrgb7j023.cloudfront.net/files/1/198968c37da5616f9c13/large
18564,,Lot of assorted hose clamps with (2) wall mount hose clamp organizers.,,,5,7,2026-09-29T23:30:00Z,,,,,Generic catalog triage only. Inspect details and likely demand before selecting a maximum bid.,Catalog triaged; image inspection and valuation pending,https://d1ljvnrgb7j023.cloudfront.net/files/1/c6a3a750c08fa1c974f8/large
18565,,"Lot of assorted tire repair supplies, includes vintage metal cabinets, approx. 21"" wide x 10"" deep x...",,,5,9,2026-09-29T23:30:00Z,,,,,"Confirm sizing, date code, sidewall condition and usable tread; heavy local pickup costs.",Catalog triaged; image inspection and valuation pending,https://d1ljvnrgb7j023.cloudfront.net/files/1/e89c0b63243ab1b7a057/large
18566,,"(1) vintage AC Spark Plug cleaner/tester with metal stand and pull out drawer, in working condition.",,,5,8,2026-09-29T23:30:00Z,,,,,Generic catalog triage only. Inspect details and likely demand before selecting a maximum bid.,Catalog triaged; image inspection and valuation pending,https://d1ljvnrgb7j023.cloudfront.net/files/1/d23f8295eca7e01ae0ff/large
18567,,"(1) Sioux valve seat grinder, appears to be in working condition, unknown if complete.",,,5,6,2026-09-29T23:30:00Z,90,290,40,,Sioux seat grinder completeness unknown; specialist demand.,Provisional description-based estimate; all images and sold comps pending,https://d1ljvnrgb7j023.cloudfront.net/files/1/9ccda228c2ea770ec17d/large
18568,,"(1) Sioux valve face grinding machine, with metal table, 110V, believed to be in working condition.",,,5,7,2026-09-29T23:30:00Z,285,700,85,,"Sioux valve-face grinder; check spindle, stone and supplied tooling.",Provisional description-based estimate; all images and sold comps pending,https://d1ljvnrgb7j023.cloudfront.net/files/1/d31a2cdeb5d1e6bb4a04/large
18569,,"(1) Central Machinery industrial 6"" pedestal grinder, 1/2 HP, item #46727, 115V, in working conditio...",,,5,6,2026-09-29T23:30:00Z,,,,,Inspect completeness and function; favor items with practical use or straightforward resale.,Catalog triaged; image inspection and valuation pending,https://d1ljvnrgb7j023.cloudfront.net/files/1/3b964b8a2177c77a0588/large
18570,,"(1) Johnson horizontal band saw, approx. 9"" throat, 120V, said to need adjustment, currently cuts cr...",,,5,6,2026-09-29T23:30:00Z,,,,,Inspect completeness and function; favor items with practical use or straightforward resale.,Catalog triaged; image inspection and valuation pending,https://d1ljvnrgb7j023.cloudfront.net/files/1/c68af9842da2f10398dc/large
18571,,"(1) Howell pedestal grinder with wire wheel and approx. 8"" grinding stone, 3 phase, includes extra g...",,,5,7,2026-09-29T23:30:00Z,,,,Industrial power,Inspect completeness and function; favor items with practical use or straightforward resale.,Catalog triaged; image inspection and valuation pending,https://d1ljvnrgb7j023.cloudfront.net/files/1/9275da6e162b06475e46/large
18572,,"(1) WT Complex drilling and milling machine, model DM-30, 8 3/8"" x 28 3/4"" table, drilling capacity ...",,,5,9,2026-09-29T23:30:00Z,,,,Industrial power; Removal/loading,Inspect completeness and function; favor items with practical use or straightforward resale.,Catalog triaged; image inspection and valuation pending,https://d1ljvnrgb7j023.cloudfront.net/files/1/f7aef0cb80c1563757ed/large
18573,,(1) custom made pedestal stand with 4-drawer pull out metal organizer with contents of assorted dril...,,,5,10,2026-09-29T23:30:00Z,,,,,Inspect completeness and function; favor items with practical use or straightforward resale.,Catalog triaged; image inspection and valuation pending,https://d1ljvnrgb7j023.cloudfront.net/files/1/6def6ac33ed2d9bcd104/large
18574,,"(1) Duro Metal Products Company drill press, S/N R81780H, 120V, 10"" x 10"" plate, 120V, in working co...",,,5,8,2026-09-29T23:30:00Z,,,,Removal/loading,Inspect completeness and function; favor items with practical use or straightforward resale.,Catalog triaged; image inspection and valuation pending,https://d1ljvnrgb7j023.cloudfront.net/files/1/a952f95ba58e9e3a4efd/large
18575,,"(1) Snap-On 6"" bench vise, currently mounted to bench, winning bidder responsible for proper dismoun...",,,5,6,2026-09-29T23:30:00Z,180,450,60,,Snap-On six-inch vise; verify exact model and castings.,Provisional description-based estimate; all images and sold comps pending,https://d1ljvnrgb7j023.cloudfront.net/files/1/57539bb880dfa65172d8/large
18576,,"(1) Wilton bench vise, #09-600, 6"" wide jaws, currently bolted to work bench, winning bidder respons...",,,5,8,2026-09-29T23:30:00Z,150,360,50,,Wilton six-inch vise; verify jaw alignment and castings.,Provisional description-based estimate; all images and sold comps pending,https://d1ljvnrgb7j023.cloudfront.net/files/1/36380b459af4ba5bcb8a/large
18577,,"(1) steel work bench, approx. 82"" long x 33"" deep x 38"" tall, includes contents of assorted chisels,...",,,5,11,2026-09-29T23:30:00Z,,,,Incomplete/defective per catalog; Removal/loading,"Measure usable quantity; calculate dismantling, loading, transport and storage before bidding.",Catalog triaged; image inspection and valuation pending,https://d1ljvnrgb7j023.cloudfront.net/files/1/209e630341fd38e39753/large
18578,,"Lot of assorted truck and trailer lights, includes tail lights, headlights, truck mirrors, and more.",,,5,11,2026-09-29T23:30:00Z,,,,,Generic catalog triage only. Inspect details and likely demand before selecting a maximum bid.,Catalog triaged; image inspection and valuation pending,https://d1ljvnrgb7j023.cloudfront.net/files/1/d202b60b80d7228b5bb6/large
18579,,"Lot of (2) organizers with contents, 1 metal organizer is 34"" wide x 24"" tall x 12"" deep, with conte...",,,5,13,2026-09-29T23:30:00Z,,,,,"Function, leaks, motor condition and parts availability not independently verified.",Catalog triaged; image inspection and valuation pending,https://d1ljvnrgb7j023.cloudfront.net/files/1/48adeeae1563a6294b2f/large
18580,,"(1) Imperial Eastman Kwikrimp, hydraulic crimping machine, model K501, S/N 5666, 120V, includes 14"" ...",,,5,13,2026-09-29T23:30:00Z,570,1550,160,,Working Kwikrimp with dies/cabinets; check crimp head and exact tooling.,Provisional description-based estimate; all images and sold comps pending,https://d1ljvnrgb7j023.cloudfront.net/files/1/99d8d3eab59cce00138b/large
18581,,"(1) large, custom made heavy duty hydraulic H-press, 40"" wide x approx. 93"" tall, 110V, in working c...",,,5,10,2026-09-29T23:30:00Z,,,,Removal/loading,"Function, leaks, motor condition and parts availability not independently verified.",Catalog triaged; image inspection and valuation pending,https://d1ljvnrgb7j023.cloudfront.net/files/1/3cecf42e6109287b8014/large
18582,,"(1) The Harrington Differential chain hoist with I-beam trolley bracket, hoist and bracket only, doe...",,,5,4,2026-09-29T23:30:00Z,155,430,55,Incomplete/defective per catalog; Removal/loading; Safety inspection,Harrington differential hoist with trolley; inspect load rating/chain.,Provisional description-based estimate; all images and sold comps pending,https://d1ljvnrgb7j023.cloudfront.net/files/1/a0e8c0d9885d1d40f9f1/large
18583,,"(1) ESAB spool arc 86 welding wire spool, new in box, .90 mm or .035"", 44 lbs., item #1382F05.",,,5,0,2026-09-29T23:30:00Z,,,,,No catalog photos; inspect onsite and check description before bidding.,Catalog triaged; image inspection and valuation pending,
18584,,"Large lot of assorted welding rod, various types, includes Hotpoint vintage refrigerator, used for s...",,,5,12,2026-09-29T23:30:00Z,,,,Removal/loading,"Verify power requirements, output, missing accessories, ownership of any cylinders and safe handling.",Catalog triaged; image inspection and valuation pending,https://d1ljvnrgb7j023.cloudfront.net/files/1/21fe574f1e230eff4198/large
18585,,"(1) Van Norman Company portable boring machine with wood crate, missing electric motor, appears all ...",,,5,7,2026-09-29T23:30:00Z,,,,Incomplete/defective per catalog,"Function, leaks, motor condition and parts availability not independently verified.",Catalog triaged; image inspection and valuation pending,https://d1ljvnrgb7j023.cloudfront.net/files/1/0e2479787db97437807b/large
18586,,"(1) vintage Sun Tune Up tester, includes (1) Kal-Equip Company time gun, engine speed testers, Dwell...",,,5,11,2026-09-29T23:30:00Z,,,,,"Function, leaks, motor condition and parts availability not independently verified.",Catalog triaged; image inspection and valuation pending,https://d1ljvnrgb7j023.cloudfront.net/files/1/e523a04e9d93437c3f14/large
18587,,"Lot of assorted standard wrenches, includes 1/16"", 1 1/8"", 1 1/4, 1 5/16"", 1 3/8"", (2) 1 7/16"", (2) ...",,,5,6,2026-09-29T23:30:00Z,,,,,"Confirm exact model, full contents, function and sold comparables; assess shipping time.",Catalog triaged; image inspection and valuation pending,https://d1ljvnrgb7j023.cloudfront.net/files/1/ecaaac414b05f39da018/large
18588,,(1) Hine &amp; Warner hydraulic transmission jack with adapters for assorted transmission.,,,5,6,2026-09-29T23:30:00Z,,,,,"Function, leaks, motor condition and parts availability not independently verified.",Catalog triaged; image inspection and valuation pending,https://d1ljvnrgb7j023.cloudfront.net/files/1/96f56341c369f3822109/large
18589,,"(1) Borg Warner 2-door automotive tune up parts cabinet, 28.5"" wide x 12"" deep x 31.5"" tall, with co...",,,5,15,2026-09-29T23:30:00Z,,,,,Generic catalog triage only. Inspect details and likely demand before selecting a maximum bid.,Catalog triaged; image inspection and valuation pending,https://d1ljvnrgb7j023.cloudfront.net/files/1/f2319c5f5a49a2e40871/large
18590,,"(1) Borg Warner 2-door vintage parts cabinet, 29"" wide x 12"" deep x 31.5"" tall, with contents of ass...",,,5,10,2026-09-29T23:30:00Z,,,,,Inspect completeness and function; favor items with practical use or straightforward resale.,Catalog triaged; image inspection and valuation pending,https://d1ljvnrgb7j023.cloudfront.net/files/1/74ffb4b347803521625c/large
18591,,"(1) NAPA 2-door, wall mount metal cabinet, 30.5"" wide x 10"" deep x 20"" tall, includes contents of as...",,,5,8,2026-09-29T23:30:00Z,,,,,Generic catalog triage only. Inspect details and likely demand before selecting a maximum bid.,Catalog triaged; image inspection and valuation pending,https://d1ljvnrgb7j023.cloudfront.net/files/1/141382a072ee51761fed/large
18592,,"(1) approx. 250-gallon hydraulic oil tank, holding approx. 50-gallons of oil, metal framed rack with...",,,5,9,2026-09-29T23:30:00Z,,,,Removal/loading; Fluids/storage,"Function, leaks, motor condition and parts availability not independently verified.",Catalog triaged; image inspection and valuation pending,https://d1ljvnrgb7j023.cloudfront.net/files/1/5fb3ac7886af16297326/large
18593,,"(1) approx. 250-gallon oil tank, holding AW hydraulic oil 46, approx. 1/8 to 1/4 full, winning bidde...",,,5,7,2026-09-29T23:30:00Z,,,,Removal/loading; Fluids/storage,"Function, leaks, motor condition and parts availability not independently verified.",Catalog triaged; image inspection and valuation pending,https://d1ljvnrgb7j023.cloudfront.net/files/1/47f66e85355d37cb4f5d/large
18594,,"(1) approx. 250-gallon oil tank, holding 15W-40 engine oil, approx. 1/4 full, winning bidder respons...",,,5,6,2026-09-29T23:30:00Z,,,,Removal/loading; Fluids/storage,"Function, leaks, motor condition and parts availability not independently verified.",Catalog triaged; image inspection and valuation pending,https://d1ljvnrgb7j023.cloudfront.net/files/1/7c34b51b11b4a48f9cb8/large
18595,,"Lot of assorted filter wrenches, muffler clamps, exhaust caps, and more.",,,5,10,2026-09-29T23:30:00Z,,,,,Inspect completeness and function; favor items with practical use or straightforward resale.,Catalog triaged; image inspection and valuation pending,https://d1ljvnrgb7j023.cloudfront.net/files/1/8b7297860ee7761ce59d/large
18596,,"Large lot of assorted automotive belts, brands include Goodyear 17425, Gates K080720 Micro-V belts, ...",,,5,6,2026-09-29T23:30:00Z,,,,,Generic catalog triage only. Inspect details and likely demand before selecting a maximum bid.,Catalog triaged; image inspection and valuation pending,https://d1ljvnrgb7j023.cloudfront.net/files/1/4971234ac74421ef6bf2/large
18597,,"Large lot of standard heavy duty impact sockets, sizes 1 1/16"" up to 3 1/8"", and Snap-On 1"" to 3/4"" ...",,,5,11,2026-09-29T23:30:00Z,140,380,52,Removal/loading,Large impact sockets; heavy niche resale.,Provisional description-based estimate; all images and sold comps pending,https://d1ljvnrgb7j023.cloudfront.net/files/1/7c524db523d4763f5215/large
18598,,"Lot of assorted 3/8"" rubber tubing, and 1/8"", partial roll of 3/8"" fuel line hose, gas hose, and mor...",,,5,5,2026-09-29T23:30:00Z,,,,Removal/loading; Fluids/storage,Generic catalog triage only. Inspect details and likely demand before selecting a maximum bid.,Catalog triaged; image inspection and valuation pending,https://d1ljvnrgb7j023.cloudfront.net/files/1/c2d026a87abcb6071c67/large
18599,,"(1) Gray Mills parts washer, model 300A, 1/3 HP, 41"" wide x 30"" deep x approx. 35"" tall, 120V, inclu...",,,5,9,2026-09-29T23:30:00Z,200,520,75,Removal/loading,Gray Mills working parts washer; solvent handling and pickup.,Provisional description-based estimate; all images and sold comps pending,https://d1ljvnrgb7j023.cloudfront.net/files/1/9e265cc4fb3ca65a9451/large
18600,,"(1) lot of assorted oil cans, funnels, Zero Start engine ether for loaders and excavators, quarts of...",,,5,7,2026-09-29T23:30:00Z,,,,Fluids/storage,"Function, leaks, motor condition and parts availability not independently verified.",Catalog triaged; image inspection and valuation pending,https://d1ljvnrgb7j023.cloudfront.net/files/1/c317a82ba725071cd184/large
18601,,"Large lot of assorted WIX and NAPA oil filters, air filters, and fuel filters, includes WIX 42323 ai...",,,5,15,2026-09-29T23:30:00Z,,,,Removal/loading; Fluids/storage,"Function, leaks, motor condition and parts availability not independently verified.",Catalog triaged; image inspection and valuation pending,https://d1ljvnrgb7j023.cloudfront.net/files/1/becf52e2588a041a0628/large
18602,,"Partial roll of 1"" heavy duty heater hose, (1) approx. 3/4"" piece of heavy duty heater hose, clear p...",,,5,5,2026-09-29T23:30:00Z,,,,Removal/loading,Generic catalog triage only. Inspect details and likely demand before selecting a maximum bid.,Catalog triaged; image inspection and valuation pending,https://d1ljvnrgb7j023.cloudfront.net/files/1/a473a80ab170397b1a31/large
18603,,"Large lot of assorted U-joints, includes Motor Master 5200AG, Motor Master 5025I, Bulldog seals, and...",,,5,9,2026-09-29T23:30:00Z,,,,,"Function, leaks, motor condition and parts availability not independently verified.",Catalog triaged; image inspection and valuation pending,https://d1ljvnrgb7j023.cloudfront.net/files/1/038a74c098fae7f1dab9/large
18604,,"Contents of shelf, includes assorted excavator bucket teeth, (5) Hensley 27HX, (3) Dura DX290 excava...",,,5,10,2026-09-29T23:30:00Z,,,,,Generic catalog triage only. Inspect details and likely demand before selecting a maximum bid.,Catalog triaged; image inspection and valuation pending,https://d1ljvnrgb7j023.cloudfront.net/files/1/4671fa71aa48e75d8728/large
18605,,"Contents of shelf and floor, includes assorted bearing seals, Stemco hub cap, model 340-4066, hydrau...",,,5,15,2026-09-29T23:30:00Z,,,,,"Function, leaks, motor condition and parts availability not independently verified.",Catalog triaged; image inspection and valuation pending,https://d1ljvnrgb7j023.cloudfront.net/files/1/3353f963aae39fe538ef/large
18606,,"Lot of 3 alternators, includes (1) new 24V, part #19010199, with pulley, (1) used Prestolite, model ...",,,5,9,2026-09-29T23:30:00Z,,,,,Generic catalog triage only. Inspect details and likely demand before selecting a maximum bid.,Catalog triaged; image inspection and valuation pending,https://d1ljvnrgb7j023.cloudfront.net/files/1/18ab395fe0964417e992/large
18607,,"Contents of (3) shelves and floor, includes assorted new brake shoes, assorted Euclid brake kits, pa...",,,5,11,2026-09-29T23:30:00Z,,,,,Generic catalog triage only. Inspect details and likely demand before selecting a maximum bid.,Catalog triaged; image inspection and valuation pending,https://d1ljvnrgb7j023.cloudfront.net/files/1/b2bd17d2b810d508cddc/large
18608,,"(1) New Star air dryer replacement cartridge, part #S-A474, new in package, and (1) New Star air dry...",,,5,7,2026-09-29T23:30:00Z,,,,,Generic catalog triage only. Inspect details and likely demand before selecting a maximum bid.,Catalog triaged; image inspection and valuation pending,https://d1ljvnrgb7j023.cloudfront.net/files/1/9c53d322905f91536260/large
18609,,"Lot of (10) assorted air brake chambers, all appear to be new, old stock.",,,5,6,2026-09-29T23:30:00Z,,,,,Generic catalog triage only. Inspect details and likely demand before selecting a maximum bid.,Catalog triaged; image inspection and valuation pending,https://d1ljvnrgb7j023.cloudfront.net/files/1/ac544b602ddfc0e2119f/large
18610,,"Lot of assorted truck parts, includes hydraulic pump with wet kit adapter, assorted caster wheels, l...",,,5,9,2026-09-29T23:30:00Z,,,,Removal/loading,"Confirm sizing, date code, sidewall condition and usable tread; heavy local pickup costs.",Catalog triaged; image inspection and valuation pending,https://d1ljvnrgb7j023.cloudfront.net/files/1/47e42d9a02e1a5c271e0/large
18611,,"(1) Evans inline heater core, 24V, new in box.",,,5,7,2026-09-29T23:30:00Z,,,,,Generic catalog triage only. Inspect details and likely demand before selecting a maximum bid.,Catalog triaged; image inspection and valuation pending,https://d1ljvnrgb7j023.cloudfront.net/files/1/f9a692668598fd4fc6c2/large
18612,,Air Supply CV97A11A352A Air Compressor,,,50,8,2026-09-29T23:30:00Z,,,,,"Function, leaks, motor condition and parts availability not independently verified.",Catalog triaged; image inspection and valuation pending,https://d1ljvnrgb7j023.cloudfront.net/files/1/ce523ece0c38ce05a5d7/large
18291,,"(1) Stur Levan 7256, 3 pt. PTO with belt drive blower fan.",,,5,7,2026-09-30T00:00:00Z,,,,,"Confirm fit, wear, running status and pickup arrangements. Value depends on local demand.",Catalog triaged; image inspection and valuation pending,https://d1ljvnrgb7j023.cloudfront.net/files/1/03159304b48c6de20233/large
18292,,"Lot of assorted crane parts, includes a crane block, 941 crane ball, and more.",,,5,5,2026-09-30T00:00:00Z,,,,,Generic catalog triage only. Inspect details and likely demand before selecting a maximum bid.,Catalog triaged; image inspection and valuation pending,https://d1ljvnrgb7j023.cloudfront.net/files/1/c8a5e91963904f790e8f/large
18293,,"(1) General Electric 20 HP heavy duty industrial motor, 230/440V, 3 phase electric.",,,5,7,2026-09-30T00:00:00Z,,,,Industrial power; Removal/loading,"Function, leaks, motor condition and parts availability not independently verified.",Catalog triaged; image inspection and valuation pending,https://d1ljvnrgb7j023.cloudfront.net/files/1/09e6cfbdb4de5df0ce2e/large
18294,,"Large lot of galvanized steel chokers/lift straps, various sizes and lengths up to 2"" diameter, and ...",,,5,9,2026-09-30T00:00:00Z,,,,Removal/loading; Safety inspection,"Do not assume lifting rating. Inspect safety tags, hooks and damaged chain before any use.",Catalog triaged; image inspection and valuation pending,https://d1ljvnrgb7j023.cloudfront.net/files/1/2183fecf170d5c6b2d75/large
18295,,"(1) Sullair single axle, towable air compressor, shows 151 hours, 4-cylinder gas engine, 2"" ball, ma...",,,5,10,2026-09-30T00:00:00Z,1600,3600,400,,Running Sullair towable compressor; title and air output inspection essential.,Provisional description-based estimate; all images and sold comps pending,https://d1ljvnrgb7j023.cloudfront.net/files/1/eec0468c0283495dd6b0/large
18296,,"Large lot of assorted heavy duty air hose, and assorted air tools.",,,5,5,2026-09-30T00:00:00Z,,,,Removal/loading,Inspect completeness and function; favor items with practical use or straightforward resale.,Catalog triaged; image inspection and valuation pending,https://d1ljvnrgb7j023.cloudfront.net/files/1/256a72515d6c47cf3331/large
18297,,"Large lot of assorted expanded steel grates, full 6' x 8' sheet of expanded steel, partial steel she...",,,5,6,2026-09-30T00:00:00Z,,,,,"Measure usable quantity; calculate dismantling, loading, transport and storage before bidding.",Catalog triaged; image inspection and valuation pending,https://d1ljvnrgb7j023.cloudfront.net/files/1/0c5c91e12cb5fda90787/large
18298,,"(3) skids of assorted semi-truck exhaust pipe, includes flex pipe, tips, 90's, filters, mufflers, an...",,,5,11,2026-09-30T00:00:00Z,,,,,"Measure usable quantity; calculate dismantling, loading, transport and storage before bidding.",Catalog triaged; image inspection and valuation pending,https://d1ljvnrgb7j023.cloudfront.net/files/1/dc42e4870e9c198405c5/large
18299,,"(1) 10' x 45"" wide screen deck with mounting plates.",,,5,4,2026-09-30T00:00:00Z,,,,,Generic catalog triage only. Inspect details and likely demand before selecting a maximum bid.,Catalog triaged; image inspection and valuation pending,https://d1ljvnrgb7j023.cloudfront.net/files/1/21c0145f57b506e7b032/large
18300,,"(1) Case Cab for a Case dozer, model 1150B &amp; 1150C crawler dozer, all glass, and windshield wipe...",,,5,7,2026-09-30T00:00:00Z,,,,,Inspection and transport essential. No provisional ceiling without in-person checks and transaction/title review.,Catalog triaged; image inspection and valuation pending,https://d1ljvnrgb7j023.cloudfront.net/files/1/a7bb924cf9bb8e3bb057/large
18301,,"(3) sections of Tear Drop style pallet racking, includes (4) 42"" deep x 105"" tall uprights, (18) app...",,,5,6,2026-09-30T00:00:00Z,260,680,55,Removal/loading,Pallet rack sections; bulky removal and storage; local resale only.,Provisional description-based estimate; all images and sold comps pending,https://d1ljvnrgb7j023.cloudfront.net/files/1/67c0de4cb93b089b14e1/large
18302,,"Lot of (2) sections of roller conveyor, approx. 10' long x 12"" wide x 10"" roller path.",,,5,6,2026-09-30T00:00:00Z,,,,,"Measure usable quantity; calculate dismantling, loading, transport and storage before bidding.",Catalog triaged; image inspection and valuation pending,https://d1ljvnrgb7j023.cloudfront.net/files/1/3abe241ece3d044bdb0a/large
18303,,(1) Budgit 1-ton chain hoist.,,,5,6,2026-09-30T00:00:00Z,120,310,42,Safety inspection,Budgit 1-ton hoist; load-safety inspection required.,Provisional description-based estimate; all images and sold comps pending,https://d1ljvnrgb7j023.cloudfront.net/files/1/fc7670d95c19fa578dc3/large
18304,,"Lot of (4) approx. 20' chains, (6) snap style chain binders, and (1) ratcheting chain binder, also i...",,,5,5,2026-09-30T00:00:00Z,160,370,60,Safety inspection,Chains and binders; count usable pairs and inspect grades.,Provisional description-based estimate; all images and sold comps pending,https://d1ljvnrgb7j023.cloudfront.net/files/1/f42d93cbd9801cca3ea8/large
18305,,"Lot of 4 ratcheting chain binders, (3) 10' and (1) approx. 20', broom, and shovel.",,,5,6,2026-09-30T00:00:00Z,,,,Safety inspection,"Do not assume lifting rating. Inspect safety tags, hooks and damaged chain before any use.",Catalog triaged; image inspection and valuation pending,https://d1ljvnrgb7j023.cloudfront.net/files/1/8a82e7da7bed213cc9c5/large
18306,,"Lot of (5) ratcheting chain binders, (4) snap style chains binders, various chains, spade and square...",,,5,6,2026-09-30T00:00:00Z,,,,Safety inspection,"Do not assume lifting rating. Inspect safety tags, hooks and damaged chain before any use.",Catalog triaged; image inspection and valuation pending,https://d1ljvnrgb7j023.cloudfront.net/files/1/bb6be04a53de3fa6e6cd/large
18307,,"(1) 8' cutting edge for a John Deere 1150C dozer, hitch, and other parts.",,,5,6,2026-09-30T00:00:00Z,,,,,Generic catalog triage only. Inspect details and likely demand before selecting a maximum bid.,Catalog triaged; image inspection and valuation pending,https://d1ljvnrgb7j023.cloudfront.net/files/1/4cb5cf278c7c869660f4/large
18308,,"(1) 87"" cutting edge for a Case 1450, hitch, and side dozer end bits.",,,5,5,2026-09-30T00:00:00Z,,,,,Generic catalog triage only. Inspect details and likely demand before selecting a maximum bid.,Catalog triaged; image inspection and valuation pending,https://d1ljvnrgb7j023.cloudfront.net/files/1/32e969ab1c2e37f2e325/large
18309,,"Large lot of assorted steel beams, various sizes and lengths, includes 8"" x 8"", heavy duty steel pla...",,,5,9,2026-09-30T00:00:00Z,,,,Removal/loading,"Measure usable quantity; calculate dismantling, loading, transport and storage before bidding.",Catalog triaged; image inspection and valuation pending,https://d1ljvnrgb7j023.cloudfront.net/files/1/2bd4aaed4ca18daf9748/large
18310,,"Approx. (16) metal sign posts, approx. 8' tall.",,,5,4,2026-09-30T00:00:00Z,,,,,Generic catalog triage only. Inspect details and likely demand before selecting a maximum bid.,Catalog triaged; image inspection and valuation pending,https://d1ljvnrgb7j023.cloudfront.net/files/1/6795de24469bc8f539c5/large
18311,,"(1) Diebold data safe, auto 1100, dual door combination safe, 56.5"" width x 35"" depth x 80"" height, ...",,,5,9,2026-09-30T00:00:00Z,,,,Removal/loading,Generic catalog triage only. Inspect details and likely demand before selecting a maximum bid.,Catalog triaged; image inspection and valuation pending,https://d1ljvnrgb7j023.cloudfront.net/files/1/991f97bdcba93a8cedcd/large
18312,,"(1) Cat, model CV18B, 73"" skid steer quick attach roller, work tool is 2318601, S/N RCA03284.",,,5,6,2026-09-30T00:00:00Z,,,,,Inspect completeness and function; favor items with practical use or straightforward resale.,Catalog triaged; image inspection and valuation pending,https://d1ljvnrgb7j023.cloudfront.net/files/1/c10ed564afad399bcee5/large
18313,,"(1) set of forks, 42"" x 4"", and set of 87"" x 6"" fork extensions.",,,5,5,2026-09-30T00:00:00Z,,,,,Generic catalog triage only. Inspect details and likely demand before selecting a maximum bid.,Catalog triaged; image inspection and valuation pending,https://d1ljvnrgb7j023.cloudfront.net/files/1/bdbcb74bdf3106feda29/large
18314,,"(1) Quick Attach jib crane attachment, 68"" neck base with a Crosley WL15 hook.",,,5,5,2026-09-30T00:00:00Z,,,,,"Do not assume lifting rating. Inspect safety tags, hooks and damaged chain before any use.",Catalog triaged; image inspection and valuation pending,https://d1ljvnrgb7j023.cloudfront.net/files/1/097747b93fc4aa75c750/large
18315,,"(1) approx. 500-gallon steel, fiberglass coated fuel tank, top fill.",,,5,8,2026-09-30T00:00:00Z,,,,Fluids/storage,"Measure usable quantity; calculate dismantling, loading, transport and storage before bidding.",Catalog triaged; image inspection and valuation pending,https://d1ljvnrgb7j023.cloudfront.net/files/1/85d04652a5c71a4ae477/large
18316,,"(1) Clawson approx. 500-gallon fuel tank, approx. 48"" diameter x 73"" long.",,,5,7,2026-09-30T00:00:00Z,,,,Fluids/storage,"Measure usable quantity; calculate dismantling, loading, transport and storage before bidding.",Catalog triaged; image inspection and valuation pending,https://d1ljvnrgb7j023.cloudfront.net/files/1/711dc79667f75ff5f7d6/large
18317,,"(1) heavy duty steel rack, approx. 106"" length x 44"" depth x 65.5"" height.",,,5,7,2026-09-30T00:00:00Z,,,,Removal/loading,"Measure usable quantity; calculate dismantling, loading, transport and storage before bidding.",Catalog triaged; image inspection and valuation pending,https://d1ljvnrgb7j023.cloudfront.net/files/1/1e5f6a491ecfa88ff82e/large
18318,,"(1) approx. 1000-gallon steel fuel tank, bottom valve, top fill, approx. 61"" diameter x 12' length.",,,5,6,2026-09-30T00:00:00Z,,,,Fluids/storage,"Measure usable quantity; calculate dismantling, loading, transport and storage before bidding.",Catalog triaged; image inspection and valuation pending,https://d1ljvnrgb7j023.cloudfront.net/files/1/97c85ca0e69f84b0af10/large
18319,,"(1) 13' wide spring tooth drag, 3 pt., will need new tires.",,,5,7,2026-09-30T00:00:00Z,,,,,"Confirm fit, wear, running status and pickup arrangements. Value depends on local demand.",Catalog triaged; image inspection and valuation pending,https://d1ljvnrgb7j023.cloudfront.net/files/1/eb1675c1e6e4fa80995d/large
18320,,"(1) spreader bar, approx. 20' long.",,,5,6,2026-09-30T00:00:00Z,,,,,Generic catalog triage only. Inspect details and likely demand before selecting a maximum bid.,Catalog triaged; image inspection and valuation pending,https://d1ljvnrgb7j023.cloudfront.net/files/1/ae00e80acb63623941a4/large
18321,,"(1) spreader bar, approx. 30' long.",,,5,5,2026-09-30T00:00:00Z,,,,,Generic catalog triage only. Inspect details and likely demand before selecting a maximum bid.,Catalog triaged; image inspection and valuation pending,https://d1ljvnrgb7j023.cloudfront.net/files/1/e1ba3f65edb8987a1d28/large
18322,,"(1) I-beam spreader bar, 14' long, 10"" x 5"".",,,5,5,2026-09-30T00:00:00Z,,,,,"Measure usable quantity; calculate dismantling, loading, transport and storage before bidding.",Catalog triaged; image inspection and valuation pending,https://d1ljvnrgb7j023.cloudfront.net/files/1/b854cd32a817a3f818a7/large
18323,,"(1) 3 pt. tandem disc harrow, approx. 99"" wide.",,,5,6,2026-09-30T00:00:00Z,,,,,"Confirm fit, wear, running status and pickup arrangements. Value depends on local demand.",Catalog triaged; image inspection and valuation pending,https://d1ljvnrgb7j023.cloudfront.net/files/1/9097d0aac7fd9464581c/large
18324,,"(1) Ford 90I, 60"", 3 pt. brush hog, PTO driven, S/N 47431.",,,5,7,2026-09-30T00:00:00Z,280,650,95,,Five-foot Ford brush hog; gearbox/deck condition and PTO shaft matter.,Provisional description-based estimate; all images and sold comps pending,https://d1ljvnrgb7j023.cloudfront.net/files/1/f2b522448be2426ca590/large
18325,,"(1) 3 pt. back blade, 72"".",,,5,6,2026-09-30T00:00:00Z,110,300,38,,Six-foot three-point blade; check straightness and hitch.,Provisional description-based estimate; all images and sold comps pending,https://d1ljvnrgb7j023.cloudfront.net/files/1/d7515d7f3189e0f2f7f3/large
18326,,"(1) 3 pt. back blade, 84"".",,,5,5,2026-09-30T00:00:00Z,140,350,45,,Seven-foot three-point blade; confirm tractor compatibility.,Provisional description-based estimate; all images and sold comps pending,https://d1ljvnrgb7j023.cloudfront.net/files/1/ca05f6173c9dd98f021b/large
18327,,"(1) 80"" x 48"" steel mesh drag.",,,5,4,2026-09-30T00:00:00Z,,,,,"Measure usable quantity; calculate dismantling, loading, transport and storage before bidding.",Catalog triaged; image inspection and valuation pending,https://d1ljvnrgb7j023.cloudfront.net/files/1/8017e9228bd7408138ab/large
18328,,"(1) Massey Ferguson 35 Deluxe wide front tractor, 3 pt., PTO, 4-cylinder gas engine, model Z134, 3-s...",,,100,15,2026-09-30T00:00:00Z,2100,4100,700,,"Running Massey 35; cold-start, hydraulics, PTO, tires and transport.",Provisional description-based estimate; all images and sold comps pending,https://d1ljvnrgb7j023.cloudfront.net/files/1/a67ce8d291c69512dc55/large
18329,,"(1) Ford 4000 tractor, 2-WD, open station, 3 pt., 2075 hours showing, 540 PTO, 3-cylinder diesel eng...",,,100,13,2026-09-30T00:00:00Z,3200,6300,1100,,"Running Ford 4000 diesel; cold-start, 3-point, transmission, PTO.",Provisional description-based estimate; all images and sold comps pending,https://d1ljvnrgb7j023.cloudfront.net/files/1/d14256bd699c77c243af/large
18330,,"(1) concrete chute for excavator, 28"" diameter x 31"" tall.",,,5,6,2026-09-30T00:00:00Z,,,,,Generic catalog triage only. Inspect details and likely demand before selecting a maximum bid.,Catalog triaged; image inspection and valuation pending,https://d1ljvnrgb7j023.cloudfront.net/files/1/d03407eafd70ece9a8c6/large
18331,,"(1) concrete chute, 44"" diameter x 37"" tall.",,,5,7,2026-09-30T00:00:00Z,,,,,Generic catalog triage only. Inspect details and likely demand before selecting a maximum bid.,Catalog triaged; image inspection and valuation pending,https://d1ljvnrgb7j023.cloudfront.net/files/1/2f522308636d29325797/large
18332,,"(1) concrete loader chute, 20"" x 20"" on one side, and 7"" x 20"" opening on bottom.",,,5,5,2026-09-30T00:00:00Z,,,,,Generic catalog triage only. Inspect details and likely demand before selecting a maximum bid.,Catalog triaged; image inspection and valuation pending,https://d1ljvnrgb7j023.cloudfront.net/files/1/f3d32bedd4adad0c4018/large
18333,,"(1) steel rack, 56"" wide x 28.5"" deep x 46"" tall.",,,5,6,2026-09-30T00:00:00Z,,,,,"Measure usable quantity; calculate dismantling, loading, transport and storage before bidding.",Catalog triaged; image inspection and valuation pending,https://d1ljvnrgb7j023.cloudfront.net/files/1/b12906bc9b06116e2b33/large
18334,,"(1) 134"" wide dozer root rake.",,,5,6,2026-09-30T00:00:00Z,,,,,Generic catalog triage only. Inspect details and likely demand before selecting a maximum bid.,Catalog triaged; image inspection and valuation pending,https://d1ljvnrgb7j023.cloudfront.net/files/1/1df56a7d612e874ad89a/large
18335,,"(1) Page Engineering Company drag line excavator bucket, approx. 60"" deep x 48"" wide, model A32.",,,5,7,2026-09-30T00:00:00Z,,,,,"Function, leaks, motor condition and parts availability not independently verified.",Catalog triaged; image inspection and valuation pending,https://d1ljvnrgb7j023.cloudfront.net/files/1/806e9508fe39befd285f/large
18336,,"(1) clam shell bucket, each section is approx. 30"" (60"" total width) x 34"" depth.",,,5,10,2026-09-30T00:00:00Z,,,,,Generic catalog triage only. Inspect details and likely demand before selecting a maximum bid.,Catalog triaged; image inspection and valuation pending,https://d1ljvnrgb7j023.cloudfront.net/files/1/124abb237eb7787adeb6/large
18337,,"(1) Hensley excavator bucket, 92 cubic yard, approx. 29"" wide.",,,5,7,2026-09-30T00:00:00Z,,,,,Generic catalog triage only. Inspect details and likely demand before selecting a maximum bid.,Catalog triaged; image inspection and valuation pending,https://d1ljvnrgb7j023.cloudfront.net/files/1/57b29c9afd0fec4d8bcc/large
18338,,"(1) excavator bucket, 72"" wide.",,,5,6,2026-09-30T00:00:00Z,,,,,Generic catalog triage only. Inspect details and likely demand before selecting a maximum bid.,Catalog triaged; image inspection and valuation pending,https://d1ljvnrgb7j023.cloudfront.net/files/1/1fd7423a12b6978738a8/large
18339,,"(1) excavator bucket, approx. 42"" wide x 65"" deep.",,,5,7,2026-09-30T00:00:00Z,,,,,Generic catalog triage only. Inspect details and likely demand before selecting a maximum bid.,Catalog triaged; image inspection and valuation pending,https://d1ljvnrgb7j023.cloudfront.net/files/1/52efb0db9e2d34c7063d/large
18340,,"(1) excavator bucket, 12"" wide x 28"".",,,5,5,2026-09-30T00:00:00Z,,,,,Generic catalog triage only. Inspect details and likely demand before selecting a maximum bid.,Catalog triaged; image inspection and valuation pending,https://d1ljvnrgb7j023.cloudfront.net/files/1/796868f4600d6996835e/large
18341,,"Large lot of heavy duty steel I-beams, assorted sizes and lengths, includes channel steel, and much ...",,,5,9,2026-09-30T00:00:00Z,,,,Removal/loading,"Measure usable quantity; calculate dismantling, loading, transport and storage before bidding.",Catalog triaged; image inspection and valuation pending,https://d1ljvnrgb7j023.cloudfront.net/files/1/3699f8fe6c98bca4fa05/large
18342,,"(1) Seaman Corp., model AT.3.176.597, 84"" asphalt roller attachment, 540 PTO drive, pin hitch, S/N 8...",,,5,11,2026-09-30T00:00:00Z,,,,Removal/loading,"Confirm fit, wear, running status and pickup arrangements. Value depends on local demand.",Catalog triaged; image inspection and valuation pending,https://d1ljvnrgb7j023.cloudfront.net/files/1/4b1dcca4e8039ba06887/large
18343,,"(6) various PVC pipes, includes Schedule 40 2.5"", Schedule 80 3"", various lengths.",,,5,4,2026-09-30T00:00:00Z,,,,,"Measure usable quantity; calculate dismantling, loading, transport and storage before bidding.",Catalog triaged; image inspection and valuation pending,https://d1ljvnrgb7j023.cloudfront.net/files/1/93fbdc06d5041e2bcd6e/large
18344,,"(1) ADSN-12 dual wall HDPE corrugated pipe with smooth interior, 243"" long.",,,5,5,2026-09-30T00:00:00Z,,,,,"Measure usable quantity; calculate dismantling, loading, transport and storage before bidding.",Catalog triaged; image inspection and valuation pending,https://d1ljvnrgb7j023.cloudfront.net/files/1/8307c96611160e72bdaa/large
18345,,"(1) corrugated pipe, approx. 77"" diameter, 24"" ID.",,,5,5,2026-09-30T00:00:00Z,,,,,"Measure usable quantity; calculate dismantling, loading, transport and storage before bidding.",Catalog triaged; image inspection and valuation pending,https://d1ljvnrgb7j023.cloudfront.net/files/1/4ce64fa68b4aae3a5bb9/large
18346,,"(3) sections of corrugated pipe, includes approx. 12' ASTM12306PE pipe, approx. 11.5', and 31"" small...",,,5,6,2026-09-30T00:00:00Z,,,,,"Measure usable quantity; calculate dismantling, loading, transport and storage before bidding.",Catalog triaged; image inspection and valuation pending,https://d1ljvnrgb7j023.cloudfront.net/files/1/73acf743c5bfef882239/large
18347,,"(1) steel culvert pipe, 8' long x approx. 24"" ID.",,,5,5,2026-09-30T00:00:00Z,,,,,"Measure usable quantity; calculate dismantling, loading, transport and storage before bidding.",Catalog triaged; image inspection and valuation pending,https://d1ljvnrgb7j023.cloudfront.net/files/1/6518d72dbc6a488c590f/large
18348,,"(3) sections of 12"" Prinsco corrugated pipe with smooth interior, (3) approx. 20' sections, (2) appr...",,,5,7,2026-09-30T00:00:00Z,,,,,"Measure usable quantity; calculate dismantling, loading, transport and storage before bidding.",Catalog triaged; image inspection and valuation pending,https://d1ljvnrgb7j023.cloudfront.net/files/1/f44d353654abc0712412/large
18349,,"Lot of assorted ADS 1"", heavy duty 4"" ID drain tile pipe.",,,5,5,2026-09-30T00:00:00Z,,,,Removal/loading,"Measure usable quantity; calculate dismantling, loading, transport and storage before bidding.",Catalog triaged; image inspection and valuation pending,https://d1ljvnrgb7j023.cloudfront.net/files/1/f51b55d5cdd369ae096e/large
18350,,"Lot of (2) Bristol pipe, Type PSMSDR35, PVC sewer pipe, 163"" x 12"" diameter and 173"" long x 12"" diam...",,,5,5,2026-09-30T00:00:00Z,,,,,"Measure usable quantity; calculate dismantling, loading, transport and storage before bidding.",Catalog triaged; image inspection and valuation pending,https://d1ljvnrgb7j023.cloudfront.net/files/1/bd4e5a5df9eac6d43614/large
18351,,"(1) custom screen roller, approx. 183"" length x 12.5"" diameter, includes submersible pump, 440V, sin...",,,5,8,2026-09-30T00:00:00Z,,,,Industrial power,"Function, leaks, motor condition and parts availability not independently verified.",Catalog triaged; image inspection and valuation pending,https://d1ljvnrgb7j023.cloudfront.net/files/1/bedbd17eecb923965ebf/large
18352,,"(1) approx. 1000-gallon fuel tank with a Gas Boy 12V electric pump, hose, and nozzle.",,,5,10,2026-09-30T00:00:00Z,300,750,70,Fluids/storage,"Thousand-gallon fuel tank/pump; leak test, contamination and handling.",Provisional description-based estimate; all images and sold comps pending,https://d1ljvnrgb7j023.cloudfront.net/files/1/ede6ea37a3c7e3c11f0b/large
18353,,"(1) approx. 1000-gallon fuel tank with duel Gas Boy, model 73DSL, 12V electric pump, hose, and nozzl...",,,5,11,2026-09-30T00:00:00Z,360,850,75,Fluids/storage,Thousand-gallon fuel tank with two pumps; same transport/liability cautions.,Provisional description-based estimate; all images and sold comps pending,https://d1ljvnrgb7j023.cloudfront.net/files/1/af9e810d51a12015f4b9/large
18354,,"(1) Steel Tank steel fuel tank, approx. 64"" diameter x 73"" length, top fill, bottom drain.",,,5,5,2026-09-30T00:00:00Z,,,,Fluids/storage,"Measure usable quantity; calculate dismantling, loading, transport and storage before bidding.",Catalog triaged; image inspection and valuation pending,https://d1ljvnrgb7j023.cloudfront.net/files/1/f5b4b8ba59c9a0819122/large
18355,,"1982 Chevrolet K 20 Custom Deluxe Regular Cab Plow Truck automatic transmission, standard cab, 8' be...",,,100,24,2026-09-30T00:00:00Z,,,,Incomplete/defective per catalog,"Function, leaks, motor condition and parts availability not independently verified.",Catalog triaged; image inspection and valuation pending,https://d1ljvnrgb7j023.cloudfront.net/files/1/37e4520146d4f645314e/large
18356,,"2002 Chevrolet Avalanche Z71 Regular Cab Pickup Truck for parts or repair, 4-WD, automatic transmiss...",,,100,17,2026-09-30T00:00:00Z,,,,Incomplete/defective per catalog; Fluids/storage,"Confirm sizing, date code, sidewall condition and usable tread; heavy local pickup costs.",Catalog triaged; image inspection and valuation pending,https://d1ljvnrgb7j023.cloudfront.net/files/1/c080feafe28c4d14e664/large
18357,,"1994 Ford F250 XL Regular Cab Other Pickup Truck Service truck, 4-WD, 4-speed transmission with over...",,,100,34,2026-09-30T00:00:00Z,,,,Incomplete/defective per catalog; Fluids/storage,"Confirm sizing, date code, sidewall condition and usable tread; heavy local pickup costs.",Catalog triaged; image inspection and valuation pending,https://d1ljvnrgb7j023.cloudfront.net/files/1/ff8cbaf3c03b35906919/large
18358,,"2013 Ram 2500 Regular Cab Plow Truck 4-WD, 5.7 liter Hemi engine, power windows, locks, and mirrors,...",,,100,21,2026-09-30T00:00:00Z,,,,Incomplete/defective per catalog; Fluids/storage,"Confirm sizing, date code, sidewall condition and usable tread; heavy local pickup costs.",Catalog triaged; image inspection and valuation pending,https://d1ljvnrgb7j023.cloudfront.net/files/1/a677a5d76d379734d021/large
18359,,"1995 White GMC Volvo Semi Truck manual transmission, cruise control, heated mirrors, manual windows,...",,,100,37,2026-09-30T00:00:00Z,,,,Fluids/storage,"Confirm fit, wear, running status and pickup arrangements. Value depends on local demand.",Catalog triaged; image inspection and valuation pending,https://d1ljvnrgb7j023.cloudfront.net/files/1/c0fec017022d63f81372/large
18360,,"1980 Ford F9000 Winch/Plow Truck under belly plow truck, 28,000 lb. GVWR, 5-speed manual high low PT...",,,100,37,2026-09-30T00:00:00Z,,,,Fluids/storage; Safety inspection,"Confirm fit, wear, running status and pickup arrangements. Value depends on local demand.",Catalog triaged; image inspection and valuation pending,https://d1ljvnrgb7j023.cloudfront.net/files/1/6dd3f61b20c879fef028/large
18361,,"1988 Ford 8000 Semi Truck tandem axle, Road Ranger RTO-11613-14613, manual transmission, high low PT...",,,100,30,2026-09-30T00:00:00Z,,,,Fluids/storage,"Confirm fit, wear, running status and pickup arrangements. Value depends on local demand.",Catalog triaged; image inspection and valuation pending,https://d1ljvnrgb7j023.cloudfront.net/files/1/7c68765cf302230313c1/large
18362,,"1978 GMC 6500 Fuel Oil Truck 5-speed transmission with high low PTO, 27,500 lb. GVWR, V8 gas engine,...",,,100,31,2026-09-30T00:00:00Z,,,,Incomplete/defective per catalog; Fluids/storage,"Confirm fit, wear, running status and pickup arrangements. Value depends on local demand.",Catalog triaged; image inspection and valuation pending,https://d1ljvnrgb7j023.cloudfront.net/files/1/6914a2154e9cf579620e/large
18364,,"1990 White GMC Tandem Axle Dump Truck 22,675 lb. GVWR, 5,442 lb. front axle, 8,617 lb. first and rea...",,,100,35,2026-09-30T00:00:00Z,,,,,"Confirm fit, wear, running status and pickup arrangements. Value depends on local demand.",Catalog triaged; image inspection and valuation pending,https://d1ljvnrgb7j023.cloudfront.net/files/1/f959e1f1694a3260cef0/large
18365,,"1998 Kenworth T800 B Dump Truck 46,000 lb. GVWR, front axle 12,000 lb., first intermediate axle 17,0...",,,100,39,2026-09-30T00:00:00Z,,,,Fluids/storage,"Confirm fit, wear, running status and pickup arrangements. Value depends on local demand.",Catalog triaged; image inspection and valuation pending,https://d1ljvnrgb7j023.cloudfront.net/files/1/587873c927867ce4888d/large
18366,,"1990 Interstate T20DT Tag Trailer 10-ton, 201"" x 102"" wide load bed, steel and wood combination with...",,,100,20,2026-09-30T00:00:00Z,2300,5200,550,,Ten-ton tilt trailer with air brakes; verify title/frame/brakes.,Provisional description-based estimate; all images and sold comps pending,https://d1ljvnrgb7j023.cloudfront.net/files/1/cafe9025f8f73b66188d/large
18367,,"1985 Dakota RC3017-C2 Trail EZE Equipment Trailer 69,870 lb. GVWR, approx. 260"" x 102"" wide wood and...",,,100,22,2026-09-30T00:00:00Z,,,,,"Confirm sizing, date code, sidewall condition and usable tread; heavy local pickup costs.",Catalog triaged; image inspection and valuation pending,https://d1ljvnrgb7j023.cloudfront.net/files/1/08031cfea1cea4a4d764/large
18368,,"Clark Forklift (1) Clark LP lift truck, model C300Y40, S/N Y466-122-4387380, 4000 lb. capacity, 127""...",,,100,21,2026-09-30T00:00:00Z,,,,Fluids/storage,Inspection and transport essential. No provisional ceiling without in-person checks and transaction/title review.,Catalog triaged; image inspection and valuation pending,https://d1ljvnrgb7j023.cloudfront.net/files/1/632405dc4efcdcd4f45a/large
18369,,"(1) custom built farm lift truck, gas powered, 305 Oldsmobile gas engine, automatic with order drive...",,,5,21,2026-09-30T00:00:00Z,,,,,Inspection and transport essential. No provisional ceiling without in-person checks and transaction/title review.,Catalog triaged; image inspection and valuation pending,https://d1ljvnrgb7j023.cloudfront.net/files/1/8cf5562a0a7eada385ef/large
18370,,"Clark Forklift (1) Clark Yard Lift, model CFY150B, Type G, 15,000 lb. forklift, 4004 hours showing, ...",,,100,22,2026-09-30T00:00:00Z,,,,,Inspection and transport essential. No provisional ceiling without in-person checks and transaction/title review.,Catalog triaged; image inspection and valuation pending,https://d1ljvnrgb7j023.cloudfront.net/files/1/922c53f27d4c06132d02/large
18371,,"(1) Terex, model 72-41AA, articulated frame wheel loader, S/N 52324, operating load of 9000 lbs., 31...",,,5,26,2026-09-30T00:00:00Z,,,,,Inspection and transport essential. No provisional ceiling without in-person checks and transaction/title review.,Catalog triaged; image inspection and valuation pending,https://d1ljvnrgb7j023.cloudfront.net/files/1/c7004589b853070db2fd/large
18372,,"(1) 1999 Fiat Allis, model FR180.2, articulated frame wheel loader, enclosed cab, 4998 hours showing...",,,5,28,2026-09-30T00:00:00Z,,,,,Inspection and transport essential. No provisional ceiling without in-person checks and transaction/title review.,Catalog triaged; image inspection and valuation pending,https://d1ljvnrgb7j023.cloudfront.net/files/1/0c0f5a991619a0430c81/large
18373,,"(1) Terex, model 80-C articulated frame wheel loader, S/N 72857, rated payload 16,500 lbs., enclosed...",,,5,35,2026-09-30T00:00:00Z,,,,,Inspection and transport essential. No provisional ceiling without in-person checks and transaction/title review.,Catalog triaged; image inspection and valuation pending,https://d1ljvnrgb7j023.cloudfront.net/files/1/241ba81f0b257813ddb3/large
18374,,"(1) 1990 Case 550 crawler dozer, 9688 hours showing, open station, ROPS canopy, 96"" 6-way blade, 16""...",,,100,24,2026-09-30T00:00:00Z,,,,,Inspection and transport essential. No provisional ceiling without in-person checks and transaction/title review.,Catalog triaged; image inspection and valuation pending,https://d1ljvnrgb7j023.cloudfront.net/files/1/1b3dac279946b3c76b97/large
18375,,"(1) 1996 Case 1150G crawler dozer, 690 hours showing, open station, ROPS canopy, 22"" single grouser ...",,,100,26,2026-09-30T00:00:00Z,,,,,Inspection and transport essential. No provisional ceiling without in-person checks and transaction/title review.,Catalog triaged; image inspection and valuation pending,https://d1ljvnrgb7j023.cloudfront.net/files/1/6d201427ca9fb61cde12/large
18376,,"(1) 1981 Case 1150C crawler dozer, 8921 hours showing, foot pedal/joystick controls, open station, R...",,,100,29,2026-09-30T00:00:00Z,,,,,Inspection and transport essential. No provisional ceiling without in-person checks and transaction/title review.,Catalog triaged; image inspection and valuation pending,https://d1ljvnrgb7j023.cloudfront.net/files/1/cb60584c9c36728f4690/large
18377,,"(1) 1983 Case 1150C crawler dozer, 1399 hours showing, foot pedal/joystick controls, open station, R...",,,100,30,2026-09-30T00:00:00Z,,,,,Inspection and transport essential. No provisional ceiling without in-person checks and transaction/title review.,Catalog triaged; image inspection and valuation pending,https://d1ljvnrgb7j023.cloudfront.net/files/1/e5ccefd519550de878b2/large
18378,,"(1) 1994 Case 1150E long track crawler dozer, 8449 hours showing, foot pedal and joystick controls, ...",,,100,30,2026-09-30T00:00:00Z,,,,,Inspection and transport essential. No provisional ceiling without in-person checks and transaction/title review.,Catalog triaged; image inspection and valuation pending,https://d1ljvnrgb7j023.cloudfront.net/files/1/cadae97123c38f28fffa/large
18379,,"(1) 1982 Case 1450B crawler dozer, open station, ROPS canopy, 8309 hours showing, food pedal and joy...",,,100,33,2026-09-30T00:00:00Z,,,,,Inspection and transport essential. No provisional ceiling without in-person checks and transaction/title review.,Catalog triaged; image inspection and valuation pending,https://d1ljvnrgb7j023.cloudfront.net/files/1/4206141a926f549e751c/large
18380,,"(1) 2013 John Deere 700K LGP dozer, enclosed cab, A/C and heat, joystick control, push button start,...",,,100,29,2026-09-30T00:00:00Z,,,,,Generic catalog triage only. Inspect details and likely demand before selecting a maximum bid.,Catalog triaged; image inspection and valuation pending,https://d1ljvnrgb7j023.cloudfront.net/files/1/afb5c58396df7e8b7608/large
18381,,"(1) 2000 Hitachi EX200LC-5, hydraulic crawler excavator, 8084 hours showing, foot pedal/joystick con...",,,100,32,2026-09-30T00:00:00Z,,,,,Inspection and transport essential. No provisional ceiling without in-person checks and transaction/title review.,Catalog triaged; image inspection and valuation pending,https://d1ljvnrgb7j023.cloudfront.net/files/1/7028f51aefd48a4c4a16/large
18382,,"Kobelco SK210-9 (1) 2013 Kobelco, model SK210-9, hydraulic excavator, 4068 hours showing, enclosed c...",,,100,30,2026-09-30T00:00:00Z,,,,,"Function, leaks, motor condition and parts availability not independently verified.",Catalog triaged; image inspection and valuation pending,https://d1ljvnrgb7j023.cloudfront.net/files/1/bf64580b2bc95277656d/large
18383,,"(1) 1976 John Deere 762 motor scraper, open station, ROPS canopy, 7900 hours showing, John Deere 190...",,,100,26,2026-09-30T00:00:00Z,,,,,Inspection and transport essential. No provisional ceiling without in-person checks and transaction/title review.,Catalog triaged; image inspection and valuation pending,https://d1ljvnrgb7j023.cloudfront.net/files/1/f0c656bd247eff0fe05d/large
18384,,"(1) Ohio Central Steel Company screen machine, model 45D46-3-3458, Lister engine #FNT803105*300-1739...",,,5,19,2026-09-30T00:00:00Z,,,,Fluids/storage,"Confirm sizing, date code, sidewall condition and usable tread; heavy local pickup costs.",Catalog triaged; image inspection and valuation pending,https://d1ljvnrgb7j023.cloudfront.net/files/1/ae8598645921816c37c7/large
18385,,"(1) steel grizzly box, approx. 128"" length x 64"" depth x 88"" to top, 3 3/4"" spacing in between bars,...",,,5,7,2026-09-30T00:00:00Z,,,,Removal/loading,"Measure usable quantity; calculate dismantling, loading, transport and storage before bidding.",Catalog triaged; image inspection and valuation pending,https://d1ljvnrgb7j023.cloudfront.net/files/1/f27b5afb1aa0e227215f/large
18386,,"(1) steel grizzly box, approx. 132.5"" length x 64"" depth x 106"" to top, 5.5"" spacing in between bars...",,,5,7,2026-09-30T00:00:00Z,,,,Removal/loading,"Measure usable quantity; calculate dismantling, loading, transport and storage before bidding.",Catalog triaged; image inspection and valuation pending,https://d1ljvnrgb7j023.cloudfront.net/files/1/42d1962e44540137b97b/large
18387,,"(1) steel grizzly box, approx. 150"" length x 70"" depth x 104"" to top, 12"" spacing in between bars, w...",,,5,7,2026-09-30T00:00:00Z,,,,Removal/loading,"Measure usable quantity; calculate dismantling, loading, transport and storage before bidding.",Catalog triaged; image inspection and valuation pending,https://d1ljvnrgb7j023.cloudfront.net/files/1/76b1081264e91a21d819/large
18388,,"(1) Turner Tillage Pit Style offset disc harrow, adjustable, approx. 10', winning bidder responsible...",,,5,9,2026-09-30T00:00:00Z,,,,Removal/loading,"Confirm fit, wear, running status and pickup arrangements. Value depends on local demand.",Catalog triaged; image inspection and valuation pending,https://d1ljvnrgb7j023.cloudfront.net/files/1/d3229a31561267245376/large
18613,,"1 yard dump hopper, one wheel needs replacement, in working condition",,,5,7,2026-09-30T00:00:00Z,,,,,"Confirm sizing, date code, sidewall condition and usable tread; heavy local pickup costs.",Catalog triaged; image inspection and valuation pending,https://d1ljvnrgb7j023.cloudfront.net/files/1/65c13b5fb787ced51155/large
18614,,Tel Smith Crusher Line,,,500,27,2026-09-30T00:00:00Z,,,,,Inspection and transport essential. No provisional ceiling without in-person checks and transaction/title review.,Catalog triaged; image inspection and valuation pending,https://d1ljvnrgb7j023.cloudfront.net/files/1/f1dc8fe48db77679ccd7/large
18615,,Terex 72-61AA Articulated Loader,,,100,29,2026-09-30T00:00:00Z,,,,,Inspection and transport essential. No provisional ceiling without in-person checks and transaction/title review.,Catalog triaged; image inspection and valuation pending,https://d1ljvnrgb7j023.cloudfront.net/files/1/7875427bfec9bba7dffd/large
18616,,1980 Northwest Engineering Model 6 Drag Line Crane,,,100,33,2026-09-30T00:00:00Z,,,,,Inspection and transport essential. No provisional ceiling without in-person checks and transaction/title review.,Catalog triaged; image inspection and valuation pending,https://d1ljvnrgb7j023.cloudfront.net/files/1/62b5f5a9c5180244cd4e/large
19094,,1986 Case 580 Super E Construction King Backhoe Loader,,,100,27,2026-09-30T00:00:00Z,,,,,Inspection and transport essential. No provisional ceiling without in-person checks and transaction/title review.,Catalog triaged; image inspection and valuation pending,https://d1ljvnrgb7j023.cloudfront.net/files/1/c42e78768eda4c297c4f/large
