lot,title,priority,photo_count,photo_review_status,source_photo_url,existing_photo_findings,market_research_status,required_next_checks,historical_unverified_low_usd,historical_unverified_high_usd,researched_low_usd,researched_high_usd,researched_max_hammer_usd
18110,"(1) Blue Point 30"" width x 32"" height x 16"" depth, 2-tier steel shop cart, and (1) Blue Point 30"" le...",High,9,Batch 02: all catalog images reviewed,https://d1ljvnrgb7j023.cloudfront.net/files/1/67e94e19779bbc513582/large,"Both Blue Point shop carts are present: an open two-tier cart and a four-drawer rolling unit with fold-out tray. Trays and lower compartments show grime, chipped paint and surface oxidation. Photograph contents may belong to other lots; test drawers, locks and casters.",Not researched,"Locate dated exact-model completed sales; adjust for quantity, condition and selling venue | Calculate net margin and conditional hammer ceiling only after evidence",175,440,,,
18114,"(1) Hobart, model 6-261, portable, tow-behind generator (250 amp, 40V), HP illegible, S/N 120W-45251...",High,13,Batch 04: visually inspected,https://d1ljvnrgb7j023.cloudfront.net/files/1/45254336113cb53992b3/large,"Large older Hobart 250-amp towable welding generator on a heavy homemade-looking chassis with four-cylinder gas engine, pintle hitch, toolbox and large cable loops. Controls, generator badge and engine are visible, but all surfaces heavily dusty and rusty; tire age and trailer registration unknown. Do not bid beyond parts-level without cold start, measured output, sound weld test and transport arrangements.",Not researched,"Resolve identity/condition using existing source originals or in-person inspection | Verify exact model, voltage, completeness and operation | Identify defects and price necessary repairs | Locate dated exact-model completed sales; adjust for quantity, condition and selling venue | Calculate net margin and conditional hammer ceiling only after evidence",500,1450,,,
18115,"(1) gas powered 20"" x 16"" compactor with a Honda GX140, 5 HP gas engine, engine pulls through and ha...",High,5,Batch 02: all catalog images reviewed,https://d1ljvnrgb7j023.cloudfront.net/files/1/61f5d58e192ea7e82abe/large,Dusty Honda GX140 motor mounted to a circular compactor/base; paint is heavily worn. A large separate object alongside it is not necessarily included. Pull-through/compression alone does not establish compaction function; test eccentric and clutch.,Not researched,"Verify exact model, voltage, completeness and operation | Estimate removal, freight and local resale constraints | Locate dated exact-model completed sales; adjust for quantity, condition and selling venue | Calculate net margin and conditional hammer ceiling only after evidence",130,330,,,
18118,"(1) Ramco Shop Hand 5000, 5000 lb. capacity engine hoist with extendable arm, and RM8000 long ram ja...",High,7,40-lot verified batch 01: contact sheet reviewed,https://d1ljvnrgb7j023.cloudfront.net/files/1/6df141850ebf2aa14f85/large,"Ramco Shop Hand 5000 frame and red long-ram jack are present. Paint and chain show wear, but no major frame bend is apparent in reduced-size photos. Test hydraulic hold, hooks, frame welds and caster movement.",Not researched,"Verify ratings, condition and applicable safety/title/pressure checks | Locate dated exact-model completed sales; adjust for quantity, condition and selling venue | Calculate net margin and conditional hammer ceiling only after evidence",170,365,,,
18122,"(1) 22"" width x 34"" height x 30"" depth steel tool box with assorted hand tools, includes adjustable ...",High,8,Inspected (contact sheet),https://d1ljvnrgb7j023.cloudfront.net/files/1/92f2f49ae39079b5871f/large,"Used metal multi-drawer mechanics tool chest/cabinet containing mixed large wrenches, sockets, pry bars, hammers and miscellaneous tools; red stand with fluid bottle and separate crate also pictured. Cabinet finish worn; verify lot boundaries, drawer slides and individual tool brands before assigning resale.",Not researched,"Resolve identity/condition using existing source originals or in-person inspection | Count exact included models, quantities and accessories | Locate dated exact-model completed sales; adjust for quantity, condition and selling venue | Calculate net margin and conditional hammer ceiling only after evidence",,,,,
18123,"(1) Miller, model AED-200LE, constant current AC/DC arc welder/generator, S/N JH202466 (120/240V-5 K...",High,10,Batch 02: all catalog images reviewed,https://d1ljvnrgb7j023.cloudfront.net/files/1/cd76125f5a383defb445/large,"Miller AEAD-200LE engine-driven welder is visibly dusty but appears to have heavy electrode cables and its Onan motor. No evidence of running or welding output; test Onan cold start, 120/240V and AC/DC weld current before more than a speculative bid.",Not researched,"Verify exact model, voltage, completeness and operation | Locate dated exact-model completed sales; adjust for quantity, condition and selling venue | Calculate net margin and conditional hammer ceiling only after evidence",320,760,,,
18124,"(1) Miller, Millermatic 300, 3 phase MIG welder power source with Tweco MIG gun (no tank).",High,6,Batch 04: visually inspected,https://d1ljvnrgb7j023.cloudfront.net/files/1/3c5abad3d85675fd6bb0/large,"Blue Miller Millermatic 300 power source with Tweco MIG hose and cart appears generally assembled but dusty, with worn faceplate and no illuminated test. Nameplate explicitly marks three-phase input; tank is absent per catalog and this is not plug-and-play for a typical home garage. Inspect input taps, wire feed and gun lining; 3-phase greatly limits casual resale.",Not researched,"Resolve identity/condition using existing source originals or in-person inspection | Verify exact model, voltage, completeness and operation | Verify ratings, condition and applicable safety/title/pressure checks | Locate dated exact-model completed sales; adjust for quantity, condition and selling venue | Calculate net margin and conditional hammer ceiling only after evidence",130,360,,,
18125,"(1) Lincoln Ideal Arc 250 arc welder, 230-460V input, S/N AC390125, working condition unknown, inclu...",High,8,Batch 04: visually inspected,https://d1ljvnrgb7j023.cloudfront.net/files/1/212ff48ddb96b7b852cb/large,"Heavy red Lincoln Idealarc 250 transformer stick welder on caster base includes long leads and electrode holder. Photos reveal aged, rubbed cables and dirty front control but no glaring enclosure break. Check nameplate/input configuration, correct voltage, insulation and measured weld output before personal use or resale.",Not researched,"Resolve identity/condition using existing source originals or in-person inspection | Verify exact model, voltage, completeness and operation | Locate dated exact-model completed sales; adjust for quantity, condition and selling venue | Calculate net margin and conditional hammer ceiling only after evidence",170,430,,,
18126,"(1) make and model unknown portable engine hoist with a RM8000 long Ram jack, and extendable hoist.",High,7,Batch 04: visually inspected,https://d1ljvnrgb7j023.cloudfront.net/files/1/407385c6985e3739a320/large,"Portable red/blue folding engine hoist with extendable telescoping boom, four-wheeled legs and RM8000 long-ram jack looks complete; visible chains/hook have wear. Check welds, boom holes/pins, jack hydraulic holding pressure and caster play; visually assembled is not proof of 8000-pound lifting capacity.",Not researched,"Resolve identity/condition using existing source originals or in-person inspection | Verify ratings, condition and applicable safety/title/pressure checks | Locate dated exact-model completed sales; adjust for quantity, condition and selling venue | Calculate net margin and conditional hammer ceiling only after evidence",150,390,,,
18127,"(1) oxygen/acetylene torch cart set up with approx. 20' of hose, built-in tool box, approx. 16"" diam...",High,3,40-lot verified batch 01: contact sheet reviewed,https://d1ljvnrgb7j023.cloudfront.net/files/1/e92d4897cb04bb3d269c/large,Green tall cylinder and a silver vessel/holder appear on the cart with gauges and hoses. Catalog states oxygen cylinder only; verify identity and legal ownership of every vessel and pressure-test regulators and old hoses.,Not researched,"Resolve identity/condition using existing source originals or in-person inspection | Count exact included models, quantities and accessories | Identify defects and price necessary repairs | Locate dated exact-model completed sales; adjust for quantity, condition and selling venue | Calculate net margin and conditional hammer ceiling only after evidence",75,200,,,
18130,"(1) Miller Dimension 650 CC/CV/DC arc welding power source, S/N KF790082, 230/460/575V, 3 phase inpu...",High,11,Inspected (contact sheet),https://d1ljvnrgb7j023.cloudfront.net/files/1/77320c933d62090896af/large,"Miller Dimension 650 industrial welder with separate Miller 24V wire feeder, torch/cables and tall cylinder pictured; nameplate indicates three-phase 230/460/575V input. No power-on or welding test, cylinder ownership or gas contents verified. Heavy transport, correct three-phase supply and consumable condition materially affect value.",Not researched,"Verify exact model, voltage, completeness and operation | Identify defects and price necessary repairs | Estimate removal, freight and local resale constraints | Locate dated exact-model completed sales; adjust for quantity, condition and selling venue | Calculate net margin and conditional hammer ceiling only after evidence",,,,,
18134,"Lot including (1) approx. 20 gallon capacity grease can with 4-wheel base, and a Lincoln Engineering...",High,4,Inspected (contact sheet),https://d1ljvnrgb7j023.cloudfront.net/files/1/170f3073ee3a90727ddb/large,"Red wheeled pressure-lubrication/grease dispensing vessel with long hose and Kendall pail pictured. Dirty, aged hoses and fittings; pressure rating, contents and pump operation unknown. Do not pressurize before inspection.",Not researched,"Resolve identity/condition using existing source originals or in-person inspection | Count exact included models, quantities and accessories | Locate dated exact-model completed sales; adjust for quantity, condition and selling venue | Calculate net margin and conditional hammer ceiling only after evidence",,,,,
18138,"(1) Stihl, model unknown, gas powered 14"" concrete saw, engine pulls through and has compression, wo...",High,5,40-lot verified batch 01: contact sheet reviewed,https://d1ljvnrgb7j023.cloudfront.net/files/1/79ef331fc0bb2b6f58ff/large,"Stihl cut-off saw is visibly very dusty and hard-used with a full guard, pull-start assembly and cutter in photos. Exact model remains unconfirmed; verify cold start and engine before applying working-saw resale scenarios.",Not researched,"Resolve identity/condition using existing source originals or in-person inspection | Verify exact model, voltage, completeness and operation | Estimate removal, freight and local resale constraints | Locate dated exact-model completed sales; adjust for quantity, condition and selling venue | Calculate net margin and conditional hammer ceiling only after evidence",165,400,,,
18140,"Lot including (1) Ridgid 36"", (1) 24"", and (1) Fuller 18"" pipe wrench.",High,6,Batch 04: visually inspected,https://d1ljvnrgb7j023.cloudfront.net/files/1/dc370598b21c65f10d20/large,"Three substantial used pipe wrenches photographed with identifiable Ridgid 36-inch and 24-inch markings and smaller Fuller wrench. Heavy red paint loss, oxidation and worn-looking jaw teeth. Since only three are pictured, count teeth, straightness and adjuster action for each; already-owning similar wrenches can justify passing.",Not researched,"Count exact included models, quantities and accessories | Locate dated exact-model completed sales; adjust for quantity, condition and selling venue | Calculate net margin and conditional hammer ceiling only after evidence",110,280,,,
18141,"(1) approx. 16"", (1) Pipe Master 14"", (1) Ridgid 14"" (handle was broken and is welded), and (1) Till...",High,8,Inspected (contact sheet),https://d1ljvnrgb7j023.cloudfront.net/files/1/a40d5849d648b0e99504/large,"Four visibly used pipe wrenches of mixed sizes, including one long red/rusty wrench and shorter steel-handled examples. Surface corrosion and jaw wear visible; check adjustment and cracks before resale.",Not researched,"Resolve identity/condition using existing source originals or in-person inspection | Identify defects and price necessary repairs | Locate dated exact-model completed sales; adjust for quantity, condition and selling venue | Calculate net margin and conditional hammer ceiling only after evidence",,,,,
18142,"(1) Ridgid 36"" pipe wrench, (1) Ridgid 36"" (handle is broken to 12""), and (1) Ridgid 18"" pipe wrench...",High,6,Inspected (contact sheet),https://d1ljvnrgb7j023.cloudfront.net/files/1/8e5c9386bd35806fecd5/large,"Three pipe wrenches pictured, one long dark steel wrench and two shorter silver-colored wrenches, including RIDGID-marked examples. Jaw teeth and handles show use and oxidation; test adjusting nuts and inspect for cracks.",Not researched,"Resolve identity/condition using existing source originals or in-person inspection | Identify defects and price necessary repairs | Locate dated exact-model completed sales; adjust for quantity, condition and selling venue | Calculate net margin and conditional hammer ceiling only after evidence",,,,,
18152,"(1) Makita, model 9306, 120V, single phase, 4"" bench grinder, working condition unknown, unit is unt...",High,5,Inspected (contact sheet),https://d1ljvnrgb7j023.cloudfront.net/files/1/ddf77c401ee84fd98671/large,"Makita model 9306 double-wheel bench grinder; nameplate appears 300W with 6-inch/152 mm wheels. Dusty and aged with guards and tool rests pictured; inspect wheel cracks, arbor play, switch, electrical cord and vibration before use.",Not researched,"Resolve identity/condition using existing source originals or in-person inspection | Verify exact model, voltage, completeness and operation | Estimate removal, freight and local resale constraints | Locate dated exact-model completed sales; adjust for quantity, condition and selling venue | Calculate net margin and conditional hammer ceiling only after evidence",,,,,
18173,"(1) DeWalt, model DCGG571, 20V, rechargeable, cordless grease gun with (2) battery chargers (batteri...",High,5,40-lot verified batch 01: contact sheet reviewed,https://d1ljvnrgb7j023.cloudfront.net/files/1/911ea87ba926c5e3b797/large,"DeWalt grease gun, black case, chargers and Shell grease are visible. Catalog says no batteries; no powered-operation evidence in images, and condition is dusty.",Not researched,"Verify exact model, voltage, completeness and operation | Identify defects and price necessary repairs | Estimate removal, freight and local resale constraints | Locate dated exact-model completed sales; adjust for quantity, condition and selling venue | Calculate net margin and conditional hammer ceiling only after evidence",60,140,,,
18189,"Lot including (3) Matabo, 120V angle grinders, (1) Makita, model 9508BH, 4.5"" disc grinder (switch n...",High,7,Batch 04: visually inspected,https://d1ljvnrgb7j023.cloudfront.net/files/1/aa786e68b380fca46263/large,Several visibly used Metabo angle grinders with worn disks/brush attachments and one blue Makita grinder without proper switch per catalog. Cases and rubber leads show grime and use; appearance does not verify bearings or electrical integrity. Count operational Metabo units before resale; treat Makita as parts until switch repaired.,Not researched,"Resolve identity/condition using existing source originals or in-person inspection | Count exact included models, quantities and accessories | Verify exact model, voltage, completeness and operation | Locate dated exact-model completed sales; adjust for quantity, condition and selling venue | Calculate net margin and conditional hammer ceiling only after evidence",115,310,,,
18192,"Lot including (1) Milwaukee Sawzall with steel case, and (1) Milwaukee, Cat #5211, 120V grinder.",High,5,Batch 04: visually inspected,https://d1ljvnrgb7j023.cloudfront.net/files/1/5a9789c7990dde74a3df/large,"Older Milwaukee corded Sawzall nestled in rusty red sheet-metal case with several packaged replacement blades and a separate Milwaukee straight grinder. Both show dirt and heavy finish wear. Test reciprocating stroke, chuck and grinding-wheel bearings, plus inspect original power cords.",Not researched,"Resolve identity/condition using existing source originals or in-person inspection | Count exact included models, quantities and accessories | Verify exact model, voltage, completeness and operation | Identify defects and price necessary repairs | Locate dated exact-model completed sales; adjust for quantity, condition and selling venue | Calculate net margin and conditional hammer ceiling only after evidence",80,225,,,
18193,"(1) Milwaukee, Cat #1675-1, heavy duty hole hawg drill with steel case.",High,4,40-lot verified batch 01: contact sheet reviewed,https://d1ljvnrgb7j023.cloudfront.net/files/1/4cbbfea023c534dfc57a/large,"Milwaukee Hole Hawg, auxiliary handle and metal case appear together. Clearly used but no obvious missing handle; test chuck, low/high gearing, reverse and insulation.",Not researched,"Verify exact model, voltage, completeness and operation | Identify defects and price necessary repairs | Locate dated exact-model completed sales; adjust for quantity, condition and selling venue | Calculate net margin and conditional hammer ceiling only after evidence",110,265,,,
18195,"(1) 3/8"" reversable, 120V electric drill with 3/8"" keyless chuck, (1) Makita, model 6013B, 15V, 13mm...",High,8,Inspected (contact sheet),https://d1ljvnrgb7j023.cloudfront.net/files/1/bccd9acc41d1a9302fc1/large,"Three corded drills pictured: two older Makita metal-housing drills and a Cornell 3/8-inch reversible drill (label 120V, 3.3A, 0–2700 RPM). Cords, chucks and trigger operation untested; check drill runout and forward/reverse before bidding.",Not researched,"Resolve identity/condition using existing source originals or in-person inspection | Verify exact model, voltage, completeness and operation | Locate dated exact-model completed sales; adjust for quantity, condition and selling venue | Calculate net margin and conditional hammer ceiling only after evidence",,,,,
18211,"Lot including (1) Milwaukee, Cat #2864-29, 3/4"" square ring, 18V rechargeable impact wrench, (1) Mil...",High,7,40-lot verified batch 01: contact sheet reviewed,https://d1ljvnrgb7j023.cloudfront.net/files/1/b506a8d78fda95bbd58b/large,"Two visibly used Milwaukee M18 power tools with two attached batteries, another pack/charger in the lot photos. Several case labels are abraded; test both under load and verify battery charge retention before trusting resale value.",Not researched,"Resolve identity/condition using existing source originals or in-person inspection | Count exact included models, quantities and accessories | Identify defects and price necessary repairs | Locate dated exact-model completed sales; adjust for quantity, condition and selling venue | Calculate net margin and conditional hammer ceiling only after evidence",205,455,,,
18213,"Lot including (1) Snap-On, model CT561CL, 7.2V rechargeable screwdriver with charger, battery, and c...",High,5,Batch 05: all source photographs inspected,https://d1ljvnrgb7j023.cloudfront.net/files/1/ceee9c7b940e80304f3d/large,"Snap-On cordless impact and second cordless drill/driver with two chargers and multiple older battery packs pictured. Very dirty and battery generation may be obsolete; charge, test both tools under load and confirm pack retention before bidding.",Not researched,"Count exact included models, quantities and accessories | Verify exact model, voltage, completeness and operation | Locate dated exact-model completed sales; adjust for quantity, condition and selling venue | Calculate net margin and conditional hammer ceiling only after evidence",180,450,,,
18220,"(2) 38"" width x 14"" height x 9.5"" depth wood tool boxes, 1 with assorted trowels, 1 with various con...",High,7,Inspected (contact sheet),https://d1ljvnrgb7j023.cloudfront.net/files/1/f537e5a150e7d7e7837b/large,"Two long worn red metal toolboxes containing mixed masonry/metalworking hand tools including trowels, floats, files, clamps and miscellaneous pieces. Dust and corrosion visible; exact tools and toolbox structural condition uncertain.",Not researched,"Count exact included models, quantities and accessories | Locate dated exact-model completed sales; adjust for quantity, condition and selling venue | Calculate net margin and conditional hammer ceiling only after evidence",,,,,
18400,"(1) Snap-On 50.5"" width x 24"" height x 21.5"" depth 10-drawer tool cabinet with a 50"" width x 38"" hei...",High,23,Batch 02: all catalog images reviewed,https://d1ljvnrgb7j023.cloudfront.net/files/1/8aabf24a2e0cdb1ea6cb/large,"Large red Snap-On stacked upper/lower/side cabinets show drawers opening smoothly in photographs and varied hand tools inside many drawers. Overall usable-looking with superficial wear, some empty sections and adhesive residues; count only auction-included contents and inspect drawer slides/locks.",Not researched,"Resolve identity/condition using existing source originals or in-person inspection | Locate dated exact-model completed sales; adjust for quantity, condition and selling venue | Calculate net margin and conditional hammer ceiling only after evidence",1250,3100,,,
18401,"Lot including (1) set of 3/8"" drive Snap-On swivel sockets, sizes 3/8"" up to 3/4"", (1) Snap-On appro...",High,5,40-lot verified batch 01: contact sheet reviewed,https://d1ljvnrgb7j023.cloudfront.net/files/1/24711f81cc4bcc9f1ff7/large,"Black swivel-impact socket row and large specialty nut sockets are arranged in a single lot box; visually used but no obvious socket cracks at thumbnail resolution. Check Snap-On stamps, exact sizes and drive-square wear.",Not researched,"Resolve identity/condition using existing source originals or in-person inspection | Count exact included models, quantities and accessories | Locate dated exact-model completed sales; adjust for quantity, condition and selling venue | Calculate net margin and conditional hammer ceiling only after evidence",145,290,,,
18402,"Set of Snap-On 1/4"" drive, 12 pt. sockets with ratchet with removable head, (1) set of Snap-On 1/4"" ...",High,5,40-lot verified batch 01: contact sheet reviewed,https://d1ljvnrgb7j023.cloudfront.net/files/1/735b8d6f7afcaf9c272f/large,Several red Snap-On rails/cases with chrome shallow/deep sockets and a ratchet are photographed. Mixed pieces and case slots need a physical count; surface appearance broadly serviceable.,Not researched,"Count exact included models, quantities and accessories | Locate dated exact-model completed sales; adjust for quantity, condition and selling venue | Calculate net margin and conditional hammer ceiling only after evidence",190,410,,,
18403,"Lot of assorted 1/2"" drive Snap-On sockets, sizes range between 3/8"" drive and 1 1/8"" drive, and (1)...",High,5,Batch 03: contact sheet visually reviewed,https://d1ljvnrgb7j023.cloudfront.net/files/1/202aac402f698ee49a7a/large,"Two orange socket holders contain a mix of larger half-inch and small quarter/three-eighth Snap-On sockets with several obvious empty slots. Sockets show dark used finish and the lot is explicitly incomplete. Physically verify drive sizes, stamping and cracked impact sockets before offering sets as complete.",Not researched,"Resolve identity/condition using existing source originals or in-person inspection | Count exact included models, quantities and accessories | Identify defects and price necessary repairs | Locate dated exact-model completed sales; adjust for quantity, condition and selling venue | Calculate net margin and conditional hammer ceiling only after evidence",110,255,,,
18404,"Lot of Snap-On impact sockets, includes 3/8"" drive, sizes 5/16"" up to 1"", (1) set of Snap-On 1/2"" dr...",High,4,40-lot verified batch 01: contact sheet reviewed,https://d1ljvnrgb7j023.cloudfront.net/files/1/0792055abf5b26ff72ab/large,"Large set of impact sockets fills orange and black holders and a loose box. Neighboring lot labels appear in the background, so count only the clearly isolated 18404 groups; verify stamps and socket cracks.",Not researched,"Resolve identity/condition using existing source originals or in-person inspection | Count exact included models, quantities and accessories | Locate dated exact-model completed sales; adjust for quantity, condition and selling venue | Calculate net margin and conditional hammer ceiling only after evidence",215,495,,,
18405,"Set of Snap-On 3/8"" drive sockets, sizes range between 1/4"" up to 7/8"", (1) set of Snap-On 3/8"" driv...",High,4,Batch 02: all catalog images reviewed,https://d1ljvnrgb7j023.cloudfront.net/files/1/d27f370562dcf154e8aa/large,"Two visibly used but organized Snap-On chrome socket rails plus two ratchets and many deep sockets shown together. Most surfaces bright; compare exact advertised sizes, ratchet pawls and stamps before resale.",Not researched,"Count exact included models, quantities and accessories | Locate dated exact-model completed sales; adjust for quantity, condition and selling venue | Calculate net margin and conditional hammer ceiling only after evidence",180,430,,,
18406,"(2) sets of Snap-On deep impact sockets, both 3/8"" drive, 1 has sizes 17mm up to 27mm, 1 has sizes 9...",High,5,40-lot verified batch 01: contact sheet reviewed,https://d1ljvnrgb7j023.cloudfront.net/files/1/ba41206670f3f667859f/large,"Two organized deep impact socket rows in red and black holders are visible, with used finish but no obvious catastrophic damage. Confirm advertised SAE/metric sets and individual missing sizes.",Not researched,"Count exact included models, quantities and accessories | Identify defects and price necessary repairs | Locate dated exact-model completed sales; adjust for quantity, condition and selling venue | Calculate net margin and conditional hammer ceiling only after evidence",180,395,,,
18407,"Lot of assorted Snap-On sockets with (4) holders, includes 1/2"" and 3/8"" drive sockets.",High,6,Batch 03: contact sheet visually reviewed,https://d1ljvnrgb7j023.cloudfront.net/files/1/73654c12c5bb29627cdd/large,"Four red/blue loose socket rails are pictured with a substantial assortment of visibly worn Snap-On sockets, including some large double-hex pieces. Many holder slots are empty or unevenly populated, so sell by verified subsets rather than advertise four complete sets.",Not researched,"Count exact included models, quantities and accessories | Locate dated exact-model completed sales; adjust for quantity, condition and selling venue | Calculate net margin and conditional hammer ceiling only after evidence",160,360,,,
18408,"Lot including (1) set of Snap-On sockets (1/4"" drive, 3/8"" drive, and 1/2"" drive), 1/4"" sizes from 4...",High,8,40-lot verified batch 01: contact sheet reviewed,https://d1ljvnrgb7j023.cloudfront.net/files/1/b407d47a1d7c02f1545f/large,"Multiple chrome Snap-On socket rows, accessories and at least one clear full-size ratchet are visible, plus loose bits. Worth separating sets if reselling; inspect drive condition and avoid assuming every tool in adjacent display belongs to the lot.",Not researched,"Resolve identity/condition using existing source originals or in-person inspection | Count exact included models, quantities and accessories | Locate dated exact-model completed sales; adjust for quantity, condition and selling venue | Calculate net margin and conditional hammer ceiling only after evidence",265,600,,,
18409,"(1) Snap-On swivel head 1/4"" drive ratchet, and (1) Snap-On swivel head 3/8"" drive ratchet.",High,5,40-lot verified batch 01: contact sheet reviewed,https://d1ljvnrgb7j023.cloudfront.net/files/1/6ba4e54f575609b35cfa/large,Two long and short green-grip swivel-head Snap-On ratchets are clearly photographed. Heads and grips look used; pawl engagement and swivel friction cannot be verified visually.,Not researched,"Locate dated exact-model completed sales; adjust for quantity, condition and selling venue | Calculate net margin and conditional hammer ceiling only after evidence",85,205,,,
18410,"(1) Snap-On 1/4"" drive socket set with ratchet, 2"", 4"", and 6"" extension, 5"" swivel head breaker, sw...",High,5,40-lot verified batch 01: contact sheet reviewed,https://d1ljvnrgb7j023.cloudfront.net/files/1/33bdfdfc4c4a1bc79f66/large,"Red cased quarter-inch Snap-On kit appears largely populated with deep and shallow sockets, ratchet and extensions; confirm all molded case slots and smooth ratchet operation.",Not researched,"Count exact included models, quantities and accessories | Locate dated exact-model completed sales; adjust for quantity, condition and selling venue | Calculate net margin and conditional hammer ceiling only after evidence",155,325,,,
18411,"(1) Snap-On 1/2"" drive extension set with 1/2"" drive Snap-On ratchet.",High,7,Batch 03: contact sheet visually reviewed,https://d1ljvnrgb7j023.cloudfront.net/files/1/3cb9aa58c13969133e25/large,"Two red extension trays hold multiple long and short chrome Snap-On half-inch extensions and a black-grip handled ratchet. Finish appears used but generally intact, with multiple visible empty recesses. Inspect ratchet pawls, extension locking detents and size totals.",Not researched,"Resolve identity/condition using existing source originals or in-person inspection | Count exact included models, quantities and accessories | Locate dated exact-model completed sales; adjust for quantity, condition and selling venue | Calculate net margin and conditional hammer ceiling only after evidence",105,245,,,
18412,"Lot including (1) 1/2"" drive Snap-On ratchet with 8"" handle, (1) 1/2"" drive Snap-On ratchet with 12""...",High,7,40-lot verified batch 01: contact sheet reviewed,https://d1ljvnrgb7j023.cloudfront.net/files/1/7b30a3abc9893170e488/large,Two used long/short chrome Snap-On ratchets and long breaker bar are isolated in their box. Visible plating wear but no obvious gross deformation; check pawl and flexible joint movement.,Not researched,"Resolve identity/condition using existing source originals or in-person inspection | Count exact included models, quantities and accessories | Locate dated exact-model completed sales; adjust for quantity, condition and selling venue | Calculate net margin and conditional hammer ceiling only after evidence",105,240,,,
18413,"(1) Snap-On 1/2"" drive ratchet with Snap-On 3/8"" drive swivel head angle handle ratchet.",High,6,Batch 03: contact sheet visually reviewed,https://d1ljvnrgb7j023.cloudfront.net/files/1/a94a8bac6ae89867d95b/large,One conventional half-inch chrome Snap-On ratchet and one black-grip three-eighth flex-head bent-handle Snap-On ratchet are clearly isolated in a box. Heads show cosmetic wear; check the smaller flexible-joint pin and both drive-square detents.,Not researched,"Resolve identity/condition using existing source originals or in-person inspection | Locate dated exact-model completed sales; adjust for quantity, condition and selling venue | Calculate net margin and conditional hammer ceiling only after evidence",95,215,,,
18414,"(2) Snap-On 3/8"" drive extension sets with 3/8"" drive ratchet.",High,10,Batch 03: contact sheet visually reviewed,https://d1ljvnrgb7j023.cloudfront.net/files/1/29115f792ff32da29452/large,"Two red organized trays contain numerous long and short three-eighth Snap-On extensions, wobble ends and one standard ratchet. Several molded recesses appear empty. Separate and count what belongs to each tray, then confirm the ratchet holds direction under load.",Not researched,"Count exact included models, quantities and accessories | Locate dated exact-model completed sales; adjust for quantity, condition and selling venue | Calculate net margin and conditional hammer ceiling only after evidence",130,290,,,
18415,"(1) lot of Snap-On hex head tool sockets (3/8"" drive, 1/2"" drive, and impact), (1) set of Snap-On To...",High,9,Batch 03: contact sheet visually reviewed,https://d1ljvnrgb7j023.cloudfront.net/files/1/4aba3ca8e64bdeb0d40a/large,"A large mixed group of shiny and dark-used Allen/hex bits, Torx bit sockets and assorted large hex tools is pictured with some MAC-labeled holder and mixed stamped bars. Branding is not uniform despite catalog's Snap-On emphasis. Inspect tips for rounding and verify genuine Snap-On items individually.",Not researched,"Resolve identity/condition using existing source originals or in-person inspection | Count exact included models, quantities and accessories | Locate dated exact-model completed sales; adjust for quantity, condition and selling venue | Calculate net margin and conditional hammer ceiling only after evidence",175,395,,,
18416,"Lot of Snap-On 1/2"" and 3/8"" drive crow foot wrench heads.",High,10,Batch 03: contact sheet visually reviewed,https://d1ljvnrgb7j023.cloudfront.net/files/1/30eacb4fae6e6b64c9b4/large,A considerable assortment of big loose Snap-On crowfoot heads plus a smaller size-organized row is pictured. Most are dull or scuffed but multiple stamped Snap-On labels and drive holes are visible. Count actual matching fractional sizes; larger individual heads may sell separately but several appear duplicated.,Not researched,"Count exact included models, quantities and accessories | Locate dated exact-model completed sales; adjust for quantity, condition and selling venue | Calculate net margin and conditional hammer ceiling only after evidence",130,305,,,
18417,"Set of Snap-On wrenches, size 9/32"" up to 3/4"", (1) set of Snap-On stubby wrenches, sizes 7/16"", 1/2...",High,6,Batch 02: all catalog images reviewed,https://d1ljvnrgb7j023.cloudfront.net/files/1/de68a161b9a8cd25651d/large,"Multiple Snap-On combination wrench groups and stubby/metric small wrenches in metal rack, with some bright and some worn chrome. Advertised size spans need physical inventory and checking for rounded open-end jaws.",Not researched,"Resolve identity/condition using existing source originals or in-person inspection | Count exact included models, quantities and accessories | Locate dated exact-model completed sales; adjust for quantity, condition and selling venue | Calculate net margin and conditional hammer ceiling only after evidence",215,475,,,
18418,"Lot of 3/8"" and 1/2"" drive Snap-On tube sockets, set of Snap-On 3/8"" drive crow foot sockets, sizes ...",High,7,Batch 03: contact sheet visually reviewed,https://d1ljvnrgb7j023.cloudfront.net/files/1/2376ff412ea29a219231/large,"Flare-nut-style tube sockets, a row of crowsfoot heads and several chrome flare wrenches fill the lot box. Visible surface plating wear but no gross cracks evident at contact-sheet resolution. Verify drive dimensions and whether the larger specialty pieces form useful matching sets.",Not researched,"Resolve identity/condition using existing source originals or in-person inspection | Count exact included models, quantities and accessories | Locate dated exact-model completed sales; adjust for quantity, condition and selling venue | Calculate net margin and conditional hammer ceiling only after evidence",155,345,,,
18419,"Set of Snap-On wrenches, sizes 3/4"" up to 1"", and (1) set of Snap-On wrenches, sizes 7/16"" up to 5/8...",High,5,Batch 03: contact sheet visually reviewed,https://d1ljvnrgb7j023.cloudfront.net/files/1/56516e238d5076f7e6b2/large,"About nine chrome Snap-On combination wrenches split between large SAE sizes and a smaller group are displayed. Several are dull, with moderate wear on the open jaws. Confirm every catalog-advertised size and sort into saleable SAE groupings.",Not researched,"Count exact included models, quantities and accessories | Locate dated exact-model completed sales; adjust for quantity, condition and selling venue | Calculate net margin and conditional hammer ceiling only after evidence",115,275,,,
18420,"Set of Snap-On combination box end wrenches, sizes 3/8"" up to 3/4"", and (1) combination curve Snap-O...",High,5,Batch 03: contact sheet visually reviewed,https://d1ljvnrgb7j023.cloudfront.net/files/1/69462e41fa646ddf7b64/large,A small group of four or five Snap-On box-end/combination wrenches plus one strongly curved double-ended specialty wrench is shown. Chrome is dull but not obviously bent. Niche demand for the curved wrench; verify stamped sizes and jaw wear.,Not researched,"Resolve identity/condition using existing source originals or in-person inspection | Count exact included models, quantities and accessories | Locate dated exact-model completed sales; adjust for quantity, condition and selling venue | Calculate net margin and conditional hammer ceiling only after evidence",75,175,,,
18421,"Set of Snap-On metric wrenches, size 10mm up to 19mm.",High,5,40-lot verified batch 01: contact sheet reviewed,https://d1ljvnrgb7j023.cloudfront.net/files/1/c9d868350a16caeaeab1/large,"Ten-ish matching-looking metric chrome Snap-On wrenches sit in a tray with visible wear and fingerprints. Verify sizes 10–19 mm, jaw spread and any missing/duplicate piece.",Not researched,"Resolve identity/condition using existing source originals or in-person inspection | Count exact included models, quantities and accessories | Identify defects and price necessary repairs | Locate dated exact-model completed sales; adjust for quantity, condition and selling venue | Calculate net margin and conditional hammer ceiling only after evidence",135,290,,,
18422,"Set of Snap-On combination wrenches, sizes 5/16"" up to 7/8"".",High,5,Batch 03: contact sheet visually reviewed,https://d1ljvnrgb7j023.cloudfront.net/files/1/d747a1e8d7b859be5a55/large,"Several Snap-On SAE combination wrenches appear together with large and smaller sizes but are laid loose rather than in a matched rack. Dark used plating on parts of the set. Confirm sizes 5/16 through 7/8, matching series and no spread open-end jaws.",Not researched,"Count exact included models, quantities and accessories | Locate dated exact-model completed sales; adjust for quantity, condition and selling venue | Calculate net margin and conditional hammer ceiling only after evidence",105,245,,,
18423,"Lot of Snap-On wrenches, sizes ranging between 7/16"" and 1 1/4"".",High,5,Batch 03: contact sheet visually reviewed,https://d1ljvnrgb7j023.cloudfront.net/files/1/8509099704ade4d5e9fe/large,"Mixed large and smaller Snap-On combination wrenches with a red organizer are photographed; some of the biggest pieces show aged, dulled chrome. Identify each stamp/size and check duplicates, damaged jaws and whether any displayed adjacent wrenches are excluded.",Not researched,"Resolve identity/condition using existing source originals or in-person inspection | Count exact included models, quantities and accessories | Identify defects and price necessary repairs | Locate dated exact-model completed sales; adjust for quantity, condition and selling venue | Calculate net margin and conditional hammer ceiling only after evidence",140,330,,,
18424,"Lot with (2) boxes of Snap-On angle head wrenches, sizes 3/8"" up to 1 1/2"".",High,6,Batch 03: contact sheet visually reviewed,https://d1ljvnrgb7j023.cloudfront.net/files/1/5bb61cee6fc236abaf98/large,"Two separate boxes of long angle-head Snap-On open-end wrenches are clearly photographed, many large sizes and a smaller assortment. Widespread finish wear and grime, but no gross deformation visible. Large pieces may require separate local buyers or heavier shipping.",Not researched,"Count exact included models, quantities and accessories | Locate dated exact-model completed sales; adjust for quantity, condition and selling venue | Calculate net margin and conditional hammer ceiling only after evidence",185,430,,,
18425,"Set of Snap-On ratcheting combination end wrenches, sizes 3/8"" up to 3/4"", and (1) metric 13/15mm ra...",High,5,40-lot verified batch 01: contact sheet reviewed,https://d1ljvnrgb7j023.cloudfront.net/files/1/40d3d79079aed031f688/large,"Only five individual ratcheting box-end wrenches are clearly photographed, some with heavy finish loss. Reconcile photographed quantity with catalog sizes; lower ceiling until exact sizes, matching brand and mechanisms are checked.",Not researched,"Resolve identity/condition using existing source originals or in-person inspection | Count exact included models, quantities and accessories | Locate dated exact-model completed sales; adjust for quantity, condition and selling venue | Calculate net margin and conditional hammer ceiling only after evidence",80,210,,,
18426,"Lot of (4) Snap-On heavy duty long wrenches, sizes 11/16"" up to 2"", lengths are 20"" up to 24"".",High,6,Batch 03: contact sheet visually reviewed,https://d1ljvnrgb7j023.cloudfront.net/files/1/5aa7705072e97481cb9b/large,Four long chrome Snap-On combination wrenches up to two inches are isolated on a white table; finish is generally bright with moderate scuffs. Check any spread jaws and verify the four stamps/sizes because larger sizes drive most of the value.,Not researched,"Resolve identity/condition using existing source originals or in-person inspection | Count exact included models, quantities and accessories | Locate dated exact-model completed sales; adjust for quantity, condition and selling venue | Calculate net margin and conditional hammer ceiling only after evidence",175,400,,,
18427,"Set of Snap-On wrenches, sizes 1 5/16"" up to 1 5/8"".",High,6,Batch 03: contact sheet visually reviewed,https://d1ljvnrgb7j023.cloudfront.net/files/1/52fd96de8045c0f0ba9d/large,"Four extra-large Snap-On open-box combination wrenches display extensive pitting, dark oxidation and rust at ring ends. Their cosmetic and potential structural condition is much worse than 18426. Avoid assuming easy premium-brand resale without close jaw and corrosion inspection.",Not researched,"Resolve identity/condition using existing source originals or in-person inspection | Count exact included models, quantities and accessories | Identify defects and price necessary repairs | Locate dated exact-model completed sales; adjust for quantity, condition and selling venue | Calculate net margin and conditional hammer ceiling only after evidence",65,170,,,
18428,"(1) Snap-On 1/2"" drive swivel head, dial type torque wrench, model TQFR250D, with case, and (1) Snap...",High,8,40-lot verified batch 01: contact sheet reviewed,https://d1ljvnrgb7j023.cloudfront.net/files/1/65c607a31d4423a29e8e/large,"Two cased Snap-On dial-type torque wrenches are photographed, both with dial windows visible and used cases. They cannot be assumed calibrated or accurate without an appropriate test.",Not researched,"Locate dated exact-model completed sales; adjust for quantity, condition and selling venue | Calculate net margin and conditional hammer ceiling only after evidence",145,375,,,
18429,(1) lot of Snap-On green handle screwdrivers.,High,6,40-lot verified batch 01: contact sheet reviewed,https://d1ljvnrgb7j023.cloudfront.net/files/1/93158cfad368f149a73b/large,Mixed green and green/black Snap-On-handled screwdrivers photographed loose in box; handles show discoloration and shaft tips require individual inspection.,Not researched,"Resolve identity/condition using existing source originals or in-person inspection | Count exact included models, quantities and accessories | Locate dated exact-model completed sales; adjust for quantity, condition and selling venue | Calculate net margin and conditional hammer ceiling only after evidence",60,145,,,
18430,(1) lot of Snap-On black handle screwdrivers.,High,6,Batch 03: contact sheet visually reviewed,https://d1ljvnrgb7j023.cloudfront.net/files/1/29fe47271dc60ec62f97/large,"Many black-handle Snap-On screwdrivers, some stubby and extra-long, are loose in one box. Several handles and shafts show grime and heavy surface use. Inspect tip corners, blade straightness and branding rather than treating the assortment as a matched new kit.",Not researched,"Resolve identity/condition using existing source originals or in-person inspection | Count exact included models, quantities and accessories | Locate dated exact-model completed sales; adjust for quantity, condition and selling venue | Calculate net margin and conditional hammer ceiling only after evidence",55,150,,,
18431,(1) set of Snap-On mini-screwdrivers with vinyl carrying case.,High,5,Batch 05: all source photographs inspected,https://d1ljvnrgb7j023.cloudfront.net/files/1/b9d1f7a896c011830506/large,Snap-On SSDE100B long screwdriver set in red roll; five handles visible and shafts show cosmetic use. Other green-handled screwdrivers in adjacent boxes have different tags and should not be counted. Check each tip and whether full original set is present.,Not researched,"Resolve identity/condition using existing source originals or in-person inspection | Count exact included models, quantities and accessories | Locate dated exact-model completed sales; adjust for quantity, condition and selling venue | Calculate net margin and conditional hammer ceiling only after evidence",55,155,,,
18432,Lot of Snap-On pick tools.,High,6,Batch 03: contact sheet visually reviewed,https://d1ljvnrgb7j023.cloudfront.net/files/1/bdee85bbd378cba12b40/large,Multiple long bent and straight picks plus several red/black Snap-On-handled specialty tools are pictured alongside a partly populated small pick case. Some tips are not visible in contact sheet; look for bent or snapped tips before piecing out.,Not researched,"Resolve identity/condition using existing source originals or in-person inspection | Count exact included models, quantities and accessories | Locate dated exact-model completed sales; adjust for quantity, condition and selling venue | Calculate net margin and conditional hammer ceiling only after evidence",45,115,,,
18433,Lot of assorted Snap-On pry bars with handles.,High,8,Batch 03: contact sheet visually reviewed,https://d1ljvnrgb7j023.cloudfront.net/files/1/7553f938fe0023b3486d/large,"A handful of long black- and green-grip Snap-On pry bars in several shapes is clearly isolated in a box. Grips are heavily scuffed and several tips have rounded working edges. Inspect shaft straightness, brand markings and any cracked handles.",Not researched,"Resolve identity/condition using existing source originals or in-person inspection | Count exact included models, quantities and accessories | Locate dated exact-model completed sales; adjust for quantity, condition and selling venue | Calculate net margin and conditional hammer ceiling only after evidence",75,195,,,
18434,"Lot including (1) Snap-On, model HBFE56, dead blow hammer, (1) Snap-On, model HBFE48, dead blow hamm...",High,6,Batch 03: contact sheet visually reviewed,https://d1ljvnrgb7j023.cloudfront.net/files/1/9d264d36524c60b6bab2/large,Two aged red/green Snap-On dead-blow mallets and a dark steel sledge are pictured. Green urethane shell appears scuffed and both dead-blows should be squeezed for cracks or leaking shot; resale only if heads remain intact.,Not researched,"Count exact included models, quantities and accessories | Identify defects and price necessary repairs | Locate dated exact-model completed sales; adjust for quantity, condition and selling venue | Calculate net margin and conditional hammer ceiling only after evidence",60,145,,,
18435,Lot of (8) Snap-On heavy duty pry bar tools.,High,4,40-lot verified batch 01: contact sheet reviewed,https://d1ljvnrgb7j023.cloudfront.net/files/1/0b0ff60b73950f42e395/large,"Long Snap-On pry bars appear in one box, with dark patina on several shafts; no visibly fractured bars in contact sheet. Check that all eight belong to the lot and none are bent at the tip.",Not researched,"Resolve identity/condition using existing source originals or in-person inspection | Count exact included models, quantities and accessories | Locate dated exact-model completed sales; adjust for quantity, condition and selling venue | Calculate net margin and conditional hammer ceiling only after evidence",145,360,,,
18436,Lot of assorted Snap-On chisels and punch tools.,High,6,Batch 03: contact sheet visually reviewed,https://d1ljvnrgb7j023.cloudfront.net/files/1/47b104efb124d96761e0/large,"Snap-On punches and chisels appear in multiple red cases, including a roll-style punch set, with obvious missing slots in the molded case. Some large cold chisels have heavily used striking ends. Verify each piece's tip and discard cracked/mushroomed parts.",Not researched,"Resolve identity/condition using existing source originals or in-person inspection | Count exact included models, quantities and accessories | Identify defects and price necessary repairs | Locate dated exact-model completed sales; adjust for quantity, condition and selling venue | Calculate net margin and conditional hammer ceiling only after evidence",55,140,,,
18437,"Lot including (1) Snap-On, model MG325, 3/8"" drive air impact tool, (2) Snap-On air chisel tools, an...",High,8,40-lot verified batch 01: contact sheet reviewed,https://d1ljvnrgb7j023.cloudfront.net/files/1/09f8388988a7a98366d5/large,Snap-On air impact and several pneumatic chisels/ratchets are photographed together with short hose. The impact housing is visibly worn; no functional air test supplied.,Not researched,"Count exact included models, quantities and accessories | Locate dated exact-model completed sales; adjust for quantity, condition and selling venue | Calculate net margin and conditional hammer ceiling only after evidence",100,265,,,
18438,"(1) Snap-On 3/8"" drive air ratchet.",High,5,Batch 05: all source photographs inspected,https://d1ljvnrgb7j023.cloudfront.net/files/1/80bb8a3f26bf831c6d68/large,"Single Snap-On compact pneumatic angle ratchet in box; label appears S*80M? at thumbnail scale. Dirty metal grip and air fitting; test forward/reverse, ratchet head and air leaks. Adjacent pneumatic tool in background is another lot.",Not researched,"Identify defects and price necessary repairs | Locate dated exact-model completed sales; adjust for quantity, condition and selling venue | Calculate net margin and conditional hammer ceiling only after evidence",55,145,,,
18439,"(1) Snap-On, model PH3050A, air chisel with assorted bits.",High,6,Batch 05: all source photographs inspected,https://d1ljvnrgb7j023.cloudfront.net/files/1/84898d8881efaf61776e/large,Snap-On PH3050A pneumatic hammer with large assortment of used chisels and punch bits in its own box. Chisel ends show wear and hammer is untested; test air motor and inspect retainers and mushroomed striking ends.,Multiple exact-model completed sales; condition and accessories pending,"Resolve identity/condition using existing source originals or in-person inspection | Count exact included models, quantities and accessories | Locate dated exact-model completed sales; adjust for quantity, condition and selling venue | Calculate net margin and conditional hammer ceiling only after evidence",75,185,,,
18440,"(1) set of Snap-On, model RTD33, rethreading kit with case.",High,7,Batch 03: contact sheet visually reviewed,https://d1ljvnrgb7j023.cloudfront.net/files/1/c5293ae6c1c80c4c6346/large,The Snap-On RTD33 fractional/metric thread-restoring case appears substantially populated with many chasers and tools; at least one lower-case slot is empty or ambiguous. Compare each die/tap to the printed diagram and inspect worn cutting teeth before treating as complete.,Historical exact-model sale; completeness and recent comps pending,"Resolve identity/condition using existing source originals or in-person inspection | Count exact included models, quantities and accessories | Locate dated exact-model completed sales; adjust for quantity, condition and selling venue | Calculate net margin and conditional hammer ceiling only after evidence",70,155,,,
18441,"(1) Snap-On, model A257, 28-piece bushing driver set, appears to be complete, with case.",High,5,Batch 03: contact sheet visually reviewed,https://d1ljvnrgb7j023.cloudfront.net/files/1/ed27e578137ce4fc8af5/large,Red metal Snap-On A257 28-piece bushing driver set photographed with two dense rows of circular drivers and the main knurled driver bar. Case finish is worn but many size stamps are still legible; count every driver and verify that the set actually contains 28 pieces.,Not researched,"Resolve identity/condition using existing source originals or in-person inspection | Count exact included models, quantities and accessories | Locate dated exact-model completed sales; adjust for quantity, condition and selling venue | Calculate net margin and conditional hammer ceiling only after evidence",135,310,,,
18442,"Lot including (1) Snap-On drill extractor set, (1) partial Snap-On solid carbide bur set, (1) comple...",High,12,Batch 03: contact sheet visually reviewed,https://d1ljvnrgb7j023.cloudfront.net/files/1/6cff00d4fab5033f7d5c/large,"Four extractor-oriented Snap-On cases are arranged as one lot: apparent complete BEX13A 13-piece bolt extractor group, near-full screw extractor case, a partly filled drill-extractor set and a clearly partial carbide bur set. Do not double-count pieces across photos. Inspect extraction threads and carbide tips, then consider selling verified cases individually.",Not researched,"Resolve identity/condition using existing source originals or in-person inspection | Count exact included models, quantities and accessories | Verify exact model, voltage, completeness and operation | Locate dated exact-model completed sales; adjust for quantity, condition and selling venue | Calculate net margin and conditional hammer ceiling only after evidence",185,425,,,
18443,"(1) Snap-On 3/8"" drive hand held impact driver set with case.",High,6,Batch 04: visually inspected,https://d1ljvnrgb7j023.cloudfront.net/files/1/d611c55447c2386cb1e6/large,"Snap-On 3/8-inch hand impact driver shown in original red fitted case with seven bits of mixed shapes. Case contains an obvious vacant accessory cavity and driver finish is heavily worn. Check internal striking ratchet operation, drive detent and model-matched bit set before calling complete.",Not researched,"Resolve identity/condition using existing source originals or in-person inspection | Count exact included models, quantities and accessories | Locate dated exact-model completed sales; adjust for quantity, condition and selling venue | Calculate net margin and conditional hammer ceiling only after evidence",45,120,,,
18444,"(1) set of Snap-On, model A-157A, bushing driver set with metal case.",High,5,Batch 03: contact sheet visually reviewed,https://d1ljvnrgb7j023.cloudfront.net/files/1/ca4cff8a749e2566efbe/large,Older Snap-On A-157A bushing driver set is organized in a red steel box with numerous stamped circular driver rings and central driver handle. Most recesses appear occupied but the case is dirty and model-specific completeness requires an inventory.,Not researched,"Count exact included models, quantities and accessories | Locate dated exact-model completed sales; adjust for quantity, condition and selling venue | Calculate net margin and conditional hammer ceiling only after evidence",70,175,,,
18445,"(1) Snap-On, model PB25, diesel tune up set with clamp.",High,8,Batch 05: all source photographs inspected,https://d1ljvnrgb7j023.cloudfront.net/files/1/70401ed210c1a5bfca63/large,Snap-On C-frame specialty compressor/puller tool with separate red fitted kit whose molded recesses are visibly empty. Both appear used; check model and threaded screw action and identify missing adapters before any claimed complete-kit resale.,Not researched,"Resolve identity/condition using existing source originals or in-person inspection | Count exact included models, quantities and accessories | Identify defects and price necessary repairs | Locate dated exact-model completed sales; adjust for quantity, condition and selling venue | Calculate net margin and conditional hammer ceiling only after evidence",80,230,,,
18446,(1) set of Snap-On ring plier tools.,High,10,Batch 05: all source photographs inspected,https://d1ljvnrgb7j023.cloudfront.net/files/1/4c0e6e20fe6f4f581c19/large,"Several large Snap-On and MAC specialty brake-spring/pliers-type tools plus bent service bars. Finish generally bright with wear, but mixed maker and overlapping uses. Check pivot wear and model stamps; photographed loose bar may belong to same lot only if seller confirms.",Not researched,"Resolve identity/condition using existing source originals or in-person inspection | Count exact included models, quantities and accessories | Locate dated exact-model completed sales; adjust for quantity, condition and selling venue | Calculate net margin and conditional hammer ceiling only after evidence",120,315,,,
18447,(1) Snap-On collet set with stud remover.,High,8,Batch 05: all source photographs inspected,https://d1ljvnrgb7j023.cloudfront.net/files/1/8f8588d877a12206cf22/large,"Red Snap-On metal case with approximately fourteen split collet/thread-chaser dies and driver, many visibly size stamped. Multiple lid markings and case wear; verify size range, threads and no cracked collets; do not assume a fully original set.",Not researched,"Resolve identity/condition using existing source originals or in-person inspection | Count exact included models, quantities and accessories | Locate dated exact-model completed sales; adjust for quantity, condition and selling venue | Calculate net margin and conditional hammer ceiling only after evidence",125,310,,,
18448,"Lot including (1) Snap-On, model YAKS32A, gas soldering auto ignition multi-kit (25-130 watt) with a...",High,10,Batch 04: visually inspected,https://d1ljvnrgb7j023.cloudfront.net/files/1/a8519bb2a4cd5c1c85f4/large,Snap-On YAKS32A butane soldering/auto-ignition kit shown open in red molded case with solder roll and several tips; an electronics tweezer roll and A159 door-handle removal tool sit alongside it. Tooling looks complete-looking but butane ignition and fragile tips are untested; older fuel seals can leak. Verify tweezers and all case recesses against catalog.,Not researched,"Resolve identity/condition using existing source originals or in-person inspection | Count exact included models, quantities and accessories | Identify defects and price necessary repairs | Locate dated exact-model completed sales; adjust for quantity, condition and selling venue | Calculate net margin and conditional hammer ceiling only after evidence",80,220,,,
18449,"(1) Snap-On 1/8"" through 1/4"" T-handle hex head tool set.",High,6,Batch 04: visually inspected,https://d1ljvnrgb7j023.cloudfront.net/files/1/61d6a4fe914fb43060d3/large,"Snap-On T-handle hex set in original black formed tray, with six black/red grips and long chrome stems visible. Multiple molded tray wells appear empty or filled by spare arms; advertised 1/8 to 1/4-inch size range needs individual size count, and check rounded hex tips before marketing as full set.",Not researched,"Resolve identity/condition using existing source originals or in-person inspection | Count exact included models, quantities and accessories | Locate dated exact-model completed sales; adjust for quantity, condition and selling venue | Calculate net margin and conditional hammer ceiling only after evidence",75,190,,,
18450,"(1) set of Snap-On, model MT320, armature tester, (1) Snap-On, model TA360, torque angle gauge, (1) ...",High,10,Batch 05: all source photographs inspected,https://d1ljvnrgb7j023.cloudfront.net/files/1/5b48c8c7aaadee36b9ec/large,"Mixed pressure gauges, adapters, hoses, torque angle gauge and Snap-On MT320 armature tester. Gauges look old and tester has exposed wiring; no calibration or working evidence. Most value is specialist parts, not ready-to-use calibrated diagnostic equipment.",Not researched,"Count exact included models, quantities and accessories | Locate dated exact-model completed sales; adjust for quantity, condition and selling venue | Calculate net margin and conditional hammer ceiling only after evidence",90,250,,,
18451,"Lot of assorted Snap-On needle nose pliers, side cutters, channel locks, curved needle nose pliers, ...",High,9,40-lot verified batch 01: contact sheet reviewed,https://d1ljvnrgb7j023.cloudfront.net/files/1/e03c52151739844d6215/large,"Substantial mixed group of red-handle Snap-On pliers and cutters, with apparent scratches, dirt and handle wear. Check cutting edges, jaw alignment and whether all pieces bear expected stamps.",Not researched,"Resolve identity/condition using existing source originals or in-person inspection | Count exact included models, quantities and accessories | Locate dated exact-model completed sales; adjust for quantity, condition and selling venue | Calculate net margin and conditional hammer ceiling only after evidence",125,285,,,
18452,"(1) set of Snap-On, model SHCP1B, hose clamp pliers with flexible cable, (1) Snap-On seal removal to...",High,6,Batch 05: all source photographs inspected,https://d1ljvnrgb7j023.cloudfront.net/files/1/0c94007c4647a6e2994c/large,"Snap-On cable and heavy-gauge terminal cutting/crimping tools in red retail packaging, with a used long-handle cable cutter. Blister packages look old or previously opened; inspect blade nicks, pivots and whether jaws are correct for copper/aluminum.",Not researched,"Resolve identity/condition using existing source originals or in-person inspection | Count exact included models, quantities and accessories | Locate dated exact-model completed sales; adjust for quantity, condition and selling venue | Calculate net margin and conditional hammer ceiling only after evidence",75,190,,,
18453,"Lot including (1) Snap-On 3/4"" drive ratchet with approx. 36"" handle, (1) Snap-On 1"" drive ratchet w...",High,5,Batch 02: all catalog images reviewed,https://d1ljvnrgb7j023.cloudfront.net/files/1/01e3b51da3ed6b44ba65/large,Oversized 3/4-inch and 1-inch Snap-On ratchets plus 1-inch breaker bar photographed on bare floor; heads show cosmetic wear and heavy handles. Ratchet head engagement and bar straightness cannot be confirmed visually.,Not researched,"Count exact included models, quantities and accessories | Locate dated exact-model completed sales; adjust for quantity, condition and selling venue | Calculate net margin and conditional hammer ceiling only after evidence",205,490,,,
18456,"Large lot of assorted grinding wheels, wire wheels, sanding wheels, (1) Makita, model GEO600, electr...",High,11,Inspected (contact sheet),https://d1ljvnrgb7j023.cloudfront.net/files/1/5e5e52874d5851ac9915/large,"Mixed bulk grinding/cutting consumables: Makita die grinder, assorted wire wheels, abrasive discs, mounted points and cut-off wheels in open boxes. Many loose or aging consumables; check expiration and wheel integrity; do not use damaged/unknown discs.",Not researched,"Resolve identity/condition using existing source originals or in-person inspection | Count exact included models, quantities and accessories | Identify defects and price necessary repairs | Estimate removal, freight and local resale constraints | Locate dated exact-model completed sales; adjust for quantity, condition and selling venue | Calculate net margin and conditional hammer ceiling only after evidence",,,,,
18469,"(1) Central Pneumatic, item #92144, 1/4"" air die grinder, appears to be new, and (1) Blue Point 1/8""...",High,5,Original photos examined (10-lot full-image pass),https://d1ljvnrgb7j023.cloudfront.net/files/1/eae228edc8390a623ffa/large,Five original images examined. Central Pneumatic 1/4-inch die grinder in opened original box and Blue Point right-angle pencil grinder in blue packaging with bagged small accessories. Blue Point condition not proved new; inspect collet and air leaks.,Not researched,"Resolve identity/condition using existing source originals or in-person inspection | Verify exact model, voltage, completeness and operation | Identify defects and price necessary repairs | Locate dated exact-model completed sales; adjust for quantity, condition and selling venue | Calculate net margin and conditional hammer ceiling only after evidence",35,90,,,
18470,"(1) MAC Tools, model AW234P, 3/8"" drive air impact tool, and (1) Ingersoll-Rand 3/8"" drive air impac...",High,7,Inspected (contact sheet),https://d1ljvnrgb7j023.cloudfront.net/files/1/e9a4bbb978171468532a/large,"Two older pneumatic impact wrenches pictured in one box, including a MAC Tools unit; both heavily used with worn housings and attached air hoses/fittings. Confirm both tools are included and test impact mechanism, direction switch and air leaks.",Not researched,"Identify defects and price necessary repairs | Locate dated exact-model completed sales; adjust for quantity, condition and selling venue | Calculate net margin and conditional hammer ceiling only after evidence",,,,,
18477,"(1) Central Hydraulics, model 36397, 8-ton, round bottom, long ram hydraulic jack.",High,4,Original photos examined (10-lot full-image pass),https://d1ljvnrgb7j023.cloudfront.net/files/1/f4a867a90ee4a4d9ce87/large,"Four original images examined. Long orange 8-ton ram/hydraulic jack in original worn cardboard carton with printed instruction manual; jack body appears bagged and comparatively clean, but pressure seals and rated operation unverified.",Not researched,"Verify ratings, condition and applicable safety/title/pressure checks | Locate dated exact-model completed sales; adjust for quantity, condition and selling venue | Calculate net margin and conditional hammer ceiling only after evidence",50,140,,,
18478,"(1) 115V Lightnin, model L, electric paint mixer with (1) 20"", (1) 18"", and (1) 19"" metal tool box.",High,6,Original photos examined (10-lot full-image pass),https://d1ljvnrgb7j023.cloudfront.net/files/1/0f300fe20fecba244e40/large,"Six original images examined. Older Lightnin electric industrial clamp-on mixer with two paddle/agitator elements, power cord, clamp and two metal toolboxes nearby; significant chipped paint and no electrical test.",Not researched,"Verify exact model, voltage, completeness and operation | Locate dated exact-model completed sales; adjust for quantity, condition and selling venue | Calculate net margin and conditional hammer ceiling only after evidence",30,90,,,
18487,"(1) Ridgid brake line flaring tool, (3) various brake line bending tools, (1) Old Forge #7203, doubl...",High,10,40-lot verified batch 01: contact sheet reviewed,https://d1ljvnrgb7j023.cloudfront.net/files/1/0b08a3a5dbeb65ad1d70/large,"Several red cases of Ridgid and Blue Point double-flaring tools plus benders are photographed. Some molded cavities look empty, so count dies/collets and test clamps before resale.",Not researched,"Locate dated exact-model completed sales; adjust for quantity, condition and selling venue | Calculate net margin and conditional hammer ceiling only after evidence",135,305,,,
18488,"(1) Blue Point #1020, screw extractor set with plastic case, (1) Blue Point, model PGH8A, 11-piece g...",High,9,Batch 03: contact sheet visually reviewed,https://d1ljvnrgb7j023.cloudfront.net/files/1/1ef926dcffce67b38230/large,"Blue Point CTS561 23-piece fastener drive kit looks well populated in a black case; adjacent Blue Point PGH8A punch set and red screw extractor kit show some empty slots. A packaged butane pencil torch appears unused, though age/ignition are unknown. Verify all branded kit contents.",Not researched,"Resolve identity/condition using existing source originals or in-person inspection | Count exact included models, quantities and accessories | Locate dated exact-model completed sales; adjust for quantity, condition and selling venue | Calculate net margin and conditional hammer ceiling only after evidence",135,325,,,
18513,"(1) TIF digital infrared photo tachometer with case, Blue Point non-contact infrared thermometer, an...",High,8,Batch 05: all source photographs inspected,https://d1ljvnrgb7j023.cloudfront.net/files/1/34a4cd2fbf38d007b09a/large,"Blue Point noncontact infrared thermometer in old blister packaging, orange handheld thermometer and digital pyrometer in black case. Untested electronics, batteries may be aged. Verify operation, accuracy and whether packaging contains the advertised units.",Not researched,"Resolve identity/condition using existing source originals or in-person inspection | Locate dated exact-model completed sales; adjust for quantity, condition and selling venue | Calculate net margin and conditional hammer ceiling only after evidence",75,220,,,
18514,"(1) Tool Aid quick change ratcheting terminal crimping kit, and assorted Blue Point wire pliers.",High,7,Batch 05: all source photographs inspected,https://d1ljvnrgb7j023.cloudfront.net/files/1/ae6b2e2cad30331a1557/large,"Multiple ratcheting terminal crimpers, Blue Point hand crimpers and red Tool Aid quick-change crimp kit with numerous interchangeable dies. Some case slots empty; verify each die and crimp range, and test ratchet return.",Not researched,"Resolve identity/condition using existing source originals or in-person inspection | Count exact included models, quantities and accessories | Locate dated exact-model completed sales; adjust for quantity, condition and selling venue | Calculate net margin and conditional hammer ceiling only after evidence",100,275,,,
18522,"(2) Snap-On LED work light, 1 with tripod stand, 1 with handle, both in working condition.",High,4,40-lot verified batch 01: contact sheet reviewed,https://d1ljvnrgb7j023.cloudfront.net/files/1/e6c0fd8be32e8eea589b/large,"Both Snap-On LED worklights pictured have AC power cords; one has a tripod. Prior battery/charging assumption was incorrect. Catalog claims working; inspect cord insulation, switches and stands.",Not researched,"Resolve identity/condition using existing source originals or in-person inspection | Locate dated exact-model completed sales; adjust for quantity, condition and selling venue | Calculate net margin and conditional hammer ceiling only after evidence",70,170,,,
18551,"(1) Miller MP-65E welder, 230/460V, 3 phase, S/N JA358881, with a Miller Matic 30-E wire feed, welde...",High,9,Batch 04: visually inspected,https://d1ljvnrgb7j023.cloudfront.net/files/1/c87bd9b06f182efe80d1/large,"Heavy blue Miller MP-65E three-phase welding power unit with separate Millermatic 30-E wire-feed box, cables and wheeled base; enamel heavily chipped with rust around top and wheels. Catalog explicitly says for parts or repair. Do not treat as working MIG/wire-feed equipment; labor, 3-phase supply and removal cost dominate.",Not researched,"Verify exact model, voltage, completeness and operation | Identify defects and price necessary repairs | Locate dated exact-model completed sales; adjust for quantity, condition and selling venue | Calculate net margin and conditional hammer ceiling only after evidence",100,315,,,
18575,"(1) Snap-On 6"" bench vise, currently mounted to bench, winning bidder responsible for proper dismoun...",High,6,40-lot verified batch 01: contact sheet reviewed,https://d1ljvnrgb7j023.cloudfront.net/files/1/57539bb880dfa65172d8/large,"Snap-On vise has clear widespread hammering/gouges and heavily marked replaceable jaw faces; visually rougher than generic used condition. Inspect jaw alignment, slide wear and casting cracks; lower previous premium-brand ceiling.",Not researched,"Resolve identity/condition using existing source originals or in-person inspection | Locate dated exact-model completed sales; adjust for quantity, condition and selling venue | Calculate net margin and conditional hammer ceiling only after evidence",110,275,,,
18597,"Large lot of standard heavy duty impact sockets, sizes 1 1/16"" up to 3 1/8"", and Snap-On 1"" to 3/4"" ...",High,11,Batch 02: all catalog images reviewed,https://d1ljvnrgb7j023.cloudfront.net/files/1/7c524db523d4763f5215/large,"Large collection of heavy-duty impact sockets and truck hub sockets arranged on labeled wall boards, with widely varied finishes and some rust. Photos may include adjacent lots; count exactly which sockets transfer, verify sizes, cracks and transport.",Not researched,"Resolve identity/condition using existing source originals or in-person inspection | Count exact included models, quantities and accessories | Identify defects and price necessary repairs | Estimate removal, freight and local resale constraints | Locate dated exact-model completed sales; adjust for quantity, condition and selling venue | Calculate net margin and conditional hammer ceiling only after evidence",120,360,,,
30-1331,"Snap-On Cummins Injector Adjustment Gauge, m#GA707",High,5,Inspected (contact sheet),https://d1ljvnrgb7j023.cloudfront.net/files/1/38105369d7f1c0da8821/large,"Snap-on GA3707 Cummins injector adjustment gauge kit in fitted black case with dial indicator, arms and instruction booklet; visible empty foam recesses suggest checking contents against GA3707 parts list. Dial movement/calibration and adapter completeness unverified.",Not researched,"Resolve identity/condition using existing source originals or in-person inspection | Locate dated exact-model completed sales; adjust for quantity, condition and selling venue | Calculate net margin and conditional hammer ceiling only after evidence",,,,,
18119,"(1) Ramco, model RS-90P, metal cutting band saw with approx. 16"" x 10"" cut area, S/N 12386, equipped...",Medium,10,Batch 02: all catalog images reviewed,https://d1ljvnrgb7j023.cloudfront.net/files/1/5f4aecd1ea6d1013be6e/large,"Ramco RS-90P bandsaw and separate height-adjustable stock stand pictured, with Baldor single-phase-capable nameplate and spare Goodyear belt in the machine. Dirty chip tray and working condition unverified; inspect blade guides, vise, gearbox and straight cut under power.",Not researched,"Resolve identity/condition using existing source originals or in-person inspection | Locate dated exact-model completed sales; adjust for quantity, condition and selling venue | Calculate net margin and conditional hammer ceiling only after evidence",290,650,,,
18121,"(1) 22"" width x 35"" height x 18"" depth heavy duty steel cart with contents, including (1) hydraulic ...",Medium,7,Inspected (contact sheet),https://d1ljvnrgb7j023.cloudfront.net/files/1/bfd72c56ccf8d6b2a940/large,"Mixed industrial hydraulic cylinders/jacks, ram fittings, hoses and gauges on metal shelving/cart; several Enerpac-style blue/yellow components visible but individual brands unconfirmed. Unknown pressure ratings, leaks, seals and completeness; require model identification and pressure-safe testing.",Not researched,"Resolve identity/condition using existing source originals or in-person inspection | Verify ratings, condition and applicable safety/title/pressure checks | Identify defects and price necessary repairs | Locate dated exact-model completed sales; adjust for quantity, condition and selling venue | Calculate net margin and conditional hammer ceiling only after evidence",,,,,
18132,"(1) Buffalo Tools extendable 3/8"" air hose reel with assorted lengths of various air hose.",Medium,4,Batch 04: visually inspected,https://d1ljvnrgb7j023.cloudfront.net/files/1/11e153156cdfd947f661/large,"Buffalo Tools yellow enclosed retractable air-hose reel with large pile of older rubber air hose and metal couplers. Hose is tangled and multiple ends show dirt; check reel spring return, swivel seal leaks, cracks and coupler sizes before valuing as usable shop equipment.",Not researched,"Resolve identity/condition using existing source originals or in-person inspection | Count exact included models, quantities and accessories | Identify defects and price necessary repairs | Locate dated exact-model completed sales; adjust for quantity, condition and selling venue | Calculate net margin and conditional hammer ceiling only after evidence",35,100,,,
18137,"Lot including (1) McCulloch gas powered chain saw with 20"" bar, bar cover, engine pulls through and ...",Medium,11,Batch 04: visually inspected,https://d1ljvnrgb7j023.cloudfront.net/files/1/b989cdf2ea6819791bd8/large,"Long-bar older yellow McCulloch chain saw, separate yellow-shaft weed trimmer and dusty fuel can are in the photos. Both engines reportedly pull through with compression, but bar/chain and trimmer guard show heavy use. Verify fuel-system condition, cold starts, oiler and running behavior before paying functional used-tool prices.",Not researched,"Resolve identity/condition using existing source originals or in-person inspection | Count exact included models, quantities and accessories | Verify exact model, voltage, completeness and operation | Verify ratings, condition and applicable safety/title/pressure checks | Locate dated exact-model completed sales; adjust for quantity, condition and selling venue | Calculate net margin and conditional hammer ceiling only after evidence",75,200,,,
18139,"(1) Partner, model K700, Active III, approx. 12"" diameter gas powered concrete saw, engine pulls thr...",Medium,6,Batch 04: visually inspected,https://d1ljvnrgb7j023.cloudfront.net/files/1/7049e3edcc3dc4075fb2/large,"Partner K700 Active III cut-off saw fitted with abrasive blade and full guard; housing, recoil handle and grip are present but uniformly dirty and scuffed. Catalog confirms compression only. Check cold starting, cylinder condition, clutch engagement and guard/blade mounting before an operational valuation.",Not researched,"Resolve identity/condition using existing source originals or in-person inspection | Verify exact model, voltage, completeness and operation | Estimate removal, freight and local resale constraints | Locate dated exact-model completed sales; adjust for quantity, condition and selling venue | Calculate net margin and conditional hammer ceiling only after evidence",180,480,,,
18143,"(1) approx. 32"" pipe wrench, and (1) heavy duty chain style pipe wrench.",Medium,5,Inspected (contact sheet),https://d1ljvnrgb7j023.cloudfront.net/files/1/4052ceade82b556e9d46/large,"Two large, heavily used pipe wrenches including chain-style wrench; chipped paint, oxidized steel and jaw wear visible. Inspect chain links, teeth and adjusters.",Not researched,"Resolve identity/condition using existing source originals or in-person inspection | Verify ratings, condition and applicable safety/title/pressure checks | Locate dated exact-model completed sales; adjust for quantity, condition and selling venue | Calculate net margin and conditional hammer ceiling only after evidence",,,,,
18153,"(1) RN, model 52PY 6/12/24V battery charger-100/80/50 amp, S/N 7241, includes jumper cables, working...",Medium,5,Batch 04: visually inspected,https://d1ljvnrgb7j023.cloudfront.net/files/1/c8bed59489cc72812945/large,"Large vintage red 6/12/24-volt RN wheeled charger/booster photographed with tall metal cabinet, analog ammeter and substantial clip leads. Faceplate identifies 100/80/50 charge settings and a 550-amp boost rating; cord and leads look weathered. Seller does not claim tested operation; verify isolation, clamps and output electrically before use.",Not researched,"Resolve identity/condition using existing source originals or in-person inspection | Verify exact model, voltage, completeness and operation | Estimate removal, freight and local resale constraints | Locate dated exact-model completed sales; adjust for quantity, condition and selling venue | Calculate net margin and conditional hammer ceiling only after evidence",105,290,,,
18158,"(1) Craftsman, model 113.29943, 10"" table saw (120V, 3 phase input) with a 40"" width x 27"" depth tab...",Medium,9,Batch 04: visually inspected,https://d1ljvnrgb7j023.cloudfront.net/files/1/e4fd4049eabfedb853e5/large,"Vintage Craftsman 113-series cast-iron table saw with fence, guard components and angle gauge photographed under thick dust. Front tilt scale/window appears weathered and metal surfaces oxidized. Catalog input description is contradictory (120V, 3-phase); verify actual motor tag before bidding, plus arbor bearings, tabletop flatness and fence parallelism.",Not researched,"Resolve identity/condition using existing source originals or in-person inspection | Locate dated exact-model completed sales; adjust for quantity, condition and selling venue | Calculate net margin and conditional hammer ceiling only after evidence",115,285,,,
18160,"(1) 30-gallon grease pump with ARO air powered pump, and hose (no grease gun).",Medium,4,Inspected (contact sheet),https://d1ljvnrgb7j023.cloudfront.net/files/1/b0c2134d98974b7dc375/large,"Red cylindrical grease reservoir with ARO pneumatic pump and coiled hose. Paint worn, dusty and hose aged; no dispensing gun visible. Test pump and pressure safety.",Not researched,"Verify exact model, voltage, completeness and operation | Locate dated exact-model completed sales; adjust for quantity, condition and selling venue | Calculate net margin and conditional hammer ceiling only after evidence",,,,,
18161,"Lot of (2) approx. 30-gallon grease pumps with (1) ARO air powered pump, and (1) make and model unk...",Medium,6,Inspected (contact sheet),https://d1ljvnrgb7j023.cloudfront.net/files/1/0d38aea8bf7cb90f35f7/large,"Two large used grease-dispensing reservoirs, one Kendall-branded, with pneumatic pump assemblies and hoses. Dirt and corrosion visible; inspect seals, pump operation and missing dispensing fittings.",Not researched,"Resolve identity/condition using existing source originals or in-person inspection | Count exact included models, quantities and accessories | Verify exact model, voltage, completeness and operation | Identify defects and price necessary repairs | Locate dated exact-model completed sales; adjust for quantity, condition and selling venue | Calculate net margin and conditional hammer ceiling only after evidence",,,,,
18163,"(1) Multiquip, model GA-6RZ, 5500 watt, portable generator, with a Wisconsin, model WI-390, gas engi...",Medium,8,Batch 02: all catalog images reviewed,https://d1ljvnrgb7j023.cloudfront.net/files/1/8e96efcc06e25b8c7553/large,"Orange MQ Multiquip GA-6RZ framed generator with Wisconsin Robin petrol engine looks substantially assembled, weathered and dusty, controls visible. Badge indicates 5500W panel despite 6000 case marking; function/output wholly untested.",Not researched,"Verify exact model, voltage, completeness and operation | Locate dated exact-model completed sales; adjust for quantity, condition and selling venue | Calculate net margin and conditional hammer ceiling only after evidence",245,530,,,
18165,"Lot of power tools, includes (1) Rota-Speed 230/9"" metal cutting circular saw, (1) Ramset Dyna Drill...",Medium,9,Batch 04: visually inspected,https://d1ljvnrgb7j023.cloudfront.net/files/1/6ec43313ab7fd0a70f1b/large,"Mixed three-piece corded tool assortment: Rota-Speed metal-cutting saw, orange Ramset Dyna Drill rotary hammer and older silver power tool in rusty steel case, plus drill bits. Several cables and housings show wear; all untested. Identify the third tool, inspect insulation/chucks and test each tool separately before selling as functional.",Not researched,"Resolve identity/condition using existing source originals or in-person inspection | Count exact included models, quantities and accessories | Verify exact model, voltage, completeness and operation | Identify defects and price necessary repairs | Locate dated exact-model completed sales; adjust for quantity, condition and selling venue | Calculate net margin and conditional hammer ceiling only after evidence",130,365,,,
18168,"Lot including (6) various ratcheting chain binders, and (5) mechanical chain binders, also a block p...",Medium,6,Batch 04: visually inspected,https://d1ljvnrgb7j023.cloudfront.net/files/1/855c24ce3d3deb278ae8/large,"An assortment of around eleven old ratchet and over-center chain binders plus heavy chain and a snatch block appears spread across a pallet. Heavy oxidation, dirt and mixed unlabeled components. Count functional binder threads and hooks; avoid assuming hooks and chain have compatible safe working loads.",Not researched,"Count exact included models, quantities and accessories | Verify ratings, condition and applicable safety/title/pressure checks | Locate dated exact-model completed sales; adjust for quantity, condition and selling venue | Calculate net margin and conditional hammer ceiling only after evidence",150,420,,,
18186,"(1) hydraulic portable wheel cart, appears to be in working condition.",Medium,4,Batch 04: visually inspected,https://d1ljvnrgb7j023.cloudfront.net/files/1/60f947a8c7eb4ac3ef49/large,Yellow narrow portable wheel dolly with hand crank/jack linkage and two long wheel support legs photographed from four angles. Frame and hydraulic-looking actuator show considerable dirt and scraped paint; caster/wheel function and load capacity unverified. Test hydraulic hold and actual tire width compatibility.,Not researched,"Verify ratings, condition and applicable safety/title/pressure checks | Locate dated exact-model completed sales; adjust for quantity, condition and selling venue | Calculate net margin and conditional hammer ceiling only after evidence",85,220,,,
18188,"Lot including (2) make and model unknown 3/8"" capacity electric drills, (1) Black &amp; Decker, mode...",Medium,12,Inspected (contact sheet),https://d1ljvnrgb7j023.cloudfront.net/files/1/b822614f2dfedde1d85d/large,"Mixed older corded tools including Milwaukee Magnum Hole-Shooter drill, Black & Decker circular saw and other corded drills. Several cords are coiled/aged and housings dirty. Test each separately, check guards and electrical safety; lot tags in adjacent background are not included.",Not researched,"Resolve identity/condition using existing source originals or in-person inspection | Count exact included models, quantities and accessories | Verify exact model, voltage, completeness and operation | Locate dated exact-model completed sales; adjust for quantity, condition and selling venue | Calculate net margin and conditional hammer ceiling only after evidence",,,,,
18191,"(1) K.R. Wilson, model 6050B, flat head cylinder head cutter valve, 1940S with wood case and paperwo...",Medium,5,Batch 04: visually inspected,https://d1ljvnrgb7j023.cloudfront.net/files/1/0a7fa8e812607cd79283/large,"Vintage K.R. Wilson 6050B cast-iron cylinder-head valve-seat cutter fixture and several machined adapters displayed in weathered gray wooden case. Casting marks and machined steel pieces visible, but no clear proof of complete specialist kit. Demand is niche: check compatible cutter sizes and missing bits before setting resale price.",Not researched,"Resolve identity/condition using existing source originals or in-person inspection | Verify ratings, condition and applicable safety/title/pressure checks | Identify defects and price necessary repairs | Estimate removal, freight and local resale constraints | Locate dated exact-model completed sales; adjust for quantity, condition and selling venue | Calculate net margin and conditional hammer ceiling only after evidence",70,235,,,
18194,"(1) Bench mount 4"" hand grinder, and (1) manual bench mount drill with steel case.",Medium,6,Inspected (contact sheet),https://d1ljvnrgb7j023.cloudfront.net/files/1/db5c14def7ec74342379/large,"Red metal box containing geared hand-operated metalworking mechanism and separate bench-mounted circular hand-crank tool. Identity, accessories and operating condition unclear; gears appear present but application must be identified before assigning value.",Not researched,"Verify exact model, voltage, completeness and operation | Locate dated exact-model completed sales; adjust for quantity, condition and selling venue | Calculate net margin and conditional hammer ceiling only after evidence",,,,,
18200,"Lot including (1) Ramset air actuated tool with steel case, (1) Ramset 610 Dyna drill with bits, ste...",Medium,7,Inspected (contact sheet),https://d1ljvnrgb7j023.cloudfront.net/files/1/ce4d0eb7f4d9aafcd43b/large,"Mixed Ramset powder-actuated fastening tools, assorted Dynabolt/fastener boxes and accessories. Tool condition and exact contents unknown; potential restricted explosive cartridges among old stock. Verify permitted transfer, missing guards and model compatibility before any resale or use.",Not researched,"Resolve identity/condition using existing source originals or in-person inspection | Count exact included models, quantities and accessories | Verify exact model, voltage, completeness and operation | Identify defects and price necessary repairs | Locate dated exact-model completed sales; adjust for quantity, condition and selling venue | Calculate net margin and conditional hammer ceiling only after evidence",,,,,
18202,"(1) Solar, model 660, Fleet 6/12/24V battery charger/starter, working condition unknown.",Medium,8,Batch 04: visually inspected,https://d1ljvnrgb7j023.cloudfront.net/files/1/661a046c4fd3b2960dfa/large,"Older black Solar 660 Fleet wheeled 6/12/24V charger with large transformer body and rear vents; meter/switches visible, cable bundle on handle. Exterior is dirty and knob condition appears aged. Function explicitly unknown; check output on all voltage selections, cable insulation and high-current clamp safety.",Not researched,"Resolve identity/condition using existing source originals or in-person inspection | Verify exact model, voltage, completeness and operation | Estimate removal, freight and local resale constraints | Locate dated exact-model completed sales; adjust for quantity, condition and selling venue | Calculate net margin and conditional hammer ceiling only after evidence",130,350,,,
18203,(1) manual hydraulic ram tool with steel case.,Medium,5,Inspected (contact sheet),https://d1ljvnrgb7j023.cloudfront.net/files/1/6052b48378e628ad46a0/large,"Manual hydraulic ram/porta-power tool in black steel case with red hand pump, ram, fittings and adapters. Multiple fitted recesses visible; verify accessory completeness, seals and pump pressure.",Not researched,"Resolve identity/condition using existing source originals or in-person inspection | Verify ratings, condition and applicable safety/title/pressure checks | Locate dated exact-model completed sales; adjust for quantity, condition and selling venue | Calculate net margin and conditional hammer ceiling only after evidence",,,,,
18204,Entire shelf of various large wrenches and spanner wrenches.,Medium,8,Inspected (contact sheet),https://d1ljvnrgb7j023.cloudfront.net/files/1/8e92f85de50dc5a171b5/large,"Assorted oversized industrial open-end, box-end and hook/spanner wrenches, large sockets and long handled specialty tools on wooden pallet. Mixed wear, corrosion and uncertain maker marks; measure sizes and check cracks, bends and application-specific demand.",Not researched,"Resolve identity/condition using existing source originals or in-person inspection | Estimate removal, freight and local resale constraints | Locate dated exact-model completed sales; adjust for quantity, condition and selling venue | Calculate net margin and conditional hammer ceiling only after evidence",,,,,
18205,"(1) make and model unknown, 120V, single phase MAG drill with wood case, working condition unknown.",Medium,5,Batch 05: all source photographs inspected,https://d1ljvnrgb7j023.cloudfront.net/files/1/aaa6bbb127fd8b6ec935/large,"Large magnetic drill with heavy chained stand and worn red base; chuck visible but bit accessories and functioning magnet are not demonstrated. Inspect drill spindle, stand, safety chain, magnet hold and 120V wiring before use.",Not researched,"Resolve identity/condition using existing source originals or in-person inspection | Verify exact model, voltage, completeness and operation | Locate dated exact-model completed sales; adjust for quantity, condition and selling venue | Calculate net margin and conditional hammer ceiling only after evidence",180,480,,,
18206,"Lot including (1) make and model unknown heavy duty drill with Jacobs 3/4"" capacity chuck, (1) Milwa...",Medium,5,Batch 05: all source photographs inspected,https://d1ljvnrgb7j023.cloudfront.net/files/1/59b098f802d0ecb07faa/large,Two older corded right-angle or pistol-grip drills and a group of long auger bits pictured. Dusty metal housings and cord wear possible. Test under load and verify bit shanks; no assumption of industrial resale from appearance alone.,Not researched,"Resolve identity/condition using existing source originals or in-person inspection | Count exact included models, quantities and accessories | Verify exact model, voltage, completeness and operation | Locate dated exact-model completed sales; adjust for quantity, condition and selling venue | Calculate net margin and conditional hammer ceiling only after evidence",65,175,,,
18212,"Lot including (3) Motorola Radius 2-way radios with (1) Regency monitor radio/scanner, (1) Motorola ...",Medium,7,Inspected (contact sheet),https://d1ljvnrgb7j023.cloudfront.net/files/1/7b7f9e55327c75ba3f9d/large,"Mixed Motorola Radius and Regency radio/scanner equipment with chargers/base units and handheld devices. Aged and dusty; verify model, batteries, programming frequencies and legal operating compatibility.",Not researched,"Resolve identity/condition using existing source originals or in-person inspection | Count exact included models, quantities and accessories | Verify exact model, voltage, completeness and operation | Estimate removal, freight and local resale constraints | Locate dated exact-model completed sales; adjust for quantity, condition and selling venue | Calculate net margin and conditional hammer ceiling only after evidence",,,,,
18215,"(1) make and model unknown radial arm drill with approx. 48"" arm, approx. 12"" x 84"" column, 25.5"" wi...",Medium,13,Inspected (contact sheet),https://d1ljvnrgb7j023.cloudfront.net/files/1/328f6ce29b83dd9e29f4/large,"Large stationary radial-arm drilling machine with heavy cast base/table, chuck, electrical controls and assorted large drill bits pictured. Considerable grime and surface corrosion; three-phase electrical requirements, spindle play, feed and removal/rigging must be verified. No operational evidence.",Not researched,"Verify exact model, voltage, completeness and operation | Locate dated exact-model completed sales; adjust for quantity, condition and selling venue | Calculate net margin and conditional hammer ceiling only after evidence",,,,,
18216,"(1) Gardner-Denver, model ADD-608961011, approx. 60-gallon capacity air compressor with a 230/460V, ...",Medium,5,40-lot verified batch 01: contact sheet reviewed,https://d1ljvnrgb7j023.cloudfront.net/files/1/113d83bad261cf01b522/large,"Corrected photos show a green Gardner-Denver-style compressor on a horizontal tank and a Lincoln nameplate identifying 3-phase 230/460V. Surface oxidation/dust visible; verify motor, tank integrity and air output before removal.",Not researched,"Resolve identity/condition using existing source originals or in-person inspection | Verify ratings, condition and applicable safety/title/pressure checks | Locate dated exact-model completed sales; adjust for quantity, condition and selling venue | Calculate net margin and conditional hammer ceiling only after evidence",185,450,,,
18217,Large lot of assorted ratchet straps and tow straps.,Medium,8,Batch 03: contact sheet visually reviewed,https://d1ljvnrgb7j023.cloudfront.net/files/1/af361ed8017809e12bcf/large,"Yellow and tan flatbed ratchet and tow straps show obvious dirt, fraying risk at fold points and faded webbing; multiple ratchet handles and hooks are visible. Treat older or unreadably rated straps as non-load-bearing until inspected; do not price at the value of new certified straps.",Not researched,"Resolve identity/condition using existing source originals or in-person inspection | Count exact included models, quantities and accessories | Estimate removal, freight and local resale constraints | Locate dated exact-model completed sales; adjust for quantity, condition and selling venue | Calculate net margin and conditional hammer ceiling only after evidence",45,130,,,
18280,"Lot of assorted heavy duty truck parts, includes set of 16"" diameter drums, Meritor brake disc, (4) ...",Medium,9,Inspected (contact sheet),https://d1ljvnrgb7j023.cloudfront.net/files/1/ec387bfea67f6d74a590/large,"Pallet of heavy truck brake drums, discs and related metal components; rusty and unidentified fitment.",Not researched,"Count exact included models, quantities and accessories | Identify defects and price necessary repairs | Locate dated exact-model completed sales; adjust for quantity, condition and selling venue | Calculate net margin and conditional hammer ceiling only after evidence",0,160,,,
18282,"Lot of (8) assorted heavy duty motors, includes 25, 20, and 5 HP, and more, all motors are for parts...",Medium,7,Inspected (contact sheet),https://d1ljvnrgb7j023.cloudfront.net/files/1/4d28ba811ad88d670f49/large,"Pallet of several heavy industrial electric motors, aged and dusty; catalog explicitly parts/repair, no working assumption.",Not researched,"Count exact included models, quantities and accessories | Verify exact model, voltage, completeness and operation | Identify defects and price necessary repairs | Estimate removal, freight and local resale constraints | Locate dated exact-model completed sales; adjust for quantity, condition and selling venue | Calculate net margin and conditional hammer ceiling only after evidence",0,300,,,
18286,"Lot of assorted hand saws, includes bow saws, 64"" 2-man saw, and more.",Medium,4,Inspected (contact sheet),https://d1ljvnrgb7j023.cloudfront.net/files/1/fc48a0c038fec3fcb82c/large,Mixed large manual hand saws and long two-person saws on pallet; rusted teeth and worn handles.,Not researched,"Count exact included models, quantities and accessories | Identify defects and price necessary repairs | Estimate removal, freight and local resale constraints | Locate dated exact-model completed sales; adjust for quantity, condition and selling venue | Calculate net margin and conditional hammer ceiling only after evidence",,,,,
18288,"Large lot of assorted hoses, includes 2"" OD, 1.5"" SAE, 100R4 Flame resistant hoses, hydraulic, and m...",Medium,5,Inspected (contact sheet),https://d1ljvnrgb7j023.cloudfront.net/files/1/918b04abafe5191fead8/large,"Large piles of mixed industrial hose and coiled rubber tubing; weathered and dirty, inspect cracks and pressure ratings.",Not researched,"Resolve identity/condition using existing source originals or in-person inspection | Count exact included models, quantities and accessories | Verify ratings, condition and applicable safety/title/pressure checks | Estimate removal, freight and local resale constraints | Locate dated exact-model completed sales; adjust for quantity, condition and selling venue | Calculate net margin and conditional hammer ceiling only after evidence",,,,,
18293,"(1) General Electric 20 HP heavy duty industrial motor, 230/440V, 3 phase electric.",Medium,7,Inspected (contact sheet),https://d1ljvnrgb7j023.cloudfront.net/files/1/09e6cfbdb4de5df0ce2e/large,"Large green GE industrial electric motor on pallet, rusted housing and exposed drive end; voltage and function untested.",Not researched,"Verify exact model, voltage, completeness and operation | Identify defects and price necessary repairs | Estimate removal, freight and local resale constraints | Locate dated exact-model completed sales; adjust for quantity, condition and selling venue | Calculate net margin and conditional hammer ceiling only after evidence",,,,,
18295,"(1) Sullair single axle, towable air compressor, shows 151 hours, 4-cylinder gas engine, 2"" ball, ma...",Medium,10,Batch 02: all catalog images reviewed,https://d1ljvnrgb7j023.cloudfront.net/files/1/eec0468c0283495dd6b0/large,"Older towable Sullair compressor with complete-looking cabinet, small wheels, hitch, coiled hose and hour meter pictured. Chipped green paint and oxidized fittings; catalog claims runs/operates. Verify pressure output, oil leaks, tire age and trailer documents.",Not researched,"Resolve identity/condition using existing source originals or in-person inspection | Verify ratings, condition and applicable safety/title/pressure checks | Identify defects and price necessary repairs | Locate dated exact-model completed sales; adjust for quantity, condition and selling venue | Calculate net margin and conditional hammer ceiling only after evidence",1500,3600,,,
18298,"(3) skids of assorted semi-truck exhaust pipe, includes flex pipe, tips, 90's, filters, mufflers, an...",Medium,11,Inspected (contact sheet),https://d1ljvnrgb7j023.cloudfront.net/files/1/dc42e4870e9c198405c5/large,"Several pallets of used truck exhaust tubes, elbows and mufflers, mixed diameters; corrosion and fitment unknown.",Not researched,"Resolve identity/condition using existing source originals or in-person inspection | Count exact included models, quantities and accessories | Locate dated exact-model completed sales; adjust for quantity, condition and selling venue | Calculate net margin and conditional hammer ceiling only after evidence",,,,,
18304,"Lot of (4) approx. 20' chains, (6) snap style chain binders, and (1) ratcheting chain binder, also i...",Medium,5,Batch 02: all catalog images reviewed,https://d1ljvnrgb7j023.cloudfront.net/files/1/f42d93cbd9801cca3ea8/large,"Chains, snap and ratcheting binders are visibly tangled with yard tools on a pallet; the photograph does not clearly document grade or completeness of each binder. Count usable pairs and inspect links before bid.",Not researched,"Resolve identity/condition using existing source originals or in-person inspection | Count exact included models, quantities and accessories | Verify ratings, condition and applicable safety/title/pressure checks | Locate dated exact-model completed sales; adjust for quantity, condition and selling venue | Calculate net margin and conditional hammer ceiling only after evidence",110,280,,,
18305,"Lot of 4 ratcheting chain binders, (3) 10' and (1) approx. 20', broom, and shovel.",Medium,6,Inspected (contact sheet),https://d1ljvnrgb7j023.cloudfront.net/files/1/8a82e7da7bed213cc9c5/large,"Mixed long ratcheting chain binders, heavy chains and shovel on pallet; corrosion and safety labels uncertain.",Not researched,"Count exact included models, quantities and accessories | Verify ratings, condition and applicable safety/title/pressure checks | Locate dated exact-model completed sales; adjust for quantity, condition and selling venue | Calculate net margin and conditional hammer ceiling only after evidence",,,,,
18306,"Lot of (5) ratcheting chain binders, (4) snap style chains binders, various chains, spade and square...",Medium,6,Inspected (contact sheet),https://d1ljvnrgb7j023.cloudfront.net/files/1/bb6be04a53de3fa6e6cd/large,"Pallet of heavy ratcheting/snap binders, hooks, chains and shovels; worn, load ratings and latch condition unverified.",Not researched,"Count exact included models, quantities and accessories | Verify ratings, condition and applicable safety/title/pressure checks | Locate dated exact-model completed sales; adjust for quantity, condition and selling venue | Calculate net margin and conditional hammer ceiling only after evidence",,,,,
18318,"(1) approx. 1000-gallon steel fuel tank, bottom valve, top fill, approx. 61"" diameter x 12' length.",Medium,6,Inspected (contact sheet),https://d1ljvnrgb7j023.cloudfront.net/files/1/97c85ca0e69f84b0af10/large,Large red horizontal fuel tank on ground with top fittings and drain; severe exterior oxidation and unknown interior.,Not researched,"Resolve identity/condition using existing source originals or in-person inspection | Verify ratings, condition and applicable safety/title/pressure checks | Locate dated exact-model completed sales; adjust for quantity, condition and selling venue | Calculate net margin and conditional hammer ceiling only after evidence",,,,,
18381,"(1) 2000 Hitachi EX200LC-5, hydraulic crawler excavator, 8084 hours showing, foot pedal/joystick con...",Medium,32,Inspected (contact sheet),https://d1ljvnrgb7j023.cloudfront.net/files/1/7028f51aefd48a4c4a16/large,"Orange Hitachi EX200LC-5 tracked excavator with long boom and bucket, many cab/track/engine views; verify hydraulics and slew bearing.",Not researched,"Resolve identity/condition using existing source originals or in-person inspection | Verify ratings, condition and applicable safety/title/pressure checks | Estimate removal, freight and local resale constraints | Locate dated exact-model completed sales; adjust for quantity, condition and selling venue | Calculate net margin and conditional hammer ceiling only after evidence",,,,,
18382,"Kobelco SK210-9 (1) 2013 Kobelco, model SK210-9, hydraulic excavator, 4068 hours showing, enclosed c...",Medium,30,Inspected (contact sheet),https://d1ljvnrgb7j023.cloudfront.net/files/1/bf64580b2bc95277656d/large,"Yellow Kobelco SK210-9 tracked excavator with enclosed cab, boom and bucket, many track/engine views; no operational test.",Not researched,"Verify ratings, condition and applicable safety/title/pressure checks | Estimate removal, freight and local resale constraints | Locate dated exact-model completed sales; adjust for quantity, condition and selling venue | Calculate net margin and conditional hammer ceiling only after evidence",,,,,
18383,"(1) 1976 John Deere 762 motor scraper, open station, ROPS canopy, 7900 hours showing, John Deere 190...",Medium,26,Inspected (contact sheet),https://d1ljvnrgb7j023.cloudfront.net/files/1/f0c656bd247eff0fe05d/large,"Yellow John Deere 762 motor scraper, articulated heavy earthmoving chassis with large tires and bowl; tires/hydraulics untested.",Not researched,"Verify exact model, voltage, completeness and operation | Locate dated exact-model completed sales; adjust for quantity, condition and selling venue | Calculate net margin and conditional hammer ceiling only after evidence",,,,,
18454,"Lot of (4) various torque wrenches, includes 2 1/2"" drive, and 2 3/8"" drive.",Medium,6,Batch 03: contact sheet visually reviewed,https://d1ljvnrgb7j023.cloudfront.net/files/1/506692be1ac2b3e56bc8/large,"Four mixed conventional torque wrenches are laid on the floor, one alongside an empty-looking red molded carrying case; used chrome and grips visible. Calibration and internal clicking accuracy wholly unknown. Do not resell as accurate until verified.",Not researched,"Resolve identity/condition using existing source originals or in-person inspection | Count exact included models, quantities and accessories | Locate dated exact-model completed sales; adjust for quantity, condition and selling venue | Calculate net margin and conditional hammer ceiling only after evidence",65,155,,,
18455,"Lot of assorted 1"" drive impact and regular sockets with (1) Easco 3/4"" drive ratchet, (1) 3/4"" driv...",Medium,7,Batch 03: contact sheet visually reviewed,https://d1ljvnrgb7j023.cloudfront.net/files/1/ef9bd692e163517cda65/large,"Big mixed three-quarter- and one-inch-drive sockets, several oversized ratchets, breaker bars and long extensions fill a box and adjacent floor. Many heavy sockets look old, dull or oxidized; transport and individual size sorting consume substantial margin.",Not researched,"Count exact included models, quantities and accessories | Locate dated exact-model completed sales; adjust for quantity, condition and selling venue | Calculate net margin and conditional hammer ceiling only after evidence",145,330,,,
18458,"Lot of (6) various ratcheting combination wrenches, sizes 3/8"" up to 1 1/8"".",Medium,5,Original photos examined (10-lot full-image pass),https://d1ljvnrgb7j023.cloudfront.net/files/1/2029110f8d2ca42b8282/large,"Five original images examined. Six large double-ended ratcheting box wrenches, some size stamps visible; worn chrome and surface discoloration, no obvious broken heads. Ratchet action and maker unverified.",Not researched,"Count exact included models, quantities and accessories | Identify defects and price necessary repairs | Locate dated exact-model completed sales; adjust for quantity, condition and selling venue | Calculate net margin and conditional hammer ceiling only after evidence",40,90,,,
18459,"Large lot of assorted socket sets, ratchet sets, most appear to be 3/8"" drive, all with cases and ra...",Medium,9,Batch 05: all source photographs inspected,https://d1ljvnrgb7j023.cloudfront.net/files/1/f6850558c1380e342fd1/large,"Three mixed vintage green metal socket cases, two containing deep sockets, long ratchets and extensions; several sockets show rust and some slots empty. Brand stamps hard to read; sort by drive and SAE/metric before resale.",Not researched,"Count exact included models, quantities and accessories | Identify defects and price necessary repairs | Estimate removal, freight and local resale constraints | Locate dated exact-model completed sales; adjust for quantity, condition and selling venue | Calculate net margin and conditional hammer ceiling only after evidence",75,230,,,
18460,"Lot of assorted tools, includes (1) set of Tool Shop wrenches, sizes 9/16"" up to 1 1/4"" with roll up...",Medium,9,Inspected (contact sheet),https://d1ljvnrgb7j023.cloudfront.net/files/1/21a46ab5111878731786/large,"Red roll-up wrench pouch with mixed open-end wrenches and a long ratchet/breaker-style handle; separate box of blue-handled pliers and locking pliers. Visible wear and incomplete roll; inspect ratchet drive, jaw wear and brand stamps.",Not researched,"Resolve identity/condition using existing source originals or in-person inspection | Count exact included models, quantities and accessories | Identify defects and price necessary repairs | Locate dated exact-model completed sales; adjust for quantity, condition and selling venue | Calculate net margin and conditional hammer ceiling only after evidence",,,,,
18461,(1) oil filter removal tool with various adapters.,Medium,7,Inspected (contact sheet),https://d1ljvnrgb7j023.cloudfront.net/files/1/8cedc6a13ce37d749fa1/large,"Multiple large adjustable piston-ring compressor bands and clamp-style tools in cardboard box, including broad steel bands with tightening hardware. Visible mixed diameters and surface wear; check for dents, bent bands and functioning ratchets. Corrects earlier concern: this lot is ring compressors, not unrelated neighboring pliers.",Not researched,"Resolve identity/condition using existing source originals or in-person inspection | Locate dated exact-model completed sales; adjust for quantity, condition and selling venue | Calculate net margin and conditional hammer ceiling only after evidence",,,,,
18462,"Set of box end/ratchet end wrenches, sizes 5/16"" up to 3/4"", (1) set of Gear Wrench brand box end/ra...",Medium,7,40-lot verified batch 01: contact sheet reviewed,https://d1ljvnrgb7j023.cloudfront.net/files/1/1f996dbcc16107263669/large,"Two separate groups of GearWrench/mixed ratcheting wrenches are pictured, including large and small sizes. Finish shows use, but exact set completeness and ratchet function remain unknown.",Not researched,"Resolve identity/condition using existing source originals or in-person inspection | Count exact included models, quantities and accessories | Locate dated exact-model completed sales; adjust for quantity, condition and selling venue | Calculate net margin and conditional hammer ceiling only after evidence",105,235,,,
18463,"Lot of assorted chisel tools and a bag of various hand tools, including assorted wrenches, channel l...",Medium,6,Original photos examined (10-lot full-image pass),https://d1ljvnrgb7j023.cloudfront.net/files/1/31f8e996b79acded94b4/large,"Six original images examined. Large group of pry bars, drift pins, punches, hook-shaped specialty bars and worn Snap-on soft bag containing additional tools. Several long bars have mushroomed/used ends; inspect for cracks.",Not researched,"Resolve identity/condition using existing source originals or in-person inspection | Count exact included models, quantities and accessories | Locate dated exact-model completed sales; adjust for quantity, condition and selling venue | Calculate net margin and conditional hammer ceiling only after evidence",35,85,,,
18464,"(2) Balkamp, model 4-1162, pressure tester for cooling systems, and pressure caps, with steel case.",Medium,5,Batch 05: all source photographs inspected,https://d1ljvnrgb7j023.cloudfront.net/files/1/fa4f6002d11ac378e631/large,"Vintage pressure tester kit for cooling systems and pressure caps with gauge, cylinders and assorted adapters in dark metal box. Some adapters appear loose and gauge uncalibrated; test seals and identify model/compatibility.",Not researched,"Verify ratings, condition and applicable safety/title/pressure checks | Locate dated exact-model completed sales; adjust for quantity, condition and selling venue | Calculate net margin and conditional hammer ceiling only after evidence",55,160,,,
18481,"Lot of assorted Allen wrenches, and Torx wrenches.",Medium,7,Inspected (contact sheet),https://d1ljvnrgb7j023.cloudfront.net/files/1/476a51cbb072d1857c34/large,"Cardboard box of numerous Titan-branded and other hex/Allen key sets in holders (green, red, blue), plus a short row of chrome sockets. Appears mixed metric/SAE and potentially incomplete; check worn ball ends, duplicates and sizes.",Not researched,"Resolve identity/condition using existing source originals or in-person inspection | Count exact included models, quantities and accessories | Identify defects and price necessary repairs | Locate dated exact-model completed sales; adjust for quantity, condition and selling venue | Calculate net margin and conditional hammer ceiling only after evidence",,,,,
18482,"Lot of (2) channel lock type, adjustable filter wrenches.",Medium,5,Original photos examined (10-lot full-image pass),https://d1ljvnrgb7j023.cloudfront.net/files/1/1473d4c0631610889f97/large,"Five original images examined. Two large long-handled oil-filter pliers with turquoise and red grips, adjustable pivots and broad semicircular toothed jaws. Used with scuffed paint; no obvious major jaw break.",Not researched,"Count exact included models, quantities and accessories | Locate dated exact-model completed sales; adjust for quantity, condition and selling venue | Calculate net margin and conditional hammer ceiling only after evidence",20,55,,,
18492,"Lot of assorted wrenches, and (1) bit driver set with hand held driver tool.",Medium,11,Inspected (contact sheet),https://d1ljvnrgb7j023.cloudfront.net/files/1/a2457aaacaac3ed5303d/large,"Large mixed specialty wrench lot with oversized open-end wrenches, crowfoot attachments, assorted sockets and bit-driver set in case. Multiple maker stamps and sizes visible; case may be incomplete. Inspect cracked jaws, socket drive sizes and identify high-value branded components individually.",Not researched,"Resolve identity/condition using existing source originals or in-person inspection | Count exact included models, quantities and accessories | Identify defects and price necessary repairs | Locate dated exact-model completed sales; adjust for quantity, condition and selling venue | Calculate net margin and conditional hammer ceiling only after evidence",,,,,
18496,"Lot of 8""-10"", and 12""-13"" adjustable wrenches.",Medium,13,Inspected (contact sheet),https://d1ljvnrgb7j023.cloudfront.net/files/1/d65f712cbeec50d75feb/large,"Box of numerous adjustable wrenches in mixed sizes and makers, including visibly marked Proto and other industrial examples. Some jaw edges worn and finish oxidized. Check jaw play, size mix and count; do not attribute every wrench to a premium brand.",Not researched,"Resolve identity/condition using existing source originals or in-person inspection | Count exact included models, quantities and accessories | Locate dated exact-model completed sales; adjust for quantity, condition and selling venue | Calculate net margin and conditional hammer ceiling only after evidence",,,,,
18497,Lot of assorted hole saws and accessories.,Medium,7,Batch 03: contact sheet visually reviewed,https://d1ljvnrgb7j023.cloudfront.net/files/1/70f75faa54981a069b98/large,"Large mixed assortment of hole saw cups, arbors, pilot bits and several cased sets photographed. Cutting teeth of many saws look worn and sizes overlap, with some brand labels indistinct. Only sharp individually sized cups and compatible arbors have readily marketable value.",Not researched,"Count exact included models, quantities and accessories | Estimate removal, freight and local resale constraints | Locate dated exact-model completed sales; adjust for quantity, condition and selling venue | Calculate net margin and conditional hammer ceiling only after evidence",80,210,,,
18498,"Lot of Grip, size 1 3/8"" up to 1 3/4"" crow foot wrenches with case.",Medium,6,Inspected (contact sheet),https://d1ljvnrgb7j023.cloudfront.net/files/1/41750843fb0461e50c5d/large,Green molded case containing Grip crowfoot wrench set; inspect size completeness and drive openings.,Not researched,"Resolve identity/condition using existing source originals or in-person inspection | Count exact included models, quantities and accessories | Locate dated exact-model completed sales; adjust for quantity, condition and selling venue | Calculate net margin and conditional hammer ceiling only after evidence",30,80,,,
18499,"Lot of assorted nut drivers, Alden wrenches, size 3/8"" up to 13/16"", assorted 3/8"" drive sockets, wr...",Medium,14,Inspected (contact sheet),https://d1ljvnrgb7j023.cloudfront.net/files/1/04009d1ddc50358bb723/large,"Mixed assortment of combination/open-end wrenches, sockets, extension and orange roll-up wrench kit, with several apparently branded pieces. Mixed SAE/metric and sizes, loose or incomplete sets; verify brand stamps and rounded jaws before itemizing.",Not researched,"Resolve identity/condition using existing source originals or in-person inspection | Count exact included models, quantities and accessories | Identify defects and price necessary repairs | Locate dated exact-model completed sales; adjust for quantity, condition and selling venue | Calculate net margin and conditional hammer ceiling only after evidence",,,,,
18501,(1) Band-It banding tool with bands and hand tools.,Medium,7,Inspected (contact sheet),https://d1ljvnrgb7j023.cloudfront.net/files/1/580eb4e2f0fb759a2629/large,"Mixed industrial metal-band clamps, two heavy cast hand-operated mechanical clamping/banding tools and boxed cut banding strips. At least one tool marked BAND-IT Co., Denver, Colo.; inspect ratchet/tension mechanism and confirm strip widths and tool completeness.",Not researched,"Resolve identity/condition using existing source originals or in-person inspection | Locate dated exact-model completed sales; adjust for quantity, condition and selling venue | Calculate net margin and conditional hammer ceiling only after evidence",,,,,
18503,"Lot including (1) 16"", and (2) 18"" adjustable wrenches, (1) Irwin, model GV20, channel locks, and (1...",Medium,5,Inspected (contact sheet),https://d1ljvnrgb7j023.cloudfront.net/files/1/801c8a8a05be98707d2d/large,Three oversized adjustable wrenches and long adjustable pliers; jaws and worm gears visibly used.,Not researched,"Count exact included models, quantities and accessories | Locate dated exact-model completed sales; adjust for quantity, condition and selling venue | Calculate net margin and conditional hammer ceiling only after evidence",30,80,,,
18508,"Lot of 6 assorted pipe wrenches, (1) 8"", (4) 6"", and (1) 5"".",Medium,4,Inspected (contact sheet),https://d1ljvnrgb7j023.cloudfront.net/files/1/5e1e5a3976cf831767ca/large,"Six red/black handled small pipe wrenches, some rusty; inspect jaw teeth and adjusters.",Not researched,"Resolve identity/condition using existing source originals or in-person inspection | Count exact included models, quantities and accessories | Identify defects and price necessary repairs | Locate dated exact-model completed sales; adjust for quantity, condition and selling venue | Calculate net margin and conditional hammer ceiling only after evidence",30,85,,,
18509,"(1) Walton Tools tap extractor set, (1) screw extractor set, drill out power extractor, thread repai...",Medium,10,Batch 03: contact sheet visually reviewed,https://d1ljvnrgb7j023.cloudfront.net/files/1/fff34e79b6fe0f13fb0a/large,"Walton multi-size tap extractor kit looks partly organized in original black case, with drill-out kits, small screw extractor roll and several heavy adjustable rethreading or die holders. Check Walton extractor fingers and all insert sizes; mixed aged loose pieces may sell better in sorted groups.",Not researched,"Resolve identity/condition using existing source originals or in-person inspection | Count exact included models, quantities and accessories | Verify exact model, voltage, completeness and operation | Estimate removal, freight and local resale constraints | Locate dated exact-model completed sales; adjust for quantity, condition and selling venue | Calculate net margin and conditional hammer ceiling only after evidence",85,245,,,
18510,"(1) Channel Lock, 16-piece ultra access socket ratchet set, (1) Crescent socket set, and (1) T &amp;...",Medium,9,Batch 05: all source photographs inspected,https://d1ljvnrgb7j023.cloudfront.net/files/1/f3091f4fb5447b61c485/large,"Three black cases: labeled 27-piece interchangeable punch/chisel set, small precision driver kit and ChannelLock pass-through socket/ratchet set. Main punch set looks populated but several other kit cavities empty. Count every item and inspect worn striking ends.",Not researched,"Resolve identity/condition using existing source originals or in-person inspection | Count exact included models, quantities and accessories | Locate dated exact-model completed sales; adjust for quantity, condition and selling venue | Calculate net margin and conditional hammer ceiling only after evidence",85,235,,,
18515,"Lot of assorted number punches, center punches, and (2) drill indexes.",Medium,7,Batch 05: all source photographs inspected,https://d1ljvnrgb7j023.cloudfront.net/files/1/071e41af9a565a169939/large,"Assorted large fractional drill bits, center punches and several small index cases with visibly partial or mixed contents. Used cutting edges and heavy individual bits; verify sizes and no broken shanks before separating into sets.",Not researched,"Resolve identity/condition using existing source originals or in-person inspection | Count exact included models, quantities and accessories | Verify exact model, voltage, completeness and operation | Identify defects and price necessary repairs | Locate dated exact-model completed sales; adjust for quantity, condition and selling venue | Calculate net margin and conditional hammer ceiling only after evidence",110,285,,,
18516,(1) military grade ratcheting tank track tool.,Medium,5,Inspected (contact sheet),https://d1ljvnrgb7j023.cloudfront.net/files/1/617ad615693f8dc4cae0/large,"Long heavy ratcheting tank-track tool with large jaws; rust and wear, identify fitment before resale.",Not researched,"Verify ratings, condition and applicable safety/title/pressure checks | Identify defects and price necessary repairs | Locate dated exact-model completed sales; adjust for quantity, condition and selling venue | Calculate net margin and conditional hammer ceiling only after evidence",15,55,,,
18518,"Lot of assorted plastic tubing, Tectran, #1928 air brake, 1/2"" outside diameter tubing, 1/4"", smalle...",Medium,6,Inspected (contact sheet),https://d1ljvnrgb7j023.cloudfront.net/files/1/f878e832e1d13ad2c74e/large,"Shelf of coiled black and colored plastic pneumatic tubing, mixed diameters and cut lengths; inspect age and ratings.",Not researched,"Resolve identity/condition using existing source originals or in-person inspection | Count exact included models, quantities and accessories | Estimate removal, freight and local resale constraints | Locate dated exact-model completed sales; adjust for quantity, condition and selling venue | Calculate net margin and conditional hammer ceiling only after evidence",20,65,,,
18523,"Lot of assorted O-ring cases, Gates hydraulic O-ring assortment, Bond fluid air O-ring set, (1) metr...",Medium,10,Batch 03: contact sheet visually reviewed,https://d1ljvnrgb7j023.cloudfront.net/files/1/a5f752069636ca0789d5/large,"Five-plus assortments are pictured, including a visibly stocked compartment case of metal fittings and other O-ring cases of uncertain fill. Several case lids and labels are dirty and some compartments appear partly empty. Check rubber age, actual sizes and missing contents; mixed old stock sells slowly.",Not researched,"Resolve identity/condition using existing source originals or in-person inspection | Count exact included models, quantities and accessories | Verify ratings, condition and applicable safety/title/pressure checks | Identify defects and price necessary repairs | Locate dated exact-model completed sales; adjust for quantity, condition and selling venue | Calculate net margin and conditional hammer ceiling only after evidence",45,140,,,
18524,"(1) set of SAE offset wrenches, sizes 1 3/8"", 1.5"", 1 5/8"", 1 3/4"", 1 7/8"", and 2"".",Medium,6,Inspected (contact sheet),https://d1ljvnrgb7j023.cloudfront.net/files/1/39c4974de335ef252985/large,Six large offset industrial open-end wrenches laid out; steel shows shop wear and oxidation.,Not researched,"Count exact included models, quantities and accessories | Locate dated exact-model completed sales; adjust for quantity, condition and selling venue | Calculate net margin and conditional hammer ceiling only after evidence",40,110,,,
18529,"(1) lot of assorted bearing separators, various sizes, slide hammers, threaded rod, axle seal tools,...",Medium,6,Batch 03: contact sheet visually reviewed,https://d1ljvnrgb7j023.cloudfront.net/files/1/cd45f8cd95fbe1f48545/large,"Large selection of several bearing separators, slide-hammer shafts, long threaded rods and a small boxed puller kit on a steel workbench. Dirt and weathered fasteners are visible, but major cast separators appear intact. Match shafts and nuts to each separator and inspect the puller threads and jaws.",Not researched,"Resolve identity/condition using existing source originals or in-person inspection | Count exact included models, quantities and accessories | Locate dated exact-model completed sales; adjust for quantity, condition and selling venue | Calculate net margin and conditional hammer ceiling only after evidence",135,320,,,
18532,"Lot of assorted hydraulic bottle jacks, includes (1) Jet, 15-ton, (2) unknown size bottle jacks, and...",Medium,5,Batch 05: all source photographs inspected,https://d1ljvnrgb7j023.cloudfront.net/files/1/2b294ac627057747ac43/large,"Five red/orange hydraulic bottle jacks, including tall and compact models, all visibly grimy and worn. Several extension handles alongside. Check oil leaks, saddle screws, pressure hold and return valves; do not rely on painted tonnage for safety.",Not researched,"Resolve identity/condition using existing source originals or in-person inspection | Count exact included models, quantities and accessories | Verify ratings, condition and applicable safety/title/pressure checks | Identify defects and price necessary repairs | Locate dated exact-model completed sales; adjust for quantity, condition and selling venue | Calculate net margin and conditional hammer ceiling only after evidence",95,265,,,
18533,"Lot of (3) assorted hydraulic bottle jacks, 1 is approx. 10-ton, 1 is 12-ton, and 1 is 20-ton.",Medium,4,Batch 05: all source photographs inspected,https://d1ljvnrgb7j023.cloudfront.net/files/1/b1f69e6907fe4cc18ec3/large,Three gray/silver older bottle jacks with a few handle sections and oily/dusty bases. One center jack branded Samson. Unknown lift capacities and pressure hold; test each under safe controlled load.,Not researched,"Resolve identity/condition using existing source originals or in-person inspection | Count exact included models, quantities and accessories | Verify ratings, condition and applicable safety/title/pressure checks | Locate dated exact-model completed sales; adjust for quantity, condition and selling venue | Calculate net margin and conditional hammer ceiling only after evidence",65,180,,,
18534,"Lot of (3) assorted hydraulic bottle jacks, approx. 20-ton with handles.",Medium,6,Batch 05: all source photographs inspected,https://d1ljvnrgb7j023.cloudfront.net/files/1/0a7a99b5bca7987aaa76/large,"Three large green/gray older bottle jacks with heavily worn labels, surface rust and dirt. Tall designs may be high capacity but capacity not verified from photos. Inspect casting, seals and hydraulic performance.",Not researched,"Resolve identity/condition using existing source originals or in-person inspection | Count exact included models, quantities and accessories | Verify ratings, condition and applicable safety/title/pressure checks | Identify defects and price necessary repairs | Locate dated exact-model completed sales; adjust for quantity, condition and selling venue | Calculate net margin and conditional hammer ceiling only after evidence",65,185,,,
18535,Lot of (2) 20-ton hydraulic bottle jacks.,Medium,5,Batch 05: all source photographs inspected,https://d1ljvnrgb7j023.cloudfront.net/files/1/e7219b4a413a4029af7b/large,"Two blue 20-ton bottle jacks and several loose handle pipes shown; labels weathered, paint chipped and bases dusty. Pressure hold and safe lift capacity require testing; bid as untested cores.",Not researched,"Count exact included models, quantities and accessories | Verify ratings, condition and applicable safety/title/pressure checks | Locate dated exact-model completed sales; adjust for quantity, condition and selling venue | Calculate net margin and conditional hammer ceiling only after evidence",60,175,,,
18540,"(1) Cole Tool Manufacturing hand drill press, #7.",Medium,7,Batch 04: visually inspected,https://d1ljvnrgb7j023.cloudfront.net/files/1/bc2018157ba10cf717c8/large,"Vintage cast-iron Cole Tool No. 7 hand-operated drill press with T-clamp mount, Jacobs-style chuck, hand crank and screw feed is photographed from seven angles. Rusty but appears substantially complete. Niche collector/tool-buyer demand; verify feed screw operation, jaw grip and alignment; used asking prices are not completed sales.",Not researched,"Resolve identity/condition using existing source originals or in-person inspection | Verify exact model, voltage, completeness and operation | Identify defects and price necessary repairs | Locate dated exact-model completed sales; adjust for quantity, condition and selling venue | Calculate net margin and conditional hammer ceiling only after evidence",60,175,,,
18543,"Lot of (3) 4-drawer pull out parts organizers with contents including fender washers, grease fitting...",Medium,14,Batch 02: all catalog images reviewed,https://d1ljvnrgb7j023.cloudfront.net/files/1/5f61f14da5207ed3fa4e/large,"Three four-drawer Kar-style hardware cabinets on stands visibly contain substantial assorted grease fittings, bolts, valves and small fittings; some tray bins empty/mixed. Value favors own workshop storage; removal, re-sorting and completeness still labor-intensive.",Not researched,"Count exact included models, quantities and accessories | Locate dated exact-model completed sales; adjust for quantity, condition and selling venue | Calculate net margin and conditional hammer ceiling only after evidence",160,410,,,
18545,"Lot of (3) 4-drawer pull out parts organizers with contents including metric bolts, socket head cap ...",Medium,14,Batch 02: all catalog images reviewed,https://d1ljvnrgb7j023.cloudfront.net/files/1/ad26e074aada71bd1444/large,"Three labeled compartment cabinets show metric socket-cap fasteners, set screws, roll pins and snap rings, with multiple trays visibly stocked. Some compartments are sparse and stock identification may take hours.",Not researched,"Count exact included models, quantities and accessories | Locate dated exact-model completed sales; adjust for quantity, condition and selling venue | Calculate net margin and conditional hammer ceiling only after evidence",150,385,,,
18548,"(1) Schumacher multi battery charger, model SE-1072, (1) Chicago Electric battery tester, and (1) Ma...",Medium,5,Inspected (contact sheet),https://d1ljvnrgb7j023.cloudfront.net/files/1/63a727ed96b08a46dddd/large,Three vintage battery chargers/testers including Marquette and Chicago Electric; cords aged and output untested.,Preliminary research; exact match pending,"Verify exact model, voltage, completeness and operation | Estimate removal, freight and local resale constraints | Locate dated exact-model completed sales; adjust for quantity, condition and selling venue | Calculate net margin and conditional hammer ceiling only after evidence",25,95,,,
18557,"(1) Lawson Products wall mount organizer with assorted hydraulic brake lines, winning bidder respons...",Medium,5,Inspected (contact sheet),https://d1ljvnrgb7j023.cloudfront.net/files/1/af6c8d52ec54b09ec2cb/large,Wall-mounted Lawson brake-line organizer with numerous long metal tubes; verify tube condition and mounting removal.,Not researched,"Resolve identity/condition using existing source originals or in-person inspection | Count exact included models, quantities and accessories | Verify ratings, condition and applicable safety/title/pressure checks | Locate dated exact-model completed sales; adjust for quantity, condition and selling venue | Calculate net margin and conditional hammer ceiling only after evidence",20,85,,,
18559,"Contents of wood organizer, includes assorted pipe fittings, elbows, 90° caps, reducers, and more, c...",Medium,6,Inspected (contact sheet),https://d1ljvnrgb7j023.cloudfront.net/files/1/94aa4ab921aa8ae9b584/large,Large metal multi-bin organizer filled with mixed pipe fittings and small hardware; dust and mixed inventory.,Not researched,"Count exact included models, quantities and accessories | Identify defects and price necessary repairs | Locate dated exact-model completed sales; adjust for quantity, condition and selling venue | Calculate net margin and conditional hammer ceiling only after evidence",35,140,,,
18566,"(1) vintage AC Spark Plug cleaner/tester with metal stand and pull out drawer, in working condition.",Medium,8,Batch 04: visually inspected,https://d1ljvnrgb7j023.cloudfront.net/files/1/d23f8295eca7e01ae0ff/large,"A vintage gray AC Spark Plug cleaner/checker tester on metal stand photographed with attached pressure gauge, lever and a drawer containing old hardware/adapters. Cabinet has chipped finish and old dust but looks mostly intact; catalog says working. Confirm compressor-air hookup, cleaner function, tester spark and included adaptors before pricing for collector resale.",Not researched,"Resolve identity/condition using existing source originals or in-person inspection | Estimate removal, freight and local resale constraints | Locate dated exact-model completed sales; adjust for quantity, condition and selling venue | Calculate net margin and conditional hammer ceiling only after evidence",85,260,,,
18567,"(1) Sioux valve seat grinder, appears to be in working condition, unknown if complete.",Medium,6,40-lot verified batch 01: contact sheet reviewed,https://d1ljvnrgb7j023.cloudfront.net/files/1/9ccda228c2ea770ec17d/large,"Sioux valve-seat grinding driver and several stones/pilots are stored in a metal case with original instruction sheet. Looks more complete than a bare driver, but important adapters and stone condition are unverified.",Not researched,"Verify exact model, voltage, completeness and operation | Estimate removal, freight and local resale constraints | Locate dated exact-model completed sales; adjust for quantity, condition and selling venue | Calculate net margin and conditional hammer ceiling only after evidence",90,290,,,
18568,"(1) Sioux valve face grinding machine, with metal table, 110V, believed to be in working condition.",Medium,7,40-lot verified batch 01: contact sheet reviewed,https://d1ljvnrgb7j023.cloudfront.net/files/1/d31a2cdeb5d1e6bb4a04/large,"Dusty Sioux valve-face grinder appears largely assembled on a steel stand/table with operating levers and motor housing. Check spindle play, stone integrity, controls and actual power.",Not researched,"Resolve identity/condition using existing source originals or in-person inspection | Estimate removal, freight and local resale constraints | Locate dated exact-model completed sales; adjust for quantity, condition and selling venue | Calculate net margin and conditional hammer ceiling only after evidence",255,660,,,
18570,"(1) Johnson horizontal band saw, approx. 9"" throat, 120V, said to need adjustment, currently cuts cr...",Medium,6,Batch 04: visually inspected,https://d1ljvnrgb7j023.cloudfront.net/files/1/c68af9842da2f10398dc/large,"Old Johnson horizontal band saw on single steel stand with long enclosed blade guard, electric motor housing, vise and two replacement blades visible. Machine has old paint, pitting and dust. Catalog explicitly says it cuts crooked: blade tracking, guide bearings, vise alignment and feed mechanism likely need repair, so don't assume straight cuts without demonstration.",Not researched,"Estimate removal, freight and local resale constraints | Locate dated exact-model completed sales; adjust for quantity, condition and selling venue | Calculate net margin and conditional hammer ceiling only after evidence",130,390,,,
18572,"(1) WT Complex drilling and milling machine, model DM-30, 8 3/8"" x 28 3/4"" table, drilling capacity ...",Medium,9,Batch 05: all source photographs inspected,https://d1ljvnrgb7j023.cloudfront.net/files/1/f7aef0cb80c1563757ed/large,"WT/Complex DM-30 three-phase drill-mill with cross-slide table, small vise and pedestal, dusty but visibly assembled. Model plate appears 1 HP three-phase. No test of spindle, feed, motor or table backlash; substantial rigging and electrical conversion costs.",Not researched,"Verify exact model, voltage, completeness and operation | Locate dated exact-model completed sales; adjust for quantity, condition and selling venue | Calculate net margin and conditional hammer ceiling only after evidence",420,1100,,,
18574,"(1) Duro Metal Products Company drill press, S/N R81780H, 120V, 10"" x 10"" plate, 120V, in working co...",Medium,8,Batch 05: all source photographs inspected,https://d1ljvnrgb7j023.cloudfront.net/files/1/a952f95ba58e9e3a4efd/large,"Tall older industrial drill press with circular perforated belt guard, square slotted table and motor; worn dirty metal with visible electrical leads. No running test, missing accessories possible; check spindle runout, quill, pulleys and safe power wiring.",Not researched,"Resolve identity/condition using existing source originals or in-person inspection | Verify exact model, voltage, completeness and operation | Identify defects and price necessary repairs | Locate dated exact-model completed sales; adjust for quantity, condition and selling venue | Calculate net margin and conditional hammer ceiling only after evidence",220,650,,,
18580,"(1) Imperial Eastman Kwikrimp, hydraulic crimping machine, model K501, S/N 5666, 120V, includes 14"" ...",Medium,13,Batch 02: all catalog images reviewed,https://d1ljvnrgb7j023.cloudfront.net/files/1/99d8d3eab59cce00138b/large,"Imperial Eastman Kwikrimp press, separate saw and two storage cabinets of hydraulic hose fittings pictured with several labeled die sets, moderate dirt but machine looks assembled. Catalog claims working; check exact crimp die set compatibility, press operation and cutting guard.",Not researched,"Resolve identity/condition using existing source originals or in-person inspection | Verify ratings, condition and applicable safety/title/pressure checks | Locate dated exact-model completed sales; adjust for quantity, condition and selling venue | Calculate net margin and conditional hammer ceiling only after evidence",520,1400,,,
18581,"(1) large, custom made heavy duty hydraulic H-press, 40"" wide x approx. 93"" tall, 110V, in working c...",Medium,10,Batch 05: all source photographs inspected,https://d1ljvnrgb7j023.cloudfront.net/files/1/3cecf42e6109287b8014/large,"Large H-frame industrial hydraulic shop press with substantial ram and side-mounted pump/motor assembly. Thick steel frame appears complete but very dirty, no proof of hydraulic operation or pressure rating. Verify frame welds, hose condition, control valve, ram seals, power requirements and removal route.",Not researched,"Resolve identity/condition using existing source originals or in-person inspection | Verify ratings, condition and applicable safety/title/pressure checks | Estimate removal, freight and local resale constraints | Locate dated exact-model completed sales; adjust for quantity, condition and selling venue | Calculate net margin and conditional hammer ceiling only after evidence",450,1450,,,
18585,"(1) Van Norman Company portable boring machine with wood crate, missing electric motor, appears all ...",Medium,7,Inspected (contact sheet),https://d1ljvnrgb7j023.cloudfront.net/files/1/0e2479787db97437807b/large,"Tall wooden crate holding Van Norman portable boring-machine parts; catalog says missing electric motor, completeness unverified.",Not researched,"Verify exact model, voltage, completeness and operation | Identify defects and price necessary repairs | Estimate removal, freight and local resale constraints | Locate dated exact-model completed sales; adjust for quantity, condition and selling venue | Calculate net margin and conditional hammer ceiling only after evidence",,,,,
18586,"(1) vintage Sun Tune Up tester, includes (1) Kal-Equip Company time gun, engine speed testers, Dwell...",Medium,11,Inspected (contact sheet),https://d1ljvnrgb7j023.cloudfront.net/files/1/e523a04e9d93437c3f14/large,Vintage Sun engine tune-up tester and multiple older timing/diagnostic tools on shop shelf; obsolete and untested.,Not researched,"Estimate removal, freight and local resale constraints | Locate dated exact-model completed sales; adjust for quantity, condition and selling venue | Calculate net margin and conditional hammer ceiling only after evidence",,,,,
18587,"Lot of assorted standard wrenches, includes 1/16"", 1 1/8"", 1 1/4, 1 5/16"", 1 3/8"", (2) 1 7/16"", (2) ...",Medium,6,Batch 05: all source photographs inspected,https://d1ljvnrgb7j023.cloudfront.net/files/1/ecaaac414b05f39da018/large,"About eleven long combination wrenches hung on rail, several oversized and stamped USA, with cosmetic wear and tarnish. Mix of sizes and possible brands; inspect jaw spread and maker stamps before individual resale.",Not researched,"Resolve identity/condition using existing source originals or in-person inspection | Count exact included models, quantities and accessories | Locate dated exact-model completed sales; adjust for quantity, condition and selling venue | Calculate net margin and conditional hammer ceiling only after evidence",120,335,,,
18588,(1) Hine &amp; Warner hydraulic transmission jack with adapters for assorted transmission.,Medium,6,Batch 05: all source photographs inspected,https://d1ljvnrgb7j023.cloudfront.net/files/1/96f56341c369f3822109/large,"Heavy low-profile red hydraulic floor jack or lifting carriage with long handle and separate trays of assorted small chain and flat steel attachments. Severe dirt and worn paint; identify exact model and function, test lifting/holding and ensure attachments actually belong to this lot.",Not researched,"Count exact included models, quantities and accessories | Verify ratings, condition and applicable safety/title/pressure checks | Locate dated exact-model completed sales; adjust for quantity, condition and selling venue | Calculate net margin and conditional hammer ceiling only after evidence",110,320,,,
18592,"(1) approx. 250-gallon hydraulic oil tank, holding approx. 50-gallons of oil, metal framed rack with...",Medium,9,Inspected (contact sheet),https://d1ljvnrgb7j023.cloudfront.net/files/1/5fb3ac7886af16297326/large,"Tall black metal bulk fluid storage/dispensing tank labeled CITGO Tractor Hydraulic Fluid with drain/spigot and adjacent mixed buckets/jugs. Residual fluid, leaks and contamination unknown; disposal, transport and emptying costs may exceed salvage value.",Not researched,"Resolve identity/condition using existing source originals or in-person inspection | Verify ratings, condition and applicable safety/title/pressure checks | Identify defects and price necessary repairs | Locate dated exact-model completed sales; adjust for quantity, condition and selling venue | Calculate net margin and conditional hammer ceiling only after evidence",,,,,
18593,"(1) approx. 250-gallon oil tank, holding AW hydraulic oil 46, approx. 1/8 to 1/4 full, winning bidde...",Medium,7,Inspected (contact sheet),https://d1ljvnrgb7j023.cloudfront.net/files/1/47f66e85355d37cb4f5d/large,"Large yellow horizontal bulk oil tank on steel stand labeled CITGO AW Hydraulic Oil 46, with outlet spigot. Unknown residual oil, corrosion, leaks, volume and whether adjacent items are included; account for safe draining and transport.",Not researched,"Resolve identity/condition using existing source originals or in-person inspection | Verify ratings, condition and applicable safety/title/pressure checks | Identify defects and price necessary repairs | Locate dated exact-model completed sales; adjust for quantity, condition and selling venue | Calculate net margin and conditional hammer ceiling only after evidence",,,,,
18595,"Lot of assorted filter wrenches, muffler clamps, exhaust caps, and more.",Medium,10,Inspected (contact sheet),https://d1ljvnrgb7j023.cloudfront.net/files/1/8b7297860ee7761ce59d/large,"Wall-mounted shelving with mixed automotive service tools, boxed replacement parts, hose/clamp fittings and hanging specialty pliers. Many open/aged packages; shelving inclusion and exact contents unclear. Sorting and part-number verification required.",Not researched,"Count exact included models, quantities and accessories | Locate dated exact-model completed sales; adjust for quantity, condition and selling venue | Calculate net margin and conditional hammer ceiling only after evidence",,,,,
18601,"Large lot of assorted WIX and NAPA oil filters, air filters, and fuel filters, includes WIX 42323 ai...",Medium,15,Inspected (contact sheet),https://d1ljvnrgb7j023.cloudfront.net/files/1/becf52e2588a041a0628/large,"Wall of boxed WIX/NAPA filters and other automotive service stock; dusty, mixed fitments and inventory burden.",Not researched,"Count exact included models, quantities and accessories | Estimate removal, freight and local resale constraints | Locate dated exact-model completed sales; adjust for quantity, condition and selling venue | Calculate net margin and conditional hammer ceiling only after evidence",,,,,
18603,"Large lot of assorted U-joints, includes Motor Master 5200AG, Motor Master 5025I, Bulldog seals, and...",Medium,9,Inspected (contact sheet),https://d1ljvnrgb7j023.cloudfront.net/files/1/038a74c098fae7f1dab9/large,Open boxes of assorted U-joints and driveline components in old packaging; check part numbers and rust.,Not researched,"Resolve identity/condition using existing source originals or in-person inspection | Count exact included models, quantities and accessories | Verify exact model, voltage, completeness and operation | Identify defects and price necessary repairs | Estimate removal, freight and local resale constraints | Locate dated exact-model completed sales; adjust for quantity, condition and selling venue | Calculate net margin and conditional hammer ceiling only after evidence",,,,,
18605,"Contents of shelf and floor, includes assorted bearing seals, Stemco hub cap, model 340-4066, hydrau...",Medium,15,Inspected (contact sheet),https://d1ljvnrgb7j023.cloudfront.net/files/1/3353f963aae39fe538ef/large,"Shelves of mixed wheel bearing seals, hub caps and assorted hydraulic parts; dusty obsolete-fitment stock.",Not researched,"Count exact included models, quantities and accessories | Locate dated exact-model completed sales; adjust for quantity, condition and selling venue | Calculate net margin and conditional hammer ceiling only after evidence",,,,,
18606,"Lot of 3 alternators, includes (1) new 24V, part #19010199, with pulley, (1) used Prestolite, model ...",Medium,9,Inspected (contact sheet),https://d1ljvnrgb7j023.cloudfront.net/files/1/18ab395fe0964417e992/large,"Three truck alternators, one boxed/new-looking and two loose used units; test output and verify voltage/part numbers.",Not researched,"Resolve identity/condition using existing source originals or in-person inspection | Count exact included models, quantities and accessories | Estimate removal, freight and local resale constraints | Locate dated exact-model completed sales; adjust for quantity, condition and selling venue | Calculate net margin and conditional hammer ceiling only after evidence",,,,,
18607,"Contents of (3) shelves and floor, includes assorted new brake shoes, assorted Euclid brake kits, pa...",Medium,11,Inspected (contact sheet),https://d1ljvnrgb7j023.cloudfront.net/files/1/b2bd17d2b810d508cddc/large,Shelves of new-old-stock heavy truck brake shoes and repair kits; dusty mixed sizes and rust risk.,Not researched,"Count exact included models, quantities and accessories | Identify defects and price necessary repairs | Estimate removal, freight and local resale constraints | Locate dated exact-model completed sales; adjust for quantity, condition and selling venue | Calculate net margin and conditional hammer ceiling only after evidence",,,,,
18608,"(1) New Star air dryer replacement cartridge, part #S-A474, new in package, and (1) New Star air dry...",Medium,7,Inspected (contact sheet),https://d1ljvnrgb7j023.cloudfront.net/files/1/9c53d322905f91536260/large,"Boxed New Star air-dryer cartridge and associated component, packaging appears intact; verify part fitment.",Preliminary research; exact match pending,"Resolve identity/condition using existing source originals or in-person inspection | Estimate removal, freight and local resale constraints | Locate dated exact-model completed sales; adjust for quantity, condition and selling venue | Calculate net margin and conditional hammer ceiling only after evidence",,,,,
18609,"Lot of (10) assorted air brake chambers, all appear to be new, old stock.",Medium,6,Inspected (contact sheet),https://d1ljvnrgb7j023.cloudfront.net/files/1/ac544b602ddfc0e2119f/large,"Ten shiny round air-brake chambers arranged on bench, apparently new-old-stock; confirm type and spring-brake handling.",Not researched,"Count exact included models, quantities and accessories | Estimate removal, freight and local resale constraints | Locate dated exact-model completed sales; adjust for quantity, condition and selling venue | Calculate net margin and conditional hammer ceiling only after evidence",,,,,
18610,"Lot of assorted truck parts, includes hydraulic pump with wet kit adapter, assorted caster wheels, l...",Medium,9,Inspected (contact sheet),https://d1ljvnrgb7j023.cloudfront.net/files/1/47e42d9a02e1a5c271e0/large,"Mixed used hydraulic/automotive mechanical components including hydraulic pump or motor, hoses, gauges, horn assemblies and loose brackets. Heavily dusty and no application or operating evidence; treat as unidentified cores/scrap until part numbers and functions verified.",Not researched,"Count exact included models, quantities and accessories | Verify ratings, condition and applicable safety/title/pressure checks | Locate dated exact-model completed sales; adjust for quantity, condition and selling venue | Calculate net margin and conditional hammer ceiling only after evidence",,,,,
18611,"(1) Evans inline heater core, 24V, new in box.",Medium,7,Inspected (contact sheet),https://d1ljvnrgb7j023.cloudfront.net/files/1/f9a692668598fd4fc6c2/large,"Boxed Evans 24V inline heater core and black housing, appears new-old-stock; verify exact application.",Not researched,"Resolve identity/condition using existing source originals or in-person inspection | Estimate removal, freight and local resale constraints | Locate dated exact-model completed sales; adjust for quantity, condition and selling venue | Calculate net margin and conditional hammer ceiling only after evidence",,,,,
18612,Air Supply CV97A11A352A Air Compressor,Medium,8,Inspected (contact sheet),https://d1ljvnrgb7j023.cloudfront.net/files/1/ce523ece0c38ce05a5d7/large,"Curtis Master Line stationary two-stage reciprocating air compressor on horizontal tank with belt guard, Baldor three-phase motor and pressure controls. Compressor nameplate shows Curtis-Toledo; pump label indicates 6 1/4 x 3 3/4 bore, two-stage. Tank inspection/certification, voltage, motor horsepower and running condition unverified; heavy removal and pressure-vessel risk.",Not researched,"Resolve identity/condition using existing source originals or in-person inspection | Verify ratings, condition and applicable safety/title/pressure checks | Locate dated exact-model completed sales; adjust for quantity, condition and selling venue | Calculate net margin and conditional hammer ceiling only after evidence",,,,,
30-1329,"Lot of Reamers, testers, and random tools",Medium,4,Original photos examined (10-lot full-image pass),https://d1ljvnrgb7j023.cloudfront.net/files/1/5453892f641767aeadab/large,"Four original images examined. Several large adjustable king-pin reamers including Goodson KPR-H marked .937–1.062 inches; mixed reamers, electrical test meter/leads, miscellaneous hand tools and Jeppesen CSG-9 flight computer. Cutting-edge condition and meter calibration unknown.",Not researched,"Resolve identity/condition using existing source originals or in-person inspection | Count exact included models, quantities and accessories | Locate dated exact-model completed sales; adjust for quantity, condition and selling venue | Calculate net margin and conditional hammer ceiling only after evidence",60,180,,,
18100,"Set of scaffolding, including (17) 60"" x 60"" upright, approx. (25) individual approx. 8' cross brace...",Low,6,Inspected (contact sheet),https://d1ljvnrgb7j023.cloudfront.net/files/1/950b384e773e7bcce024/large,"Scaffold uprights, diagonal braces and long wood planks stored against wall. Surface wear and oxidation; inspect bent tubes, locking pins, plank rot and matching brace geometry. Large removal load.",Not researched,"Resolve identity/condition using existing source originals or in-person inspection | Count exact included models, quantities and accessories | Estimate removal, freight and local resale constraints | Locate dated exact-model completed sales; adjust for quantity, condition and selling venue | Calculate net margin and conditional hammer ceiling only after evidence",,,,,
18101,"(1) 12' length x 8' height steel cantilever rack with contents of assorted flat stock, rectangular b...",Low,9,Inspected (contact sheet),https://d1ljvnrgb7j023.cloudfront.net/files/1/55fca3457791cf2e3463/large,"Long cantilever rack loaded with varied structural steel flats, rectangular stock, channels and long offcuts. Heavy handling; verify rack anchorage, beam straightness and whether all stock is included.",Not researched,"Resolve identity/condition using existing source originals or in-person inspection | Count exact included models, quantities and accessories | Locate dated exact-model completed sales; adjust for quantity, condition and selling venue | Calculate net margin and conditional hammer ceiling only after evidence",,,,,
18102,"Large lot of assorted scrap steel, includes various angle, various sizes of pipe, solid cut offs, C-...",Low,7,Inspected (contact sheet),https://d1ljvnrgb7j023.cloudfront.net/files/1/460833fbcbb9faeddb44/large,"Dense mixed scrap-steel lot with pipe, angle, long rods, short cutoffs and irregular pieces along wall. Condition varies; quantify weight and loading effort before treating as usable stock rather than scrap.",Not researched,"Count exact included models, quantities and accessories | Estimate removal, freight and local resale constraints | Locate dated exact-model completed sales; adjust for quantity, condition and selling venue | Calculate net margin and conditional hammer ceiling only after evidence",,,,,
18103,"(1) 65"" length x 33"" height x 30"" depth wood work bench with assorted scrap steel, steel cuts, plate...",Low,9,Inspected (contact sheet),https://d1ljvnrgb7j023.cloudfront.net/files/1/2057903e80f8f0892f6d/large,"Wood-topped workbench holding steel tubing, short pipe, plates and assorted offcuts; multiple items below and behind. Check which stock is included and whether bench is sound; significant sorting and hauling.",Not researched,"Resolve identity/condition using existing source originals or in-person inspection | Count exact included models, quantities and accessories | Locate dated exact-model completed sales; adjust for quantity, condition and selling venue | Calculate net margin and conditional hammer ceiling only after evidence",,,,,
18104,"(1) 48"" length x 34.5"" height x 24"" depth, 2-tier steel cart, (1) plastic step stool, (1) 26"" length...",Low,6,Inspected (contact sheet),https://d1ljvnrgb7j023.cloudfront.net/files/1/2879d22bb6b7068cb6c8/large,"Heavy welded steel worktable with lower shelf, attached upright arm and small box/tray; miscellaneous nearby items may not be included. Surface dirty with apparent wear; check welds, stability, dimensions and whether upright is removable.",Not researched,"Resolve identity/condition using existing source originals or in-person inspection | Locate dated exact-model completed sales; adjust for quantity, condition and selling venue | Calculate net margin and conditional hammer ceiling only after evidence",,,,,
18105,"Lot including (1) Lisle Jeepers Creepers, and (1) Pro Gear automotive creeper, and (2) approx. 6-ton...",Low,5,40-lot verified batch 01: contact sheet reviewed,https://d1ljvnrgb7j023.cloudfront.net/files/1/139062a0dec7a1036c4e/large,"Both creepers and a pair of heavily used jack stands are pictured. Creeper covers and casters look worn; the stands have visible oxidation. Test casters and physically inspect stand welds, pins and labels before loading.",Not researched,"Resolve identity/condition using existing source originals or in-person inspection | Count exact included models, quantities and accessories | Estimate removal, freight and local resale constraints | Locate dated exact-model completed sales; adjust for quantity, condition and selling venue | Calculate net margin and conditional hammer ceiling only after evidence",45,120,,,
18106,(1) Crewline automotive creeper with (2) approx. 6-ton capacity jack stands.,Low,4,Inspected (contact sheet),https://d1ljvnrgb7j023.cloudfront.net/files/1/356a0796802f76166264/large,"Used black Crewline creeper with worn upholstery plus two orange triangular jack stands. Inspect stand labels, saddle/pin condition and welds; creeper wheels and padding need checking.",Not researched,"Resolve identity/condition using existing source originals or in-person inspection | Verify ratings, condition and applicable safety/title/pressure checks | Estimate removal, freight and local resale constraints | Locate dated exact-model completed sales; adjust for quantity, condition and selling venue | Calculate net margin and conditional hammer ceiling only after evidence",,,,,
18107,"(2) NAPA Blue-Comfort, item #BK 815-6219, automotive creepers.",Low,4,Inspected (contact sheet),https://d1ljvnrgb7j023.cloudfront.net/files/1/cba191df30077fe82dfb/large,"Two blue NAPA Blue-Comfort creepers, both visibly used with scuffs and worn edges; wheel hardware and padding integrity unverified.",Not researched,"Estimate removal, freight and local resale constraints | Locate dated exact-model completed sales; adjust for quantity, condition and selling venue | Calculate net margin and conditional hammer ceiling only after evidence",,,,,
18108,"(1) make and model unknown automotive creeper with a 30"" length x 33"" height x 16"" depth, 2-tier ser...",Low,5,Inspected (contact sheet),https://d1ljvnrgb7j023.cloudfront.net/files/1/85f5e2745cadddc08707/large,"Low red/black mechanic creeper and small two-tier rolling metal service cart; cart has drawer and lower shelf. Scuffs and shop dirt; verify casters, drawer and creeper rollers.",Not researched,"Resolve identity/condition using existing source originals or in-person inspection | Estimate removal, freight and local resale constraints | Locate dated exact-model completed sales; adjust for quantity, condition and selling venue | Calculate net margin and conditional hammer ceiling only after evidence",,,,,
18109,"(1) 32"" width x 57"" height x 19"" depth, 2-sided rolling display rack with contents, including variou...",Low,9,Inspected (contact sheet),https://d1ljvnrgb7j023.cloudfront.net/files/1/07c3334544819c9dbe2e/large,"Two-sided wheeled retail/service display loaded with mixed small automotive parts, hoses, tins and boxed items. Mixed dusty stock; confirm whether every shelf item is included and inventory resaleable part numbers.",Not researched,"Locate dated exact-model completed sales; adjust for quantity, condition and selling venue | Calculate net margin and conditional hammer ceiling only after evidence",,,,,
18111,(1) skid of assorted pump hose.,Low,6,Inspected (contact sheet),https://d1ljvnrgb7j023.cloudfront.net/files/1/63af03de33deee26861e/large,"Pallet of coiled white, blue and black lay-flat or pump hoses in multiple diameters. Dirty, loosely wound and unlabeled; measure lengths and inspect cracks, couplings and pressure rating.",Not researched,"Resolve identity/condition using existing source originals or in-person inspection | Count exact included models, quantities and accessories | Locate dated exact-model completed sales; adjust for quantity, condition and selling venue | Calculate net margin and conditional hammer ceiling only after evidence",,,,,
18112,"(1) Gorman-Rupp portable centrifugal pump with a Wisconsin, model AENLD, gas engine, S/N 5076635, wo...",Low,7,Batch 04: visually inspected,https://d1ljvnrgb7j023.cloudfront.net/files/1/f323d3f12d9d4cf06be8/large,"Old Gorman-Rupp portable centrifugal pump on a two-wheel dolly with blue Wisconsin AENLD gas engine, prominent oxidation on pump fittings, dusty air cleaner and aged exhaust. Inlet/outlet and pull-start assembly are present. Catalog explicitly says working condition unknown; cold-start, impeller, priming and seal leaks must be checked.",Not researched,"Resolve identity/condition using existing source originals or in-person inspection | Identify defects and price necessary repairs | Locate dated exact-model completed sales; adjust for quantity, condition and selling venue | Calculate net margin and conditional hammer ceiling only after evidence",145,380,,,
18113,"(1) Homelite portable trash pump with a make and model unknown gas engine, engine is seized, does no...",Low,6,Inspected (contact sheet),https://d1ljvnrgb7j023.cloudfront.net/files/1/bcca1276c4f2a1b76f8a/large,"Homelite portable trash pump with small gasoline engine, rust and grime on engine/pump. Catalog states engine seized and inoperative; parts/core only unless repair is demonstrated.",Not researched,"Identify defects and price necessary repairs | Locate dated exact-model completed sales; adjust for quantity, condition and selling venue | Calculate net margin and conditional hammer ceiling only after evidence",,,,,
18116,"(1) 20"" x 16"" gas powered compactor with a 212cc Predator gas engine, engine pulls through and has c...",Low,5,Batch 02: all catalog images reviewed,https://d1ljvnrgb7j023.cloudfront.net/files/1/0eb562583d9513d6fb9c/large,"Predator-powered plate compactor with attached handle appears reasonably complete but dusty and used. Check engine cold start, exciter/vibration, handle attachment and plate flatness.",Not researched,"Resolve identity/condition using existing source originals or in-person inspection | Verify exact model, voltage, completeness and operation | Estimate removal, freight and local resale constraints | Locate dated exact-model completed sales; adjust for quantity, condition and selling venue | Calculate net margin and conditional hammer ceiling only after evidence",140,310,,,
18117,"(1) Stone, model 938, 20"" x 16"" gas powered compactor with a 212cc Predator gas engine, engine pulls...",Low,8,Batch 02: all catalog images reviewed,https://d1ljvnrgb7j023.cloudfront.net/files/1/634a5a14d6059378b0b9/large,"Stone-branded plate chassis and fitted black Predator motor shown with prominent dirt and surface oxidation. Test eccentric bearings, clutch and running vibration; old plate may need repair despite newer engine.",Not researched,"Verify exact model, voltage, completeness and operation | Estimate removal, freight and local resale constraints | Locate dated exact-model completed sales; adjust for quantity, condition and selling venue | Calculate net margin and conditional hammer ceiling only after evidence",175,370,,,
18120,"Large lot of assorted extension cords, work lights, and surge strips.",Low,3,Batch 03: contact sheet visually reviewed,https://d1ljvnrgb7j023.cloudfront.net/files/1/69a320fcfe333dfae853/large,"Tangled heap of assorted extension cords, small work lights and outlet strips is pictured, with no demonstration of any functioning outlet. Some connectors and jackets are obscured in the pile. Electrical safety inspection and hours of untangling materially reduce resale attractiveness.",Not researched,"Resolve identity/condition using existing source originals or in-person inspection | Count exact included models, quantities and accessories | Verify exact model, voltage, completeness and operation | Estimate removal, freight and local resale constraints | Locate dated exact-model completed sales; adjust for quantity, condition and selling venue | Calculate net margin and conditional hammer ceiling only after evidence",20,70,,,
18128,"(1) oxygen/acetylene torch cart set up with approx. 20' of hose, 8"" diameter solid wheels, face mask...",Low,5,40-lot verified batch 01: contact sheet reviewed,https://d1ljvnrgb7j023.cloudfront.net/files/1/bfa1dd367cb03550efc9/large,"Tall green cylinder, cart, coiled hoses, welding shield, gauges and torch are photographed; no acetylene cylinder per catalog. Hose and gauges appear aged. Verify cylinder ownership and leak-test.",Not researched,"Resolve identity/condition using existing source originals or in-person inspection | Count exact included models, quantities and accessories | Identify defects and price necessary repairs | Locate dated exact-model completed sales; adjust for quantity, condition and selling venue | Calculate net margin and conditional hammer ceiling only after evidence",100,270,,,
18129,"(1) custom fabricated, heavy duty engine stand on wheels.",Low,6,Batch 04: visually inspected,https://d1ljvnrgb7j023.cloudfront.net/files/1/18ab009c91e65fb8b800/large,"Custom-fabricated heavy steel engine stand on three widely spaced caster-equipped legs, with large flat rotating engine-mount plate. Surface oxidation and dull paint, no major deformation evident in reduced-size images. Confirm rotation lock, welded joints, actual capacity and vehicle loading geometry.",Not researched,"Locate dated exact-model completed sales; adjust for quantity, condition and selling venue | Calculate net margin and conditional hammer ceiling only after evidence",80,205,,,
18131,(1) skid of assorted welding wire.,Low,6,Inspected (contact sheet),https://d1ljvnrgb7j023.cloudfront.net/files/1/6361d124050647d1b2ca/large,"Pallet of aged boxed welding wire and several loose wire spools. Dust and oxidation on some exposed reels; confirm wire alloy, diameter, spool condition and moisture damage.",Not researched,"Count exact included models, quantities and accessories | Estimate removal, freight and local resale constraints | Locate dated exact-model completed sales; adjust for quantity, condition and selling venue | Calculate net margin and conditional hammer ceiling only after evidence",,,,,
18133,"(1) new Predator Engines 212 CC OHV horizontal shaft gas engine in box, unopened.",Low,5,40-lot verified batch 01: contact sheet reviewed,https://d1ljvnrgb7j023.cloudfront.net/files/1/9523db230d4876fe16cc/large,"Predator 212cc engine packaging is shown from four sides, somewhat dusty and scuffed. Contents and original factory seals are not independently verified; inspect box before treating as new.",Not researched,"Resolve identity/condition using existing source originals or in-person inspection | Estimate removal, freight and local resale constraints | Locate dated exact-model completed sales; adjust for quantity, condition and selling venue | Calculate net margin and conditional hammer ceiling only after evidence",80,145,,,
18135,"(1) Kendall, partially full 55-gallon drum of NS-MP HYPOID gear lubricant SAE85W-140 (approx. 1/4 fu...",Low,5,Inspected (contact sheet),https://d1ljvnrgb7j023.cloudfront.net/files/1/b2b3fc6a090f5a2e6dcf/large,"Red Kendall-branded drum on wheeled dolly with dispensing pump, hose and gauge. Catalog indicates approximately quarter-full 85W-140 gear lubricant; fluid age/contamination, hose leaks and pump function unknown.",Not researched,"Resolve identity/condition using existing source originals or in-person inspection | Identify defects and price necessary repairs | Locate dated exact-model completed sales; adjust for quantity, condition and selling venue | Calculate net margin and conditional hammer ceiling only after evidence",,,,,
18136,"(1) Craftsman 16-gallon capacity wet/dry vac, and (1) Master Mechanic approx. 6-gallon capacity, 1 p...",Low,6,Batch 04: visually inspected,https://d1ljvnrgb7j023.cloudfront.net/files/1/c352c0f998cb996e6139/large,"Dust-covered Craftsman 16-gallon and smaller Master Mechanic wet/dry vacs are shown with assorted hose fittings and detachable blower unit. Many hoses are old and the accessories are mixed in a box; no motor or suction test. Check filters, bucket cracks, switches and electrical cords.",Not researched,"Resolve identity/condition using existing source originals or in-person inspection | Estimate removal, freight and local resale constraints | Locate dated exact-model completed sales; adjust for quantity, condition and selling venue | Calculate net margin and conditional hammer ceiling only after evidence",40,125,,,
18144,Lot of (3) various sledgehammers with wedged end.,Low,6,Inspected (contact sheet),https://d1ljvnrgb7j023.cloudfront.net/files/1/52487d63efe00b405a80/large,"Three striking tools with pick/wedge-shaped ends and worn handles. Heads visibly oxidized; inspect head seating, cracks and handle splits before use.",Not researched,"Resolve identity/condition using existing source originals or in-person inspection | Count exact included models, quantities and accessories | Estimate removal, freight and local resale constraints | Locate dated exact-model completed sales; adjust for quantity, condition and selling venue | Calculate net margin and conditional hammer ceiling only after evidence",,,,,
18145,Lot of (5) various sledgehammers.,Low,9,Inspected (contact sheet),https://d1ljvnrgb7j023.cloudfront.net/files/1/ba62956127c0cf7fe612/large,"Five heavy sledgehammers of mixed head shapes and handle lengths; several handles weathered, heads oxidized and striking faces worn. Inspect attachment and cracks.",Not researched,"Resolve identity/condition using existing source originals or in-person inspection | Count exact included models, quantities and accessories | Estimate removal, freight and local resale constraints | Locate dated exact-model completed sales; adjust for quantity, condition and selling venue | Calculate net margin and conditional hammer ceiling only after evidence",,,,,
18146,"Lot of (2) approx. 8 lb. sledgehammers, 1 with wedged tip.",Low,6,Inspected (contact sheet),https://d1ljvnrgb7j023.cloudfront.net/files/1/6370108975822c06a8d2/large,"Two large sledge/pick-style hammers, one double-face and one wedge/point end. Surface rust and worn handles; check secure heads and handle damage.",Not researched,"Resolve identity/condition using existing source originals or in-person inspection | Count exact included models, quantities and accessories | Identify defects and price necessary repairs | Estimate removal, freight and local resale constraints | Locate dated exact-model completed sales; adjust for quantity, condition and selling venue | Calculate net margin and conditional hammer ceiling only after evidence",,,,,
18147,"Lot of Bessey bar clamps, includes (2) approx. 12"", (8) approx. 12"", and (3) approx. 8"", some have b...",Low,6,40-lot verified batch 01: contact sheet reviewed,https://d1ljvnrgb7j023.cloudfront.net/files/1/67e9dd9351ae3b301a03/large,Many mixed Bessey-style clamps lie loose on the table; some screw hardware shows oxidation and modified handles. Inspect every screw and check whether paired clamping faces close squarely.,Not researched,"Resolve identity/condition using existing source originals or in-person inspection | Count exact included models, quantities and accessories | Locate dated exact-model completed sales; adjust for quantity, condition and selling venue | Calculate net margin and conditional hammer ceiling only after evidence",60,145,,,
18148,"Lot of assorted C-clamps, includes (3) 3"", (11) 4"", (3) 5"", (3) 6"", (1) 8"", and (2) 10"" C-clamps.",Low,6,Batch 03: contact sheet visually reviewed,https://d1ljvnrgb7j023.cloudfront.net/files/1/fc9bb959de28c9cafd21/large,"A large assortment of C-clamps of different sizes is spread out on the floor. Most show pronounced surface rust or dull plating and several T-handles look improvised or uneven. Inspect every screw, swivel pad and casting for cracks before assuming all advertised clamps are usable.",Not researched,"Resolve identity/condition using existing source originals or in-person inspection | Count exact included models, quantities and accessories | Identify defects and price necessary repairs | Locate dated exact-model completed sales; adjust for quantity, condition and selling venue | Calculate net margin and conditional hammer ceiling only after evidence",50,135,,,
18149,"(1) Power Pull 48"" mechanical lift jack.",Low,7,Batch 04: visually inspected,https://d1ljvnrgb7j023.cloudfront.net/files/1/fd408a7be2fede7c6a7b/large,"Four-foot red Power Pull mechanical farm jack stands upright and appears to have both climbing pins, lifting nose and long handle. Surface paint wear at ratchet base and missing exact load rating; test up/down action on a controlled load and inspect bent rail/feet before lifting a vehicle.",Not researched,"Resolve identity/condition using existing source originals or in-person inspection | Verify exact model, voltage, completeness and operation | Verify ratings, condition and applicable safety/title/pressure checks | Identify defects and price necessary repairs | Estimate removal, freight and local resale constraints | Locate dated exact-model completed sales; adjust for quantity, condition and selling venue | Calculate net margin and conditional hammer ceiling only after evidence",60,150,,,
18150,"(1) approx. 9' long, 4-leg steel wire lift sling.",Low,6,Inspected (contact sheet),https://d1ljvnrgb7j023.cloudfront.net/files/1/215cf1a7dff87ef9bfd1/large,Four-leg wire-rope lifting bridle with large master eye and four hooked ends. Hooks and cables visibly weathered; tags/WLL not legible. Do not use for overhead lifting without inspection and verified rating.,Not researched,"Resolve identity/condition using existing source originals or in-person inspection | Verify ratings, condition and applicable safety/title/pressure checks | Locate dated exact-model completed sales; adjust for quantity, condition and selling venue | Calculate net margin and conditional hammer ceiling only after evidence",,,,,
18151,"Lot including (3) approx. 20' long chains with 3/8"" hooks, (3) 2"" tow straps (2 approx. 20' long, 1 ...",Low,7,Batch 03: contact sheet visually reviewed,https://d1ljvnrgb7j023.cloudfront.net/files/1/1ef372ddfc3da4bb5ae1/large,"Three distinct used steel tow chains with hooks, a rolled tow strap and a metal manual grease gun are visible on a pallet. Some chain is tarnished and the strap is aged; catalog's claimed three straps are not all individually identifiable from the sheet. Inspect every chain grade and strap tag before load use.",Not researched,"Resolve identity/condition using existing source originals or in-person inspection | Count exact included models, quantities and accessories | Verify ratings, condition and applicable safety/title/pressure checks | Locate dated exact-model completed sales; adjust for quantity, condition and selling venue | Calculate net margin and conditional hammer ceiling only after evidence",95,235,,,
18154,"Lot of assorted hammers, mallets, and sledgehammers.",Low,6,Inspected (contact sheet),https://d1ljvnrgb7j023.cloudfront.net/files/1/290b204ee4e6049fc012/large,"Bulk pile of mixed hammers, long metal handles, mallets and specialty striking tools. Numerous oxidized heads and assorted loose parts; verify count and handle attachment.",Not researched,"Resolve identity/condition using existing source originals or in-person inspection | Count exact included models, quantities and accessories | Estimate removal, freight and local resale constraints | Locate dated exact-model completed sales; adjust for quantity, condition and selling venue | Calculate net margin and conditional hammer ceiling only after evidence",,,,,
18156,"Large lot of assorted pipe threading and cutting tools, including dies, pipe cutters, (1) reamer, va...",Low,4,40-lot verified batch 01: contact sheet reviewed,https://d1ljvnrgb7j023.cloudfront.net/files/1/ef9db441f4f94e83fbed/large,"Several pipe cutters, die heads and long threading handles are visible with substantial surface oxidation. This is a mixed working-parts assortment rather than a confirmed complete threading kit.",Not researched,"Count exact included models, quantities and accessories | Estimate removal, freight and local resale constraints | Locate dated exact-model completed sales; adjust for quantity, condition and selling venue | Calculate net margin and conditional hammer ceiling only after evidence",85,235,,,
18157,"Lot of assorted torch related items, includes (1) pair of Radnor insulated welding gloves, item #640...",Low,7,40-lot verified batch 01: contact sheet reviewed,https://d1ljvnrgb7j023.cloudfront.net/files/1/4b80ac8f2fc33e45fd20/large,"Victor-related torch tips, one boxed consumable, regulators/gauges, and gloves are visible. Regulator age/function and component completeness are unknown; do not assume ready-to-use fuel-gas equipment.",Not researched,"Resolve identity/condition using existing source originals or in-person inspection | Count exact included models, quantities and accessories | Locate dated exact-model completed sales; adjust for quantity, condition and selling venue | Calculate net margin and conditional hammer ceiling only after evidence",55,145,,,
18159,"(1) make and model unknown air powered, portable truck jack, capacity is unknown (label is illegible...",Low,6,Inspected (contact sheet),https://d1ljvnrgb7j023.cloudfront.net/files/1/14b9cc4929e50955bd28/large,"Tall wheeled pneumatic floor jack or lifting device with Milton-branded air fittings and large rectangular base; pressure/lifting rating not readable. Rust and paint wear present. Verify exact purpose, seals, hoses, safety mechanism and capacity before using.",Not researched,"Resolve identity/condition using existing source originals or in-person inspection | Verify exact model, voltage, completeness and operation | Verify ratings, condition and applicable safety/title/pressure checks | Identify defects and price necessary repairs | Estimate removal, freight and local resale constraints | Locate dated exact-model completed sales; adjust for quantity, condition and selling venue | Calculate net margin and conditional hammer ceiling only after evidence",,,,,
18162,"(1) make and model unknown portable blast pot with nozzle, and approx. 10' of hose, working conditio...",Low,5,Inspected (contact sheet),https://d1ljvnrgb7j023.cloudfront.net/files/1/e827b0c9c1b90910f8c9/large,"Blue portable blast pot with hose, nozzle and valve assembly. Exterior wear and grime; inspect pressure vessel, hoses, dead-man control and nozzle before pressurizing.",Not researched,"Resolve identity/condition using existing source originals or in-person inspection | Estimate removal, freight and local resale constraints | Locate dated exact-model completed sales; adjust for quantity, condition and selling venue | Calculate net margin and conditional hammer ceiling only after evidence",,,,,
18164,"Large lot of assorted chain, includes (2) buckets of tire chains.",Low,6,Inspected (contact sheet),https://d1ljvnrgb7j023.cloudfront.net/files/1/f8dd9111b8c7d59853ed/large,"Large mixed assortment of hanging industrial chains, hooks and buckets of loose chain in varied sizes, visibly oxidized. No legible working-load-limit tags or grades in photos; do not use for overhead lifting absent verified ratings and inspection. Weigh/measure for non-lifting resale or scrap.",Not researched,"Resolve identity/condition using existing source originals or in-person inspection | Count exact included models, quantities and accessories | Verify ratings, condition and applicable safety/title/pressure checks | Estimate removal, freight and local resale constraints | Locate dated exact-model completed sales; adjust for quantity, condition and selling venue | Calculate net margin and conditional hammer ceiling only after evidence",,,,,
18166,"Lot including (1) Harrington 2-ton capacity, (1) Haul Master 3/4-ton capacity, and (1) Yale 1.5-ton ...",Low,10,40-lot verified batch 01: contact sheet reviewed,https://d1ljvnrgb7j023.cloudfront.net/files/1/657d4cc707ae1a52359d/large,"Three branded lever hoists photographed, including a Harrington labeled 2 ton, Yale 1.5 ton and Haul-Master 3/4 ton. Hooks and chains look used and some hook safety latches are not apparent in small photos. Inspected lifting certification required.",Not researched,"Resolve identity/condition using existing source originals or in-person inspection | Count exact included models, quantities and accessories | Locate dated exact-model completed sales; adjust for quantity, condition and selling venue | Calculate net margin and conditional hammer ceiling only after evidence",105,280,,,
18167,"Large lot of assorted heavy duty lift hooks, shackles, (1) block pulley, and miscellaneous other ite...",Low,8,Batch 04: visually inspected,https://d1ljvnrgb7j023.cloudfront.net/files/1/6f0684d28fb637a2c090/large,"Large spread of heavy hooks, numerous assorted screw-pin shackles, some oversized clevises, block pulley and lift brackets in several contact-sheet angles. Mixed finishes and visible corrosion, no uniform capacity tags or certifications. Treat everything as unverified salvage until individually identified and inspected; no overhead lifting use as found.",Not researched,"Resolve identity/condition using existing source originals or in-person inspection | Count exact included models, quantities and accessories | Verify ratings, condition and applicable safety/title/pressure checks | Estimate removal, freight and local resale constraints | Locate dated exact-model completed sales; adjust for quantity, condition and selling venue | Calculate net margin and conditional hammer ceiling only after evidence",110,350,,,
18169,"Lot of (2) unused 20' sections of chain with 3/8"" hook on either side.",Low,5,Batch 02: all catalog images reviewed,https://d1ljvnrgb7j023.cloudfront.net/files/1/887b8e57c72eabe9ae99/large,"Two coils of nominally unused 20-foot hooked chain photographed, with bright steel finishes and loose factory tags. Hook stamping appears grade-marked but exact chain grade/working load must be checked; do not use as certified overhead lifting equipment.",Not researched,"Resolve identity/condition using existing source originals or in-person inspection | Count exact included models, quantities and accessories | Verify ratings, condition and applicable safety/title/pressure checks | Locate dated exact-model completed sales; adjust for quantity, condition and selling venue | Calculate net margin and conditional hammer ceiling only after evidence",80,190,,,
18170,"Lot of (2) unused 20' sections of chain with 3/8"" hook on either side.",Low,5,Batch 02: all catalog images reviewed,https://d1ljvnrgb7j023.cloudfront.net/files/1/92884200907b4f9fb30b/large,"Two separate hooked chain coils, one visibly dark and one brighter; tag and hook close-up shown. Exact grade, length and working load not proven by image; inspect every hook/link before any tow service.",Not researched,"Resolve identity/condition using existing source originals or in-person inspection | Count exact included models, quantities and accessories | Verify ratings, condition and applicable safety/title/pressure checks | Locate dated exact-model completed sales; adjust for quantity, condition and selling venue | Calculate net margin and conditional hammer ceiling only after evidence",80,190,,,
18171,"Lot of (2) unused 20' sections of chain with 3/8"" hook on either side.",Low,5,Batch 02: all catalog images reviewed,https://d1ljvnrgb7j023.cloudfront.net/files/1/226c9c2402951161ffaa/large,"Two unused-looking coiled hooked chains with visible manufacturer-style hook stamps. Similar to adjacent lots but confirmed separate tag 18171; verify grade, diameter and no bent links.",Not researched,"Resolve identity/condition using existing source originals or in-person inspection | Count exact included models, quantities and accessories | Verify ratings, condition and applicable safety/title/pressure checks | Locate dated exact-model completed sales; adjust for quantity, condition and selling venue | Calculate net margin and conditional hammer ceiling only after evidence",80,190,,,
18172,"Lot of (2) unused 20' sections of chain with 3/8"" hook on either side.",Low,5,Batch 02: all catalog images reviewed,https://d1ljvnrgb7j023.cloudfront.net/files/1/34b7069f2d81c03d3198/large,"Two separate coiled hooked chains, one with lighter zinc-colored finish; hook close-up appears marked. Verify chain grade and working load rather than assuming hook stamp proves all components.",Not researched,"Resolve identity/condition using existing source originals or in-person inspection | Count exact included models, quantities and accessories | Verify ratings, condition and applicable safety/title/pressure checks | Locate dated exact-model completed sales; adjust for quantity, condition and selling venue | Calculate net margin and conditional hammer ceiling only after evidence",80,190,,,
18174,"(1) CLS Super Mite rotary laser level with a rod eye, and (2) model 9907 Accu-Sensors, includes alum...",Low,7,Inspected (contact sheet),https://d1ljvnrgb7j023.cloudfront.net/files/1/3079ddc7fddd25bf95dc/large,"CLS Super Mite rotary laser with sensor accessories, measuring rods and cases. Dusty and aged; battery compartments, calibration, laser rotation and detector function untested.",Not researched,"Verify exact model, voltage, completeness and operation | Estimate removal, freight and local resale constraints | Locate dated exact-model completed sales; adjust for quantity, condition and selling venue | Calculate net margin and conditional hammer ceiling only after evidence",,,,,
18175,"Lot including (1) Lasco Auto, model L1-A5, rotary laser, and (1) Lasco, model L2, rotary laser, both...",Low,9,Inspected (contact sheet),https://d1ljvnrgb7j023.cloudfront.net/files/1/633fe36193ac9aa4b99a/large,"Multiple older Lasco rotary lasers, red fitted case and sensor/control accessories; at least two main laser units pictured. Cases show wear; check battery corrosion, chargers, leveling and calibration.",Not researched,"Resolve identity/condition using existing source originals or in-person inspection | Count exact included models, quantities and accessories | Verify exact model, voltage, completeness and operation | Estimate removal, freight and local resale constraints | Locate dated exact-model completed sales; adjust for quantity, condition and selling venue | Calculate net margin and conditional hammer ceiling only after evidence",,,,,
18176,"(1) Leica Rugby 280DG rotary laser with padded case, aluminum tripod, and measuring stick, lot also ...",Low,5,Batch 02: all catalog images reviewed,https://d1ljvnrgb7j023.cloudfront.net/files/1/67141a08ee70e5dab56b/large,"Yellow Leica Rugby 280DG instrument, aluminum tripod, receiver/controller accessories and leveling staff are photographed crowded on shelf. No powered-on or calibration photograph. Check complete parts, receiver function and slope/leveling accuracy.",Not researched,"Resolve identity/condition using existing source originals or in-person inspection | Count exact included models, quantities and accessories | Verify exact model, voltage, completeness and operation | Estimate removal, freight and local resale constraints | Locate dated exact-model completed sales; adjust for quantity, condition and selling venue | Calculate net margin and conditional hammer ceiling only after evidence",235,660,,,
18177,(1) vintage brass and bronze surveyors transit with (2) wood leg/steel frame tripods.,Low,4,Batch 04: visually inspected,https://d1ljvnrgb7j023.cloudfront.net/files/1/2dcc0d0600af61dd5a8b/large,"Vintage brass/bronze surveyors transit stands inside painted wooden transport cabinet with a cluster of older wooden tripods nearby. Metal appears oxidized and glass/optics not visibly testable. Confirm two tripods and complete tripod hardware are actually in lot and check optics, leveling screws and collector interest.",Not researched,"Resolve identity/condition using existing source originals or in-person inspection | Locate dated exact-model completed sales; adjust for quantity, condition and selling venue | Calculate net margin and conditional hammer ceiling only after evidence",90,270,,,
18178,"(1) make and model unknown surveyors transit with wood case, (1) wood tripod, (1) aluminum tripod, a...",Low,6,Batch 04: visually inspected,https://d1ljvnrgb7j023.cloudfront.net/files/1/036486880cf6f4fe20c7/large,"Black vintage surveyor transit housed in wooden protective case, with aluminum and wood tripods/marked measuring staff leaning nearby. The optical sight, adjusting screws and case are pictured but condition/accuracy untested. Check crack-free optics and that all catalog-specified accessories are included.",Not researched,"Resolve identity/condition using existing source originals or in-person inspection | Locate dated exact-model completed sales; adjust for quantity, condition and selling venue | Calculate net margin and conditional hammer ceiling only after evidence",85,235,,,
18179,"(1) vintage brass and bronze surveyors transit (cracked glass) with wood case, aluminum tripod, and ...",Low,6,Inspected (contact sheet),https://d1ljvnrgb7j023.cloudfront.net/files/1/dea95bc06ad83c82da42/large,"Vintage metal survey transit with wooden box, tripod and long leveling rod. Oxidized brass/metal, aged case; catalog reports cracked glass. Optical and mechanical restoration risk.",Not researched,"Locate dated exact-model completed sales; adjust for quantity, condition and selling venue | Calculate net margin and conditional hammer ceiling only after evidence",,,,,
18180,"(1) Laser Alignment, Inc., laser receiver with mounting bracket and case, in working condition, (1) ...",Low,18,Batch 04: visually inspected,https://d1ljvnrgb7j023.cloudfront.net/files/1/88976300bcab665102c3/large,"Eighteen verified images show a working-listed yellow Laser Alignment receiver in yellow case and a separate red Apache Bullseye III receiver marked for parts only, plus tall measuring staffs. The yellow device has weathered reading window, battery compartment and bracket; no live level check shown. Do not price the red Apache as functional.",Not researched,"Resolve identity/condition using existing source originals or in-person inspection | Verify exact model, voltage, completeness and operation | Locate dated exact-model completed sales; adjust for quantity, condition and selling venue | Calculate net margin and conditional hammer ceiling only after evidence",140,385,,,
18181,"Lot including (3) approx. 22"" diameter, 10-lug rims, (5) 22"" x 12"" rings, and (1) 18"" x 3.5"" ring.",Low,7,Inspected (contact sheet),https://d1ljvnrgb7j023.cloudfront.net/files/1/11fc7b5da23016626276/large,Three large heavy-truck steel rims and several separate locking/rim rings. Surface rust and grime; measure exact bead/rim profiles and inspect cracks. Multi-piece wheel components pose severe assembly hazards.,Not researched,"Resolve identity/condition using existing source originals or in-person inspection | Count exact included models, quantities and accessories | Identify defects and price necessary repairs | Locate dated exact-model completed sales; adjust for quantity, condition and selling venue | Calculate net margin and conditional hammer ceiling only after evidence",,,,,
18182,Lot of (4) various size 385/65R 22.5 tubeless tires with 10-lug rims.,Low,9,Inspected (contact sheet),https://d1ljvnrgb7j023.cloudfront.net/files/1/f1ee8d6f730b39399ce4/large,"Four very worn large truck tires mounted on steel rims; tread worn unevenly and sidewalls dirty. Inspect DOT dates, casing damage and wheel corrosion; low confidence in roadworthy resale.",Not researched,"Resolve identity/condition using existing source originals or in-person inspection | Count exact included models, quantities and accessories | Locate dated exact-model completed sales; adjust for quantity, condition and selling venue | Calculate net margin and conditional hammer ceiling only after evidence",,,,,
18183,"Lot of (3) various size 285/75R 245, and (1) size 10.00-20 tires with rings.",Low,6,Inspected (contact sheet),https://d1ljvnrgb7j023.cloudfront.net/files/1/88e309b6423f2b62f294/large,"Mixed large truck tires, several unmounted; one visibly severely worn or chunked tread. Verify actual sizes, bead/ring condition and disposal cost before bidding.",Not researched,"Resolve identity/condition using existing source originals or in-person inspection | Count exact included models, quantities and accessories | Locate dated exact-model completed sales; adjust for quantity, condition and selling venue | Calculate net margin and conditional hammer ceiling only after evidence",,,,,
18184,Lot of (5) various size 275/70R 22.5 tires with 10-lug rims.,Low,10,Inspected (contact sheet),https://d1ljvnrgb7j023.cloudfront.net/files/1/7ff8ce630e28bacf0ecc/large,"Five heavy-truck tires on steel rims, mixed visible tread depths and rusted wheel faces. Confirm matching sizes, DOT dates and casing integrity; removal/transport substantial.",Not researched,"Count exact included models, quantities and accessories | Identify defects and price necessary repairs | Locate dated exact-model completed sales; adjust for quantity, condition and selling venue | Calculate net margin and conditional hammer ceiling only after evidence",,,,,
18185,"Lot including (1) size 8.25R 15TR tire with ring, (1) size 235/85R16 tire with 8-lug rim, (1) size 9...",Low,12,Inspected (contact sheet),https://d1ljvnrgb7j023.cloudfront.net/files/1/489ead164e57560494e8/large,Mixed tires/rims in multiple diameters and lug patterns; weathering and rust visible. Verify each size and ring configuration; assume uncertain tire usability until professionally inspected.,Not researched,"Resolve identity/condition using existing source originals or in-person inspection | Count exact included models, quantities and accessories | Identify defects and price necessary repairs | Locate dated exact-model completed sales; adjust for quantity, condition and selling venue | Calculate net margin and conditional hammer ceiling only after evidence",,,,,
18187,"Lot including (1) Bosch 120V angle grinder with wire wheel, and (1) Bosch, model unknown, 8"", 120V s...",Low,4,Batch 04: visually inspected,https://d1ljvnrgb7j023.cloudfront.net/files/1/49e36d27cf927e14c6d6/large,"Two aging, dusty gray Bosch corded power tools on a table: angle grinder carrying wire wheel and larger pistol-handle sander/grinder. Both tool cases show heavy workshop use; accessories/guards partly obscured. Test switches, bearings, insulation and compatibility before use.",Not researched,"Count exact included models, quantities and accessories | Verify exact model, voltage, completeness and operation | Locate dated exact-model completed sales; adjust for quantity, condition and selling venue | Calculate net margin and conditional hammer ceiling only after evidence",65,170,,,
18190,"(1) Radnor, model 250M123035, 250 amp Tweco style MIG gun with 12' hose.",Low,6,Batch 04: visually inspected,https://d1ljvnrgb7j023.cloudfront.net/files/1/bdbbd389a82a931d2ae5/large,"Radnor 250M123035 250A Tweco-style MIG welding gun appears boxed with coiled, dark clean-looking hose, copper nozzle and original spec sheet. Gun and hose look much cleaner than surrounding lots; test connector/liner compatibility, trigger continuity and included consumables before marketing as new-old-stock.",Not researched,"Estimate removal, freight and local resale constraints | Locate dated exact-model completed sales; adjust for quantity, condition and selling venue | Calculate net margin and conditional hammer ceiling only after evidence",65,155,,,
18196,"(1) SPX OTC, item #5038, break anchor pin/bushing set with high-impact plastic case.",Low,5,Batch 04: visually inspected,https://d1ljvnrgb7j023.cloudfront.net/files/1/0a32865263ffc749a15d/large,SPX OTC model 5038 anchor-pin/brake-bushing driver fixture is neatly stored in original molded gray case with instruction sheet and two visible adapters; some molded recesses appear unoccupied. Specialized heavy truck tooling. Verify exact OEM accessory count and inspect driver press screw threads.,Not researched,"Resolve identity/condition using existing source originals or in-person inspection | Count exact included models, quantities and accessories | Estimate removal, freight and local resale constraints | Locate dated exact-model completed sales; adjust for quantity, condition and selling venue | Calculate net margin and conditional hammer ceiling only after evidence",55,180,,,
18197,"(1) Kar Products, 20"" width x 8"" height x 17"" depth, 2-drawer hardware storage unit, with assorted t...",Low,18,Batch 03: contact sheet visually reviewed,https://d1ljvnrgb7j023.cloudfront.net/files/1/8ad875cc40ff8a3ef168/large,"Multiple tap/die cases, a Kar two-drawer cabinet with more tooling and numerous loose tap wrenches and dies are photographed over 18 images. Some sets have visible empty slots and rusted pieces. The cabinet and usable larger taps have practical value, but profitable resale requires sorting by size and checking cutting teeth.",Not researched,"Resolve identity/condition using existing source originals or in-person inspection | Count exact included models, quantities and accessories | Identify defects and price necessary repairs | Locate dated exact-model completed sales; adjust for quantity, condition and selling venue | Calculate net margin and conditional hammer ceiling only after evidence",105,285,,,
18198,"(1) T &amp; E, #A772A, 8-piece interchangeable long reach chisel and punch set with high-impact plas...",Low,6,Inspected (contact sheet),https://d1ljvnrgb7j023.cloudfront.net/files/1/802d13480a50902ecd9f/large,T&E A772A long-reach chisel/punch set in molded case; red-handled driver and assorted tips visible. Several empty recesses or loose pieces warrant checking exact eight-piece completeness and tip damage.,Not researched,"Resolve identity/condition using existing source originals or in-person inspection | Count exact included models, quantities and accessories | Estimate removal, freight and local resale constraints | Locate dated exact-model completed sales; adjust for quantity, condition and selling venue | Calculate net margin and conditional hammer ceiling only after evidence",,,,,
18199,"(1) make and model unknown, 120V collet type bench top electric threader.",Low,7,Inspected (contact sheet),https://d1ljvnrgb7j023.cloudfront.net/files/1/9ceb79692939b2276ba7/large,"Older 120V bench-top electric threader with cylindrical motor, heavy base, exposed tooling and multiple fittings. Grimy/oxidized; confirm correct dies, motor function, guarding and whether any accessories are included.",Not researched,"Verify exact model, voltage, completeness and operation | Estimate removal, freight and local resale constraints | Locate dated exact-model completed sales; adjust for quantity, condition and selling venue | Calculate net margin and conditional hammer ceiling only after evidence",,,,,
18201,"(1) approx. 10-gallon capacity, portable auxiliary air tank, and (1) approx. 2-gallon capacity, valv...",Low,6,Inspected (contact sheet),https://d1ljvnrgb7j023.cloudfront.net/files/1/9360211d2604f08d8001/large,"Two portable metal auxiliary air tanks, one silver and one aged painted tank with valves/handles. Surface corrosion and unknown tank integrity; do not pressurize without inspection.",Not researched,"Resolve identity/condition using existing source originals or in-person inspection | Verify ratings, condition and applicable safety/title/pressure checks | Estimate removal, freight and local resale constraints | Locate dated exact-model completed sales; adjust for quantity, condition and selling venue | Calculate net margin and conditional hammer ceiling only after evidence",,,,,
18207,"Lot including (1) Keson, model RR318N, portable roller type measuring tool, (2) 300' tape measures, ...",Low,6,Inspected (contact sheet),https://d1ljvnrgb7j023.cloudfront.net/files/1/fbbdf1a66cc91d445444/large,"Mixed measuring equipment: several long fiberglass survey/contractor tape reels, measuring wheel and other loose measuring tools. Dusty, mixed condition; check tape lengths, retraction, wheel counter and whether all pieces pictured belong to lot.",Not researched,"Resolve identity/condition using existing source originals or in-person inspection | Count exact included models, quantities and accessories | Locate dated exact-model completed sales; adjust for quantity, condition and selling venue | Calculate net margin and conditional hammer ceiling only after evidence",,,,,
18208,"Lot including (1) Werner 4' fiberglass and aluminum step ladder, and (1) Werner 6' fiberglass and al...",Low,5,Inspected (contact sheet),https://d1ljvnrgb7j023.cloudfront.net/files/1/489262b09799d2e9d7b8/large,"Two used Werner-style stepladders, green and red/orange, with scuffed rails and steps. Inspect spreaders, feet, hinges, fiberglass cracks and labels before use.",Not researched,"Resolve identity/condition using existing source originals or in-person inspection | Count exact included models, quantities and accessories | Estimate removal, freight and local resale constraints | Locate dated exact-model completed sales; adjust for quantity, condition and selling venue | Calculate net margin and conditional hammer ceiling only after evidence",,,,,
18209,"(1) Coats, model 1010, Super Powermate tire changer with assorted tools, working condition unknown.",Low,4,40-lot verified batch 01: contact sheet reviewed,https://d1ljvnrgb7j023.cloudfront.net/files/1/a991a3aff45629c3a1f6/large,"Corrected current-source images show a dirty older red Coats machine, not the unrelated older archived photos. Operation, bead breaker and motor are unverified; expensive pickup and storage.",Not researched,"Count exact included models, quantities and accessories | Verify exact model, voltage, completeness and operation | Locate dated exact-model completed sales; adjust for quantity, condition and selling venue | Calculate net margin and conditional hammer ceiling only after evidence",150,420,,,
18210,Lot of (2) 3-phase extension cords.,Low,4,Inspected (contact sheet),https://d1ljvnrgb7j023.cloudfront.net/files/1/2fdcfee35215854e3a50/large,"Two coiled heavy industrial 3-phase extension cables with large multi-pin plugs. Dirty and untested; verify pinout, voltage/current ratings, insulation and continuity.",Not researched,"Resolve identity/condition using existing source originals or in-person inspection | Count exact included models, quantities and accessories | Verify exact model, voltage, completeness and operation | Estimate removal, freight and local resale constraints | Locate dated exact-model completed sales; adjust for quantity, condition and selling venue | Calculate net margin and conditional hammer ceiling only after evidence",,,,,
18214,"(1) set of pallet racking, includes (2) 48"" width x 72.5"" height uprights, and (4) 46"" beams, conten...",Low,3,Inspected (contact sheet),https://d1ljvnrgb7j023.cloudfront.net/files/1/83673b87529cc1c4d59c/large,"Small pallet-rack shelving assembly with perforated uprights and crossbeams, contents on shelves pictured. Verify exact included shelves, beams, clips and whether contents transfer; check upright straightness.",Not researched,"Resolve identity/condition using existing source originals or in-person inspection | Count exact included models, quantities and accessories | Identify defects and price necessary repairs | Estimate removal, freight and local resale constraints | Locate dated exact-model completed sales; adjust for quantity, condition and selling venue | Calculate net margin and conditional hammer ceiling only after evidence",,,,,
18218,"Entire content of items shown on wall and in wood shelf, includes assorted hammers, rakes, pickaxes,...",Low,9,Inspected (contact sheet),https://d1ljvnrgb7j023.cloudfront.net/files/1/dfe3cdf6e3b2781e86a0/large,"Entire wall/shelf grouping of long-handled rakes, picks, hammers, metal hoops, coiled hoses and assorted hand tools. Numerous worn/oxidized items; verify lot boundaries and removal labor.",Not researched,"Resolve identity/condition using existing source originals or in-person inspection | Count exact included models, quantities and accessories | Locate dated exact-model completed sales; adjust for quantity, condition and selling venue | Calculate net margin and conditional hammer ceiling only after evidence",,,,,
18219,"Lot including contents of 60"" width x 54"" height x 10"" depth storage unit with 35 divided compartmen...",Low,15,Batch 05: all source photographs inspected,https://d1ljvnrgb7j023.cloudfront.net/files/1/e6181424706b7c9ecc84/large,"Large wall-mounted collection of vintage plumbing wrenches and fittings, plus densely stocked multi-bin galvanized pipe fittings. Extremely dirty and heavy; many sizes and thread types mixed. Value is chiefly local workshop use or sorted resale; verify what is included and disassembly obligations.",Not researched,"Resolve identity/condition using existing source originals or in-person inspection | Count exact included models, quantities and accessories | Locate dated exact-model completed sales; adjust for quantity, condition and selling venue | Calculate net margin and conditional hammer ceiling only after evidence",250,720,,,
18221,"(1) First Jefferson Tool, approx. 4.5"" heavy duty bench vise with rotating base.",Low,4,Batch 02: all catalog images reviewed,https://d1ljvnrgb7j023.cloudfront.net/files/1/38e66db208f0eb87e9cd/large,"Red First Jefferson swivel bench vise appears complete but jaws and top edges visibly battered and dirty. Inspect screw action, cracks, jaw alignment and missing detachable hardware.",Not researched,"Resolve identity/condition using existing source originals or in-person inspection | Identify defects and price necessary repairs | Locate dated exact-model completed sales; adjust for quantity, condition and selling venue | Calculate net margin and conditional hammer ceiling only after evidence",45,115,,,
18222,"Lot of (10) 53"" width x 48"" height x 48"" depth stackable steel racks, winning bidder responsible for...",Low,5,Inspected (contact sheet),https://d1ljvnrgb7j023.cloudfront.net/files/1/70f3a2ef413a0a5e72c2/large,"Ten large stackable industrial steel racks, used and rusty in spots. Photos show loaded multi-level structures; confirm exact ten units, weld integrity, dimensions and dismantling/loading obligations.",Not researched,"Count exact included models, quantities and accessories | Identify defects and price necessary repairs | Locate dated exact-model completed sales; adjust for quantity, condition and selling venue | Calculate net margin and conditional hammer ceiling only after evidence",,,,,
18223,"(1) Universal Spur Geared block/hoist, manual, tonnage is unknown, 1/2"" thick chain with block hook,...",Low,10,Inspected (contact sheet),https://d1ljvnrgb7j023.cloudfront.net/files/1/761f49ad25d42caea396/large,"Large ceiling-mounted industrial manual chain hoist with multiple chain falls and substantial lower hook, attached to overhead beam/trolley. Oxidation and age visible; working load limit, chain condition, brake and attachment integrity cannot be established from photos. Require qualified inspection and safe removal before use.",Not researched,"Resolve identity/condition using existing source originals or in-person inspection | Verify ratings, condition and applicable safety/title/pressure checks | Locate dated exact-model completed sales; adjust for quantity, condition and selling venue | Calculate net margin and conditional hammer ceiling only after evidence",,,,,
18224,"(1) Ramco truck mount hydraulic jib crane arm, model RH5000, S/N 7159, does not include hydraulic ja...",Low,5,Inspected (contact sheet),https://d1ljvnrgb7j023.cloudfront.net/files/1/1b674fe6086e834fa6f2/large,"Tall gray Ramco hydraulic truck jib crane with base and pivot assembly; visibly used, no separate hydraulic jack shown. Inspect mounting and rated load.",Not researched,"Resolve identity/condition using existing source originals or in-person inspection | Verify ratings, condition and applicable safety/title/pressure checks | Identify defects and price necessary repairs | Locate dated exact-model completed sales; adjust for quantity, condition and selling venue | Calculate net margin and conditional hammer ceiling only after evidence",100,450,,,
18225,"(1) Apache Bullseye III, laser receiver, with case and measuring stick, battery powered, in working ...",Low,8,Batch 02: all catalog images reviewed,https://d1ljvnrgb7j023.cloudfront.net/files/1/c1360672a45ef88ca5e2/large,"Apache Bullseye III laser receiver, case and stick are photographed; two images show its LED indicators illuminated. This supports power-on only, not accuracy or receiver calibration; verify mount and compatibility.",Not researched,"Resolve identity/condition using existing source originals or in-person inspection | Verify exact model, voltage, completeness and operation | Estimate removal, freight and local resale constraints | Locate dated exact-model completed sales; adjust for quantity, condition and selling venue | Calculate net margin and conditional hammer ceiling only after evidence",135,295,,,
18226,"(1) Spectra Precision Laser receiver, model LR50, with case, and magnetic mounting bar, in working c...",Low,9,Batch 02: all catalog images reviewed,https://d1ljvnrgb7j023.cloudfront.net/files/1/0c1e23fa390401385fe7/large,"Spectra Precision LR50 receiver and fitted case shown with mounting bar, packaged instructions and apparently present battery cover. No powered-on demonstration in photographs. Check whether the battery and receiver function.",Not researched,"Resolve identity/condition using existing source originals or in-person inspection | Verify exact model, voltage, completeness and operation | Estimate removal, freight and local resale constraints | Locate dated exact-model completed sales; adjust for quantity, condition and selling venue | Calculate net margin and conditional hammer ceiling only after evidence",115,290,,,
18250,"Lot of (2) new Gladiator 11R24.5 tires, model QR92P0S.",Low,6,Inspected (contact sheet),https://d1ljvnrgb7j023.cloudfront.net/files/1/86b0f7f41f758cda756a/large,Two Gladiator heavy-truck tires outdoors with new-looking tread/labels; verify DOT age and casing before use.,Not researched,"Resolve identity/condition using existing source originals or in-person inspection | Count exact included models, quantities and accessories | Locate dated exact-model completed sales; adjust for quantity, condition and selling venue | Calculate net margin and conditional hammer ceiling only after evidence",100,300,,,
18251,(2) new Sailun 25570R225 tires with rims.,Low,7,Inspected (contact sheet),https://d1ljvnrgb7j023.cloudfront.net/files/1/4d7f6f10f30037d002c0/large,"Two mounted Sailun truck tires with white steel rims, clean tread; inspect bead and wheel condition.",Not researched,"Resolve identity/condition using existing source originals or in-person inspection | Locate dated exact-model completed sales; adjust for quantity, condition and selling venue | Calculate net margin and conditional hammer ceiling only after evidence",90,280,,,
18252,"Lot of (3) new Power King 9.50-16.5 tires, 10P.R.",Low,6,Inspected (contact sheet),https://d1ljvnrgb7j023.cloudfront.net/files/1/c153c9c9b908df1cf4e9/large,"Three Power King truck/implement tires stacked outdoors, labels attached and tread appears unworn; check age.",Not researched,"Resolve identity/condition using existing source originals or in-person inspection | Count exact included models, quantities and accessories | Verify exact model, voltage, completeness and operation | Locate dated exact-model completed sales; adjust for quantity, condition and selling venue | Calculate net margin and conditional hammer ceiling only after evidence",70,210,,,
18253,"(1) new Sumitomo ST720, 385/65R225 tire with steel rim, tire is in new condition.",Low,6,Inspected (contact sheet),https://d1ljvnrgb7j023.cloudfront.net/files/1/31f9b8f05c8e919d5b7c/large,"Single new-looking Sumitomo truck tire on white steel rim; paper label attached, verify date and fit.",Not researched,"Resolve identity/condition using existing source originals or in-person inspection | Locate dated exact-model completed sales; adjust for quantity, condition and selling venue | Calculate net margin and conditional hammer ceiling only after evidence",80,240,,,
18254,Lot of (2) new Sumitomo ST727 8.25R15TR tires with rims.,Low,9,Inspected (contact sheet),https://d1ljvnrgb7j023.cloudfront.net/files/1/b7dddf932d29bbe2f61d/large,"Two Sumitomo tires on separate white-rim wheels, apparently unused; inspect rim-ring type and DOT date.",Not researched,"Resolve identity/condition using existing source originals or in-person inspection | Count exact included models, quantities and accessories | Locate dated exact-model completed sales; adjust for quantity, condition and selling venue | Calculate net margin and conditional hammer ceiling only after evidence",90,280,,,
18255,(1) new Concorde 7.50-16LT tire.,Low,5,Inspected (contact sheet),https://d1ljvnrgb7j023.cloudfront.net/files/1/2c33b4106da8dc25e33a/large,Single loose Concorde tire with aggressive tread; dirt/weather exposure and date unknown.,Not researched,"Resolve identity/condition using existing source originals or in-person inspection | Verify exact model, voltage, completeness and operation | Locate dated exact-model completed sales; adjust for quantity, condition and selling venue | Calculate net margin and conditional hammer ceiling only after evidence",20,75,,,
18256,"Lot of (2) new Gateway TRU-STEERF-3 11L-16SL tires, load range E.",Low,7,Inspected (contact sheet),https://d1ljvnrgb7j023.cloudfront.net/files/1/15139e5a78d494ae66e8/large,"Two new-looking Gateway steering/implement tires, one upright and one on ground; inspect sidewall storage condition.",Not researched,"Resolve identity/condition using existing source originals or in-person inspection | Count exact included models, quantities and accessories | Locate dated exact-model completed sales; adjust for quantity, condition and selling venue | Calculate net margin and conditional hammer ceiling only after evidence",45,160,,,
18257,"Lot of (2) new Firestone Transforce HT 9.50R16.5LT load range E tires, includes (1) steel rim.",Low,6,Inspected (contact sheet),https://d1ljvnrgb7j023.cloudfront.net/files/1/e8352833eff79ff9a359/large,"Two Firestone Transforce tires, one mounted to white rim; paper labels remain, inspect DOT date.",Not researched,"Resolve identity/condition using existing source originals or in-person inspection | Count exact included models, quantities and accessories | Locate dated exact-model completed sales; adjust for quantity, condition and selling venue | Calculate net margin and conditional hammer ceiling only after evidence",80,240,,,
18258,(1) new Farm and Field 11L-16SL tire with tube.,Low,7,Inspected (contact sheet),https://d1ljvnrgb7j023.cloudfront.net/files/1/b0f53d969d9c2ad26501/large,"One new-looking Farm and Field implement tire with tube, unmounted; verify tube and bead.",Not researched,"Resolve identity/condition using existing source originals or in-person inspection | Estimate removal, freight and local resale constraints | Locate dated exact-model completed sales; adjust for quantity, condition and selling venue | Calculate net margin and conditional hammer ceiling only after evidence",25,95,,,
18259,"Lot of (2) new Goodyear 11R225 tires, model G622RSD, load range E, with (2) steel rims.",Low,8,Inspected (contact sheet),https://d1ljvnrgb7j023.cloudfront.net/files/1/47dc0893663ef28cd472/large,Two Goodyear truck tires on white steel rims with deep block tread and labels; inspect wheel compatibility.,Not researched,"Resolve identity/condition using existing source originals or in-person inspection | Count exact included models, quantities and accessories | Locate dated exact-model completed sales; adjust for quantity, condition and selling venue | Calculate net margin and conditional hammer ceiling only after evidence",100,350,,,
18260,"Lot of (4) new Gladiator 11R225 tires, (2) with steel rims, model QR92POSG416PR.",Low,7,Inspected (contact sheet),https://d1ljvnrgb7j023.cloudfront.net/files/1/de0daee77207f4454430/large,"Four Gladiator heavy-truck tires, two on white steel rims, deep tread visible; check DOT and rim condition.",Not researched,"Resolve identity/condition using existing source originals or in-person inspection | Count exact included models, quantities and accessories | Locate dated exact-model completed sales; adjust for quantity, condition and selling venue | Calculate net margin and conditional hammer ceiling only after evidence",160,480,,,
18261,(4) steel 22.5 rims.,Low,7,Inspected (contact sheet),https://d1ljvnrgb7j023.cloudfront.net/files/1/d82ee49fcac7cec07150/large,Four white steel truck rims and separate ring components laid on gravel; inspect multi-piece rim compatibility and corrosion.,Not researched,"Resolve identity/condition using existing source originals or in-person inspection | Locate dated exact-model completed sales; adjust for quantity, condition and selling venue | Calculate net margin and conditional hammer ceiling only after evidence",20,100,,,
18262,Lot of (2) new Kelly Armor Steel KTSA11R 225 tires with steel rims.,Low,8,Inspected (contact sheet),https://d1ljvnrgb7j023.cloudfront.net/files/1/fcdee335d37763777a57/large,"Two Kelly truck tires on white steel rims, stored outdoors with labels; verify DOT and casing.",Not researched,"Resolve identity/condition using existing source originals or in-person inspection | Count exact included models, quantities and accessories | Locate dated exact-model completed sales; adjust for quantity, condition and selling venue | Calculate net margin and conditional hammer ceiling only after evidence",100,340,,,
18263,"Lot of (4) approx. 43.5"" diameter spool tops used as crane mats.",Low,6,Inspected (contact sheet),https://d1ljvnrgb7j023.cloudfront.net/files/1/f58af403a61eab02256e/large,"Stacked round wooden cable-spool tops on pallets, weathered; check thickness, rot and handling weight.",Not researched,"Resolve identity/condition using existing source originals or in-person inspection | Count exact included models, quantities and accessories | Estimate removal, freight and local resale constraints | Locate dated exact-model completed sales; adjust for quantity, condition and selling venue | Calculate net margin and conditional hammer ceiling only after evidence",0,45,,,
18264,"(1) 2 pt. lift apparatus with 5-ton Crosby hooks, 48"" reach.",Low,6,Inspected (contact sheet),https://d1ljvnrgb7j023.cloudfront.net/files/1/9ea131c3edb0337e10b3/large,"Large two-point lifting spreader/hook assembly laid on gravel, surface rust; load certification and cracks unverified.",Not researched,"Verify ratings, condition and applicable safety/title/pressure checks | Identify defects and price necessary repairs | Estimate removal, freight and local resale constraints | Locate dated exact-model completed sales; adjust for quantity, condition and selling venue | Calculate net margin and conditional hammer ceiling only after evidence",0,100,,,
18265,"Lot of (2) wheelbarrows with wood handles, single wheel.",Low,7,Inspected (contact sheet),https://d1ljvnrgb7j023.cloudfront.net/files/1/25662f90e97f72c2c5b7/large,"Two rusty steel wheelbarrows with wood handles, worn trays and wheels; inspect bearings and handle integrity.",Not researched,"Resolve identity/condition using existing source originals or in-person inspection | Count exact included models, quantities and accessories | Identify defects and price necessary repairs | Locate dated exact-model completed sales; adjust for quantity, condition and selling venue | Calculate net margin and conditional hammer ceiling only after evidence",15,65,,,
18266,"(1) 24' aluminum extension ladder, and (1) 6' aluminum extension ladder.",Low,6,Inspected (contact sheet),https://d1ljvnrgb7j023.cloudfront.net/files/1/895e94da46165bca9b43/large,"Two aluminum extension ladders laid on pallets, used; inspect rails, feet, rung locks and labels.",Not researched,"Resolve identity/condition using existing source originals or in-person inspection | Estimate removal, freight and local resale constraints | Locate dated exact-model completed sales; adjust for quantity, condition and selling venue | Calculate net margin and conditional hammer ceiling only after evidence",0,90,,,
18267,"(1) skid full of assorted conveyor belt, 20"" wide, 23.5"" wide, 24"" wide, and more.",Low,6,Inspected (contact sheet),https://d1ljvnrgb7j023.cloudfront.net/files/1/7992bb199f993c36b52d/large,Pallet of thick rolled industrial conveyor belt sections in mixed widths; weathered edges and lengths unknown.,Not researched,"Resolve identity/condition using existing source originals or in-person inspection | Count exact included models, quantities and accessories | Estimate removal, freight and local resale constraints | Locate dated exact-model completed sales; adjust for quantity, condition and selling venue | Calculate net margin and conditional hammer ceiling only after evidence",0,100,,,
18268,"(6) Luff Industries Ltd., model ST1043, conveyor belt with 43° steel belt conveyor shafts.",Low,7,Inspected (contact sheet),https://d1ljvnrgb7j023.cloudfront.net/files/1/6949d6e4fae5b0de4d45/large,"Six blue steel conveyor idler/shaft assemblies on pallet, paint worn but visually complete; bearings untested.",Not researched,"Locate dated exact-model completed sales; adjust for quantity, condition and selling venue | Calculate net margin and conditional hammer ceiling only after evidence",60,240,,,
18269,"(1) steel counterweight, 32"" wide x 11.5"" deep x 17"" tall.",Low,6,Inspected (contact sheet),https://d1ljvnrgb7j023.cloudfront.net/files/1/e935706005c6c63d0e6e/large,Large rectangular steel counterweight on pallet with lifting eye and rust; substantial loading weight.,Not researched,"Identify defects and price necessary repairs | Locate dated exact-model completed sales; adjust for quantity, condition and selling venue | Calculate net margin and conditional hammer ceiling only after evidence",0,100,,,
18270,"(1) Crane cable counterweight, 13 1/4"" diameter x 12.5"" tall.",Low,5,Inspected (contact sheet),https://d1ljvnrgb7j023.cloudfront.net/files/1/e09e2b90a02823d3f3f5/large,Round rusted crane counterweight with cylindrical form and heavy lifting requirement; exact fitment unverified.,Not researched,"Identify defects and price necessary repairs | Estimate removal, freight and local resale constraints | Locate dated exact-model completed sales; adjust for quantity, condition and selling venue | Calculate net margin and conditional hammer ceiling only after evidence",0,65,,,
18271,"(1) forklift counterweight, approx. 27.5"" wide x 16.5"" deep x approx. 7 1/4"" tall.",Low,5,Inspected (contact sheet),https://d1ljvnrgb7j023.cloudfront.net/files/1/b803d346614d5d6bb2db/large,Yellow/gray rectangular forklift counterweight with mounting holes; surface rust and application unknown.,Not researched,"Resolve identity/condition using existing source originals or in-person inspection | Verify ratings, condition and applicable safety/title/pressure checks | Identify defects and price necessary repairs | Estimate removal, freight and local resale constraints | Locate dated exact-model completed sales; adjust for quantity, condition and selling venue | Calculate net margin and conditional hammer ceiling only after evidence",0,120,,,
18272,"Lot of (2) pipe handling clamps, OT-800, and OT-400.",Low,6,Inspected (contact sheet),https://d1ljvnrgb7j023.cloudfront.net/files/1/76c3eb455b6b0b16e47a/large,Two heavy industrial pipe-handling clamp assemblies with rusted cast jaws and hooks; no safe-lifting use without certification.,Not researched,"Count exact included models, quantities and accessories | Identify defects and price necessary repairs | Locate dated exact-model completed sales; adjust for quantity, condition and selling venue | Calculate net margin and conditional hammer ceiling only after evidence",0,120,,,
18273,"(1) Super Grip Master 13-24, 4-ply tire.",Low,5,Inspected (contact sheet),https://d1ljvnrgb7j023.cloudfront.net/files/1/f7b2f956d5ab98aaed21/large,Large single off-road tractor tire on ground with heavy mud and worn tread; check casing and bead damage.,Not researched,"Resolve identity/condition using existing source originals or in-person inspection | Locate dated exact-model completed sales; adjust for quantity, condition and selling venue | Calculate net margin and conditional hammer ceiling only after evidence",0,75,,,
18274,"(1) BF Goodrich Silver Town 21.00-25, 20-ply rating tire with tube.",Low,7,Inspected (contact sheet),https://d1ljvnrgb7j023.cloudfront.net/files/1/6b2a58c79242294577d8/large,"One very large off-road industrial tire with distinctive round lug tread, weathered and dirty; date and sidewall integrity unknown.",Not researched,"Resolve identity/condition using existing source originals or in-person inspection | Locate dated exact-model completed sales; adjust for quantity, condition and selling venue | Calculate net margin and conditional hammer ceiling only after evidence",0,180,,,
18275,Lot of (3) 23.5-25 tires.,Low,8,Inspected (contact sheet),https://d1ljvnrgb7j023.cloudfront.net/files/1/88ed0b5730783c5c6aa2/large,"Three very large earthmover tires stacked outdoors; visibly used, mixed tread wear and casing condition.",Not researched,"Count exact included models, quantities and accessories | Locate dated exact-model completed sales; adjust for quantity, condition and selling venue | Calculate net margin and conditional hammer ceiling only after evidence",0,270,,,
18276,Lot of (3) Hercules 23.5-25 tires.,Low,7,Inspected (contact sheet),https://d1ljvnrgb7j023.cloudfront.net/files/1/02de2059cf6b9b0351b5/large,Three Hercules heavy off-road tires stacked outdoors with deep block tread; dirty and storage weathering.,Not researched,"Count exact included models, quantities and accessories | Locate dated exact-model completed sales; adjust for quantity, condition and selling venue | Calculate net margin and conditional hammer ceiling only after evidence",0,360,,,
18277,"Lot of (7) various 29.5-25 tires, various conditions.",Low,12,Inspected (contact sheet),https://d1ljvnrgb7j023.cloudfront.net/files/1/98ae35db0af73e8c3232/large,"Seven assorted giant off-road tires in multiple outdoor stacks; variable tread, substantial disposal/transport risk.",Not researched,"Count exact included models, quantities and accessories | Locate dated exact-model completed sales; adjust for quantity, condition and selling venue | Calculate net margin and conditional hammer ceiling only after evidence",0,500,,,
18278,"Lot of (7) various 20.5-25 tires, various conditions.",Low,7,Inspected (contact sheet),https://d1ljvnrgb7j023.cloudfront.net/files/1/1032efaeffb87bbd306e/large,"Seven large off-road tires stacked outside, mixed wear and dirt; inspect sidewalls and actual sizes.",Not researched,"Resolve identity/condition using existing source originals or in-person inspection | Count exact included models, quantities and accessories | Locate dated exact-model completed sales; adjust for quantity, condition and selling venue | Calculate net margin and conditional hammer ceiling only after evidence",0,400,,,
18279,"(1) skid of assorted grease buckets, includes manual pumps, (1) pneumatic, and (1) retractable greas...",Low,7,Inspected (contact sheet),https://d1ljvnrgb7j023.cloudfront.net/files/1/4d2206179739512e74cc/large,"Pallet of mixed grease pumps and dispensing equipment, used hoses and reels; leak/pressure testing needed.",Not researched,"Count exact included models, quantities and accessories | Identify defects and price necessary repairs | Locate dated exact-model completed sales; adjust for quantity, condition and selling venue | Calculate net margin and conditional hammer ceiling only after evidence",30,130,,,
18281,"Lot of (3) assorted manual barrel pumps with hoses, 1 includes nozzle.",Low,5,Inspected (contact sheet),https://d1ljvnrgb7j023.cloudfront.net/files/1/59dfb9723548e15685d1/large,Three loose manual drum/barrel pumps with long metal tubes and hoses on dirty ground; seals untested.,Not researched,"Count exact included models, quantities and accessories | Locate dated exact-model completed sales; adjust for quantity, condition and selling venue | Calculate net margin and conditional hammer ceiling only after evidence",15,65,,,
18283,"Various cuts of heavy duty steel lifting cable, includes 7/8"" x 82', and others.",Low,4,Inspected (contact sheet),https://d1ljvnrgb7j023.cloudfront.net/files/1/01bf814c7e5e6c2744af/large,"Large coils of heavy steel lifting cable on pallets, rusty/dirty; no overhead lifting without grade and strand inspection.",Not researched,"Resolve identity/condition using existing source originals or in-person inspection | Verify ratings, condition and applicable safety/title/pressure checks | Identify defects and price necessary repairs | Locate dated exact-model completed sales; adjust for quantity, condition and selling venue | Calculate net margin and conditional hammer ceiling only after evidence",,,,,
18284,"(2) partial spools of galvanized hoist line, includes partial 3/4"", and partial 1/2"".",Low,0,No source photos,,,Not researched,"No photos: inspect in person or obtain exact-label images | Verify ratings, condition and applicable safety/title/pressure checks | Locate dated exact-model completed sales; adjust for quantity, condition and selling venue | Calculate net margin and conditional hammer ceiling only after evidence",,,,,
18285,"(2) skids of assorted Truck Oversize load banners/flags, Men Working safety signs, traffic cones, bu...",Low,8,Inspected (contact sheet),https://d1ljvnrgb7j023.cloudfront.net/files/1/6465db868155bf626903/large,"Two pallets of oversize-load signage, safety flags, cones and steel stands; worn and mixed completeness.",Not researched,"Count exact included models, quantities and accessories | Estimate removal, freight and local resale constraints | Locate dated exact-model completed sales; adjust for quantity, condition and selling venue | Calculate net margin and conditional hammer ceiling only after evidence",,,,,
18287,"(1) skid with a Clipper Lacing belt, Flexco Quick Fit 190E connectors, various scalloped edges, and ...",Low,5,Inspected (contact sheet),https://d1ljvnrgb7j023.cloudfront.net/files/1/9b82b7b235c060778add/large,"Pallet of industrial conveyor belt lacing strips, Flexco packages and assorted long steel pieces; check size/fitment.",Preliminary research; exact match pending,"Resolve identity/condition using existing source originals or in-person inspection | Estimate removal, freight and local resale constraints | Locate dated exact-model completed sales; adjust for quantity, condition and selling venue | Calculate net margin and conditional hammer ceiling only after evidence",,,,,
18289,"(4) partial spools of air hose, includes Parker 1/2"", 200 PSI max, 3/8"" air hose, Pioneer Farmax 3/4...",Low,6,Inspected (contact sheet),https://d1ljvnrgb7j023.cloudfront.net/files/1/75bd05516114422b7899/large,"Several heavy hose reels loaded with air/industrial hose, aged and dusty; check reel bearings and hose pressure rating.",Not researched,"Resolve identity/condition using existing source originals or in-person inspection | Estimate removal, freight and local resale constraints | Locate dated exact-model completed sales; adjust for quantity, condition and selling venue | Calculate net margin and conditional hammer ceiling only after evidence",,,,,
18290,"(1) Matthews Company HD, 3 pt. mower, model 10HDL, S/N 42021, approx. 10', 540 PTO.",Low,9,Inspected (contact sheet),https://d1ljvnrgb7j023.cloudfront.net/files/1/4e9f5b032b7b5c4c6c9a/large,"Large yellow Matthews three-point PTO mower on ground, heavy rust/paint wear and blades obscured; inspect gearbox and driveline.",Not researched,"Resolve identity/condition using existing source originals or in-person inspection | Identify defects and price necessary repairs | Estimate removal, freight and local resale constraints | Locate dated exact-model completed sales; adjust for quantity, condition and selling venue | Calculate net margin and conditional hammer ceiling only after evidence",,,,,
18291,"(1) Stur Levan 7256, 3 pt. PTO with belt drive blower fan.",Low,7,Inspected (contact sheet),https://d1ljvnrgb7j023.cloudfront.net/files/1/03159304b48c6de20233/large,"Large red/gray PTO-driven blower assembly on pallets, dusty/rusted and exposed shaft; no operation demonstrated.",Not researched,"Identify defects and price necessary repairs | Estimate removal, freight and local resale constraints | Locate dated exact-model completed sales; adjust for quantity, condition and selling venue | Calculate net margin and conditional hammer ceiling only after evidence",,,,,
18292,"Lot of assorted crane parts, includes a crane block, 941 crane ball, and more.",Low,5,Inspected (contact sheet),https://d1ljvnrgb7j023.cloudfront.net/files/1/c8a5e91963904f790e8f/large,"Multiple crane balls, hook blocks and rigging components on pallets; corrosion and unknown inspection history.",Not researched,"Resolve identity/condition using existing source originals or in-person inspection | Count exact included models, quantities and accessories | Estimate removal, freight and local resale constraints | Locate dated exact-model completed sales; adjust for quantity, condition and selling venue | Calculate net margin and conditional hammer ceiling only after evidence",,,,,
18294,"Large lot of galvanized steel chokers/lift straps, various sizes and lengths up to 2"" diameter, and ...",Low,9,Inspected (contact sheet),https://d1ljvnrgb7j023.cloudfront.net/files/1/2183fecf170d5c6b2d75/large,"Mixed hanging heavy steel wire rope, chain and lifting slings on wall; weathered and untagged, no certified lifting use.",Not researched,"Count exact included models, quantities and accessories | Verify ratings, condition and applicable safety/title/pressure checks | Estimate removal, freight and local resale constraints | Locate dated exact-model completed sales; adjust for quantity, condition and selling venue | Calculate net margin and conditional hammer ceiling only after evidence",,,,,
18296,"Large lot of assorted heavy duty air hose, and assorted air tools.",Low,5,Inspected (contact sheet),https://d1ljvnrgb7j023.cloudfront.net/files/1/256a72515d6c47cf3331/large,"Pallet of mixed heavy-duty red/black air hoses and pneumatic fittings, dirty and weathered; pressure ratings unverified.",Not researched,"Count exact included models, quantities and accessories | Estimate removal, freight and local resale constraints | Locate dated exact-model completed sales; adjust for quantity, condition and selling venue | Calculate net margin and conditional hammer ceiling only after evidence",,,,,
18297,"Large lot of assorted expanded steel grates, full 6' x 8' sheet of expanded steel, partial steel she...",Low,6,Inspected (contact sheet),https://d1ljvnrgb7j023.cloudfront.net/files/1/0c5c91e12cb5fda90787/large,Large rusted expanded-steel mesh sheets and cut steel panels leaning against wall; heavy and awkward loading.,Not researched,"Count exact included models, quantities and accessories | Identify defects and price necessary repairs | Estimate removal, freight and local resale constraints | Locate dated exact-model completed sales; adjust for quantity, condition and selling venue | Calculate net margin and conditional hammer ceiling only after evidence",,,,,
18299,"(1) 10' x 45"" wide screen deck with mounting plates.",Low,4,Inspected (contact sheet),https://d1ljvnrgb7j023.cloudfront.net/files/1/21c0145f57b506e7b032/large,Large long steel screening deck and metal bars stored on dirt; surface corrosion and bent-edge risk.,Not researched,"Estimate removal, freight and local resale constraints | Locate dated exact-model completed sales; adjust for quantity, condition and selling venue | Calculate net margin and conditional hammer ceiling only after evidence",,,,,
18300,"(1) Case Cab for a Case dozer, model 1150B &amp; 1150C crawler dozer, all glass, and windshield wipe...",Low,7,Inspected (contact sheet),https://d1ljvnrgb7j023.cloudfront.net/files/1/a7bb924cf9bb8e3bb057/large,"Orange Case dozer cab with glass and door openings, detached and weathered; inspect glazing, seals and mounting fit.",Not researched,"Resolve identity/condition using existing source originals or in-person inspection | Estimate removal, freight and local resale constraints | Locate dated exact-model completed sales; adjust for quantity, condition and selling venue | Calculate net margin and conditional hammer ceiling only after evidence",,,,,
18301,"(3) sections of Tear Drop style pallet racking, includes (4) 42"" deep x 105"" tall uprights, (18) app...",Low,6,Batch 02: all catalog images reviewed,https://d1ljvnrgb7j023.cloudfront.net/files/1/67c0de4cb93b089b14e1/large,"Three sections of tall pallet racking and wire mesh decking visible, with considerable surface rust and dirt piled near bases. Catalog requires self-disassembly; measure uprights, beams, deck clips and all bolt connections before pickup.",Not researched,"Count exact included models, quantities and accessories | Identify defects and price necessary repairs | Estimate removal, freight and local resale constraints | Locate dated exact-model completed sales; adjust for quantity, condition and selling venue | Calculate net margin and conditional hammer ceiling only after evidence",230,600,,,
18302,"Lot of (2) sections of roller conveyor, approx. 10' long x 12"" wide x 10"" roller path.",Low,6,Inspected (contact sheet),https://d1ljvnrgb7j023.cloudfront.net/files/1/3abe241ece3d044bdb0a/large,"Two long metal roller-conveyor sections with visible roller chains; used/rusty, rollers and bearings untested.",Not researched,"Count exact included models, quantities and accessories | Identify defects and price necessary repairs | Estimate removal, freight and local resale constraints | Locate dated exact-model completed sales; adjust for quantity, condition and selling venue | Calculate net margin and conditional hammer ceiling only after evidence",,,,,
18303,(1) Budgit 1-ton chain hoist.,Low,6,Batch 02: all catalog images reviewed,https://d1ljvnrgb7j023.cloudfront.net/files/1/fc7670d95c19fa578dc3/large,"Budgit 1-ton electric-looking chain hoist (inspect nameplate and drive type) lies sideways on pallet amid adjacent conveyor equipment; paint is chipped and chain exposed. Hoist/load chain and functional condition unverified, no lifting use without inspection.",Not researched,"Resolve identity/condition using existing source originals or in-person inspection | Verify ratings, condition and applicable safety/title/pressure checks | Locate dated exact-model completed sales; adjust for quantity, condition and selling venue | Calculate net margin and conditional hammer ceiling only after evidence",95,265,,,
18307,"(1) 8' cutting edge for a John Deere 1150C dozer, hitch, and other parts.",Low,6,Inspected (contact sheet),https://d1ljvnrgb7j023.cloudfront.net/files/1/4cb5cf278c7c869660f4/large,"Long yellow dozer cutting edge, small yellow end plates and mounting parts on pallet; bolt-hole fitment unknown.",Not researched,"Resolve identity/condition using existing source originals or in-person inspection | Estimate removal, freight and local resale constraints | Locate dated exact-model completed sales; adjust for quantity, condition and selling venue | Calculate net margin and conditional hammer ceiling only after evidence",,,,,
18308,"(1) 87"" cutting edge for a Case 1450, hitch, and side dozer end bits.",Low,5,Inspected (contact sheet),https://d1ljvnrgb7j023.cloudfront.net/files/1/32e969ab1c2e37f2e325/large,Long metal dozer cutting edges and steel end bits on pallet; rust and hole-pattern compatibility unknown.,Not researched,"Resolve identity/condition using existing source originals or in-person inspection | Identify defects and price necessary repairs | Estimate removal, freight and local resale constraints | Locate dated exact-model completed sales; adjust for quantity, condition and selling venue | Calculate net margin and conditional hammer ceiling only after evidence",,,,,
18309,"Large lot of assorted steel beams, various sizes and lengths, includes 8"" x 8"", heavy duty steel pla...",Low,9,Inspected (contact sheet),https://d1ljvnrgb7j023.cloudfront.net/files/1/2bd4aaed4ca18daf9748/large,Large stacks of assorted long structural I-beams and steel plates along shed wall; weathered and costly to load.,Not researched,"Count exact included models, quantities and accessories | Estimate removal, freight and local resale constraints | Locate dated exact-model completed sales; adjust for quantity, condition and selling venue | Calculate net margin and conditional hammer ceiling only after evidence",,,,,
18310,"Approx. (16) metal sign posts, approx. 8' tall.",Low,4,Inspected (contact sheet),https://d1ljvnrgb7j023.cloudfront.net/files/1/6795de24469bc8f539c5/large,"Stack of tall green perforated steel sign posts leaning against wall; used, check bends and counts.",Not researched,"Resolve identity/condition using existing source originals or in-person inspection | Estimate removal, freight and local resale constraints | Locate dated exact-model completed sales; adjust for quantity, condition and selling venue | Calculate net margin and conditional hammer ceiling only after evidence",,,,,
18311,"(1) Diebold data safe, auto 1100, dual door combination safe, 56.5"" width x 35"" depth x 80"" height, ...",Low,9,Inspected (contact sheet),https://d1ljvnrgb7j023.cloudfront.net/files/1/991f97bdcba93a8cedcd/large,"Large beige Diebold dual-door data safe, doors open showing internal shelves; heavy moving and combination verification required.",Not researched,"Estimate removal, freight and local resale constraints | Locate dated exact-model completed sales; adjust for quantity, condition and selling venue | Calculate net margin and conditional hammer ceiling only after evidence",,,,,
18312,"(1) Cat, model CV18B, 73"" skid steer quick attach roller, work tool is 2318601, S/N RCA03284.",Low,6,Inspected (contact sheet),https://d1ljvnrgb7j023.cloudfront.net/files/1/c10ed564afad399bcee5/large,"CAT skid-steer quick-attach vibrating roller/compactor, black/yellow with hydraulic hoses; used, leaks and vibration untested.",Not researched,"Identify defects and price necessary repairs | Locate dated exact-model completed sales; adjust for quantity, condition and selling venue | Calculate net margin and conditional hammer ceiling only after evidence",,,,,
18313,"(1) set of forks, 42"" x 4"", and set of 87"" x 6"" fork extensions.",Low,5,Inspected (contact sheet),https://d1ljvnrgb7j023.cloudfront.net/files/1/bdbcb74bdf3106feda29/large,Forklift forks and long rusty fork extensions on pallets; measure carriage fit and inspect welds.,Not researched,"Resolve identity/condition using existing source originals or in-person inspection | Count exact included models, quantities and accessories | Identify defects and price necessary repairs | Estimate removal, freight and local resale constraints | Locate dated exact-model completed sales; adjust for quantity, condition and selling venue | Calculate net margin and conditional hammer ceiling only after evidence",,,,,
18314,"(1) Quick Attach jib crane attachment, 68"" neck base with a Crosley WL15 hook.",Low,5,Inspected (contact sheet),https://d1ljvnrgb7j023.cloudfront.net/files/1/097747b93fc4aa75c750/large,"Long rusted steel quick-attach jib crane attachment on pallet, hook/chain hardware visible; load certification unverified.",Not researched,"Identify defects and price necessary repairs | Estimate removal, freight and local resale constraints | Locate dated exact-model completed sales; adjust for quantity, condition and selling venue | Calculate net margin and conditional hammer ceiling only after evidence",,,,,
18315,"(1) approx. 500-gallon steel, fiberglass coated fuel tank, top fill.",Low,8,Inspected (contact sheet),https://d1ljvnrgb7j023.cloudfront.net/files/1/85d04652a5c71a4ae477/large,"Two large red cylindrical horizontal tanks photographed outdoors; catalog lot is one fiberglass-coated fuel tank, inspect corrosion and exact lot boundaries.",Not researched,"Resolve identity/condition using existing source originals or in-person inspection | Verify ratings, condition and applicable safety/title/pressure checks | Locate dated exact-model completed sales; adjust for quantity, condition and selling venue | Calculate net margin and conditional hammer ceiling only after evidence",,,,,
18316,"(1) Clawson approx. 500-gallon fuel tank, approx. 48"" diameter x 73"" long.",Low,7,Inspected (contact sheet),https://d1ljvnrgb7j023.cloudfront.net/files/1/711dc79667f75ff5f7d6/large,"Yellow/rust-colored large horizontal Clawson fuel tank outdoors, coating worn; leak and residue unknown.",Not researched,"Resolve identity/condition using existing source originals or in-person inspection | Verify ratings, condition and applicable safety/title/pressure checks | Identify defects and price necessary repairs | Estimate removal, freight and local resale constraints | Locate dated exact-model completed sales; adjust for quantity, condition and selling venue | Calculate net margin and conditional hammer ceiling only after evidence",,,,,
18317,"(1) heavy duty steel rack, approx. 106"" length x 44"" depth x 65.5"" height.",Low,7,Inspected (contact sheet),https://d1ljvnrgb7j023.cloudfront.net/files/1/1e5f6a491ecfa88ff82e/large,"Heavy rusty welded steel storage rack with multiple shelves, outdoors; check structural stability and lifting.",Not researched,"Resolve identity/condition using existing source originals or in-person inspection | Identify defects and price necessary repairs | Locate dated exact-model completed sales; adjust for quantity, condition and selling venue | Calculate net margin and conditional hammer ceiling only after evidence",,,,,
18319,"(1) 13' wide spring tooth drag, 3 pt., will need new tires.",Low,7,Inspected (contact sheet),https://d1ljvnrgb7j023.cloudfront.net/files/1/eb1675c1e6e4fa80995d/large,"Wide rusted multi-section spring-tooth field drag on wheels; worn tines and tires, heavy transport.",Not researched,"Identify defects and price necessary repairs | Estimate removal, freight and local resale constraints | Locate dated exact-model completed sales; adjust for quantity, condition and selling venue | Calculate net margin and conditional hammer ceiling only after evidence",,,,,
18320,"(1) spreader bar, approx. 20' long.",Low,6,Inspected (contact sheet),https://d1ljvnrgb7j023.cloudfront.net/files/1/ae00e80acb63623941a4/large,Long yellow steel spreader bar with lifting eyes and surface rust; rating and straightness unverified.,Not researched,"Identify defects and price necessary repairs | Estimate removal, freight and local resale constraints | Locate dated exact-model completed sales; adjust for quantity, condition and selling venue | Calculate net margin and conditional hammer ceiling only after evidence",,,,,
18321,"(1) spreader bar, approx. 30' long.",Low,5,Inspected (contact sheet),https://d1ljvnrgb7j023.cloudfront.net/files/1/e1ba3f65edb8987a1d28/large,"Very long yellow spreader bar laid on ground, weathered; inspect bends, attachment points and load rating.",Not researched,"Resolve identity/condition using existing source originals or in-person inspection | Estimate removal, freight and local resale constraints | Locate dated exact-model completed sales; adjust for quantity, condition and selling venue | Calculate net margin and conditional hammer ceiling only after evidence",,,,,
18322,"(1) I-beam spreader bar, 14' long, 10"" x 5"".",Low,5,Inspected (contact sheet),https://d1ljvnrgb7j023.cloudfront.net/files/1/b854cd32a817a3f818a7/large,Long rusted steel I-beam spreader bar and miscellaneous nearby metal; check exact inclusion and certified capacity.,Not researched,"Resolve identity/condition using existing source originals or in-person inspection | Identify defects and price necessary repairs | Locate dated exact-model completed sales; adjust for quantity, condition and selling venue | Calculate net margin and conditional hammer ceiling only after evidence",,,,,
18323,"(1) 3 pt. tandem disc harrow, approx. 99"" wide.",Low,6,Batch 04: visually inspected,https://d1ljvnrgb7j023.cloudfront.net/files/1/9097d0aac7fd9464581c/large,"Outdoor-stored roughly eight-foot three-point tandem disc harrow pictured with rusty frames, dirty discs and worn bearings; several disc blades have oxidation and at least one appears worn/possibly bent. Inspect gang alignment, bearing play, hitch fit, missing scrapers and hauling before considering farm use.",Not researched,"Resolve identity/condition using existing source originals or in-person inspection | Identify defects and price necessary repairs | Estimate removal, freight and local resale constraints | Locate dated exact-model completed sales; adjust for quantity, condition and selling venue | Calculate net margin and conditional hammer ceiling only after evidence",105,320,,,
18324,"(1) Ford 90I, 60"", 3 pt. brush hog, PTO driven, S/N 47431.",Low,7,Batch 02: all catalog images reviewed,https://d1ljvnrgb7j023.cloudfront.net/files/1/f2b522448be2426ca590/large,"Five-foot Ford rotary cutter with visible PTO shaft and rear chain curtain, but deck/hitch steel shows widespread heavy rust and debris. Check gearbox oil, blade carrier play, deck holes and possible wheel/hitch repairs.",Not researched,"Resolve identity/condition using existing source originals or in-person inspection | Identify defects and price necessary repairs | Estimate removal, freight and local resale constraints | Locate dated exact-model completed sales; adjust for quantity, condition and selling venue | Calculate net margin and conditional hammer ceiling only after evidence",165,470,,,
18325,"(1) 3 pt. back blade, 72"".",Low,6,Batch 02: all catalog images reviewed,https://d1ljvnrgb7j023.cloudfront.net/files/1/d7515d7f3189e0f2f7f3/large,"Six-foot three-point back blade looks rusty but mostly assembled with cylindrical moldboard, A-frame and adjustment hardware. Inspect hitch-point wear, cutting edge and whether angle lock still operates.",Not researched,"Resolve identity/condition using existing source originals or in-person inspection | Identify defects and price necessary repairs | Estimate removal, freight and local resale constraints | Locate dated exact-model completed sales; adjust for quantity, condition and selling venue | Calculate net margin and conditional hammer ceiling only after evidence",95,255,,,
18326,"(1) 3 pt. back blade, 84"".",Low,5,Batch 02: all catalog images reviewed,https://d1ljvnrgb7j023.cloudfront.net/files/1/ca05f6173c9dd98f021b/large,Seven-foot three-point rear blade has heavily rusted adjustment plate/hitch and rusty moldboard with a visible worn cutting edge. Confirm hitch pins and adjuster lock; repair may outweigh savings.,Not researched,"Identify defects and price necessary repairs | Estimate removal, freight and local resale constraints | Locate dated exact-model completed sales; adjust for quantity, condition and selling venue | Calculate net margin and conditional hammer ceiling only after evidence",95,270,,,
18327,"(1) 80"" x 48"" steel mesh drag.",Low,4,Inspected (contact sheet),https://d1ljvnrgb7j023.cloudfront.net/files/1/8017e9228bd7408138ab/large,"Large rectangular steel mesh drag laid flat on grass, rusty; inspect welds and mounting.",Not researched,"Resolve identity/condition using existing source originals or in-person inspection | Identify defects and price necessary repairs | Locate dated exact-model completed sales; adjust for quantity, condition and selling venue | Calculate net margin and conditional hammer ceiling only after evidence",,,,,
18328,"(1) Massey Ferguson 35 Deluxe wide front tractor, 3 pt., PTO, 4-cylinder gas engine, model Z134, 3-s...",Low,15,Batch 02: all catalog images reviewed,https://d1ljvnrgb7j023.cloudfront.net/files/1/a67ce8d291c69512dc55/large,"Massey Ferguson 35 Deluxe photographed from 15 views: complete-looking faded red body, aged seat, dusty Z134 gas engine, three-point linkage and visible rear tread. Catalog says runs/operates; check cold start, hydraulic lift under load, PTO, brakes and steering.",Not researched,"Resolve identity/condition using existing source originals or in-person inspection | Verify ratings, condition and applicable safety/title/pressure checks | Estimate removal, freight and local resale constraints | Locate dated exact-model completed sales; adjust for quantity, condition and selling venue | Calculate net margin and conditional hammer ceiling only after evidence",1850,3800,,,
18329,"(1) Ford 4000 tractor, 2-WD, open station, 3 pt., 2075 hours showing, 540 PTO, 3-cylinder diesel eng...",Low,13,Batch 02: all catalog images reviewed,https://d1ljvnrgb7j023.cloudfront.net/files/1/d14256bd699c77c243af/large,"Blue Ford 4000 three-cylinder diesel, complete-looking sheet metal, metal rear fenders, visibly worn paint, bucket seat and three-point hitch; rear tires show usable-looking tread. Catalog claims runs/operates, but cold-start, oil leaks, PTO and hydraulics must be witnessed.",Not researched,"Verify ratings, condition and applicable safety/title/pressure checks | Identify defects and price necessary repairs | Estimate removal, freight and local resale constraints | Locate dated exact-model completed sales; adjust for quantity, condition and selling venue | Calculate net margin and conditional hammer ceiling only after evidence",2600,5300,,,
18330,"(1) concrete chute for excavator, 28"" diameter x 31"" tall.",Low,6,Inspected (contact sheet),https://d1ljvnrgb7j023.cloudfront.net/files/1/d03407eafd70ece9a8c6/large,"Tall narrow used steel concrete chute/hopper with side handles, worn paint and interior residue.",Not researched,"Estimate removal, freight and local resale constraints | Locate dated exact-model completed sales; adjust for quantity, condition and selling venue | Calculate net margin and conditional hammer ceiling only after evidence",,,,,
18331,"(1) concrete chute, 44"" diameter x 37"" tall.",Low,7,Inspected (contact sheet),https://d1ljvnrgb7j023.cloudfront.net/files/1/2f522308636d29325797/large,Large yellow steel concrete bucket/chute with substantial rust and dried residue; check gate operation.,Not researched,"Resolve identity/condition using existing source originals or in-person inspection | Identify defects and price necessary repairs | Estimate removal, freight and local resale constraints | Locate dated exact-model completed sales; adjust for quantity, condition and selling venue | Calculate net margin and conditional hammer ceiling only after evidence",,,,,
18332,"(1) concrete loader chute, 20"" x 20"" on one side, and 7"" x 20"" opening on bottom.",Low,5,Inspected (contact sheet),https://d1ljvnrgb7j023.cloudfront.net/files/1/f3d32bedd4adad0c4018/large,Small tapered steel concrete loader chute/hopper with rust; inspect openings and welds.,Not researched,"Resolve identity/condition using existing source originals or in-person inspection | Identify defects and price necessary repairs | Estimate removal, freight and local resale constraints | Locate dated exact-model completed sales; adjust for quantity, condition and selling venue | Calculate net margin and conditional hammer ceiling only after evidence",,,,,
18333,"(1) steel rack, 56"" wide x 28.5"" deep x 46"" tall.",Low,6,Inspected (contact sheet),https://d1ljvnrgb7j023.cloudfront.net/files/1/b12906bc9b06116e2b33/large,Rusty welded rectangular steel shop rack with open shelf and rails; check stability.,Not researched,"Resolve identity/condition using existing source originals or in-person inspection | Identify defects and price necessary repairs | Locate dated exact-model completed sales; adjust for quantity, condition and selling venue | Calculate net margin and conditional hammer ceiling only after evidence",,,,,
18334,"(1) 134"" wide dozer root rake.",Low,6,Inspected (contact sheet),https://d1ljvnrgb7j023.cloudfront.net/files/1/1df56a7d612e874ad89a/large,Wide dozer root-rake attachment with pointed teeth and quick-attach structure; surface rust and welds unverified.,Not researched,"Identify defects and price necessary repairs | Estimate removal, freight and local resale constraints | Locate dated exact-model completed sales; adjust for quantity, condition and selling venue | Calculate net margin and conditional hammer ceiling only after evidence",,,,,
18335,"(1) Page Engineering Company drag line excavator bucket, approx. 60"" deep x 48"" wide, model A32.",Low,7,Inspected (contact sheet),https://d1ljvnrgb7j023.cloudfront.net/files/1/806e9508fe39befd285f/large,"Large used dragline excavator bucket with heavy steel sides, worn cutting edge and rust; rigging and wear inspection.",Not researched,"Resolve identity/condition using existing source originals or in-person inspection | Identify defects and price necessary repairs | Estimate removal, freight and local resale constraints | Locate dated exact-model completed sales; adjust for quantity, condition and selling venue | Calculate net margin and conditional hammer ceiling only after evidence",,,,,
18336,"(1) clam shell bucket, each section is approx. 30"" (60"" total width) x 34"" depth.",Low,10,Inspected (contact sheet),https://d1ljvnrgb7j023.cloudfront.net/files/1/124abb237eb7787adeb6/large,"Heavy clamshell bucket with two hinged steel halves, rusted pivots and cables; operation untested.",Not researched,"Identify defects and price necessary repairs | Estimate removal, freight and local resale constraints | Locate dated exact-model completed sales; adjust for quantity, condition and selling venue | Calculate net margin and conditional hammer ceiling only after evidence",,,,,
18337,"(1) Hensley excavator bucket, 92 cubic yard, approx. 29"" wide.",Low,7,Inspected (contact sheet),https://d1ljvnrgb7j023.cloudfront.net/files/1/57b29c9afd0fec4d8bcc/large,"Narrow used Hensley excavator bucket, heavily worn and rusty; inspect pin dimensions, teeth and shell cracks.",Not researched,"Resolve identity/condition using existing source originals or in-person inspection | Identify defects and price necessary repairs | Estimate removal, freight and local resale constraints | Locate dated exact-model completed sales; adjust for quantity, condition and selling venue | Calculate net margin and conditional hammer ceiling only after evidence",,,,,
18338,"(1) excavator bucket, 72"" wide.",Low,6,Inspected (contact sheet),https://d1ljvnrgb7j023.cloudfront.net/files/1/1fd7423a12b6978738a8/large,Wide rusted excavator bucket with worn cutting edge and pin ears; inspect shell and fitment.,Not researched,"Resolve identity/condition using existing source originals or in-person inspection | Identify defects and price necessary repairs | Estimate removal, freight and local resale constraints | Locate dated exact-model completed sales; adjust for quantity, condition and selling venue | Calculate net margin and conditional hammer ceiling only after evidence",,,,,
18339,"(1) excavator bucket, approx. 42"" wide x 65"" deep.",Low,7,Inspected (contact sheet),https://d1ljvnrgb7j023.cloudfront.net/files/1/52efb0db9e2d34c7063d/large,Medium excavator bucket with heavily worn teeth and interior rust; verify pin spacing and wear.,Not researched,"Resolve identity/condition using existing source originals or in-person inspection | Identify defects and price necessary repairs | Estimate removal, freight and local resale constraints | Locate dated exact-model completed sales; adjust for quantity, condition and selling venue | Calculate net margin and conditional hammer ceiling only after evidence",,,,,
18340,"(1) excavator bucket, 12"" wide x 28"".",Low,5,Inspected (contact sheet),https://d1ljvnrgb7j023.cloudfront.net/files/1/796868f4600d6996835e/large,Small narrow trenching excavator bucket with worn cutting edge; pin fitment and cracks unverified.,Not researched,"Estimate removal, freight and local resale constraints | Locate dated exact-model completed sales; adjust for quantity, condition and selling venue | Calculate net margin and conditional hammer ceiling only after evidence",,,,,
18341,"Large lot of heavy duty steel I-beams, assorted sizes and lengths, includes channel steel, and much ...",Low,9,Inspected (contact sheet),https://d1ljvnrgb7j023.cloudfront.net/files/1/3699f8fe6c98bca4fa05/large,"Large outdoor stacks of long structural I-beams and steel channel, weathered/rusty; heavy equipment needed to load.",Not researched,"Count exact included models, quantities and accessories | Identify defects and price necessary repairs | Estimate removal, freight and local resale constraints | Locate dated exact-model completed sales; adjust for quantity, condition and selling venue | Calculate net margin and conditional hammer ceiling only after evidence",,,,,
18342,"(1) Seaman Corp., model AT.3.176.597, 84"" asphalt roller attachment, 540 PTO drive, pin hitch, S/N 8...",Low,11,Inspected (contact sheet),https://d1ljvnrgb7j023.cloudfront.net/files/1/4b1dcca4e8039ba06887/large,"Yellow Seaman PTO asphalt roller attachment with large steel drum, surface rust and hydraulic/drive connections; untested.",Not researched,"Identify defects and price necessary repairs | Estimate removal, freight and local resale constraints | Locate dated exact-model completed sales; adjust for quantity, condition and selling venue | Calculate net margin and conditional hammer ceiling only after evidence",,,,,
18343,"(6) various PVC pipes, includes Schedule 40 2.5"", Schedule 80 3"", various lengths.",Low,4,Inspected (contact sheet),https://d1ljvnrgb7j023.cloudfront.net/files/1/93fbdc06d5041e2bcd6e/large,"Several long white PVC pipes outdoors, some end caps; inspect cracking and wall markings.",Not researched,"Resolve identity/condition using existing source originals or in-person inspection | Locate dated exact-model completed sales; adjust for quantity, condition and selling venue | Calculate net margin and conditional hammer ceiling only after evidence",,,,,
18344,"(1) ADSN-12 dual wall HDPE corrugated pipe with smooth interior, 243"" long.",Low,5,Inspected (contact sheet),https://d1ljvnrgb7j023.cloudfront.net/files/1/8307c96611160e72bdaa/large,Large black corrugated HDPE drainage pipe with smooth interior and separate metal pipe nearby; inspect ovality and cracks.,Not researched,"Resolve identity/condition using existing source originals or in-person inspection | Locate dated exact-model completed sales; adjust for quantity, condition and selling venue | Calculate net margin and conditional hammer ceiling only after evidence",,,,,
18345,"(1) corrugated pipe, approx. 77"" diameter, 24"" ID.",Low,5,Inspected (contact sheet),https://d1ljvnrgb7j023.cloudfront.net/files/1/4ce64fa68b4aae3a5bb9/large,"Large black corrugated drainage pipe section lying outdoors, cut ends visible; check stated diameter and deformation.",Not researched,"Resolve identity/condition using existing source originals or in-person inspection | Locate dated exact-model completed sales; adjust for quantity, condition and selling venue | Calculate net margin and conditional hammer ceiling only after evidence",,,,,
18346,"(3) sections of corrugated pipe, includes approx. 12' ASTM12306PE pipe, approx. 11.5', and 31"" small...",Low,6,Inspected (contact sheet),https://d1ljvnrgb7j023.cloudfront.net/files/1/73acf743c5bfef882239/large,Several long black corrugated pipe sections of different diameters laid along fence; inspect crushing and coupling fit.,Not researched,"Resolve identity/condition using existing source originals or in-person inspection | Locate dated exact-model completed sales; adjust for quantity, condition and selling venue | Calculate net margin and conditional hammer ceiling only after evidence",,,,,
18347,"(1) steel culvert pipe, 8' long x approx. 24"" ID.",Low,5,Inspected (contact sheet),https://d1ljvnrgb7j023.cloudfront.net/files/1/6518d72dbc6a488c590f/large,Large silver galvanized corrugated steel culvert section beside black pipe; inspect seam corrosion and end damage.,Not researched,"Resolve identity/condition using existing source originals or in-person inspection | Locate dated exact-model completed sales; adjust for quantity, condition and selling venue | Calculate net margin and conditional hammer ceiling only after evidence",,,,,
18348,"(3) sections of 12"" Prinsco corrugated pipe with smooth interior, (3) approx. 20' sections, (2) appr...",Low,7,Inspected (contact sheet),https://d1ljvnrgb7j023.cloudfront.net/files/1/f44d353654abc0712412/large,"Multiple long black dual-wall corrugated drainpipes with visible cut ends, stored outdoors; inspect cracks and straightness.",Not researched,"Resolve identity/condition using existing source originals or in-person inspection | Locate dated exact-model completed sales; adjust for quantity, condition and selling venue | Calculate net margin and conditional hammer ceiling only after evidence",,,,,
18349,"Lot of assorted ADS 1"", heavy duty 4"" ID drain tile pipe.",Low,5,Inspected (contact sheet),https://d1ljvnrgb7j023.cloudfront.net/files/1/f51b55d5cdd369ae096e/large,Coils of flexible black drainage tile pipe on dirt; verify diameters and whether coils are complete.,Not researched,"Resolve identity/condition using existing source originals or in-person inspection | Count exact included models, quantities and accessories | Locate dated exact-model completed sales; adjust for quantity, condition and selling venue | Calculate net margin and conditional hammer ceiling only after evidence",,,,,
18350,"Lot of (2) Bristol pipe, Type PSMSDR35, PVC sewer pipe, 163"" x 12"" diameter and 173"" long x 12"" diam...",Low,5,Inspected (contact sheet),https://d1ljvnrgb7j023.cloudfront.net/files/1/bd4e5a5df9eac6d43614/large,"Two long pale PVC sewer-pipe sections on ground, used/dirty with exposed ends; inspect cracks and end geometry.",Not researched,"Resolve identity/condition using existing source originals or in-person inspection | Count exact included models, quantities and accessories | Locate dated exact-model completed sales; adjust for quantity, condition and selling venue | Calculate net margin and conditional hammer ceiling only after evidence",,,,,
18351,"(1) custom screen roller, approx. 183"" length x 12.5"" diameter, includes submersible pump, 440V, sin...",Low,8,Inspected (contact sheet),https://d1ljvnrgb7j023.cloudfront.net/files/1/bedbd17eecb923965ebf/large,Very long custom steel screening roller with long pipe/shaft and adjacent ladder; corrosion and submersible pump operation unverified.,Not researched,"Locate dated exact-model completed sales; adjust for quantity, condition and selling venue | Calculate net margin and conditional hammer ceiling only after evidence",,,,,
18352,"(1) approx. 1000-gallon fuel tank with a Gas Boy 12V electric pump, hose, and nozzle.",Low,10,Batch 02: all catalog images reviewed,https://d1ljvnrgb7j023.cloudfront.net/files/1/ede6ea37a3c7e3c11f0b/large,"Long red 1000-gallon steel tank with Gasboy-type 12V pump/nozzle shows severe exterior paint loss and rust including pump body and end seams. Interior sludge, leakage, pump output, permits and professional move costs dominate value.",Not researched,"Verify exact model, voltage, completeness and operation | Verify ratings, condition and applicable safety/title/pressure checks | Identify defects and price necessary repairs | Locate dated exact-model completed sales; adjust for quantity, condition and selling venue | Calculate net margin and conditional hammer ceiling only after evidence",150,450,,,
18353,"(1) approx. 1000-gallon fuel tank with duel Gas Boy, model 73DSL, 12V electric pump, hose, and nozzl...",Low,11,Batch 02: all catalog images reviewed,https://d1ljvnrgb7j023.cloudfront.net/files/1/af9e810d51a12015f4b9/large,"Second red/blue 1000-gallon steel tank with two yellow Gasboy pumps and electronic meter pictured. Surface rust and chipped paint at seams; hoses and pumps appear old. Test both pumps/meters, confirm tank interior and ensure legal installation.",Not researched,"Verify exact model, voltage, completeness and operation | Verify ratings, condition and applicable safety/title/pressure checks | Identify defects and price necessary repairs | Locate dated exact-model completed sales; adjust for quantity, condition and selling venue | Calculate net margin and conditional hammer ceiling only after evidence",245,620,,,
18354,"(1) Steel Tank steel fuel tank, approx. 64"" diameter x 73"" length, top fill, bottom drain.",Low,5,Inspected (contact sheet),https://d1ljvnrgb7j023.cloudfront.net/files/1/f5b4b8ba59c9a0819122/large,"Large green horizontal steel fuel tank outside with prominent signage and attached fittings; vegetation around base, leak/contents unknown.",Not researched,"Resolve identity/condition using existing source originals or in-person inspection | Verify ratings, condition and applicable safety/title/pressure checks | Identify defects and price necessary repairs | Locate dated exact-model completed sales; adjust for quantity, condition and selling venue | Calculate net margin and conditional hammer ceiling only after evidence",,,,,
18355,"1982 Chevrolet K 20 Custom Deluxe Regular Cab Plow Truck automatic transmission, standard cab, 8' be...",Low,24,Inspected (contact sheet),https://d1ljvnrgb7j023.cloudfront.net/files/1/37e4520146d4f645314e/large,"Red older Chevrolet K20 plow truck, multiple exterior/interior/engine photos; paint and body aged, plow installed. Mechanical and frame condition cannot be established visually.",Not researched,"Identify defects and price necessary repairs | Estimate removal, freight and local resale constraints | Locate dated exact-model completed sales; adjust for quantity, condition and selling venue | Calculate net margin and conditional hammer ceiling only after evidence",,,,,
18356,"2002 Chevrolet Avalanche Z71 Regular Cab Pickup Truck for parts or repair, 4-WD, automatic transmiss...",Low,17,Inspected (contact sheet),https://d1ljvnrgb7j023.cloudfront.net/files/1/c080feafe28c4d14e664/large,"Dark Chevrolet Avalanche pickup with exterior, cab and engine photos; visibly used, catalog specifies parts/repair. Verify title, drivetrain and rust.",Not researched,"Resolve identity/condition using existing source originals or in-person inspection | Identify defects and price necessary repairs | Locate dated exact-model completed sales; adjust for quantity, condition and selling venue | Calculate net margin and conditional hammer ceiling only after evidence",,,,,
18357,"1994 Ford F250 XL Regular Cab Other Pickup Truck Service truck, 4-WD, 4-speed transmission with over...",Low,34,Inspected (contact sheet),https://d1ljvnrgb7j023.cloudfront.net/files/1/ff8cbaf3c03b35906919/large,"White Ford F250 service-body truck, extensive body/cab/undercarriage photos; aging utility compartments and wear. Function/title unknown.",Not researched,"Resolve identity/condition using existing source originals or in-person inspection | Identify defects and price necessary repairs | Locate dated exact-model completed sales; adjust for quantity, condition and selling venue | Calculate net margin and conditional hammer ceiling only after evidence",,,,,
18358,"2013 Ram 2500 Regular Cab Plow Truck 4-WD, 5.7 liter Hemi engine, power windows, locks, and mirrors,...",Low,21,Inspected (contact sheet),https://d1ljvnrgb7j023.cloudfront.net/files/1/a677a5d76d379734d021/large,"Dark Ram 2500 plow pickup with red plow, exterior/interior/engine views; used work-truck condition, inspect corrosion and plow hydraulics.",Not researched,"Resolve identity/condition using existing source originals or in-person inspection | Verify exact model, voltage, completeness and operation | Identify defects and price necessary repairs | Locate dated exact-model completed sales; adjust for quantity, condition and selling venue | Calculate net margin and conditional hammer ceiling only after evidence",,,,,
18359,"1995 White GMC Volvo Semi Truck manual transmission, cruise control, heated mirrors, manual windows,...",Low,37,Inspected (contact sheet),https://d1ljvnrgb7j023.cloudfront.net/files/1/c0fec017022d63f81372/large,"Older White GMC Volvo tandem-axle semi tractor, multiple cab/engine/undercarriage views; weathered and high transport risk.",Not researched,"Estimate removal, freight and local resale constraints | Locate dated exact-model completed sales; adjust for quantity, condition and selling venue | Calculate net margin and conditional hammer ceiling only after evidence",,,,,
18360,"1980 Ford F9000 Winch/Plow Truck under belly plow truck, 28,000 lb. GVWR, 5-speed manual high low PT...",Low,37,Inspected (contact sheet),https://d1ljvnrgb7j023.cloudfront.net/files/1/6dd3f61b20c879fef028/large,"Red Ford F9000 work truck with winch/plow equipment, many cab and chassis views; extensive age/wear and unknown operation.",Not researched,"Resolve identity/condition using existing source originals or in-person inspection | Estimate removal, freight and local resale constraints | Locate dated exact-model completed sales; adjust for quantity, condition and selling venue | Calculate net margin and conditional hammer ceiling only after evidence",,,,,
18361,"1988 Ford 8000 Semi Truck tandem axle, Road Ranger RTO-11613-14613, manual transmission, high low PT...",Low,30,Inspected (contact sheet),https://d1ljvnrgb7j023.cloudfront.net/files/1/7c68765cf302230313c1/large,"Older red Ford 8000 tandem-axle semi truck, multiple chassis/cab photos; age, drivetrain and tires unverified.",Not researched,"Estimate removal, freight and local resale constraints | Locate dated exact-model completed sales; adjust for quantity, condition and selling venue | Calculate net margin and conditional hammer ceiling only after evidence",,,,,
18362,"1978 GMC 6500 Fuel Oil Truck 5-speed transmission with high low PTO, 27,500 lb. GVWR, V8 gas engine,...",Low,31,Inspected (contact sheet),https://d1ljvnrgb7j023.cloudfront.net/files/1/6914a2154e9cf579620e/large,Red/blue GMC fuel-oil delivery truck with large tank and pump equipment; tank integrity and environmental liability significant.,Not researched,"Identify defects and price necessary repairs | Estimate removal, freight and local resale constraints | Locate dated exact-model completed sales; adjust for quantity, condition and selling venue | Calculate net margin and conditional hammer ceiling only after evidence",,,,,
18364,"1990 White GMC Tandem Axle Dump Truck 22,675 lb. GVWR, 5,442 lb. front axle, 8,617 lb. first and rea...",Low,35,Inspected (contact sheet),https://d1ljvnrgb7j023.cloudfront.net/files/1/f959e1f1694a3260cef0/large,"Red/white White GMC tandem-axle dump truck, multiple body/chassis photos; rusty dump body and tires, hydraulics untested.",Not researched,"Identify defects and price necessary repairs | Estimate removal, freight and local resale constraints | Locate dated exact-model completed sales; adjust for quantity, condition and selling venue | Calculate net margin and conditional hammer ceiling only after evidence",,,,,
18365,"1998 Kenworth T800 B Dump Truck 46,000 lb. GVWR, front axle 12,000 lb., first intermediate axle 17,0...",Low,39,Inspected (contact sheet),https://d1ljvnrgb7j023.cloudfront.net/files/1/587873c927867ce4888d/large,"Red Kenworth T800B tandem-axle dump truck, many body/chassis photos; used heavy work-truck condition, mechanical/title checks needed.",Not researched,"Resolve identity/condition using existing source originals or in-person inspection | Estimate removal, freight and local resale constraints | Locate dated exact-model completed sales; adjust for quantity, condition and selling venue | Calculate net margin and conditional hammer ceiling only after evidence",,,,,
18366,"1990 Interstate T20DT Tag Trailer 10-ton, 201"" x 102"" wide load bed, steel and wood combination with...",Low,20,Batch 02: all catalog images reviewed,https://d1ljvnrgb7j023.cloudfront.net/files/1/cafe9025f8f73b66188d/large,"Ten-ton tandem-axle tilt trailer with air brake hose connections, pintle-style tongue and Michigan plate visible. Several central bed planks look absent/rotted and metal deck/ramps are rusty; verify documented title, tilt hydraulic condition, brake lines and suitable tow vehicle.",Not researched,"Resolve identity/condition using existing source originals or in-person inspection | Verify ratings, condition and applicable safety/title/pressure checks | Identify defects and price necessary repairs | Estimate removal, freight and local resale constraints | Locate dated exact-model completed sales; adjust for quantity, condition and selling venue | Calculate net margin and conditional hammer ceiling only after evidence",1100,3000,,,
18367,"1985 Dakota RC3017-C2 Trail EZE Equipment Trailer 69,870 lb. GVWR, approx. 260"" x 102"" wide wood and...",Low,22,Inspected (contact sheet),https://d1ljvnrgb7j023.cloudfront.net/files/1/08031cfea1cea4a4d764/large,"Long heavy equipment lowboy trailer, red deck and multi-axle running gear, extensive underside photos; brakes, deck and title unverified.",Not researched,"Verify ratings, condition and applicable safety/title/pressure checks | Estimate removal, freight and local resale constraints | Locate dated exact-model completed sales; adjust for quantity, condition and selling venue | Calculate net margin and conditional hammer ceiling only after evidence",,,,,
18368,"Clark Forklift (1) Clark LP lift truck, model C300Y40, S/N Y466-122-4387380, 4000 lb. capacity, 127""...",Low,21,Inspected (contact sheet),https://d1ljvnrgb7j023.cloudfront.net/files/1/632405dc4efcdcd4f45a/large,"Orange Clark LPG forklift with overhead guard and forks, extensive mast/engine/tire views; wear and unknown lifting function.",Not researched,"Resolve identity/condition using existing source originals or in-person inspection | Verify ratings, condition and applicable safety/title/pressure checks | Locate dated exact-model completed sales; adjust for quantity, condition and selling venue | Calculate net margin and conditional hammer ceiling only after evidence",,,,,
18369,"(1) custom built farm lift truck, gas powered, 305 Oldsmobile gas engine, automatic with order drive...",Low,21,Inspected (contact sheet),https://d1ljvnrgb7j023.cloudfront.net/files/1/8cf5562a0a7eada385ef/large,"Red custom farm lift truck with large wheels, exposed frame and forks; nonstandard build, inspect steering/brakes and structural integrity.",Not researched,"Resolve identity/condition using existing source originals or in-person inspection | Verify exact model, voltage, completeness and operation | Verify ratings, condition and applicable safety/title/pressure checks | Estimate removal, freight and local resale constraints | Locate dated exact-model completed sales; adjust for quantity, condition and selling venue | Calculate net margin and conditional hammer ceiling only after evidence",,,,,
18370,"Clark Forklift (1) Clark Yard Lift, model CFY150B, Type G, 15,000 lb. forklift, 4004 hours showing, ...",Low,22,Inspected (contact sheet),https://d1ljvnrgb7j023.cloudfront.net/files/1/922c53f27d4c06132d02/large,"Yellow Clark heavy-capacity forklift with substantial mast and large tires, many views; check mast chains, hydraulics and brakes.",Not researched,"Resolve identity/condition using existing source originals or in-person inspection | Verify ratings, condition and applicable safety/title/pressure checks | Estimate removal, freight and local resale constraints | Locate dated exact-model completed sales; adjust for quantity, condition and selling venue | Calculate net margin and conditional hammer ceiling only after evidence",,,,,
18371,"(1) Terex, model 72-41AA, articulated frame wheel loader, S/N 52324, operating load of 9000 lbs., 31...",Low,26,Inspected (contact sheet),https://d1ljvnrgb7j023.cloudfront.net/files/1/c7004589b853070db2fd/large,"Green Terex articulated wheel loader, exterior/cab/engine and tires photographed; used industrial condition, joint/hydraulic testing needed.",Not researched,"Estimate removal, freight and local resale constraints | Locate dated exact-model completed sales; adjust for quantity, condition and selling venue | Calculate net margin and conditional hammer ceiling only after evidence",,,,,
18372,"(1) 1999 Fiat Allis, model FR180.2, articulated frame wheel loader, enclosed cab, 4998 hours showing...",Low,28,Inspected (contact sheet),https://d1ljvnrgb7j023.cloudfront.net/files/1/0c0f5a991619a0430c81/large,"Orange Fiat-Allis articulated wheel loader, extensive cab/engine/axle photos; wear and heavy transport, verify hours and operation.",Not researched,"Resolve identity/condition using existing source originals or in-person inspection | Estimate removal, freight and local resale constraints | Locate dated exact-model completed sales; adjust for quantity, condition and selling venue | Calculate net margin and conditional hammer ceiling only after evidence",,,,,
18373,"(1) Terex, model 80-C articulated frame wheel loader, S/N 72857, rated payload 16,500 lbs., enclosed...",Low,35,Inspected (contact sheet),https://d1ljvnrgb7j023.cloudfront.net/files/1/241ba81f0b257813ddb3/large,"Large yellow Terex articulated wheel loader with bucket and heavy tires, many close-ups; wear, hydraulic leaks and drivetrain unknown.",Not researched,"Resolve identity/condition using existing source originals or in-person inspection | Identify defects and price necessary repairs | Estimate removal, freight and local resale constraints | Locate dated exact-model completed sales; adjust for quantity, condition and selling venue | Calculate net margin and conditional hammer ceiling only after evidence",,,,,
18374,"(1) 1990 Case 550 crawler dozer, 9688 hours showing, open station, ROPS canopy, 96"" 6-way blade, 16""...",Low,24,Inspected (contact sheet),https://d1ljvnrgb7j023.cloudfront.net/files/1/1b3dac279946b3c76b97/large,"Yellow Case 550 crawler dozer with front blade and exposed tracks, extensive undercarriage photos; track wear and hydraulics untested.",Not researched,"Estimate removal, freight and local resale constraints | Locate dated exact-model completed sales; adjust for quantity, condition and selling venue | Calculate net margin and conditional hammer ceiling only after evidence",,,,,
18375,"(1) 1996 Case 1150G crawler dozer, 690 hours showing, open station, ROPS canopy, 22"" single grouser ...",Low,26,Inspected (contact sheet),https://d1ljvnrgb7j023.cloudfront.net/files/1/6d201427ca9fb61cde12/large,"Yellow Case 1150G crawler dozer, open operator station and blade; extensive track/engine photos, verify hours and drivetrain.",Not researched,"Resolve identity/condition using existing source originals or in-person inspection | Estimate removal, freight and local resale constraints | Locate dated exact-model completed sales; adjust for quantity, condition and selling venue | Calculate net margin and conditional hammer ceiling only after evidence",,,,,
18376,"(1) 1981 Case 1150C crawler dozer, 8921 hours showing, foot pedal/joystick controls, open station, R...",Low,29,Inspected (contact sheet),https://d1ljvnrgb7j023.cloudfront.net/files/1/cb60584c9c36728f4690/large,"Yellow Case 1150C crawler dozer with blade, tracks and cab/operator controls pictured; undercarriage wear and running condition unverified.",Not researched,"Estimate removal, freight and local resale constraints | Locate dated exact-model completed sales; adjust for quantity, condition and selling venue | Calculate net margin and conditional hammer ceiling only after evidence",,,,,
18377,"(1) 1983 Case 1150C crawler dozer, 1399 hours showing, foot pedal/joystick controls, open station, R...",Low,30,Inspected (contact sheet),https://d1ljvnrgb7j023.cloudfront.net/files/1/e5ccefd519550de878b2/large,"Yellow Case 1150C crawler dozer, many chassis/track/engine photos; aging machine, inspect final drives and blade hydraulics.",Not researched,"Resolve identity/condition using existing source originals or in-person inspection | Estimate removal, freight and local resale constraints | Locate dated exact-model completed sales; adjust for quantity, condition and selling venue | Calculate net margin and conditional hammer ceiling only after evidence",,,,,
18378,"(1) 1994 Case 1150E long track crawler dozer, 8449 hours showing, foot pedal and joystick controls, ...",Low,30,Inspected (contact sheet),https://d1ljvnrgb7j023.cloudfront.net/files/1/cadae97123c38f28fffa/large,"Yellow Case 1150E long-track crawler dozer, multiple undercarriage/engine photos; verify operating hours and track wear.",Not researched,"Resolve identity/condition using existing source originals or in-person inspection | Estimate removal, freight and local resale constraints | Locate dated exact-model completed sales; adjust for quantity, condition and selling venue | Calculate net margin and conditional hammer ceiling only after evidence",,,,,
18379,"(1) 1982 Case 1450B crawler dozer, open station, ROPS canopy, 8309 hours showing, food pedal and joy...",Low,33,Inspected (contact sheet),https://d1ljvnrgb7j023.cloudfront.net/files/1/4206141a926f549e751c/large,"Yellow Case 1450B crawler dozer, many blade/track and powertrain views; worn work-machine condition, operation unknown.",Not researched,"Resolve identity/condition using existing source originals or in-person inspection | Estimate removal, freight and local resale constraints | Locate dated exact-model completed sales; adjust for quantity, condition and selling venue | Calculate net margin and conditional hammer ceiling only after evidence",,,,,
18380,"(1) 2013 John Deere 700K LGP dozer, enclosed cab, A/C and heat, joystick control, push button start,...",Low,29,Inspected (contact sheet),https://d1ljvnrgb7j023.cloudfront.net/files/1/afb5c58396df7e8b7608/large,"Large yellow John Deere 700K LGP enclosed-cab crawler dozer, detailed cab and track views; costly drivetrain/undercarriage inspection essential.",Not researched,"Resolve identity/condition using existing source originals or in-person inspection | Estimate removal, freight and local resale constraints | Locate dated exact-model completed sales; adjust for quantity, condition and selling venue | Calculate net margin and conditional hammer ceiling only after evidence",,,,,
18384,"(1) Ohio Central Steel Company screen machine, model 45D46-3-3458, Lister engine #FNT803105*300-1739...",Low,19,Inspected (contact sheet),https://d1ljvnrgb7j023.cloudfront.net/files/1/ae8598645921816c37c7/large,Large green Ohio Central Steel screening machine with steel deck and conveyor components; rust/wear and engine operation unverified.,Not researched,"Identify defects and price necessary repairs | Locate dated exact-model completed sales; adjust for quantity, condition and selling venue | Calculate net margin and conditional hammer ceiling only after evidence",,,,,
18385,"(1) steel grizzly box, approx. 128"" length x 64"" depth x 88"" to top, 3 3/4"" spacing in between bars,...",Low,7,Inspected (contact sheet),https://d1ljvnrgb7j023.cloudfront.net/files/1/f27b5afb1aa0e227215f/large,"Heavy rusted steel grizzly box with wide-spaced top bars, photographed outdoors; inspect bent bars, cracked welds and lifting.",Not researched,"Resolve identity/condition using existing source originals or in-person inspection | Identify defects and price necessary repairs | Locate dated exact-model completed sales; adjust for quantity, condition and selling venue | Calculate net margin and conditional hammer ceiling only after evidence",,,,,
18386,"(1) steel grizzly box, approx. 132.5"" length x 64"" depth x 106"" to top, 5.5"" spacing in between bars...",Low,7,Inspected (contact sheet),https://d1ljvnrgb7j023.cloudfront.net/files/1/42d1962e44540137b97b/large,"Second heavy steel grizzly box with slotted top bars, weathered and rusty; inspect structural integrity and loading.",Not researched,"Resolve identity/condition using existing source originals or in-person inspection | Identify defects and price necessary repairs | Locate dated exact-model completed sales; adjust for quantity, condition and selling venue | Calculate net margin and conditional hammer ceiling only after evidence",,,,,
18387,"(1) steel grizzly box, approx. 150"" length x 70"" depth x 104"" to top, 12"" spacing in between bars, w...",Low,7,Inspected (contact sheet),https://d1ljvnrgb7j023.cloudfront.net/files/1/76b1081264e91a21d819/large,"Third large steel grizzly box with wider bars and support frame, surface rust; heavy rigging required.",Not researched,"Identify defects and price necessary repairs | Locate dated exact-model completed sales; adjust for quantity, condition and selling venue | Calculate net margin and conditional hammer ceiling only after evidence",,,,,
18388,"(1) Turner Tillage Pit Style offset disc harrow, adjustable, approx. 10', winning bidder responsible...",Low,9,Inspected (contact sheet),https://d1ljvnrgb7j023.cloudfront.net/files/1/d3229a31561267245376/large,"Rusty Turner Tillage offset disc harrow with multiple disc gangs and wheels in grass; bearings, blades and transport unverified.",Not researched,"Count exact included models, quantities and accessories | Identify defects and price necessary repairs | Estimate removal, freight and local resale constraints | Locate dated exact-model completed sales; adjust for quantity, condition and selling venue | Calculate net margin and conditional hammer ceiling only after evidence",,,,,
18457,Large lot of assorted grease guns.,Low,5,Original photos examined (10-lot full-image pass),https://d1ljvnrgb7j023.cloudfront.net/files/1/f88db4c15afba7d58f46/large,"Five original images examined. Bin of approximately ten mixed manual grease guns with rigid and flexible hoses; oxidation, old grease and mismatched couplers; pump seals untested. Bulk/local resale only.",Not researched,"Count exact included models, quantities and accessories | Estimate removal, freight and local resale constraints | Locate dated exact-model completed sales; adjust for quantity, condition and selling venue | Calculate net margin and conditional hammer ceiling only after evidence",30,90,,,
18465,Set of (3) various air needle scale removers with a new Central Pneumatic 19-piece needle scaler rep...,Low,6,Batch 05: all source photographs inspected,https://d1ljvnrgb7j023.cloudfront.net/files/1/dc86aad7af1e3aaad3fc/large,Three older pneumatic needle scaler/air chisel bodies including one labeled Soiler and boxed Central Pneumatic replacement needles. Worn housings and uncertain needle completeness. Test air consumption and replacement-part fit.,Not researched,"Count exact included models, quantities and accessories | Estimate removal, freight and local resale constraints | Locate dated exact-model completed sales; adjust for quantity, condition and selling venue | Calculate net margin and conditional hammer ceiling only after evidence",85,225,,,
18466,"Set of Facom #76803, 5-piece starter punch set, (1) Mayhew Pro #62065, long pin punch set, both with...",Low,7,Batch 05: all source photographs inspected,https://d1ljvnrgb7j023.cloudfront.net/files/1/cc0f13478dc6145cb84b/large,"Mixed FACOM punches and Greenfield numbered metal stamp sets, plus older loose steel punches in cardboard tray. Multiple branded sets appear partial; verify letter/number counts, sizes and undamaged striking heads.",Not researched,"Resolve identity/condition using existing source originals or in-person inspection | Count exact included models, quantities and accessories | Identify defects and price necessary repairs | Locate dated exact-model completed sales; adjust for quantity, condition and selling venue | Calculate net margin and conditional hammer ceiling only after evidence",55,155,,,
18467,"Lot including (1) make and model unknown 3/8"" drive air impact tool, (1) make and model unknown 3/8""...",Low,6,Original photos examined (10-lot full-image pass),https://d1ljvnrgb7j023.cloudfront.net/files/1/4288f6a1afbb959a1927/large,"Six original images examined. Four used pneumatic tools: pistol impact, ratchet, reciprocating saw and pistol air tool, all heavily scratched; fittings visible. Air operation and maker/model of each tool unverified.",Not researched,"Count exact included models, quantities and accessories | Locate dated exact-model completed sales; adjust for quantity, condition and selling venue | Calculate net margin and conditional hammer ceiling only after evidence",40,120,,,
18468,"(1) Ingersoll-Rand, model unknown, 3/8"" drive air impact tool, and (1) Ingersoll-Rand, model 2235, 3...",Low,4,40-lot verified batch 01: contact sheet reviewed,https://d1ljvnrgb7j023.cloudfront.net/files/1/24ec637db942630b443d/large,Two older gray Ingersoll-Rand air impacts and a short hose are photographed. Both show grime/used housings; the exact model and drive size of each require a nameplate check and air test.,Not researched,"Resolve identity/condition using existing source originals or in-person inspection | Locate dated exact-model completed sales; adjust for quantity, condition and selling venue | Calculate net margin and conditional hammer ceiling only after evidence",95,225,,,
18471,"(1) Fowler, item #52-483-888, deburring kit with case, (1) Central Pneumatic 1/4"" air angle die grin...",Low,6,Original photos examined (10-lot full-image pass),https://d1ljvnrgb7j023.cloudfront.net/files/1/3074252e09b1ac7cba61/large,"Six original images examined. Fowler 52-483-888 deburring kit in red fitted case, multiple blade recesses appear empty; Blue Point AT157R 3-inch reversible cut-off tool with guard, two other air grinders and boxed tool. Worn boxes; all untested.",Not researched,"Locate dated exact-model completed sales; adjust for quantity, condition and selling venue | Calculate net margin and conditional hammer ceiling only after evidence",45,120,,,
18472,"(1) Dremel, model 290, electric engraver, and (5) Central Pneumatic 1/4"" air angle die grinders.",Low,5,Original photos examined (10-lot full-image pass),https://d1ljvnrgb7j023.cloudfront.net/files/1/cc85548225d7c1a12a15/large,"Five original images examined. Dremel electric engraver in older blue box and five used Central Pneumatic angle/straight pneumatic grinders; several have mounted abrasive wheels, visibly worn housings and dirty fittings.",Not researched,"Verify exact model, voltage, completeness and operation | Estimate removal, freight and local resale constraints | Locate dated exact-model completed sales; adjust for quantity, condition and selling venue | Calculate net margin and conditional hammer ceiling only after evidence",40,100,,,
18473,"(1) Central Pneumatic, item #01704, 90 PSI/3700 SPM air file, (1) Central Pneumatic, item #60627, 3/...",Low,5,Original photos examined (10-lot full-image pass),https://d1ljvnrgb7j023.cloudfront.net/files/1/277a6f8ba88d0b1e01a5/large,"Five original images examined. Central Pneumatic pneumatic air file, narrow belt sander, two die grinders and packaged sanding belts; worn housings and visible loose accessories. Test file/belt tracking and air leaks.",Not researched,"Identify defects and price necessary repairs | Estimate removal, freight and local resale constraints | Locate dated exact-model completed sales; adjust for quantity, condition and selling venue | Calculate net margin and conditional hammer ceiling only after evidence",35,90,,,
18474,"Lot of (6) Central Pneumatic, 1/4"" air die grinders.",Low,4,Original photos examined (10-lot full-image pass),https://d1ljvnrgb7j023.cloudfront.net/files/1/c805a67c68cf41535857/large,"Four original images examined. Six used Central Pneumatic/CP-style straight pneumatic die grinders with various mounted stones and burrs; dirty housings, visibly used bits and untested air motors.",Not researched,"Count exact included models, quantities and accessories | Verify exact model, voltage, completeness and operation | Estimate removal, freight and local resale constraints | Locate dated exact-model completed sales; adjust for quantity, condition and selling venue | Calculate net margin and conditional hammer ceiling only after evidence",40,110,,,
18475,"Lot including (3) Central Pneumatic, 1/4"" die grinders, (1) Central Pneumatic, model unknown, air di...",Low,6,Original photos examined (10-lot full-image pass),https://d1ljvnrgb7j023.cloudfront.net/files/1/1c4173bec5558d77604e/large,"Six original images examined. Six mixed straight and angled pneumatic die grinders, including a black angle unit, mounted abrasive/wire wheels and dirty air fittings; significant visible shop use.",Not researched,"Count exact included models, quantities and accessories | Verify exact model, voltage, completeness and operation | Estimate removal, freight and local resale constraints | Locate dated exact-model completed sales; adjust for quantity, condition and selling venue | Calculate net margin and conditional hammer ceiling only after evidence",35,100,,,
18476,"(1) 1/2-ton capacity, and (1) 1-ton capacity plate lifters, and (2) mechanical plate lifters.",Low,7,Original photos examined (10-lot full-image pass),https://d1ljvnrgb7j023.cloudfront.net/files/1/e56cac5f63ce1c1438a0/large,"Seven original images examined. Multiple heavy plate-lifting clamps with eyelets and articulated gripping jaws; widespread rust and worn painted bodies, markings partially legible. No current load-rating or inspection record established.",Not researched,"Resolve identity/condition using existing source originals or in-person inspection | Verify ratings, condition and applicable safety/title/pressure checks | Identify defects and price necessary repairs | Estimate removal, freight and local resale constraints | Locate dated exact-model completed sales; adjust for quantity, condition and selling venue | Calculate net margin and conditional hammer ceiling only after evidence",20,70,,,
18479,"(2) boxes of assorted files, some with custom golf ball handles.",Low,7,Original photos examined (10-lot full-image pass),https://d1ljvnrgb7j023.cloudfront.net/files/1/27b08b2f0ade9054dc3f/large,"Seven original images examined. Two full cartons of numerous large metalworking files and rasps, some packaged Nicholson/SuperTanium and many with improvised white golf-ball handles. Mixed used teeth and some oxidation.",Not researched,"Count exact included models, quantities and accessories | Estimate removal, freight and local resale constraints | Locate dated exact-model completed sales; adjust for quantity, condition and selling venue | Calculate net margin and conditional hammer ceiling only after evidence",40,120,,,
18480,"(2) boxes of assorted files, some with custom golf ball handles.",Low,6,Original photos examined (10-lot full-image pass),https://d1ljvnrgb7j023.cloudfront.net/files/1/c1805d853137effeb0e6/large,"Six original images examined. Second two-carton lot of assorted long metalworking files, narrow round files and rasps with improvised golf-ball handles. Most unboxed and worn; inspect teeth before splitting.",Not researched,"Resolve identity/condition using existing source originals or in-person inspection | Count exact included models, quantities and accessories | Estimate removal, freight and local resale constraints | Locate dated exact-model completed sales; adjust for quantity, condition and selling venue | Calculate net margin and conditional hammer ceiling only after evidence",35,100,,,
18483,Lot of assorted snap ring pliers.,Low,8,Original photos examined (10-lot full-image pass),https://d1ljvnrgb7j023.cloudfront.net/files/1/cc3eea549937d1e589f9/large,"Eight original images examined. Large assortment of mostly red-handled snap-ring pliers in straight, bent and specialty tip patterns, plus some locking pliers. Several visible K-D and other maker marks; many tips appear used and some sets unmatched.",Not researched,"Count exact included models, quantities and accessories | Estimate removal, freight and local resale constraints | Locate dated exact-model completed sales; adjust for quantity, condition and selling venue | Calculate net margin and conditional hammer ceiling only after evidence",60,160,,,
18484,"(1) Kal Equip #2204, digital multimeter with case.",Low,4,Original photos examined (10-lot full-image pass),https://d1ljvnrgb7j023.cloudfront.net/files/1/55ff378b8bcb6f489491/large,"Four original images examined. Kal Equip 2204 automotive digital multimeter with original manual, red and black test leads and soft zip pouch. Display is blank in photos; battery compartment, lead insulation and calibration untested.",Not researched,"Estimate removal, freight and local resale constraints | Locate dated exact-model completed sales; adjust for quantity, condition and selling venue | Calculate net margin and conditional hammer ceiling only after evidence",10,35,,,
18485,"Lot of assorted pick sets, and picks.",Low,6,Inspected (contact sheet),https://d1ljvnrgb7j023.cloudfront.net/files/1/0d503437893886dd8a88/large,"Assorted hook, pick and probe tools, some packaged, with green and dark handles; check bent tips.",Not researched,"Resolve identity/condition using existing source originals or in-person inspection | Count exact included models, quantities and accessories | Estimate removal, freight and local resale constraints | Locate dated exact-model completed sales; adjust for quantity, condition and selling venue | Calculate net margin and conditional hammer ceiling only after evidence",15,45,,,
18486,(1) Lang internal and external retaining ring tool kit with plastic case.,Low,7,Batch 03: contact sheet visually reviewed,https://d1ljvnrgb7j023.cloudfront.net/files/1/abd0ed648636bba66ed5/large,"Lang Model 87 large internal/external retaining-ring plier kit pictured in fitted black case with interchangeable tips. It appears substantially present but some molded recesses may be empty. Check hinge action, all tip sizes and case before using a complete-kit comparable.",Not researched,"Resolve identity/condition using existing source originals or in-person inspection | Locate dated exact-model completed sales; adjust for quantity, condition and selling venue | Calculate net margin and conditional hammer ceiling only after evidence",35,80,,,
18489,Lot of (5) various rubber handle prying and scraping tools.,Low,5,Inspected (contact sheet),https://d1ljvnrgb7j023.cloudfront.net/files/1/6abc18cc2a00bdb5eab0/large,"Five red/black handled pry/scraper tools, steel shafts; handles used and tips worn.",Not researched,"Count exact included models, quantities and accessories | Locate dated exact-model completed sales; adjust for quantity, condition and selling venue | Calculate net margin and conditional hammer ceiling only after evidence",15,45,,,
18490,Lot of assorted vise grip style welding clamps.,Low,13,Batch 03: contact sheet visually reviewed,https://d1ljvnrgb7j023.cloudfront.net/files/1/f5ff4ddbc077df68641c/large,"More than ten mixed locking welding clamps and vise-grip-style tools are grouped in a large box. Many have heavy oxidation, dinged jaws and thread grime; some smaller pliers may be useful for personal fabrication. Test every clamp's adjusting screw and lock.",Not researched,"Count exact included models, quantities and accessories | Locate dated exact-model completed sales; adjust for quantity, condition and selling venue | Calculate net margin and conditional hammer ceiling only after evidence",70,205,,,
18491,"(1) approx. 60"" crow bar, and (2) approx. 60"" pry bars (1 with handle).",Low,5,Inspected (contact sheet),https://d1ljvnrgb7j023.cloudfront.net/files/1/cf2f8988fd354f784b9b/large,"Three long steel pry bars/crowbars, one capped handle; inspect bends and cracks.",Not researched,"Resolve identity/condition using existing source originals or in-person inspection | Estimate removal, freight and local resale constraints | Locate dated exact-model completed sales; adjust for quantity, condition and selling venue | Calculate net margin and conditional hammer ceiling only after evidence",20,55,,,
18493,Set of (3) portable LED lights with magnetic base.,Low,7,Inspected (contact sheet),https://d1ljvnrgb7j023.cloudfront.net/files/1/3b7c27c7478aa165d1e4/large,Box of three portable magnetic-base LED work lights with power leads; batteries/chargers and illumination untested.,Not researched,"Count exact included models, quantities and accessories | Estimate removal, freight and local resale constraints | Locate dated exact-model completed sales; adjust for quantity, condition and selling venue | Calculate net margin and conditional hammer ceiling only after evidence",25,75,,,
18494,Lot of assorted Helicoil thread repair kit items.,Low,8,Batch 05: all source photographs inspected,https://d1ljvnrgb7j023.cloudfront.net/files/1/936d336947cbb543226c/large,"Several aged Heli-Coil thread-repair blister kits with partly cloudy and worn packaging; inserts, taps and drivers not all individually confirmed. Check thread size, packaging completeness and corrosion; slow to sell as mixed old stock.",Not researched,"Resolve identity/condition using existing source originals or in-person inspection | Count exact included models, quantities and accessories | Estimate removal, freight and local resale constraints | Locate dated exact-model completed sales; adjust for quantity, condition and selling venue | Calculate net margin and conditional hammer ceiling only after evidence",45,130,,,
18495,Lot of assorted nut drivers.,Low,5,Inspected (contact sheet),https://d1ljvnrgb7j023.cloudfront.net/files/1/f170eef42620bda6ef3e/large,Box of assorted nut drivers with red/black and blue handles; sizes and socket wear mixed.,Not researched,"Count exact included models, quantities and accessories | Estimate removal, freight and local resale constraints | Locate dated exact-model completed sales; adjust for quantity, condition and selling venue | Calculate net margin and conditional hammer ceiling only after evidence",20,60,,,
18500,"Lot of assorted screw extractor tools with (2) Irwin nut driver sets, and miscellaneous other items.",Low,9,Inspected (contact sheet),https://d1ljvnrgb7j023.cloudfront.net/files/1/58bb6b9a80af4a6b60ed/large,"Bulk machinist/tooling assortment including blue cased socket-style tools, numerous knurled metal pieces, large drill bits and SuperTanium-marked cutting tools. Some cutting edges rusty and contents mixed; identify exact tooling sizes and intended use before valuing.",Not researched,"Count exact included models, quantities and accessories | Identify defects and price necessary repairs | Estimate removal, freight and local resale constraints | Locate dated exact-model completed sales; adjust for quantity, condition and selling venue | Calculate net margin and conditional hammer ceiling only after evidence",,,,,
18502,Lot of assorted hitch pins.,Low,7,Inspected (contact sheet),https://d1ljvnrgb7j023.cloudfront.net/files/1/62e3b8fb4859958ea01f/large,"Box of assorted large hitch pins, clevis hardware and chains; corrosion and mixed sizes.",Not researched,"Count exact included models, quantities and accessories | Estimate removal, freight and local resale constraints | Locate dated exact-model completed sales; adjust for quantity, condition and selling venue | Calculate net margin and conditional hammer ceiling only after evidence",25,70,,,
18504,Lot of (3) assorted Pex or water pipe cutters.,Low,5,Batch 03: contact sheet visually reviewed,https://d1ljvnrgb7j023.cloudfront.net/files/1/7ea820a2562cc193554e/large,"Three used ratcheting plastic/PEX pipe cutters with orange, black and silver handles pictured in one box. Blades and pivots are not shown under cutting load. Verify full blade travel and cutting edge before paying for parts that may need replacement.",Not researched,"Resolve identity/condition using existing source originals or in-person inspection | Count exact included models, quantities and accessories | Locate dated exact-model completed sales; adjust for quantity, condition and selling venue | Calculate net margin and conditional hammer ceiling only after evidence",35,90,,,
18505,"Lot of assorted channel lock pliers, (1) wire cutter, and pliers.",Low,5,Inspected (contact sheet),https://d1ljvnrgb7j023.cloudfront.net/files/1/1a93fe28c3cf016d6883/large,"Several adjustable tongue-and-groove pliers and red-handled cutters; mixed brands, worn teeth.",Not researched,"Count exact included models, quantities and accessories | Estimate removal, freight and local resale constraints | Locate dated exact-model completed sales; adjust for quantity, condition and selling venue | Calculate net margin and conditional hammer ceiling only after evidence",25,75,,,
18506,"(1) Hemf loader tire remover/mounting tool, model EM8-75.",Low,5,Inspected (contact sheet),https://d1ljvnrgb7j023.cloudfront.net/files/1/f543116a0a9f831d2140/large,Yellow heavy equipment tire mounting/removal tool with long tubular extension; battered paint and heavy lifting requirement.,Not researched,"Estimate removal, freight and local resale constraints | Locate dated exact-model completed sales; adjust for quantity, condition and selling venue | Calculate net margin and conditional hammer ceiling only after evidence",25,90,,,
18507,"(1) Lawson Products universal internal and external thread restorer, 5-piece combination set, #57588...",Low,5,Batch 03: contact sheet visually reviewed,https://d1ljvnrgb7j023.cloudfront.net/files/1/1c92eaad50afdccda213/large,"Orange Lawson #57588 hard case is open with both internal/external thread-restorer fixtures, guide bars, adapters and printed guide apparently present. Case/tooling looks dirty but reasonably organized. Verify cutter edges and match every piece to the case diagram; photographed completeness is better than a loose partial kit.",Not researched,"Resolve identity/condition using existing source originals or in-person inspection | Count exact included models, quantities and accessories | Estimate removal, freight and local resale constraints | Locate dated exact-model completed sales; adjust for quantity, condition and selling venue | Calculate net margin and conditional hammer ceiling only after evidence",80,185,,,
18511,"Lot of assorted inspection equipment, includes pin gauges, small hole gauges, depth micrometers, mic...",Low,17,40-lot verified batch 01: contact sheet reviewed,https://d1ljvnrgb7j023.cloudfront.net/files/1/29cc4e9d475a5adf7fbb/large,"Large assortment of micrometers, dial indicators, internal gauges and cases, some with visible old labels and grime. Multiple measuring instruments may be useful, but calibration/rust/complete kit status unproven.",Not researched,"Count exact included models, quantities and accessories | Identify defects and price necessary repairs | Estimate removal, freight and local resale constraints | Locate dated exact-model completed sales; adjust for quantity, condition and selling venue | Calculate net margin and conditional hammer ceiling only after evidence",115,335,,,
18512,"Lot of assorted vise grips, needle nose pliers, and more.",Low,6,Inspected (contact sheet),https://d1ljvnrgb7j023.cloudfront.net/files/1/bdcd5a0ffc2ff1ce72c5/large,"Assorted locking pliers, cutters and needle-nose tools laid out; worn grips and jaw alignment uncertain.",Not researched,"Count exact included models, quantities and accessories | Locate dated exact-model completed sales; adjust for quantity, condition and selling venue | Calculate net margin and conditional hammer ceiling only after evidence",35,95,,,
18517,"(1) Nailers fall protection compliance kit, size Large to XL.",Low,6,Inspected (contact sheet),https://d1ljvnrgb7j023.cloudfront.net/files/1/25082c3534d2a518451a/large,Blue harness and rope/lanyard fall-protection kit with labels and packaging; safety-critical inspection and expiry/history unknown.,Not researched,"Resolve identity/condition using existing source originals or in-person inspection | Estimate removal, freight and local resale constraints | Locate dated exact-model completed sales; adjust for quantity, condition and selling venue | Calculate net margin and conditional hammer ceiling only after evidence",10,45,,,
18519,"(1) oxygen cylinder, approx. 50"" tall x 8"" diameter, tank is empty.",Low,4,Inspected (contact sheet),https://d1ljvnrgb7j023.cloudfront.net/files/1/eb5f37c5be3ef208265c/large,"Tall green oxygen cylinder with hazard label and surface scuffs; empty per catalog, ownership and hydro-test unknown.",Not researched,"Resolve identity/condition using existing source originals or in-person inspection | Verify ratings, condition and applicable safety/title/pressure checks | Locate dated exact-model completed sales; adjust for quantity, condition and selling venue | Calculate net margin and conditional hammer ceiling only after evidence",0,45,,,
18520,"(1) oxygen cylinder, approx. 42"" tall x 6"" diameter, tank is full.",Low,5,Inspected (contact sheet),https://d1ljvnrgb7j023.cloudfront.net/files/1/e692f1cc1a862261fe17/large,"Shorter green oxygen cylinder, visibly weathered; catalog states full, verify ownership, valve and test date.",Not researched,"Resolve identity/condition using existing source originals or in-person inspection | Verify ratings, condition and applicable safety/title/pressure checks | Locate dated exact-model completed sales; adjust for quantity, condition and selling venue | Calculate net margin and conditional hammer ceiling only after evidence",0,75,,,
18521,"(1) oxygen cylinder, approx. 42"" tall x 6"" diameter, tank is empty.",Low,6,Inspected (contact sheet),https://d1ljvnrgb7j023.cloudfront.net/files/1/40dd974d1f142e9fd2a7/large,"Green oxygen cylinder with worn paint and oxygen marking; empty per catalog, hydro-test and ownership unknown.",Not researched,"Resolve identity/condition using existing source originals or in-person inspection | Verify ratings, condition and applicable safety/title/pressure checks | Locate dated exact-model completed sales; adjust for quantity, condition and selling venue | Calculate net margin and conditional hammer ceiling only after evidence",0,45,,,
18525,"Lot of (2) large pulley pullers, (1) 3-hook pulley puller, approx. 15"" long hooks, (1) 2-hook, appro...",Low,6,Inspected (contact sheet),https://d1ljvnrgb7j023.cloudfront.net/files/1/65c0f739fde15c5d5c89/large,Two large mechanical pulley/bearing pullers with heavy hooks and screw spindles; rust and thread condition unknown.,Not researched,"Resolve identity/condition using existing source originals or in-person inspection | Count exact included models, quantities and accessories | Identify defects and price necessary repairs | Estimate removal, freight and local resale constraints | Locate dated exact-model completed sales; adjust for quantity, condition and selling venue | Calculate net margin and conditional hammer ceiling only after evidence",30,100,,,
18526,"Lot of (9) assorted fire extinguishers, all are approx. 12"" tall.",Low,4,Inspected (contact sheet),https://d1ljvnrgb7j023.cloudfront.net/files/1/81843c4ac1a1b1c7089f/large,"Nine used red fire extinguishers in open cabinet; old inspection tags and charge status unverified, disposal may be required.",Not researched,"Resolve identity/condition using existing source originals or in-person inspection | Count exact included models, quantities and accessories | Estimate removal, freight and local resale constraints | Locate dated exact-model completed sales; adjust for quantity, condition and selling venue | Calculate net margin and conditional hammer ceiling only after evidence",0,45,,,
18527,"Lot of assorted pulley puller items, parts, washers, nuts, thread rod, and more.",Low,11,Batch 05: all source photographs inspected,https://d1ljvnrgb7j023.cloudfront.net/files/1/ac34e76da01e03bb156c/large,"Long shop workbench holds many specialized puller arms, separator jaws, forcing screws, threaded shafts, two red metal cases and storage drawers. Many pieces mixed or scattered, some surfaces oxidized. Confirm bench/cabinet inclusion and assemble complete puller configurations before valuing.",Not researched,"Count exact included models, quantities and accessories | Estimate removal, freight and local resale constraints | Locate dated exact-model completed sales; adjust for quantity, condition and selling venue | Calculate net margin and conditional hammer ceiling only after evidence",280,850,,,
18528,"(1) Sheldon metal cabinet, 36"" wide x 23.5"" deep x 34"" tall, with contents of assorted starters, wor...",Low,12,Batch 05: all source photographs inspected,https://d1ljvnrgb7j023.cloudfront.net/files/1/5b376161d0149488de04/large,"Metal cabinet with multiple dusty used truck starters and solenoids plus numerous aged boxes labeled 12V, 24V and used. Most motors are untested cores with dirty castings; value depends on exact application numbers and successful bench testing.",Not researched,"Count exact included models, quantities and accessories | Estimate removal, freight and local resale constraints | Locate dated exact-model completed sales; adjust for quantity, condition and selling venue | Calculate net margin and conditional hammer ceiling only after evidence",180,550,,,
18530,"(1) wood work bench, 114"" long x approx. 30"" deep x 33"" tall, includes 5"" Wilton bench vise, and man...",Low,7,Batch 02: all catalog images reviewed,https://d1ljvnrgb7j023.cloudfront.net/files/1/697b685f3691be494ba6/large,"Very long worn wooden workbench with five-inch Wilton vise and wall/bench-mounted manual air-hose reel. Vise jaw faces visibly battered and top has severe wear; loose tools, cylinders and items around the bench are NOT included per catalog.",Not researched,"Identify defects and price necessary repairs | Locate dated exact-model completed sales; adjust for quantity, condition and selling venue | Calculate net margin and conditional hammer ceiling only after evidence",140,345,,,
18531,"Lot of assorted safety triangles (with case), and approx. (4) sets of jumper cables.",Low,5,Inspected (contact sheet),https://d1ljvnrgb7j023.cloudfront.net/files/1/ba548143e0b0ca986ea3/large,Multiple red safety-triangle cases and coiled jumper cables on shelf; inspect reflective panels and cable clamps.,Not researched,"Resolve identity/condition using existing source originals or in-person inspection | Count exact included models, quantities and accessories | Estimate removal, freight and local resale constraints | Locate dated exact-model completed sales; adjust for quantity, condition and selling venue | Calculate net margin and conditional hammer ceiling only after evidence",25,85,,,
18536,Lot of (4) vintage jack stands.,Low,6,Inspected (contact sheet),https://d1ljvnrgb7j023.cloudfront.net/files/1/acc8d85493579f996f1a/large,Four aged mechanical screw-type jack stands with surface rust and wear; safety inspection essential.,Not researched,"Resolve identity/condition using existing source originals or in-person inspection | Count exact included models, quantities and accessories | Verify ratings, condition and applicable safety/title/pressure checks | Identify defects and price necessary repairs | Estimate removal, freight and local resale constraints | Locate dated exact-model completed sales; adjust for quantity, condition and selling venue | Calculate net margin and conditional hammer ceiling only after evidence",0,45,,,
18537,Lot of (2) tractor top links.,Low,4,Batch 05: all source photographs inspected,https://d1ljvnrgb7j023.cloudfront.net/files/1/50bb81310e37a45acaa0/large,"Pair of long rusty mechanical adjustable support jacks with eyelet ends and threaded sections. Check full screw travel, threads, pin retention and load rating before structural support use.",Not researched,"Resolve identity/condition using existing source originals or in-person inspection | Count exact included models, quantities and accessories | Identify defects and price necessary repairs | Estimate removal, freight and local resale constraints | Locate dated exact-model completed sales; adjust for quantity, condition and selling venue | Calculate net margin and conditional hammer ceiling only after evidence",45,135,,,
18538,"(1) Ingersoll-Rand 1"" pneumatic impact gun, and (1) Ingersoll-Rand 3/4"" impact gun.",Low,6,40-lot verified batch 01: contact sheet reviewed,https://d1ljvnrgb7j023.cloudfront.net/files/1/bbece1fe913473b89a71/large,"Two large Ingersoll-Rand impacts are visibly dirty, with substantial finish wear and some oxidized surfaces. No test under adequate air pressure; price reflects repair and slow freight risk.",Not researched,"Estimate removal, freight and local resale constraints | Locate dated exact-model completed sales; adjust for quantity, condition and selling venue | Calculate net margin and conditional hammer ceiling only after evidence",150,400,,,
18539,"Lot of assorted propane tanks with heating heads, and (1) Weller soldering gun.",Low,7,Inspected (contact sheet),https://d1ljvnrgb7j023.cloudfront.net/files/1/ee8f00599a44cd6e7e3f/large,"Assorted small propane heaters, torch heads and soldering equipment in mixed shelf bins; cylinder contents and operation unknown.",Not researched,"Resolve identity/condition using existing source originals or in-person inspection | Count exact included models, quantities and accessories | Verify ratings, condition and applicable safety/title/pressure checks | Estimate removal, freight and local resale constraints | Locate dated exact-model completed sales; adjust for quantity, condition and selling venue | Calculate net margin and conditional hammer ceiling only after evidence",15,65,,,
18541,(1) Kar Products electric wire reel stand with assorted size wire.,Low,10,Batch 05: all source photographs inspected,https://d1ljvnrgb7j023.cloudfront.net/files/1/794be978ff918980b093/large,"Large KAR Products wall wire rack with multiple spools of gray, black, red and light-colored wire and loose coils on floor. Wire gauge, alloy, insulation ratings and usable remaining lengths unknown; rack and bulk local utility value dominate.",Not researched,"Resolve identity/condition using existing source originals or in-person inspection | Count exact included models, quantities and accessories | Verify exact model, voltage, completeness and operation | Estimate removal, freight and local resale constraints | Locate dated exact-model completed sales; adjust for quantity, condition and selling venue | Calculate net margin and conditional hammer ceiling only after evidence",130,395,,,
18542,"Contents of 2 shelves, includes assorted duct tape, electrical tape, (2) hand staplers with staples,...",Low,10,Inspected (contact sheet),https://d1ljvnrgb7j023.cloudfront.net/files/1/4c35b8f31550b322575b/large,"Shelves of mixed tape, staples, staplers and small hardware; aged consumables and incomplete packages.",Not researched,"Count exact included models, quantities and accessories | Verify exact model, voltage, completeness and operation | Identify defects and price necessary repairs | Estimate removal, freight and local resale constraints | Locate dated exact-model completed sales; adjust for quantity, condition and selling venue | Calculate net margin and conditional hammer ceiling only after evidence",25,110,,,
18544,"Lot of (3) 4-drawer parts organizers with contents including square keys, woodruff keys, cable ties,...",Low,15,Batch 02: all catalog images reviewed,https://d1ljvnrgb7j023.cloudfront.net/files/1/335ffbbd1428b04f3829/large,"Three similar labeled organizers display many keys, cable ties, lugs, terminal hardware, hose connections and assorted small pieces. Mixed old stock and some unfilled cavities; inspect corrosion and whether cabinets slide freely.",Not researched,"Resolve identity/condition using existing source originals or in-person inspection | Count exact included models, quantities and accessories | Locate dated exact-model completed sales; adjust for quantity, condition and selling venue | Calculate net margin and conditional hammer ceiling only after evidence",155,370,,,
18546,"(1) custom made, rotating lazy Susan style aerosol spray paint organizer/dispenser with assorted aer...",Low,6,Inspected (contact sheet),https://d1ljvnrgb7j023.cloudfront.net/files/1/a9e30ddf6f358d4f58b1/large,Tall revolving metal aerosol organizer with many assorted spray cans; aged/unknown contents and hazardous disposal risk.,Not researched,"Resolve identity/condition using existing source originals or in-person inspection | Count exact included models, quantities and accessories | Estimate removal, freight and local resale constraints | Locate dated exact-model completed sales; adjust for quantity, condition and selling venue | Calculate net margin and conditional hammer ceiling only after evidence",15,85,,,
18547,"Lot of (2) metal framed tables, 1 is approx. 45"" wide, 1 is approx. 36"" wide, with contents of (1) 4...",Low,12,Inspected (contact sheet),https://d1ljvnrgb7j023.cloudfront.net/files/1/f7a36c66fa685a673a60/large,"Two shop tables covered in miscellaneous parts, tools and cables; exact included items and table stability unclear.",Not researched,"Count exact included models, quantities and accessories | Locate dated exact-model completed sales; adjust for quantity, condition and selling venue | Calculate net margin and conditional hammer ceiling only after evidence",40,160,,,
18549,"(1) 5-drawer filing cabinet, 15"" wide x 28.5"" deep x 59"" tall.",Low,5,Inspected (contact sheet),https://d1ljvnrgb7j023.cloudfront.net/files/1/6f1aab0299c561d9899d/large,"Tall black five-drawer metal filing cabinet with scuffs; check drawer slides, locks and keys.",Not researched,"Resolve identity/condition using existing source originals or in-person inspection | Estimate removal, freight and local resale constraints | Locate dated exact-model completed sales; adjust for quantity, condition and selling venue | Calculate net margin and conditional hammer ceiling only after evidence",20,65,,,
18550,"(1) Hotsy natural gas steam cleaner, 220V, includes assorted soaps, approx. 50' hose with gun and re...",Low,8,Batch 04: visually inspected,https://d1ljvnrgb7j023.cloudfront.net/files/1/4f35b66cdd8559ead603/large,"Red Hotsy stationary natural-gas hot-water pressure washer with wall vent/exhaust, metal frame, hose reel, wand and chemical containers. Cabinet/tank are dusty and full operating sequence (burner, pump and high-pressure coil) is not demonstrated; buyer must disconnect exhaust safely and move heavy equipment. Dealer-serviced $2,450+ offerings are not as-is auction comparables.",Not researched,"Count exact included models, quantities and accessories | Estimate removal, freight and local resale constraints | Locate dated exact-model completed sales; adjust for quantity, condition and selling venue | Calculate net margin and conditional hammer ceiling only after evidence",650,1700,,,
18552,"(1) Chicago Rivet &amp; Machine Company vintage manual rivet, machine S/N 106, Type Premier with foo...",Low,5,Inspected (contact sheet),https://d1ljvnrgb7j023.cloudfront.net/files/1/a66716062e6c0edcbef8/large,Heavy vintage floor-mounted Chicago Rivet foot-operated machine with rusted steel body; tooling and operation unknown.,Not researched,"Resolve identity/condition using existing source originals or in-person inspection | Identify defects and price necessary repairs | Estimate removal, freight and local resale constraints | Locate dated exact-model completed sales; adjust for quantity, condition and selling venue | Calculate net margin and conditional hammer ceiling only after evidence",60,225,,,
18553,"(1) custom made grinder fixture, approx. 15"" wide x 18"", adjustable height with threaded rod.",Low,4,Inspected (contact sheet),https://d1ljvnrgb7j023.cloudfront.net/files/1/43ba222507695ec8b83b/large,"Custom steel bench-mounted grinder/press fixture with threaded height adjustment; surface rust, alignment unverified.",Not researched,"Verify exact model, voltage, completeness and operation | Identify defects and price necessary repairs | Estimate removal, freight and local resale constraints | Locate dated exact-model completed sales; adjust for quantity, condition and selling venue | Calculate net margin and conditional hammer ceiling only after evidence",25,85,,,
18554,"(1) Bridgeport vertical milling machine, S/N J750B, S/N 27052, 42"" x 9"" slotted table, 1 HP, 220/440...",Low,12,Batch 02: all catalog images reviewed,https://d1ljvnrgb7j023.cloudfront.net/files/1/0949ed52472ed05b15ab/large,"Older one-HP Bridgeport vertical mill, 9-by-42-inch table, machinist vise, manual feeds and step-pulley head pictured; heavy dust and surface wear visible on table and column. 220/440V three-phase; verify spindle, knee/backlash, milling accuracy and professional rigging costs.",Not researched,"Resolve identity/condition using existing source originals or in-person inspection | Count exact included models, quantities and accessories | Locate dated exact-model completed sales; adjust for quantity, condition and selling venue | Calculate net margin and conditional hammer ceiling only after evidence",1050,3200,,,
18555,"(1) Walcott 18"" swing lathe, 76"" bed with steady rest and tail stock, tool holder, power feed bed, i...",Low,16,Batch 04: visually inspected,https://d1ljvnrgb7j023.cloudfront.net/files/1/ce1e35c0968f2928b45f/large,"Very large Walcott 18-inch swing, 76-inch bed older engine lathe with 4-jaw and 3-jaw chucks, steady rest, tailstock and miscellaneous tooling pictured. Heavy chip grime and surface wear on carriage; 3-phase supply. Catalog claims working, but inspect cold operation, leadscrew wear, gear engagement, ways and backlash, and arrange professional rigging before buying.",Not researched,"Resolve identity/condition using existing source originals or in-person inspection | Verify exact model, voltage, completeness and operation | Locate dated exact-model completed sales; adjust for quantity, condition and selling venue | Calculate net margin and conditional hammer ceiling only after evidence",850,2600,,,
18556,"(1) Marquette Dyna-Vision electronic engine analyzer vintage cart, 29"" wide x approx. 21"" deep x 45....",Low,7,Inspected (contact sheet),https://d1ljvnrgb7j023.cloudfront.net/files/1/20fbce5639c5c4d10ee4/large,"Red Marquette Dyna-Vision vintage engine-analyzer cart, drawers holding leads and tools; obsolete equipment, functionality untested.",Preliminary research; exact match pending,"Verify exact model, voltage, completeness and operation | Locate dated exact-model completed sales; adjust for quantity, condition and selling venue | Calculate net margin and conditional hammer ceiling only after evidence",30,175,,,
18558,"Contents of wood parts organizers, includes assorted bolts, nuts, assorted sizes, and (1) Ram bench ...",Low,5,Inspected (contact sheet),https://d1ljvnrgb7j023.cloudfront.net/files/1/09ff9ab4e7e331942269/large,"Metal multi-bin shop organizer containing mixed bolts, nuts and small parts, bench grinder on top; sorting and electrical checks needed.",Not researched,"Resolve identity/condition using existing source originals or in-person inspection | Count exact included models, quantities and accessories | Identify defects and price necessary repairs | Estimate removal, freight and local resale constraints | Locate dated exact-model completed sales; adjust for quantity, condition and selling venue | Calculate net margin and conditional hammer ceiling only after evidence",35,125,,,
18560,"Lot of (4) metal parts cabinets, 2 measure 35"" wide x approx. 42"" tall x 11.5"" deep, 1 is 18"" wide x...",Low,17,Batch 04: visually inspected,https://d1ljvnrgb7j023.cloudfront.net/files/1/ef336e49564f6db785e9/large,"Four large old steel compartment cabinets containing abundant mixed standard bolts, nuts, washers, long threaded rods and lag fasteners are photographed from seventeen angles. Many bins are visibly stocked while others are half empty, mixed or dusty; manufacturer labels mostly legible. Self-removal of four wall-mounted cabinets and sorting labor significantly reduce resale value.",Not researched,"Count exact included models, quantities and accessories | Estimate removal, freight and local resale constraints | Locate dated exact-model completed sales; adjust for quantity, condition and selling venue | Calculate net margin and conditional hammer ceiling only after evidence",320,950,,,
18561,"Contents of wood organizers, includes assorted hitch balls, clevises, hooks, rope eyelets, threaded ...",Low,11,Batch 05: all source photographs inspected,https://d1ljvnrgb7j023.cloudfront.net/files/1/af34747daa1828f793cb/large,"Two tall multi-bin industrial shelving racks of mixed steel hardware, lifting eyes, chain, fasteners and steel stock visible; much stock dirty, rusted or loose. Sorting, lifting certification and transport labor substantial; confirm exactly which bins and shelves included.",Not researched,"Count exact included models, quantities and accessories | Identify defects and price necessary repairs | Locate dated exact-model completed sales; adjust for quantity, condition and selling venue | Calculate net margin and conditional hammer ceiling only after evidence",190,620,,,
18562,"Contents of cabinet, includes assorted torch and welding supplies, Tweco replacement conduits (appea...",Low,12,Batch 05: all source photographs inspected,https://d1ljvnrgb7j023.cloudfront.net/files/1/a80fd64e800c59332679/large,"Large wood cupboard full of old plumbing, gas and hydraulic fittings, short hose pieces, small cases and partly marked boxes. Mixed dirty old stock with unknown grades, sizes and compatibility. Better for local workshop parts than rapid eBay resale.",Not researched,"Resolve identity/condition using existing source originals or in-person inspection | Count exact included models, quantities and accessories | Locate dated exact-model completed sales; adjust for quantity, condition and selling venue | Calculate net margin and conditional hammer ceiling only after evidence",90,295,,,
18563,"(2) metal framed plastic pull out parts organizers with contents, includes assorted springs, brass f...",Low,8,Inspected (contact sheet),https://d1ljvnrgb7j023.cloudfront.net/files/1/198968c37da5616f9c13/large,"Metal multi-drawer organizers containing small springs, fittings, miscellaneous shop parts; dusty and incomplete inventory.",Not researched,"Count exact included models, quantities and accessories | Identify defects and price necessary repairs | Locate dated exact-model completed sales; adjust for quantity, condition and selling venue | Calculate net margin and conditional hammer ceiling only after evidence",,,,,
18564,Lot of assorted hose clamps with (2) wall mount hose clamp organizers.,Low,7,Batch 05: all source photographs inspected,https://d1ljvnrgb7j023.cloudfront.net/files/1/c6a3a750c08fa1c974f8/large,"Two old wall-mounted hose clamp displays with many loose and hanging worm-drive clamps plus bulk clamp-band stock. Some bright metal, others dirty or loose. Count reusable stainless clamps and verify screw condition before reselling.",Not researched,"Resolve identity/condition using existing source originals or in-person inspection | Count exact included models, quantities and accessories | Locate dated exact-model completed sales; adjust for quantity, condition and selling venue | Calculate net margin and conditional hammer ceiling only after evidence",90,245,,,
18565,"Lot of assorted tire repair supplies, includes vintage metal cabinets, approx. 21"" wide x 10"" deep x...",Low,9,Inspected (contact sheet),https://d1ljvnrgb7j023.cloudfront.net/files/1/e89c0b63243ab1b7a057/large,"TECH tire repair/vulcanizing service stock and red metal storage cabinet/drawers, with TECH 2-WAY self-vulcanizing materials and air service products. Shelf stock aged, expiry and adhesive usability unknown; cabinet may be more reliable resale component than consumables.",Not researched,"Resolve identity/condition using existing source originals or in-person inspection | Count exact included models, quantities and accessories | Locate dated exact-model completed sales; adjust for quantity, condition and selling venue | Calculate net margin and conditional hammer ceiling only after evidence",,,,,
18569,"(1) Central Machinery industrial 6"" pedestal grinder, 1/2 HP, item #46727, 115V, in working conditio...",Low,6,Batch 04: visually inspected,https://d1ljvnrgb7j023.cloudfront.net/files/1/3b964b8a2177c77a0588/large,"Green Central Machinery 6-inch half-HP pedestal grinder photographed with task light, tool rests, shield and partially visible wheel guards. Motor label clearly says 115V; catalog says working. Old wheels and electrical cord must be examined/replaced as needed before operating.",Not researched,"Verify exact model, voltage, completeness and operation | Estimate removal, freight and local resale constraints | Locate dated exact-model completed sales; adjust for quantity, condition and selling venue | Calculate net margin and conditional hammer ceiling only after evidence",60,165,,,
18571,"(1) Howell pedestal grinder with wire wheel and approx. 8"" grinding stone, 3 phase, includes extra g...",Low,7,Inspected (contact sheet),https://d1ljvnrgb7j023.cloudfront.net/files/1/9275da6e162b06475e46/large,"Heavy stationary industrial dual-wheel grinder/wire-wheel finishing station with spare abrasive and wire wheels. Motor nameplate appears Kingston-Conley; very dusty with exposed moving components and missing/limited guarding in photos. Confirm electrical requirements, arbor condition, wheel integrity and safe guarding before use.",Not researched,"Verify exact model, voltage, completeness and operation | Identify defects and price necessary repairs | Locate dated exact-model completed sales; adjust for quantity, condition and selling venue | Calculate net margin and conditional hammer ceiling only after evidence",,,,,
18573,(1) custom made pedestal stand with 4-drawer pull out metal organizer with contents of assorted dril...,Low,10,Batch 05: all source photographs inspected,https://d1ljvnrgb7j023.cloudfront.net/files/1/6def6ac33ed2d9bcd104/large,"Three-drawer drill index cabinet with hundreds of mixed large and small metal drill bits, plus several boxed large-bit sets and storage stand. Many bits show dull or used edges and cabinets dirty; sort, test shanks and verify case contents. Drill-mill behind belongs to adjacent lot.",Not researched,"Resolve identity/condition using existing source originals or in-person inspection | Count exact included models, quantities and accessories | Locate dated exact-model completed sales; adjust for quantity, condition and selling venue | Calculate net margin and conditional hammer ceiling only after evidence",380,1150,,,
18576,"(1) Wilton bench vise, #09-600, 6"" wide jaws, currently bolted to work bench, winning bidder respons...",Low,8,40-lot verified batch 01: contact sheet reviewed,https://d1ljvnrgb7j023.cloudfront.net/files/1/36380b459af4ba5bcb8a/large,"Blue Wilton six-inch vise has severe jaw-face scoring and rust/old grime, though base and handle appear present. Inspect cracked casting, slide wear and damaged replaceable jaws before assuming it is an economical restoration.",Not researched,"Resolve identity/condition using existing source originals or in-person inspection | Identify defects and price necessary repairs | Locate dated exact-model completed sales; adjust for quantity, condition and selling venue | Calculate net margin and conditional hammer ceiling only after evidence",105,280,,,
18577,"(1) steel work bench, approx. 82"" long x 33"" deep x 38"" tall, includes contents of assorted chisels,...",Low,11,Batch 05: all source photographs inspected,https://d1ljvnrgb7j023.cloudfront.net/files/1/209e630341fd38e39753/large,"Long metal workbench with yellow/red wall cupboards, hanging wrenches, two air drills, many loose punches and heavy steel tooling, with lower toolboxes and mixed contents. Strong local shop utility but exact lot inclusion and removal labor need confirmation.",Not researched,"Count exact included models, quantities and accessories | Identify defects and price necessary repairs | Locate dated exact-model completed sales; adjust for quantity, condition and selling venue | Calculate net margin and conditional hammer ceiling only after evidence",280,850,,,
18578,"Lot of assorted truck and trailer lights, includes tail lights, headlights, truck mirrors, and more.",Low,11,Inspected (contact sheet),https://d1ljvnrgb7j023.cloudfront.net/files/1/d202b60b80d7228b5bb6/large,"Shelf of assorted truck lamps, mirrors, light lenses and boxed electrical parts; mixed obsolete fitments.",Not researched,"Count exact included models, quantities and accessories | Verify ratings, condition and applicable safety/title/pressure checks | Estimate removal, freight and local resale constraints | Locate dated exact-model completed sales; adjust for quantity, condition and selling venue | Calculate net margin and conditional hammer ceiling only after evidence",,,,,
18579,"Lot of (2) organizers with contents, 1 metal organizer is 34"" wide x 24"" tall x 12"" deep, with conte...",Low,13,Batch 05: all source photographs inspected,https://d1ljvnrgb7j023.cloudfront.net/files/1/48adeeae1563a6294b2f/large,"Tall gray multi-bin industrial cabinet densely stocked with hundreds of hydraulic hose fittings and adapters of mixed sizes, including large elbow and swivel fittings. Old stock, possible contamination and some sparse bins; value favors hydraulic shop buyer and sorted labeled lots.",Not researched,"Count exact included models, quantities and accessories | Locate dated exact-model completed sales; adjust for quantity, condition and selling venue | Calculate net margin and conditional hammer ceiling only after evidence",240,750,,,
18582,"(1) The Harrington Differential chain hoist with I-beam trolley bracket, hoist and bracket only, doe...",Low,4,Batch 02: all catalog images reviewed,https://d1ljvnrgb7j023.cloudfront.net/files/1/a0e8c0d9885d1d40f9f1/large,"Harrington differential chain hoist and I-beam trolley remain installed overhead with long hanging chain; only the hoist/trolley bracket is included, beam excluded. Inspect hook, chain, free lifting and removal access; manufacturer plate not fully legible.",Not researched,"Resolve identity/condition using existing source originals or in-person inspection | Verify ratings, condition and applicable safety/title/pressure checks | Identify defects and price necessary repairs | Locate dated exact-model completed sales; adjust for quantity, condition and selling venue | Calculate net margin and conditional hammer ceiling only after evidence",125,370,,,
18583,"(1) ESAB spool arc 86 welding wire spool, new in box, .90 mm or .035"", 44 lbs., item #1382F05.",Low,0,No source photos,,,Not researched,"No photos: inspect in person or obtain exact-label images | Estimate removal, freight and local resale constraints | Locate dated exact-model completed sales; adjust for quantity, condition and selling venue | Calculate net margin and conditional hammer ceiling only after evidence",,,,,
18584,"Large lot of assorted welding rod, various types, includes Hotpoint vintage refrigerator, used for s...",Low,12,Inspected (contact sheet),https://d1ljvnrgb7j023.cloudfront.net/files/1/21fe574f1e230eff4198/large,"Cabinet and refrigerator packed with aged welding rod, packages and loose metal consumables; moisture/rod condition unknown.",Not researched,"Resolve identity/condition using existing source originals or in-person inspection | Count exact included models, quantities and accessories | Estimate removal, freight and local resale constraints | Locate dated exact-model completed sales; adjust for quantity, condition and selling venue | Calculate net margin and conditional hammer ceiling only after evidence",,,,,
18589,"(1) Borg Warner 2-door automotive tune up parts cabinet, 28.5"" wide x 12"" deep x 31.5"" tall, with co...",Low,15,Inspected (contact sheet),https://d1ljvnrgb7j023.cloudfront.net/files/1/f2319c5f5a49a2e40871/large,"Large red automotive tune-up parts cabinet on pallet, packed with assorted aged ignition/electrical parts in mixed original boxes, many dusty and unverified. Significant sorting/obsolete-fitment risk; cabinet has exterior oxidation. Verify all contents are included and catalog fitment before estimating resale.",Not researched,"Resolve identity/condition using existing source originals or in-person inspection | Estimate removal, freight and local resale constraints | Locate dated exact-model completed sales; adjust for quantity, condition and selling venue | Calculate net margin and conditional hammer ceiling only after evidence",,,,,
18590,"(1) Borg Warner 2-door vintage parts cabinet, 29"" wide x 12"" deep x 31.5"" tall, with contents of ass...",Low,10,Inspected (contact sheet),https://d1ljvnrgb7j023.cloudfront.net/files/1/74ffb4b347803521625c/large,"Red automotive tune-up parts cabinet with Tung-Sol auto-lamps/flashers display on top, partly filled with aged ignition/electrical stock and miscellaneous parts. Dusty, mixed and likely obsolete fitments; top display and cabinet have separate collectible/display potential, but condition and contents need inventory.",Not researched,"Estimate removal, freight and local resale constraints | Locate dated exact-model completed sales; adjust for quantity, condition and selling venue | Calculate net margin and conditional hammer ceiling only after evidence",,,,,
18591,"(1) NAPA 2-door, wall mount metal cabinet, 30.5"" wide x 10"" deep x 20"" tall, includes contents of as...",Low,8,Inspected (contact sheet),https://d1ljvnrgb7j023.cloudfront.net/files/1/141382a072ee51761fed/large,"Large NAPA/Echlin-branded automotive parts cabinet with shelves of assorted boxed ignition/electrical stock (visible Champion, AC and Echlin packages). Dusty, aged, mixed applications and possible empty boxes; cabinet/signage may have independent display value. Inventory actual parts and part numbers before resale.",Not researched,"Estimate removal, freight and local resale constraints | Locate dated exact-model completed sales; adjust for quantity, condition and selling venue | Calculate net margin and conditional hammer ceiling only after evidence",,,,,
18594,"(1) approx. 250-gallon oil tank, holding 15W-40 engine oil, approx. 1/4 full, winning bidder respons...",Low,6,Inspected (contact sheet),https://d1ljvnrgb7j023.cloudfront.net/files/1/7c34b51b11b4a48f9cb8/large,"Large yellow used oil tank on stand with spigot, marked engine oil; residual contents and leaks/disposal unknown.",Not researched,"Resolve identity/condition using existing source originals or in-person inspection | Verify ratings, condition and applicable safety/title/pressure checks | Identify defects and price necessary repairs | Estimate removal, freight and local resale constraints | Locate dated exact-model completed sales; adjust for quantity, condition and selling venue | Calculate net margin and conditional hammer ceiling only after evidence",,,,,
18596,"Large lot of assorted automotive belts, brands include Goodyear 17425, Gates K080720 Micro-V belts, ...",Low,6,Inspected (contact sheet),https://d1ljvnrgb7j023.cloudfront.net/files/1/4971234ac74421ef6bf2/large,"Wall of coiled old automotive drive belts and hose loops; mixed fitments, rubber age unknown.",Not researched,"Resolve identity/condition using existing source originals or in-person inspection | Count exact included models, quantities and accessories | Estimate removal, freight and local resale constraints | Locate dated exact-model completed sales; adjust for quantity, condition and selling venue | Calculate net margin and conditional hammer ceiling only after evidence",,,,,
18598,"Lot of assorted 3/8"" rubber tubing, and 1/8"", partial roll of 3/8"" fuel line hose, gas hose, and mor...",Low,5,Inspected (contact sheet),https://d1ljvnrgb7j023.cloudfront.net/files/1/c2d026a87abcb6071c67/large,"Several wall-mounted industrial hose reels and long coiled rubber hose; dust, cracking and working pressure unknown.",Not researched,"Resolve identity/condition using existing source originals or in-person inspection | Count exact included models, quantities and accessories | Estimate removal, freight and local resale constraints | Locate dated exact-model completed sales; adjust for quantity, condition and selling venue | Calculate net margin and conditional hammer ceiling only after evidence",,,,,
18599,"(1) Gray Mills parts washer, model 300A, 1/3 HP, 41"" wide x 30"" deep x approx. 35"" tall, 120V, inclu...",Low,9,Batch 02: all catalog images reviewed,https://d1ljvnrgb7j023.cloudfront.net/files/1/9e265cc4fb3ca65a9451/large,"Gray Mills industrial parts washer shown with lid, metal wash-grating and two removable pans; inside is extremely dirty with apparent old fluid residue. Seller claims works, but test pump and plan responsible solvent disposal and moving.",Not researched,"Estimate removal, freight and local resale constraints | Locate dated exact-model completed sales; adjust for quantity, condition and selling venue | Calculate net margin and conditional hammer ceiling only after evidence",155,430,,,
18600,"(1) lot of assorted oil cans, funnels, Zero Start engine ether for loaders and excavators, quarts of...",Low,7,Inspected (contact sheet),https://d1ljvnrgb7j023.cloudfront.net/files/1/c317a82ba725071cd184/large,"Multiple boxes of funnels, oil cans, aerosols and assorted shop fluids; age/contents and disposal risk.",Not researched,"Count exact included models, quantities and accessories | Estimate removal, freight and local resale constraints | Locate dated exact-model completed sales; adjust for quantity, condition and selling venue | Calculate net margin and conditional hammer ceiling only after evidence",,,,,
18602,"Partial roll of 1"" heavy duty heater hose, (1) approx. 3/4"" piece of heavy duty heater hose, clear p...",Low,5,Inspected (contact sheet),https://d1ljvnrgb7j023.cloudfront.net/files/1/a473a80ab170397b1a31/large,"Shelves of mixed heater hose and rubber tubing, coiled and boxed; age and exact dimensions unknown.",Not researched,"Resolve identity/condition using existing source originals or in-person inspection | Estimate removal, freight and local resale constraints | Locate dated exact-model completed sales; adjust for quantity, condition and selling venue | Calculate net margin and conditional hammer ceiling only after evidence",,,,,
18604,"Contents of shelf, includes assorted excavator bucket teeth, (5) Hensley 27HX, (3) Dura DX290 excava...",Low,10,Inspected (contact sheet),https://d1ljvnrgb7j023.cloudfront.net/files/1/4671fa71aa48e75d8728/large,"Several shelving units with mixed heavy-equipment bucket teeth, cutting components and boxed parts; fitment verification needed.",Not researched,"Count exact included models, quantities and accessories | Estimate removal, freight and local resale constraints | Locate dated exact-model completed sales; adjust for quantity, condition and selling venue | Calculate net margin and conditional hammer ceiling only after evidence",,,,,
18613,"1 yard dump hopper, one wheel needs replacement, in working condition",Low,7,Inspected (contact sheet),https://d1ljvnrgb7j023.cloudfront.net/files/1/65c13b5fb787ced51155/large,"Large wheeled steel self-dumping hopper with rusted sides and worn casters, one wheel visibly suspect. Catalog says working but one wheel needs replacement; verify latch and rolling function.",Not researched,"Resolve identity/condition using existing source originals or in-person inspection | Identify defects and price necessary repairs | Locate dated exact-model completed sales; adjust for quantity, condition and selling venue | Calculate net margin and conditional hammer ceiling only after evidence",,,,,
18614,Tel Smith Crusher Line,Low,27,Inspected (contact sheet),https://d1ljvnrgb7j023.cloudfront.net/files/1/f1dc8fe48db77679ccd7/large,"Extensive Telsmith crushing/screening line photographed outdoors, including multiple conveyors and yellow machinery. Industrial-scale dismantling/rigging and environmental/operational checks required.",Not researched,"Resolve identity/condition using existing source originals or in-person inspection | Estimate removal, freight and local resale constraints | Locate dated exact-model completed sales; adjust for quantity, condition and selling venue | Calculate net margin and conditional hammer ceiling only after evidence",,,,,
18615,Terex 72-61AA Articulated Loader,Low,29,Inspected (contact sheet),https://d1ljvnrgb7j023.cloudfront.net/files/1/7875427bfec9bba7dffd/large,"Large yellow Terex 72-61AA articulated loader with bucket, engine, tires and cab shown in many views. Used work-machine condition; inspect drivetrain, steering articulation, hydraulics and tire wear.",Not researched,"Resolve identity/condition using existing source originals or in-person inspection | Estimate removal, freight and local resale constraints | Locate dated exact-model completed sales; adjust for quantity, condition and selling venue | Calculate net margin and conditional hammer ceiling only after evidence",,,,,
18616,1980 Northwest Engineering Model 6 Drag Line Crane,Low,33,Inspected (contact sheet),https://d1ljvnrgb7j023.cloudfront.net/files/1/62b5f5a9c5180244cd4e/large,"Large Northwest Engineering dragline crane with long boom and tracks/undercarriage in many photographs. Significant rigging, safety certification and structural inspection needed; no operating evidence.",Not researched,"Resolve identity/condition using existing source originals or in-person inspection | Estimate removal, freight and local resale constraints | Locate dated exact-model completed sales; adjust for quantity, condition and selling venue | Calculate net margin and conditional hammer ceiling only after evidence",,,,,
19094,1986 Case 580 Super E Construction King Backhoe Loader,Low,27,Inspected (contact sheet),https://d1ljvnrgb7j023.cloudfront.net/files/1/c42e78768eda4c297c4f/large,"Older orange Case 580 Super E loader-backhoe with front loader, rear digging boom and cab pictured. Heavy use visible; inspect hydraulic leaks, pins, transmission and tire condition.",Not researched,"Resolve identity/condition using existing source originals or in-person inspection | Identify defects and price necessary repairs | Estimate removal, freight and local resale constraints | Locate dated exact-model completed sales; adjust for quantity, condition and selling venue | Calculate net margin and conditional hammer ceiling only after evidence",,,,,
30-1330,Murphy Diesel Fuel Injector Tool,Low,2,Original photos examined (10-lot full-image pass),https://d1ljvnrgb7j023.cloudfront.net/files/1/549cb4e5cef20e82897a/large,"Two original images examined. Single long T-handle splined Murphy fuel-injector service tool with handwritten masking-tape identification; visible surface oxidation, exact model and engine fitment unconfirmed.",Not researched,"Resolve identity/condition using existing source originals or in-person inspection | Locate dated exact-model completed sales; adjust for quantity, condition and selling venue | Calculate net margin and conditional hammer ceiling only after evidence",15,50,,,
30-1332,"5 boxes of truck and equipment lights, grommets, etc",Low,5,Inspected (contact sheet),https://d1ljvnrgb7j023.cloudfront.net/files/1/68584d177d94b3975ad1/large,"Five cartons of mixed truck/equipment lamps, amber lenses, rubber grommets and boxed lighting parts. Many mixed or older packages; sort by part number and check whether lenses/bulbs are complete.",Not researched,"Resolve identity/condition using existing source originals or in-person inspection | Count exact included models, quantities and accessories | Estimate removal, freight and local resale constraints | Locate dated exact-model completed sales; adjust for quantity, condition and selling venue | Calculate net margin and conditional hammer ceiling only after evidence",,,,,
30-1333,"Lot of 4 wheels and tires, one does NOT match, GM 6-Lug",Low,5,Inspected (contact sheet),https://d1ljvnrgb7j023.cloudfront.net/files/1/55d1dc225a5558d4f37d/large,"Four GM six-lug wheels with Cooper Discoverer Radial tires on pallet; one visibly mismatched, verify sizes and DOT age.",Not researched,"Resolve identity/condition using existing source originals or in-person inspection | Count exact included models, quantities and accessories | Locate dated exact-model completed sales; adjust for quantity, condition and selling venue | Calculate net margin and conditional hammer ceiling only after evidence",40,150,,,
