snapshot_at,snapshot_type,lot,internal_id,current_bid,bid_count,status,live_status,end_time,end_time_utc
2026-09-24T17:16:54.386854Z,export,30-1332,1799881,5,0,1,0,1790719200,2026-09-29T22:00:00Z
2026-09-24T17:16:54.386854Z,export,18100,1705100,5,0,1,0,1790719200,2026-09-29T22:00:00Z
2026-09-24T17:16:54.386854Z,export,18101,1705101,5,0,1,0,1790719200,2026-09-29T22:00:00Z
2026-09-24T17:16:54.386854Z,export,18102,1705102,5,0,1,0,1790719200,2026-09-29T22:00:00Z
2026-09-24T17:16:54.386854Z,export,18103,1705103,5,0,1,0,1790719200,2026-09-29T22:00:00Z
2026-09-24T17:16:54.386854Z,export,18104,1705104,100,0,1,0,1790719200,2026-09-29T22:00:00Z
2026-09-24T17:16:54.386854Z,export,18105,1705105,5,0,1,0,1790719200,2026-09-29T22:00:00Z
2026-09-24T17:16:54.386854Z,export,18106,1705106,5,0,1,0,1790719200,2026-09-29T22:00:00Z
2026-09-24T17:16:54.386854Z,export,18107,1705107,5,0,1,0,1790719200,2026-09-29T22:00:00Z
2026-09-24T17:16:54.386854Z,export,18108,1705108,5,0,1,0,1790719200,2026-09-29T22:00:00Z
2026-09-24T17:16:54.386854Z,export,18109,1705109,5,0,1,0,1790719200,2026-09-29T22:00:00Z
2026-09-24T17:16:54.386854Z,export,18110,1705110,5,0,1,0,1790719200,2026-09-29T22:00:00Z
2026-09-24T17:16:54.386854Z,export,18111,1705111,5,0,1,0,1790719200,2026-09-29T22:00:00Z
2026-09-24T17:16:54.386854Z,export,18112,1705112,5,0,1,0,1790719200,2026-09-29T22:00:00Z
2026-09-24T17:16:54.386854Z,export,18113,1705113,5,0,1,0,1790719200,2026-09-29T22:00:00Z
2026-09-24T17:16:54.386854Z,export,18114,1705114,5,0,1,0,1790719200,2026-09-29T22:00:00Z
2026-09-24T17:16:54.386854Z,export,18115,1705115,5,0,1,0,1790719200,2026-09-29T22:00:00Z
2026-09-24T17:16:54.386854Z,export,18116,1705116,5,0,1,0,1790719200,2026-09-29T22:00:00Z
2026-09-24T17:16:54.386854Z,export,18117,1705117,5,0,1,0,1790719200,2026-09-29T22:00:00Z
2026-09-24T17:16:54.386854Z,export,18118,1705118,5,0,1,0,1790719200,2026-09-29T22:00:00Z
2026-09-24T17:16:54.386854Z,export,18119,1705119,5,0,1,0,1790719200,2026-09-29T22:00:00Z
2026-09-24T17:16:54.386854Z,export,18120,1705120,5,0,1,0,1790719200,2026-09-29T22:00:00Z
2026-09-24T17:16:54.386854Z,export,18121,1705121,5,0,1,0,1790719200,2026-09-29T22:00:00Z
2026-09-24T17:16:54.386854Z,export,18122,1705122,5,0,1,0,1790719200,2026-09-29T22:00:00Z
2026-09-24T17:16:54.386854Z,export,18123,1705123,5,0,1,0,1790719200,2026-09-29T22:00:00Z
2026-09-24T17:16:54.386854Z,export,18124,1705124,5,0,1,0,1790719200,2026-09-29T22:00:00Z
2026-09-24T17:16:54.386854Z,export,18125,1705125,5,0,1,0,1790719200,2026-09-29T22:00:00Z
2026-09-24T17:16:54.386854Z,export,18126,1705126,5,0,1,0,1790719200,2026-09-29T22:00:00Z
2026-09-24T17:16:54.386854Z,export,18127,1705127,5,0,1,0,1790719200,2026-09-29T22:00:00Z
2026-09-24T17:16:54.386854Z,export,18128,1705128,5,0,1,0,1790719200,2026-09-29T22:00:00Z
2026-09-24T17:16:54.386854Z,export,18129,1705129,5,0,1,0,1790719200,2026-09-29T22:00:00Z
2026-09-24T17:16:54.386854Z,export,18130,1705130,5,0,1,0,1790719200,2026-09-29T22:00:00Z
2026-09-24T17:16:54.386854Z,export,18131,1705131,5,0,1,0,1790719200,2026-09-29T22:00:00Z
2026-09-24T17:16:54.386854Z,export,18132,1705132,5,0,1,0,1790719200,2026-09-29T22:00:00Z
2026-09-24T17:16:54.386854Z,export,18133,1705133,5,0,1,0,1790719200,2026-09-29T22:00:00Z
2026-09-24T17:16:54.386854Z,export,18134,1705134,5,0,1,0,1790719200,2026-09-29T22:00:00Z
2026-09-24T17:16:54.386854Z,export,18135,1705135,5,0,1,0,1790719200,2026-09-29T22:00:00Z
2026-09-24T17:16:54.386854Z,export,18136,1705136,5,0,1,0,1790719200,2026-09-29T22:00:00Z
2026-09-24T17:16:54.386854Z,export,18137,1705137,5,0,1,0,1790719200,2026-09-29T22:00:00Z
2026-09-24T17:16:54.386854Z,export,18138,1705138,5,0,1,0,1790719200,2026-09-29T22:00:00Z
2026-09-24T17:16:54.386854Z,export,18139,1705139,5,0,1,0,1790719200,2026-09-29T22:00:00Z
2026-09-24T17:16:54.386854Z,export,18140,1705140,5,0,1,0,1790719200,2026-09-29T22:00:00Z
2026-09-24T17:16:54.386854Z,export,18141,1705141,5,0,1,0,1790719200,2026-09-29T22:00:00Z
2026-09-24T17:16:54.386854Z,export,18142,1705142,5,0,1,0,1790719200,2026-09-29T22:00:00Z
2026-09-24T17:16:54.386854Z,export,18143,1705143,5,0,1,0,1790719200,2026-09-29T22:00:00Z
2026-09-24T17:16:54.386854Z,export,18144,1705144,5,0,1,0,1790719200,2026-09-29T22:00:00Z
2026-09-24T17:16:54.386854Z,export,18145,1705145,5,0,1,0,1790719200,2026-09-29T22:00:00Z
2026-09-24T17:16:54.386854Z,export,18146,1705146,5,0,1,0,1790719200,2026-09-29T22:00:00Z
2026-09-24T17:16:54.386854Z,export,18147,1705147,5,0,1,0,1790719200,2026-09-29T22:00:00Z
2026-09-24T17:16:54.386854Z,export,18148,1705148,5,0,1,0,1790719200,2026-09-29T22:00:00Z
2026-09-24T17:16:54.386854Z,export,18149,1705149,5,0,1,0,1790719200,2026-09-29T22:00:00Z
2026-09-24T17:16:54.386854Z,export,18150,1705150,5,0,1,0,1790719200,2026-09-29T22:00:00Z
2026-09-24T17:16:54.386854Z,export,18151,1705151,5,0,1,0,1790719200,2026-09-29T22:00:00Z
2026-09-24T17:16:54.386854Z,export,18152,1705152,5,0,1,0,1790719200,2026-09-29T22:00:00Z
2026-09-24T17:16:54.386854Z,export,18153,1705153,5,0,1,0,1790719200,2026-09-29T22:00:00Z
2026-09-24T17:16:54.386854Z,export,18154,1705154,5,0,1,0,1790719200,2026-09-29T22:00:00Z
2026-09-24T17:16:54.386854Z,export,18156,1705155,5,0,1,0,1790719200,2026-09-29T22:00:00Z
2026-09-24T17:16:54.386854Z,export,18157,1705156,5,0,1,0,1790719200,2026-09-29T22:00:00Z
2026-09-24T17:16:54.386854Z,export,18158,1705157,5,0,1,0,1790719200,2026-09-29T22:00:00Z
2026-09-24T17:16:54.386854Z,export,18159,1705158,5,0,1,0,1790719200,2026-09-29T22:00:00Z
2026-09-24T17:16:54.386854Z,export,18160,1705159,5,0,1,0,1790719200,2026-09-29T22:00:00Z
2026-09-24T17:16:54.386854Z,export,18161,1705160,5,0,1,0,1790719200,2026-09-29T22:00:00Z
2026-09-24T17:16:54.386854Z,export,18162,1705161,5,0,1,0,1790719200,2026-09-29T22:00:00Z
2026-09-24T17:16:54.386854Z,export,18163,1705162,5,0,1,0,1790719200,2026-09-29T22:00:00Z
2026-09-24T17:16:54.386854Z,export,18164,1705163,5,0,1,0,1790719200,2026-09-29T22:00:00Z
2026-09-24T17:16:54.386854Z,export,18165,1705164,5,0,1,0,1790719200,2026-09-29T22:00:00Z
2026-09-24T17:16:54.386854Z,export,18166,1705165,5,0,1,0,1790719200,2026-09-29T22:00:00Z
2026-09-24T17:16:54.386854Z,export,18167,1705166,5,0,1,0,1790719200,2026-09-29T22:00:00Z
2026-09-24T17:16:54.386854Z,export,18168,1705167,5,0,1,0,1790719200,2026-09-29T22:00:00Z
2026-09-24T17:16:54.386854Z,export,18169,1705168,5,0,1,0,1790719200,2026-09-29T22:00:00Z
2026-09-24T17:16:54.386854Z,export,18170,1705169,5,0,1,0,1790719200,2026-09-29T22:00:00Z
2026-09-24T17:16:54.386854Z,export,18171,1705170,5,0,1,0,1790719200,2026-09-29T22:00:00Z
2026-09-24T17:16:54.386854Z,export,18172,1705171,5,0,1,0,1790719200,2026-09-29T22:00:00Z
2026-09-24T17:16:54.386854Z,export,18173,1705172,5,0,1,0,1790719200,2026-09-29T22:00:00Z
2026-09-24T17:16:54.386854Z,export,18174,1705173,5,0,1,0,1790719200,2026-09-29T22:00:00Z
2026-09-24T17:16:54.386854Z,export,18175,1705174,5,0,1,0,1790719200,2026-09-29T22:00:00Z
2026-09-24T17:16:54.386854Z,export,18176,1705175,5,0,1,0,1790719200,2026-09-29T22:00:00Z
2026-09-24T17:16:54.386854Z,export,18177,1705176,5,0,1,0,1790719200,2026-09-29T22:00:00Z
2026-09-24T17:16:54.386854Z,export,18178,1705177,5,0,1,0,1790719200,2026-09-29T22:00:00Z
2026-09-24T17:16:54.386854Z,export,18179,1705178,5,0,1,0,1790719200,2026-09-29T22:00:00Z
2026-09-24T17:16:54.386854Z,export,18180,1705179,5,0,1,0,1790719200,2026-09-29T22:00:00Z
2026-09-24T17:16:54.386854Z,export,18181,1705180,5,0,1,0,1790719200,2026-09-29T22:00:00Z
2026-09-24T17:16:54.386854Z,export,18182,1705181,5,0,1,0,1790719200,2026-09-29T22:00:00Z
2026-09-24T17:16:54.386854Z,export,18183,1705182,5,0,1,0,1790719200,2026-09-29T22:00:00Z
2026-09-24T17:16:54.386854Z,export,18184,1705183,5,0,1,0,1790719200,2026-09-29T22:00:00Z
2026-09-24T17:16:54.386854Z,export,18185,1705184,5,0,1,0,1790719200,2026-09-29T22:00:00Z
2026-09-24T17:16:54.386854Z,export,18186,1705185,5,0,1,0,1790719200,2026-09-29T22:00:00Z
2026-09-24T17:16:54.386854Z,export,18187,1705186,5,0,1,0,1790719200,2026-09-29T22:00:00Z
2026-09-24T17:16:54.386854Z,export,18188,1705187,5,0,1,0,1790719200,2026-09-29T22:00:00Z
2026-09-24T17:16:54.386854Z,export,18189,1705188,5,0,1,0,1790719200,2026-09-29T22:00:00Z
2026-09-24T17:16:54.386854Z,export,18190,1705189,5,0,1,0,1790719200,2026-09-29T22:00:00Z
2026-09-24T17:16:54.386854Z,export,18191,1705190,5,0,1,0,1790719200,2026-09-29T22:00:00Z
2026-09-24T17:16:54.386854Z,export,18192,1705191,5,0,1,0,1790719200,2026-09-29T22:00:00Z
2026-09-24T17:16:54.386854Z,export,18193,1705192,5,0,1,0,1790719200,2026-09-29T22:00:00Z
2026-09-24T17:16:54.386854Z,export,18194,1705193,5,0,1,0,1790719200,2026-09-29T22:00:00Z
2026-09-24T17:16:54.386854Z,export,18195,1705194,5,0,1,0,1790721000,2026-09-29T22:30:00Z
2026-09-24T17:16:54.386854Z,export,18196,1705195,5,0,1,0,1790721000,2026-09-29T22:30:00Z
2026-09-24T17:16:54.386854Z,export,18197,1705196,5,0,1,0,1790721000,2026-09-29T22:30:00Z
2026-09-24T17:16:54.386854Z,export,18198,1705197,5,0,1,0,1790721000,2026-09-29T22:30:00Z
2026-09-24T17:16:54.386854Z,export,18199,1705198,5,0,1,0,1790721000,2026-09-29T22:30:00Z
2026-09-24T17:16:54.386854Z,export,18200,1705199,5,0,1,0,1790721000,2026-09-29T22:30:00Z
2026-09-24T17:16:54.386854Z,export,18201,1705200,5,0,1,0,1790721000,2026-09-29T22:30:00Z
2026-09-24T17:16:54.386854Z,export,18202,1705201,5,0,1,0,1790721000,2026-09-29T22:30:00Z
2026-09-24T17:16:54.386854Z,export,18203,1705202,5,0,1,0,1790721000,2026-09-29T22:30:00Z
2026-09-24T17:16:54.386854Z,export,18204,1705203,5,0,1,0,1790721000,2026-09-29T22:30:00Z
2026-09-24T17:16:54.386854Z,export,18205,1705204,5,0,1,0,1790721000,2026-09-29T22:30:00Z
2026-09-24T17:16:54.386854Z,export,18206,1705205,5,0,1,0,1790721000,2026-09-29T22:30:00Z
2026-09-24T17:16:54.386854Z,export,18207,1705206,5,0,1,0,1790721000,2026-09-29T22:30:00Z
2026-09-24T17:16:54.386854Z,export,18208,1705207,5,0,1,0,1790721000,2026-09-29T22:30:00Z
2026-09-24T17:16:54.386854Z,export,18209,1705208,5,0,1,0,1790721000,2026-09-29T22:30:00Z
2026-09-24T17:16:54.386854Z,export,18210,1705209,5,0,1,0,1790721000,2026-09-29T22:30:00Z
2026-09-24T17:16:54.386854Z,export,18211,1705210,5,0,1,0,1790721000,2026-09-29T22:30:00Z
2026-09-24T17:16:54.386854Z,export,18212,1705211,5,0,1,0,1790721000,2026-09-29T22:30:00Z
2026-09-24T17:16:54.386854Z,export,18213,1705212,5,0,1,0,1790721000,2026-09-29T22:30:00Z
2026-09-24T17:16:54.386854Z,export,18214,1705213,5,0,1,0,1790721000,2026-09-29T22:30:00Z
2026-09-24T17:16:54.386854Z,export,18215,1705214,5,0,1,0,1790721000,2026-09-29T22:30:00Z
2026-09-24T17:16:54.386854Z,export,18216,1705215,5,0,1,0,1790721000,2026-09-29T22:30:00Z
2026-09-24T17:16:54.386854Z,export,18217,1705216,5,0,1,0,1790721000,2026-09-29T22:30:00Z
2026-09-24T17:16:54.386854Z,export,18218,1705217,5,0,1,0,1790721000,2026-09-29T22:30:00Z
2026-09-24T17:16:54.386854Z,export,18219,1705218,5,0,1,0,1790721000,2026-09-29T22:30:00Z
2026-09-24T17:16:54.386854Z,export,18220,1705219,5,0,1,0,1790721000,2026-09-29T22:30:00Z
2026-09-24T17:16:54.386854Z,export,18221,1705220,5,0,1,0,1790721000,2026-09-29T22:30:00Z
2026-09-24T17:16:54.386854Z,export,18222,1705221,5,0,1,0,1790721000,2026-09-29T22:30:00Z
2026-09-24T17:16:54.386854Z,export,18400,1705222,5,0,1,0,1790721000,2026-09-29T22:30:00Z
2026-09-24T17:16:54.386854Z,export,18401,1705223,5,0,1,0,1790721000,2026-09-29T22:30:00Z
2026-09-24T17:16:54.386854Z,export,18402,1705224,5,0,1,0,1790721000,2026-09-29T22:30:00Z
2026-09-24T17:16:54.386854Z,export,18403,1705225,5,0,1,0,1790721000,2026-09-29T22:30:00Z
2026-09-24T17:16:54.386854Z,export,18404,1705226,5,0,1,0,1790721000,2026-09-29T22:30:00Z
2026-09-24T17:16:54.386854Z,export,18405,1705227,5,0,1,0,1790721000,2026-09-29T22:30:00Z
2026-09-24T17:16:54.386854Z,export,18406,1705228,5,0,1,0,1790721000,2026-09-29T22:30:00Z
2026-09-24T17:16:54.386854Z,export,18407,1705229,5,0,1,0,1790721000,2026-09-29T22:30:00Z
2026-09-24T17:16:54.386854Z,export,18408,1705230,5,0,1,0,1790721000,2026-09-29T22:30:00Z
2026-09-24T17:16:54.386854Z,export,18409,1705231,5,0,1,0,1790721000,2026-09-29T22:30:00Z
2026-09-24T17:16:54.386854Z,export,18410,1705232,5,0,1,0,1790721000,2026-09-29T22:30:00Z
2026-09-24T17:16:54.386854Z,export,18411,1705233,5,0,1,0,1790721000,2026-09-29T22:30:00Z
2026-09-24T17:16:54.386854Z,export,18412,1705234,5,0,1,0,1790721000,2026-09-29T22:30:00Z
2026-09-24T17:16:54.386854Z,export,18413,1705235,5,0,1,0,1790721000,2026-09-29T22:30:00Z
2026-09-24T17:16:54.386854Z,export,18414,1705236,5,0,1,0,1790721000,2026-09-29T22:30:00Z
2026-09-24T17:16:54.386854Z,export,18415,1705237,5,0,1,0,1790721000,2026-09-29T22:30:00Z
2026-09-24T17:16:54.386854Z,export,18416,1705238,5,0,1,0,1790721000,2026-09-29T22:30:00Z
2026-09-24T17:16:54.386854Z,export,18417,1705239,5,0,1,0,1790721000,2026-09-29T22:30:00Z
2026-09-24T17:16:54.386854Z,export,18418,1705240,5,0,1,0,1790721000,2026-09-29T22:30:00Z
2026-09-24T17:16:54.386854Z,export,18419,1705241,5,0,1,0,1790721000,2026-09-29T22:30:00Z
2026-09-24T17:16:54.386854Z,export,18420,1705242,5,0,1,0,1790721000,2026-09-29T22:30:00Z
2026-09-24T17:16:54.386854Z,export,18421,1705243,5,0,1,0,1790721000,2026-09-29T22:30:00Z
2026-09-24T17:16:54.386854Z,export,18422,1705244,5,0,1,0,1790721000,2026-09-29T22:30:00Z
2026-09-24T17:16:54.386854Z,export,18423,1705245,5,0,1,0,1790721000,2026-09-29T22:30:00Z
2026-09-24T17:16:54.386854Z,export,18424,1705246,5,0,1,0,1790721000,2026-09-29T22:30:00Z
2026-09-24T17:16:54.386854Z,export,18425,1705247,5,0,1,0,1790721000,2026-09-29T22:30:00Z
2026-09-24T17:16:54.386854Z,export,18426,1705248,5,0,1,0,1790721000,2026-09-29T22:30:00Z
2026-09-24T17:16:54.386854Z,export,18427,1705249,5,0,1,0,1790721000,2026-09-29T22:30:00Z
2026-09-24T17:16:54.386854Z,export,18428,1705250,5,0,1,0,1790721000,2026-09-29T22:30:00Z
2026-09-24T17:16:54.386854Z,export,18429,1705251,5,0,1,0,1790721000,2026-09-29T22:30:00Z
2026-09-24T17:16:54.386854Z,export,18430,1705252,5,0,1,0,1790721000,2026-09-29T22:30:00Z
2026-09-24T17:16:54.386854Z,export,18431,1705253,5,0,1,0,1790721000,2026-09-29T22:30:00Z
2026-09-24T17:16:54.386854Z,export,18432,1705254,5,0,1,0,1790721000,2026-09-29T22:30:00Z
2026-09-24T17:16:54.386854Z,export,18433,1705255,5,0,1,0,1790721000,2026-09-29T22:30:00Z
2026-09-24T17:16:54.386854Z,export,18434,1705256,5,0,1,0,1790721000,2026-09-29T22:30:00Z
2026-09-24T17:16:54.386854Z,export,18435,1705257,5,0,1,0,1790721000,2026-09-29T22:30:00Z
2026-09-24T17:16:54.386854Z,export,18436,1705258,5,0,1,0,1790721000,2026-09-29T22:30:00Z
2026-09-24T17:16:54.386854Z,export,18437,1705259,5,0,1,0,1790721000,2026-09-29T22:30:00Z
2026-09-24T17:16:54.386854Z,export,18438,1705260,5,0,1,0,1790721000,2026-09-29T22:30:00Z
2026-09-24T17:16:54.386854Z,export,18439,1705261,5,0,1,0,1790721000,2026-09-29T22:30:00Z
2026-09-24T17:16:54.386854Z,export,18440,1705262,5,0,1,0,1790721000,2026-09-29T22:30:00Z
2026-09-24T17:16:54.386854Z,export,18441,1705263,5,0,1,0,1790721000,2026-09-29T22:30:00Z
2026-09-24T17:16:54.386854Z,export,18442,1705264,5,0,1,0,1790721000,2026-09-29T22:30:00Z
2026-09-24T17:16:54.386854Z,export,18443,1705265,5,0,1,0,1790721000,2026-09-29T22:30:00Z
2026-09-24T17:16:54.386854Z,export,18444,1705266,5,0,1,0,1790721000,2026-09-29T22:30:00Z
2026-09-24T17:16:54.386854Z,export,18445,1705267,5,0,1,0,1790721000,2026-09-29T22:30:00Z
2026-09-24T17:16:54.386854Z,export,18446,1705268,5,0,1,0,1790721000,2026-09-29T22:30:00Z
2026-09-24T17:16:54.386854Z,export,18447,1705269,5,0,1,0,1790721000,2026-09-29T22:30:00Z
2026-09-24T17:16:54.386854Z,export,18448,1705270,5,0,1,0,1790721000,2026-09-29T22:30:00Z
2026-09-24T17:16:54.386854Z,export,18449,1705271,5,0,1,0,1790721000,2026-09-29T22:30:00Z
2026-09-24T17:16:54.386854Z,export,18450,1705272,5,0,1,0,1790721000,2026-09-29T22:30:00Z
2026-09-24T17:16:54.386854Z,export,18451,1705273,5,0,1,0,1790721000,2026-09-29T22:30:00Z
2026-09-24T17:16:54.386854Z,export,18452,1705274,5,0,1,0,1790721000,2026-09-29T22:30:00Z
2026-09-24T17:16:54.386854Z,export,18453,1705275,5,0,1,0,1790721000,2026-09-29T22:30:00Z
2026-09-24T17:16:54.386854Z,export,18454,1705276,5,0,1,0,1790721000,2026-09-29T22:30:00Z
2026-09-24T17:16:54.386854Z,export,18455,1705277,5,0,1,0,1790721000,2026-09-29T22:30:00Z
2026-09-24T17:16:54.386854Z,export,18456,1705278,5,0,1,0,1790721000,2026-09-29T22:30:00Z
2026-09-24T17:16:54.386854Z,export,18457,1705279,5,0,1,0,1790721000,2026-09-29T22:30:00Z
2026-09-24T17:16:54.386854Z,export,18458,1705280,5,0,1,0,1790721000,2026-09-29T22:30:00Z
2026-09-24T17:16:54.386854Z,export,18459,1705281,5,0,1,0,1790721000,2026-09-29T22:30:00Z
2026-09-24T17:16:54.386854Z,export,18460,1705282,5,0,1,0,1790721000,2026-09-29T22:30:00Z
2026-09-24T17:16:54.386854Z,export,18461,1705283,5,0,1,0,1790721000,2026-09-29T22:30:00Z
2026-09-24T17:16:54.386854Z,export,18462,1705284,5,0,1,0,1790721000,2026-09-29T22:30:00Z
2026-09-24T17:16:54.386854Z,export,18463,1705285,5,0,1,0,1790721000,2026-09-29T22:30:00Z
2026-09-24T17:16:54.386854Z,export,18464,1705286,5,0,1,0,1790721000,2026-09-29T22:30:00Z
2026-09-24T17:16:54.386854Z,export,18465,1705287,5,0,1,0,1790721000,2026-09-29T22:30:00Z
2026-09-24T17:16:54.386854Z,export,18466,1705288,5,0,1,0,1790721000,2026-09-29T22:30:00Z
2026-09-24T17:16:54.386854Z,export,30-1329,1799843,5,0,1,0,1790722800,2026-09-29T23:00:00Z
2026-09-24T17:16:54.386854Z,export,30-1330,1799850,5,0,1,0,1790722800,2026-09-29T23:00:00Z
2026-09-24T17:16:54.386854Z,export,30-1331,1799864,5,0,1,0,1790722800,2026-09-29T23:00:00Z
2026-09-24T17:16:54.386854Z,export,18467,1705289,5,0,1,0,1790722800,2026-09-29T23:00:00Z
2026-09-24T17:16:54.386854Z,export,18468,1705290,5,0,1,0,1790722800,2026-09-29T23:00:00Z
2026-09-24T17:16:54.386854Z,export,18469,1705291,5,0,1,0,1790722800,2026-09-29T23:00:00Z
2026-09-24T17:16:54.386854Z,export,18470,1705292,5,0,1,0,1790722800,2026-09-29T23:00:00Z
2026-09-24T17:16:54.386854Z,export,18471,1705293,5,0,1,0,1790722800,2026-09-29T23:00:00Z
2026-09-24T17:16:54.386854Z,export,18472,1705294,5,0,1,0,1790722800,2026-09-29T23:00:00Z
2026-09-24T17:16:54.386854Z,export,18473,1705295,5,0,1,0,1790722800,2026-09-29T23:00:00Z
2026-09-24T17:16:54.386854Z,export,18474,1705296,5,0,1,0,1790722800,2026-09-29T23:00:00Z
2026-09-24T17:16:54.386854Z,export,18475,1705297,5,0,1,0,1790722800,2026-09-29T23:00:00Z
2026-09-24T17:16:54.386854Z,export,18476,1705298,5,0,1,0,1790722800,2026-09-29T23:00:00Z
2026-09-24T17:16:54.386854Z,export,18477,1705299,5,0,1,0,1790722800,2026-09-29T23:00:00Z
2026-09-24T17:16:54.386854Z,export,18478,1705300,5,0,1,0,1790722800,2026-09-29T23:00:00Z
2026-09-24T17:16:54.386854Z,export,18479,1705301,5,0,1,0,1790722800,2026-09-29T23:00:00Z
2026-09-24T17:16:54.386854Z,export,18480,1705302,5,0,1,0,1790722800,2026-09-29T23:00:00Z
2026-09-24T17:16:54.386854Z,export,18481,1705303,5,0,1,0,1790722800,2026-09-29T23:00:00Z
2026-09-24T17:16:54.386854Z,export,18482,1705304,5,0,1,0,1790722800,2026-09-29T23:00:00Z
2026-09-24T17:16:54.386854Z,export,18483,1705305,5,0,1,0,1790722800,2026-09-29T23:00:00Z
2026-09-24T17:16:54.386854Z,export,18484,1705306,5,0,1,0,1790722800,2026-09-29T23:00:00Z
2026-09-24T17:16:54.386854Z,export,18485,1705307,5,0,1,0,1790722800,2026-09-29T23:00:00Z
2026-09-24T17:16:54.386854Z,export,18486,1705308,5,0,1,0,1790722800,2026-09-29T23:00:00Z
2026-09-24T17:16:54.386854Z,export,18487,1705309,5,0,1,0,1790722800,2026-09-29T23:00:00Z
2026-09-24T17:16:54.386854Z,export,18488,1705310,5,0,1,0,1790722800,2026-09-29T23:00:00Z
2026-09-24T17:16:54.386854Z,export,18489,1705311,5,0,1,0,1790722800,2026-09-29T23:00:00Z
2026-09-24T17:16:54.386854Z,export,18490,1705312,5,0,1,0,1790722800,2026-09-29T23:00:00Z
2026-09-24T17:16:54.386854Z,export,18491,1705313,5,0,1,0,1790722800,2026-09-29T23:00:00Z
2026-09-24T17:16:54.386854Z,export,18492,1705314,5,0,1,0,1790722800,2026-09-29T23:00:00Z
2026-09-24T17:16:54.386854Z,export,18493,1705315,5,0,1,0,1790722800,2026-09-29T23:00:00Z
2026-09-24T17:16:54.386854Z,export,18494,1705316,5,0,1,0,1790722800,2026-09-29T23:00:00Z
2026-09-24T17:16:54.386854Z,export,18495,1705317,5,0,1,0,1790722800,2026-09-29T23:00:00Z
2026-09-24T17:16:54.386854Z,export,18496,1705318,5,0,1,0,1790722800,2026-09-29T23:00:00Z
2026-09-24T17:16:54.386854Z,export,18497,1705319,5,0,1,0,1790722800,2026-09-29T23:00:00Z
2026-09-24T17:16:54.386854Z,export,18498,1705320,5,0,1,0,1790722800,2026-09-29T23:00:00Z
2026-09-24T17:16:54.386854Z,export,18499,1705321,5,0,1,0,1790722800,2026-09-29T23:00:00Z
2026-09-24T17:16:54.386854Z,export,18500,1705322,5,0,1,0,1790722800,2026-09-29T23:00:00Z
2026-09-24T17:16:54.386854Z,export,18501,1705323,5,0,1,0,1790722800,2026-09-29T23:00:00Z
2026-09-24T17:16:54.386854Z,export,18502,1705324,5,0,1,0,1790722800,2026-09-29T23:00:00Z
2026-09-24T17:16:54.386854Z,export,18503,1705325,5,0,1,0,1790722800,2026-09-29T23:00:00Z
2026-09-24T17:16:54.386854Z,export,18504,1705326,5,0,1,0,1790722800,2026-09-29T23:00:00Z
2026-09-24T17:16:54.386854Z,export,18505,1705327,5,0,1,0,1790722800,2026-09-29T23:00:00Z
2026-09-24T17:16:54.386854Z,export,18506,1705328,5,0,1,0,1790722800,2026-09-29T23:00:00Z
2026-09-24T17:16:54.386854Z,export,18507,1705329,5,0,1,0,1790722800,2026-09-29T23:00:00Z
2026-09-24T17:16:54.386854Z,export,18508,1705330,5,0,1,0,1790722800,2026-09-29T23:00:00Z
2026-09-24T17:16:54.386854Z,export,18509,1705331,5,0,1,0,1790722800,2026-09-29T23:00:00Z
2026-09-24T17:16:54.386854Z,export,18510,1705332,5,0,1,0,1790722800,2026-09-29T23:00:00Z
2026-09-24T17:16:54.386854Z,export,18511,1705333,5,0,1,0,1790722800,2026-09-29T23:00:00Z
2026-09-24T17:16:54.386854Z,export,18512,1705334,5,0,1,0,1790722800,2026-09-29T23:00:00Z
2026-09-24T17:16:54.386854Z,export,18513,1705335,5,0,1,0,1790722800,2026-09-29T23:00:00Z
2026-09-24T17:16:54.386854Z,export,18514,1705336,5,0,1,0,1790722800,2026-09-29T23:00:00Z
2026-09-24T17:16:54.386854Z,export,18515,1705337,5,0,1,0,1790722800,2026-09-29T23:00:00Z
2026-09-24T17:16:54.386854Z,export,18516,1705338,5,0,1,0,1790722800,2026-09-29T23:00:00Z
2026-09-24T17:16:54.386854Z,export,18517,1705339,5,0,1,0,1790722800,2026-09-29T23:00:00Z
2026-09-24T17:16:54.386854Z,export,18518,1705340,5,0,1,0,1790722800,2026-09-29T23:00:00Z
2026-09-24T17:16:54.386854Z,export,18519,1705341,5,0,1,0,1790722800,2026-09-29T23:00:00Z
2026-09-24T17:16:54.386854Z,export,18520,1705342,5,0,1,0,1790722800,2026-09-29T23:00:00Z
2026-09-24T17:16:54.386854Z,export,18521,1705343,5,0,1,0,1790722800,2026-09-29T23:00:00Z
2026-09-24T17:16:54.386854Z,export,18522,1705344,5,0,1,0,1790722800,2026-09-29T23:00:00Z
2026-09-24T17:16:54.386854Z,export,18523,1705345,5,0,1,0,1790722800,2026-09-29T23:00:00Z
2026-09-24T17:16:54.386854Z,export,18524,1705346,5,0,1,0,1790722800,2026-09-29T23:00:00Z
2026-09-24T17:16:54.386854Z,export,18525,1705347,5,0,1,0,1790722800,2026-09-29T23:00:00Z
2026-09-24T17:16:54.386854Z,export,18526,1705348,5,0,1,0,1790722800,2026-09-29T23:00:00Z
2026-09-24T17:16:54.386854Z,export,18527,1705349,5,0,1,0,1790722800,2026-09-29T23:00:00Z
2026-09-24T17:16:54.386854Z,export,18528,1705350,5,0,1,0,1790722800,2026-09-29T23:00:00Z
2026-09-24T17:16:54.386854Z,export,18529,1705351,5,0,1,0,1790722800,2026-09-29T23:00:00Z
2026-09-24T17:16:54.386854Z,export,18530,1705352,5,0,1,0,1790722800,2026-09-29T23:00:00Z
2026-09-24T17:16:54.386854Z,export,18531,1705353,5,0,1,0,1790722800,2026-09-29T23:00:00Z
2026-09-24T17:16:54.386854Z,export,18532,1705354,5,0,1,0,1790722800,2026-09-29T23:00:00Z
2026-09-24T17:16:54.386854Z,export,18533,1705355,5,0,1,0,1790722800,2026-09-29T23:00:00Z
2026-09-24T17:16:54.386854Z,export,18534,1705356,5,0,1,0,1790722800,2026-09-29T23:00:00Z
2026-09-24T17:16:54.386854Z,export,18535,1705357,5,0,1,0,1790722800,2026-09-29T23:00:00Z
2026-09-24T17:16:54.386854Z,export,18536,1705358,5,0,1,0,1790722800,2026-09-29T23:00:00Z
2026-09-24T17:16:54.386854Z,export,18537,1705359,5,0,1,0,1790722800,2026-09-29T23:00:00Z
2026-09-24T17:16:54.386854Z,export,18538,1705360,5,0,1,0,1790722800,2026-09-29T23:00:00Z
2026-09-24T17:16:54.386854Z,export,18539,1705361,5,0,1,0,1790722800,2026-09-29T23:00:00Z
2026-09-24T17:16:54.386854Z,export,18540,1705362,5,0,1,0,1790722800,2026-09-29T23:00:00Z
2026-09-24T17:16:54.386854Z,export,18541,1705363,5,0,1,0,1790722800,2026-09-29T23:00:00Z
2026-09-24T17:16:54.386854Z,export,18542,1705364,5,0,1,0,1790722800,2026-09-29T23:00:00Z
2026-09-24T17:16:54.386854Z,export,18543,1705365,5,0,1,0,1790722800,2026-09-29T23:00:00Z
2026-09-24T17:16:54.386854Z,export,18544,1705366,5,0,1,0,1790722800,2026-09-29T23:00:00Z
2026-09-24T17:16:54.386854Z,export,18545,1705367,5,0,1,0,1790722800,2026-09-29T23:00:00Z
2026-09-24T17:16:54.386854Z,export,18546,1705368,5,0,1,0,1790722800,2026-09-29T23:00:00Z
2026-09-24T17:16:54.386854Z,export,18547,1705369,5,0,1,0,1790722800,2026-09-29T23:00:00Z
2026-09-24T17:16:54.386854Z,export,18548,1705370,5,0,1,0,1790722800,2026-09-29T23:00:00Z
2026-09-24T17:16:54.386854Z,export,18549,1705371,5,0,1,0,1790722800,2026-09-29T23:00:00Z
2026-09-24T17:16:54.386854Z,export,18550,1705372,5,0,1,0,1790722800,2026-09-29T23:00:00Z
2026-09-24T17:16:54.386854Z,export,18551,1705373,5,0,1,0,1790722800,2026-09-29T23:00:00Z
2026-09-24T17:16:54.386854Z,export,18552,1705374,5,0,1,0,1790722800,2026-09-29T23:00:00Z
2026-09-24T17:16:54.386854Z,export,18553,1705375,5,0,1,0,1790722800,2026-09-29T23:00:00Z
2026-09-24T17:16:54.386854Z,export,18554,1705376,5,0,1,0,1790722800,2026-09-29T23:00:00Z
2026-09-24T17:16:54.386854Z,export,18555,1705377,5,0,1,0,1790722800,2026-09-29T23:00:00Z
2026-09-24T17:16:54.386854Z,export,18556,1705378,5,0,1,0,1790722800,2026-09-29T23:00:00Z
2026-09-24T17:16:54.386854Z,export,18557,1705379,5,0,1,0,1790722800,2026-09-29T23:00:00Z
2026-09-24T17:16:54.386854Z,export,18558,1705380,5,0,1,0,1790722800,2026-09-29T23:00:00Z
2026-09-24T17:16:54.386854Z,export,18559,1705381,5,0,1,0,1790722800,2026-09-29T23:00:00Z
2026-09-24T17:16:54.386854Z,export,18560,1705382,5,0,1,0,1790722800,2026-09-29T23:00:00Z
2026-09-24T17:16:54.386854Z,export,18561,1705383,5,0,1,0,1790722800,2026-09-29T23:00:00Z
2026-09-24T17:16:54.386854Z,export,30-1333,1799925,5,0,1,0,1790724600,2026-09-29T23:30:00Z
2026-09-24T17:16:54.386854Z,export,18223,1705434,5,0,1,0,1790724600,2026-09-29T23:30:00Z
2026-09-24T17:16:54.386854Z,export,18224,1705435,5,0,1,0,1790724600,2026-09-29T23:30:00Z
2026-09-24T17:16:54.386854Z,export,18225,1705436,5,0,1,0,1790724600,2026-09-29T23:30:00Z
2026-09-24T17:16:54.386854Z,export,18226,1705437,5,0,1,0,1790724600,2026-09-29T23:30:00Z
2026-09-24T17:16:54.386854Z,export,18250,1705438,5,0,1,0,1790724600,2026-09-29T23:30:00Z
2026-09-24T17:16:54.386854Z,export,18251,1705439,5,0,1,0,1790724600,2026-09-29T23:30:00Z
2026-09-24T17:16:54.386854Z,export,18252,1705440,5,0,1,0,1790724600,2026-09-29T23:30:00Z
2026-09-24T17:16:54.386854Z,export,18253,1705441,5,0,1,0,1790724600,2026-09-29T23:30:00Z
2026-09-24T17:16:54.386854Z,export,18254,1705442,5,0,1,0,1790724600,2026-09-29T23:30:00Z
2026-09-24T17:16:54.386854Z,export,18255,1705443,5,0,1,0,1790724600,2026-09-29T23:30:00Z
2026-09-24T17:16:54.386854Z,export,18256,1705444,5,0,1,0,1790724600,2026-09-29T23:30:00Z
2026-09-24T17:16:54.386854Z,export,18257,1705445,5,0,1,0,1790724600,2026-09-29T23:30:00Z
2026-09-24T17:16:54.386854Z,export,18258,1705446,5,0,1,0,1790724600,2026-09-29T23:30:00Z
2026-09-24T17:16:54.386854Z,export,18259,1705447,5,0,1,0,1790724600,2026-09-29T23:30:00Z
2026-09-24T17:16:54.386854Z,export,18260,1705448,5,0,1,0,1790724600,2026-09-29T23:30:00Z
2026-09-24T17:16:54.386854Z,export,18261,1705449,5,0,1,0,1790724600,2026-09-29T23:30:00Z
2026-09-24T17:16:54.386854Z,export,18262,1705450,5,0,1,0,1790724600,2026-09-29T23:30:00Z
2026-09-24T17:16:54.386854Z,export,18263,1705451,5,0,1,0,1790724600,2026-09-29T23:30:00Z
2026-09-24T17:16:54.386854Z,export,18264,1705452,5,0,1,0,1790724600,2026-09-29T23:30:00Z
2026-09-24T17:16:54.386854Z,export,18265,1705453,5,0,1,0,1790724600,2026-09-29T23:30:00Z
2026-09-24T17:16:54.386854Z,export,18266,1705454,5,0,1,0,1790724600,2026-09-29T23:30:00Z
2026-09-24T17:16:54.386854Z,export,18267,1705455,5,0,1,0,1790724600,2026-09-29T23:30:00Z
2026-09-24T17:16:54.386854Z,export,18268,1705456,5,0,1,0,1790724600,2026-09-29T23:30:00Z
2026-09-24T17:16:54.386854Z,export,18269,1705457,5,0,1,0,1790724600,2026-09-29T23:30:00Z
2026-09-24T17:16:54.386854Z,export,18270,1705458,5,0,1,0,1790724600,2026-09-29T23:30:00Z
2026-09-24T17:16:54.386854Z,export,18271,1705459,5,0,1,0,1790724600,2026-09-29T23:30:00Z
2026-09-24T17:16:54.386854Z,export,18272,1705460,5,0,1,0,1790724600,2026-09-29T23:30:00Z
2026-09-24T17:16:54.386854Z,export,18273,1705461,5,0,1,0,1790724600,2026-09-29T23:30:00Z
2026-09-24T17:16:54.386854Z,export,18274,1705462,5,0,1,0,1790724600,2026-09-29T23:30:00Z
2026-09-24T17:16:54.386854Z,export,18275,1705463,5,0,1,0,1790724600,2026-09-29T23:30:00Z
2026-09-24T17:16:54.386854Z,export,18276,1705464,5,0,1,0,1790724600,2026-09-29T23:30:00Z
2026-09-24T17:16:54.386854Z,export,18277,1705465,5,0,1,0,1790724600,2026-09-29T23:30:00Z
2026-09-24T17:16:54.386854Z,export,18278,1705466,5,0,1,0,1790724600,2026-09-29T23:30:00Z
2026-09-24T17:16:54.386854Z,export,18279,1705467,5,0,1,0,1790724600,2026-09-29T23:30:00Z
2026-09-24T17:16:54.386854Z,export,18280,1705468,5,0,1,0,1790724600,2026-09-29T23:30:00Z
2026-09-24T17:16:54.386854Z,export,18281,1705469,5,0,1,0,1790724600,2026-09-29T23:30:00Z
2026-09-24T17:16:54.386854Z,export,18282,1705470,5,0,1,0,1790724600,2026-09-29T23:30:00Z
2026-09-24T17:16:54.386854Z,export,18283,1705471,5,0,1,0,1790724600,2026-09-29T23:30:00Z
2026-09-24T17:16:54.386854Z,export,18284,1705472,5,0,1,0,1790724600,2026-09-29T23:30:00Z
2026-09-24T17:16:54.386854Z,export,18285,1705473,5,0,1,0,1790724600,2026-09-29T23:30:00Z
2026-09-24T17:16:54.386854Z,export,18286,1705474,5,0,1,0,1790724600,2026-09-29T23:30:00Z
2026-09-24T17:16:54.386854Z,export,18287,1705475,5,0,1,0,1790724600,2026-09-29T23:30:00Z
2026-09-24T17:16:54.386854Z,export,18288,1705476,5,0,1,0,1790724600,2026-09-29T23:30:00Z
2026-09-24T17:16:54.386854Z,export,18289,1705477,5,0,1,0,1790724600,2026-09-29T23:30:00Z
2026-09-24T17:16:54.386854Z,export,18290,1705478,5,0,1,0,1790724600,2026-09-29T23:30:00Z
2026-09-24T17:16:54.386854Z,export,18562,1705384,5,0,1,0,1790724600,2026-09-29T23:30:00Z
2026-09-24T17:16:54.386854Z,export,18563,1705385,5,0,1,0,1790724600,2026-09-29T23:30:00Z
2026-09-24T17:16:54.386854Z,export,18564,1705386,5,0,1,0,1790724600,2026-09-29T23:30:00Z
2026-09-24T17:16:54.386854Z,export,18565,1705387,5,0,1,0,1790724600,2026-09-29T23:30:00Z
2026-09-24T17:16:54.386854Z,export,18566,1705388,5,0,1,0,1790724600,2026-09-29T23:30:00Z
2026-09-24T17:16:54.386854Z,export,18567,1705389,5,0,1,0,1790724600,2026-09-29T23:30:00Z
2026-09-24T17:16:54.386854Z,export,18568,1705390,5,0,1,0,1790724600,2026-09-29T23:30:00Z
2026-09-24T17:16:54.386854Z,export,18569,1705391,5,0,1,0,1790724600,2026-09-29T23:30:00Z
2026-09-24T17:16:54.386854Z,export,18570,1705392,5,0,1,0,1790724600,2026-09-29T23:30:00Z
2026-09-24T17:16:54.386854Z,export,18571,1705393,5,0,1,0,1790724600,2026-09-29T23:30:00Z
2026-09-24T17:16:54.386854Z,export,18572,1705394,5,0,1,0,1790724600,2026-09-29T23:30:00Z
2026-09-24T17:16:54.386854Z,export,18573,1705395,5,0,1,0,1790724600,2026-09-29T23:30:00Z
2026-09-24T17:16:54.386854Z,export,18574,1705396,5,0,1,0,1790724600,2026-09-29T23:30:00Z
2026-09-24T17:16:54.386854Z,export,18575,1705397,5,0,1,0,1790724600,2026-09-29T23:30:00Z
2026-09-24T17:16:54.386854Z,export,18576,1705398,5,0,1,0,1790724600,2026-09-29T23:30:00Z
2026-09-24T17:16:54.386854Z,export,18577,1705399,5,0,1,0,1790724600,2026-09-29T23:30:00Z
2026-09-24T17:16:54.386854Z,export,18578,1705400,5,0,1,0,1790724600,2026-09-29T23:30:00Z
2026-09-24T17:16:54.386854Z,export,18579,1705401,5,0,1,0,1790724600,2026-09-29T23:30:00Z
2026-09-24T17:16:54.386854Z,export,18580,1705402,5,0,1,0,1790724600,2026-09-29T23:30:00Z
2026-09-24T17:16:54.386854Z,export,18581,1705403,5,0,1,0,1790724600,2026-09-29T23:30:00Z
2026-09-24T17:16:54.386854Z,export,18582,1705404,5,0,1,0,1790724600,2026-09-29T23:30:00Z
2026-09-24T17:16:54.386854Z,export,18583,1705405,5,0,1,0,1790724600,2026-09-29T23:30:00Z
2026-09-24T17:16:54.386854Z,export,18584,1705406,5,0,1,0,1790724600,2026-09-29T23:30:00Z
2026-09-24T17:16:54.386854Z,export,18585,1705407,5,0,1,0,1790724600,2026-09-29T23:30:00Z
2026-09-24T17:16:54.386854Z,export,18586,1705408,5,0,1,0,1790724600,2026-09-29T23:30:00Z
2026-09-24T17:16:54.386854Z,export,18587,1705409,5,0,1,0,1790724600,2026-09-29T23:30:00Z
2026-09-24T17:16:54.386854Z,export,18588,1705410,5,0,1,0,1790724600,2026-09-29T23:30:00Z
2026-09-24T17:16:54.386854Z,export,18589,1705411,5,0,1,0,1790724600,2026-09-29T23:30:00Z
2026-09-24T17:16:54.386854Z,export,18590,1705412,5,0,1,0,1790724600,2026-09-29T23:30:00Z
2026-09-24T17:16:54.386854Z,export,18591,1705413,5,0,1,0,1790724600,2026-09-29T23:30:00Z
2026-09-24T17:16:54.386854Z,export,18592,1705414,5,0,1,0,1790724600,2026-09-29T23:30:00Z
2026-09-24T17:16:54.386854Z,export,18593,1705415,5,0,1,0,1790724600,2026-09-29T23:30:00Z
2026-09-24T17:16:54.386854Z,export,18594,1705416,5,0,1,0,1790724600,2026-09-29T23:30:00Z
2026-09-24T17:16:54.386854Z,export,18595,1705417,5,0,1,0,1790724600,2026-09-29T23:30:00Z
2026-09-24T17:16:54.386854Z,export,18596,1705418,5,0,1,0,1790724600,2026-09-29T23:30:00Z
2026-09-24T17:16:54.386854Z,export,18597,1705419,5,0,1,0,1790724600,2026-09-29T23:30:00Z
2026-09-24T17:16:54.386854Z,export,18598,1705420,5,0,1,0,1790724600,2026-09-29T23:30:00Z
2026-09-24T17:16:54.386854Z,export,18599,1705421,5,0,1,0,1790724600,2026-09-29T23:30:00Z
2026-09-24T17:16:54.386854Z,export,18600,1705422,5,0,1,0,1790724600,2026-09-29T23:30:00Z
2026-09-24T17:16:54.386854Z,export,18601,1705423,5,0,1,0,1790724600,2026-09-29T23:30:00Z
2026-09-24T17:16:54.386854Z,export,18602,1705424,5,0,1,0,1790724600,2026-09-29T23:30:00Z
2026-09-24T17:16:54.386854Z,export,18603,1705425,5,0,1,0,1790724600,2026-09-29T23:30:00Z
2026-09-24T17:16:54.386854Z,export,18604,1705426,5,0,1,0,1790724600,2026-09-29T23:30:00Z
2026-09-24T17:16:54.386854Z,export,18605,1705427,5,0,1,0,1790724600,2026-09-29T23:30:00Z
2026-09-24T17:16:54.386854Z,export,18606,1705428,5,0,1,0,1790724600,2026-09-29T23:30:00Z
2026-09-24T17:16:54.386854Z,export,18607,1705429,5,0,1,0,1790724600,2026-09-29T23:30:00Z
2026-09-24T17:16:54.386854Z,export,18608,1705430,5,0,1,0,1790724600,2026-09-29T23:30:00Z
2026-09-24T17:16:54.386854Z,export,18609,1705431,5,0,1,0,1790724600,2026-09-29T23:30:00Z
2026-09-24T17:16:54.386854Z,export,18610,1705432,5,0,1,0,1790724600,2026-09-29T23:30:00Z
2026-09-24T17:16:54.386854Z,export,18611,1705433,5,0,1,0,1790724600,2026-09-29T23:30:00Z
2026-09-24T17:16:54.386854Z,export,18612,1723322,50,0,1,0,1790724600,2026-09-29T23:30:00Z
2026-09-24T17:16:54.386854Z,export,18291,1705479,5,0,1,0,1790726400,2026-09-30T00:00:00Z
2026-09-24T17:16:54.386854Z,export,18292,1705480,5,0,1,0,1790726400,2026-09-30T00:00:00Z
2026-09-24T17:16:54.386854Z,export,18293,1705481,5,0,1,0,1790726400,2026-09-30T00:00:00Z
2026-09-24T17:16:54.386854Z,export,18294,1705482,5,0,1,0,1790726400,2026-09-30T00:00:00Z
2026-09-24T17:16:54.386854Z,export,18295,1705483,5,0,1,0,1790726400,2026-09-30T00:00:00Z
2026-09-24T17:16:54.386854Z,export,18296,1705484,5,0,1,0,1790726400,2026-09-30T00:00:00Z
2026-09-24T17:16:54.386854Z,export,18297,1705485,5,0,1,0,1790726400,2026-09-30T00:00:00Z
2026-09-24T17:16:54.386854Z,export,18298,1705486,5,0,1,0,1790726400,2026-09-30T00:00:00Z
2026-09-24T17:16:54.386854Z,export,18299,1705487,5,0,1,0,1790726400,2026-09-30T00:00:00Z
2026-09-24T17:16:54.386854Z,export,18300,1705488,5,0,1,0,1790726400,2026-09-30T00:00:00Z
2026-09-24T17:16:54.386854Z,export,18301,1705489,5,0,1,0,1790726400,2026-09-30T00:00:00Z
2026-09-24T17:16:54.386854Z,export,18302,1705490,5,0,1,0,1790726400,2026-09-30T00:00:00Z
2026-09-24T17:16:54.386854Z,export,18303,1705491,5,0,1,0,1790726400,2026-09-30T00:00:00Z
2026-09-24T17:16:54.386854Z,export,18304,1705492,5,0,1,0,1790726400,2026-09-30T00:00:00Z
2026-09-24T17:16:54.386854Z,export,18305,1705493,5,0,1,0,1790726400,2026-09-30T00:00:00Z
2026-09-24T17:16:54.386854Z,export,18306,1705494,5,0,1,0,1790726400,2026-09-30T00:00:00Z
2026-09-24T17:16:54.386854Z,export,18307,1705495,5,0,1,0,1790726400,2026-09-30T00:00:00Z
2026-09-24T17:16:54.386854Z,export,18308,1705496,5,0,1,0,1790726400,2026-09-30T00:00:00Z
2026-09-24T17:16:54.386854Z,export,18309,1705497,5,0,1,0,1790726400,2026-09-30T00:00:00Z
2026-09-24T17:16:54.386854Z,export,18310,1705498,5,0,1,0,1790726400,2026-09-30T00:00:00Z
2026-09-24T17:16:54.386854Z,export,18311,1705499,5,0,1,0,1790726400,2026-09-30T00:00:00Z
2026-09-24T17:16:54.386854Z,export,18312,1705500,5,0,1,0,1790726400,2026-09-30T00:00:00Z
2026-09-24T17:16:54.386854Z,export,18313,1705501,5,0,1,0,1790726400,2026-09-30T00:00:00Z
2026-09-24T17:16:54.386854Z,export,18314,1705502,5,0,1,0,1790726400,2026-09-30T00:00:00Z
2026-09-24T17:16:54.386854Z,export,18315,1705503,5,0,1,0,1790726400,2026-09-30T00:00:00Z
2026-09-24T17:16:54.386854Z,export,18316,1705504,5,0,1,0,1790726400,2026-09-30T00:00:00Z
2026-09-24T17:16:54.386854Z,export,18317,1705505,5,0,1,0,1790726400,2026-09-30T00:00:00Z
2026-09-24T17:16:54.386854Z,export,18318,1705506,5,0,1,0,1790726400,2026-09-30T00:00:00Z
2026-09-24T17:16:54.386854Z,export,18319,1705507,5,0,1,0,1790726400,2026-09-30T00:00:00Z
2026-09-24T17:16:54.386854Z,export,18320,1705508,5,0,1,0,1790726400,2026-09-30T00:00:00Z
2026-09-24T17:16:54.386854Z,export,18321,1705509,5,0,1,0,1790726400,2026-09-30T00:00:00Z
2026-09-24T17:16:54.386854Z,export,18322,1705510,5,0,1,0,1790726400,2026-09-30T00:00:00Z
2026-09-24T17:16:54.386854Z,export,18323,1705511,5,0,1,0,1790726400,2026-09-30T00:00:00Z
2026-09-24T17:16:54.386854Z,export,18324,1705512,5,0,1,0,1790726400,2026-09-30T00:00:00Z
2026-09-24T17:16:54.386854Z,export,18325,1705513,5,0,1,0,1790726400,2026-09-30T00:00:00Z
2026-09-24T17:16:54.386854Z,export,18326,1705514,5,0,1,0,1790726400,2026-09-30T00:00:00Z
2026-09-24T17:16:54.386854Z,export,18327,1705515,5,0,1,0,1790726400,2026-09-30T00:00:00Z
2026-09-24T17:16:54.386854Z,export,18328,1705516,100,0,1,0,1790726400,2026-09-30T00:00:00Z
2026-09-24T17:16:54.386854Z,export,18329,1705517,100,0,1,0,1790726400,2026-09-30T00:00:00Z
2026-09-24T17:16:54.386854Z,export,18330,1705518,5,0,1,0,1790726400,2026-09-30T00:00:00Z
2026-09-24T17:16:54.386854Z,export,18331,1705519,5,0,1,0,1790726400,2026-09-30T00:00:00Z
2026-09-24T17:16:54.386854Z,export,18332,1705520,5,0,1,0,1790726400,2026-09-30T00:00:00Z
2026-09-24T17:16:54.386854Z,export,18333,1705521,5,0,1,0,1790726400,2026-09-30T00:00:00Z
2026-09-24T17:16:54.386854Z,export,18334,1705522,5,0,1,0,1790726400,2026-09-30T00:00:00Z
2026-09-24T17:16:54.386854Z,export,18335,1705523,5,0,1,0,1790726400,2026-09-30T00:00:00Z
2026-09-24T17:16:54.386854Z,export,18336,1705524,5,0,1,0,1790726400,2026-09-30T00:00:00Z
2026-09-24T17:16:54.386854Z,export,18337,1705525,5,0,1,0,1790726400,2026-09-30T00:00:00Z
2026-09-24T17:16:54.386854Z,export,18338,1705526,5,0,1,0,1790726400,2026-09-30T00:00:00Z
2026-09-24T17:16:54.386854Z,export,18339,1705527,5,0,1,0,1790726400,2026-09-30T00:00:00Z
2026-09-24T17:16:54.386854Z,export,18340,1705528,5,0,1,0,1790726400,2026-09-30T00:00:00Z
2026-09-24T17:16:54.386854Z,export,18341,1705529,5,0,1,0,1790726400,2026-09-30T00:00:00Z
2026-09-24T17:16:54.386854Z,export,18342,1705530,5,0,1,0,1790726400,2026-09-30T00:00:00Z
2026-09-24T17:16:54.386854Z,export,18343,1705531,5,0,1,0,1790726400,2026-09-30T00:00:00Z
2026-09-24T17:16:54.386854Z,export,18344,1705532,5,0,1,0,1790726400,2026-09-30T00:00:00Z
2026-09-24T17:16:54.386854Z,export,18345,1705533,5,0,1,0,1790726400,2026-09-30T00:00:00Z
2026-09-24T17:16:54.386854Z,export,18346,1705534,5,0,1,0,1790726400,2026-09-30T00:00:00Z
2026-09-24T17:16:54.386854Z,export,18347,1705535,5,0,1,0,1790726400,2026-09-30T00:00:00Z
2026-09-24T17:16:54.386854Z,export,18348,1705536,5,0,1,0,1790726400,2026-09-30T00:00:00Z
2026-09-24T17:16:54.386854Z,export,18349,1705537,5,0,1,0,1790726400,2026-09-30T00:00:00Z
2026-09-24T17:16:54.386854Z,export,18350,1705538,5,0,1,0,1790726400,2026-09-30T00:00:00Z
2026-09-24T17:16:54.386854Z,export,18351,1705539,5,0,1,0,1790726400,2026-09-30T00:00:00Z
2026-09-24T17:16:54.386854Z,export,18352,1705540,5,0,1,0,1790726400,2026-09-30T00:00:00Z
2026-09-24T17:16:54.386854Z,export,18353,1705541,5,0,1,0,1790726400,2026-09-30T00:00:00Z
2026-09-24T17:16:54.386854Z,export,18354,1705542,5,0,1,0,1790726400,2026-09-30T00:00:00Z
2026-09-24T17:16:54.386854Z,export,18355,1705543,100,0,1,0,1790726400,2026-09-30T00:00:00Z
2026-09-24T17:16:54.386854Z,export,18356,1705544,100,0,1,0,1790726400,2026-09-30T00:00:00Z
2026-09-24T17:16:54.386854Z,export,18357,1705545,100,0,1,0,1790726400,2026-09-30T00:00:00Z
2026-09-24T17:16:54.386854Z,export,18358,1705546,100,0,1,0,1790726400,2026-09-30T00:00:00Z
2026-09-24T17:16:54.386854Z,export,18359,1705547,100,0,1,0,1790726400,2026-09-30T00:00:00Z
2026-09-24T17:16:54.386854Z,export,18360,1705548,100,0,1,0,1790726400,2026-09-30T00:00:00Z
2026-09-24T17:16:54.386854Z,export,18361,1705549,100,0,1,0,1790726400,2026-09-30T00:00:00Z
2026-09-24T17:16:54.386854Z,export,18362,1705550,100,0,1,0,1790726400,2026-09-30T00:00:00Z
2026-09-24T17:16:54.386854Z,export,18364,1705551,100,0,1,0,1790726400,2026-09-30T00:00:00Z
2026-09-24T17:16:54.386854Z,export,18365,1705552,100,0,1,0,1790726400,2026-09-30T00:00:00Z
2026-09-24T17:16:54.386854Z,export,18366,1705553,100,0,1,0,1790726400,2026-09-30T00:00:00Z
2026-09-24T17:16:54.386854Z,export,18367,1705554,100,0,1,0,1790726400,2026-09-30T00:00:00Z
2026-09-24T17:16:54.386854Z,export,18368,1705555,100,0,1,0,1790726400,2026-09-30T00:00:00Z
2026-09-24T17:16:54.386854Z,export,18369,1705556,5,0,1,0,1790726400,2026-09-30T00:00:00Z
2026-09-24T17:16:54.386854Z,export,18370,1705557,100,0,1,0,1790726400,2026-09-30T00:00:00Z
2026-09-24T17:16:54.386854Z,export,18371,1705558,5,0,1,0,1790726400,2026-09-30T00:00:00Z
2026-09-24T17:16:54.386854Z,export,18372,1705559,5,0,1,0,1790726400,2026-09-30T00:00:00Z
2026-09-24T17:16:54.386854Z,export,18373,1705560,5,0,1,0,1790726400,2026-09-30T00:00:00Z
2026-09-24T17:16:54.386854Z,export,18374,1705561,100,0,1,0,1790726400,2026-09-30T00:00:00Z
2026-09-24T17:16:54.386854Z,export,18375,1705562,100,0,1,0,1790726400,2026-09-30T00:00:00Z
2026-09-24T17:16:54.386854Z,export,18376,1705563,100,0,1,0,1790726400,2026-09-30T00:00:00Z
2026-09-24T17:16:54.386854Z,export,18377,1705564,100,0,1,0,1790726400,2026-09-30T00:00:00Z
2026-09-24T17:16:54.386854Z,export,18378,1705565,100,0,1,0,1790726400,2026-09-30T00:00:00Z
2026-09-24T17:16:54.386854Z,export,18379,1705566,100,0,1,0,1790726400,2026-09-30T00:00:00Z
2026-09-24T17:16:54.386854Z,export,18380,1705567,100,0,1,0,1790726400,2026-09-30T00:00:00Z
2026-09-24T17:16:54.386854Z,export,18381,1705568,100,0,1,0,1790726400,2026-09-30T00:00:00Z
2026-09-24T17:16:54.386854Z,export,18382,1705569,100,0,1,0,1790726400,2026-09-30T00:00:00Z
2026-09-24T17:16:54.386854Z,export,18383,1705570,100,0,1,0,1790726400,2026-09-30T00:00:00Z
2026-09-24T17:16:54.386854Z,export,18384,1705571,5,0,1,0,1790726400,2026-09-30T00:00:00Z
2026-09-24T17:16:54.386854Z,export,18385,1705572,5,0,1,0,1790726400,2026-09-30T00:00:00Z
2026-09-24T17:16:54.386854Z,export,18386,1705573,5,0,1,0,1790726400,2026-09-30T00:00:00Z
2026-09-24T17:16:54.386854Z,export,18387,1705574,5,0,1,0,1790726400,2026-09-30T00:00:00Z
2026-09-24T17:16:54.386854Z,export,18388,1705575,5,0,1,0,1790726400,2026-09-30T00:00:00Z
2026-09-24T17:16:54.386854Z,export,18613,1723323,5,0,1,0,1790726400,2026-09-30T00:00:00Z
2026-09-24T17:16:54.386854Z,export,18614,1723324,500,0,1,0,1790726400,2026-09-30T00:00:00Z
2026-09-24T17:16:54.386854Z,export,18615,1722853,100,0,1,0,1790726400,2026-09-30T00:00:00Z
2026-09-24T17:16:54.386854Z,export,18616,1723069,100,0,1,0,1790726400,2026-09-30T00:00:00Z
2026-09-24T17:16:54.386854Z,export,19094,1717855,100,0,1,0,1790726400,2026-09-30T00:00:00Z
2026-09-24T17:32:58.214789Z,export,30-1332,1799881,5,0,1,0,1790719200,2026-09-29T22:00:00Z
2026-09-24T17:32:58.214789Z,export,18100,1705100,5,0,1,0,1790719200,2026-09-29T22:00:00Z
2026-09-24T17:32:58.214789Z,export,18101,1705101,5,0,1,0,1790719200,2026-09-29T22:00:00Z
2026-09-24T17:32:58.214789Z,export,18102,1705102,5,0,1,0,1790719200,2026-09-29T22:00:00Z
2026-09-24T17:32:58.214789Z,export,18103,1705103,5,0,1,0,1790719200,2026-09-29T22:00:00Z
2026-09-24T17:32:58.214789Z,export,18104,1705104,100,0,1,0,1790719200,2026-09-29T22:00:00Z
2026-09-24T17:32:58.214789Z,export,18105,1705105,5,0,1,0,1790719200,2026-09-29T22:00:00Z
2026-09-24T17:32:58.214789Z,export,18106,1705106,5,0,1,0,1790719200,2026-09-29T22:00:00Z
2026-09-24T17:32:58.214789Z,export,18107,1705107,5,0,1,0,1790719200,2026-09-29T22:00:00Z
2026-09-24T17:32:58.214789Z,export,18108,1705108,5,0,1,0,1790719200,2026-09-29T22:00:00Z
2026-09-24T17:32:58.214789Z,export,18109,1705109,5,0,1,0,1790719200,2026-09-29T22:00:00Z
2026-09-24T17:32:58.214789Z,export,18110,1705110,5,0,1,0,1790719200,2026-09-29T22:00:00Z
2026-09-24T17:32:58.214789Z,export,18111,1705111,5,0,1,0,1790719200,2026-09-29T22:00:00Z
2026-09-24T17:32:58.214789Z,export,18112,1705112,5,0,1,0,1790719200,2026-09-29T22:00:00Z
2026-09-24T17:32:58.214789Z,export,18113,1705113,5,0,1,0,1790719200,2026-09-29T22:00:00Z
2026-09-24T17:32:58.214789Z,export,18114,1705114,5,0,1,0,1790719200,2026-09-29T22:00:00Z
2026-09-24T17:32:58.214789Z,export,18115,1705115,5,0,1,0,1790719200,2026-09-29T22:00:00Z
2026-09-24T17:32:58.214789Z,export,18116,1705116,5,0,1,0,1790719200,2026-09-29T22:00:00Z
2026-09-24T17:32:58.214789Z,export,18117,1705117,5,0,1,0,1790719200,2026-09-29T22:00:00Z
2026-09-24T17:32:58.214789Z,export,18118,1705118,5,0,1,0,1790719200,2026-09-29T22:00:00Z
2026-09-24T17:32:58.214789Z,export,18119,1705119,5,0,1,0,1790719200,2026-09-29T22:00:00Z
2026-09-24T17:32:58.214789Z,export,18120,1705120,5,0,1,0,1790719200,2026-09-29T22:00:00Z
2026-09-24T17:32:58.214789Z,export,18121,1705121,5,0,1,0,1790719200,2026-09-29T22:00:00Z
2026-09-24T17:32:58.214789Z,export,18122,1705122,5,0,1,0,1790719200,2026-09-29T22:00:00Z
2026-09-24T17:32:58.214789Z,export,18123,1705123,5,0,1,0,1790719200,2026-09-29T22:00:00Z
2026-09-24T17:32:58.214789Z,export,18124,1705124,5,0,1,0,1790719200,2026-09-29T22:00:00Z
2026-09-24T17:32:58.214789Z,export,18125,1705125,5,0,1,0,1790719200,2026-09-29T22:00:00Z
2026-09-24T17:32:58.214789Z,export,18126,1705126,5,0,1,0,1790719200,2026-09-29T22:00:00Z
2026-09-24T17:32:58.214789Z,export,18127,1705127,5,0,1,0,1790719200,2026-09-29T22:00:00Z
2026-09-24T17:32:58.214789Z,export,18128,1705128,5,0,1,0,1790719200,2026-09-29T22:00:00Z
2026-09-24T17:32:58.214789Z,export,18129,1705129,5,0,1,0,1790719200,2026-09-29T22:00:00Z
2026-09-24T17:32:58.214789Z,export,18130,1705130,5,0,1,0,1790719200,2026-09-29T22:00:00Z
2026-09-24T17:32:58.214789Z,export,18131,1705131,5,0,1,0,1790719200,2026-09-29T22:00:00Z
2026-09-24T17:32:58.214789Z,export,18132,1705132,5,0,1,0,1790719200,2026-09-29T22:00:00Z
2026-09-24T17:32:58.214789Z,export,18133,1705133,5,0,1,0,1790719200,2026-09-29T22:00:00Z
2026-09-24T17:32:58.214789Z,export,18134,1705134,5,0,1,0,1790719200,2026-09-29T22:00:00Z
2026-09-24T17:32:58.214789Z,export,18135,1705135,5,0,1,0,1790719200,2026-09-29T22:00:00Z
2026-09-24T17:32:58.214789Z,export,18136,1705136,5,0,1,0,1790719200,2026-09-29T22:00:00Z
2026-09-24T17:32:58.214789Z,export,18137,1705137,5,0,1,0,1790719200,2026-09-29T22:00:00Z
2026-09-24T17:32:58.214789Z,export,18138,1705138,5,0,1,0,1790719200,2026-09-29T22:00:00Z
2026-09-24T17:32:58.214789Z,export,18139,1705139,5,0,1,0,1790719200,2026-09-29T22:00:00Z
2026-09-24T17:32:58.214789Z,export,18140,1705140,5,0,1,0,1790719200,2026-09-29T22:00:00Z
2026-09-24T17:32:58.214789Z,export,18141,1705141,5,0,1,0,1790719200,2026-09-29T22:00:00Z
2026-09-24T17:32:58.214789Z,export,18142,1705142,5,0,1,0,1790719200,2026-09-29T22:00:00Z
2026-09-24T17:32:58.214789Z,export,18143,1705143,5,0,1,0,1790719200,2026-09-29T22:00:00Z
2026-09-24T17:32:58.214789Z,export,18144,1705144,5,0,1,0,1790719200,2026-09-29T22:00:00Z
2026-09-24T17:32:58.214789Z,export,18145,1705145,5,0,1,0,1790719200,2026-09-29T22:00:00Z
2026-09-24T17:32:58.214789Z,export,18146,1705146,5,0,1,0,1790719200,2026-09-29T22:00:00Z
2026-09-24T17:32:58.214789Z,export,18147,1705147,5,0,1,0,1790719200,2026-09-29T22:00:00Z
2026-09-24T17:32:58.214789Z,export,18148,1705148,5,0,1,0,1790719200,2026-09-29T22:00:00Z
2026-09-24T17:32:58.214789Z,export,18149,1705149,5,0,1,0,1790719200,2026-09-29T22:00:00Z
2026-09-24T17:32:58.214789Z,export,18150,1705150,5,0,1,0,1790719200,2026-09-29T22:00:00Z
2026-09-24T17:32:58.214789Z,export,18151,1705151,5,0,1,0,1790719200,2026-09-29T22:00:00Z
2026-09-24T17:32:58.214789Z,export,18152,1705152,5,0,1,0,1790719200,2026-09-29T22:00:00Z
2026-09-24T17:32:58.214789Z,export,18153,1705153,5,0,1,0,1790719200,2026-09-29T22:00:00Z
2026-09-24T17:32:58.214789Z,export,18154,1705154,5,0,1,0,1790719200,2026-09-29T22:00:00Z
2026-09-24T17:32:58.214789Z,export,18156,1705155,5,0,1,0,1790719200,2026-09-29T22:00:00Z
2026-09-24T17:32:58.214789Z,export,18157,1705156,5,0,1,0,1790719200,2026-09-29T22:00:00Z
2026-09-24T17:32:58.214789Z,export,18158,1705157,5,0,1,0,1790719200,2026-09-29T22:00:00Z
2026-09-24T17:32:58.214789Z,export,18159,1705158,5,0,1,0,1790719200,2026-09-29T22:00:00Z
2026-09-24T17:32:58.214789Z,export,18160,1705159,5,0,1,0,1790719200,2026-09-29T22:00:00Z
2026-09-24T17:32:58.214789Z,export,18161,1705160,5,0,1,0,1790719200,2026-09-29T22:00:00Z
2026-09-24T17:32:58.214789Z,export,18162,1705161,5,0,1,0,1790719200,2026-09-29T22:00:00Z
2026-09-24T17:32:58.214789Z,export,18163,1705162,5,0,1,0,1790719200,2026-09-29T22:00:00Z
2026-09-24T17:32:58.214789Z,export,18164,1705163,5,0,1,0,1790719200,2026-09-29T22:00:00Z
2026-09-24T17:32:58.214789Z,export,18165,1705164,5,0,1,0,1790719200,2026-09-29T22:00:00Z
2026-09-24T17:32:58.214789Z,export,18166,1705165,5,0,1,0,1790719200,2026-09-29T22:00:00Z
2026-09-24T17:32:58.214789Z,export,18167,1705166,5,0,1,0,1790719200,2026-09-29T22:00:00Z
2026-09-24T17:32:58.214789Z,export,18168,1705167,5,0,1,0,1790719200,2026-09-29T22:00:00Z
2026-09-24T17:32:58.214789Z,export,18169,1705168,5,0,1,0,1790719200,2026-09-29T22:00:00Z
2026-09-24T17:32:58.214789Z,export,18170,1705169,5,0,1,0,1790719200,2026-09-29T22:00:00Z
2026-09-24T17:32:58.214789Z,export,18171,1705170,5,0,1,0,1790719200,2026-09-29T22:00:00Z
2026-09-24T17:32:58.214789Z,export,18172,1705171,5,0,1,0,1790719200,2026-09-29T22:00:00Z
2026-09-24T17:32:58.214789Z,export,18173,1705172,5,0,1,0,1790719200,2026-09-29T22:00:00Z
2026-09-24T17:32:58.214789Z,export,18174,1705173,5,0,1,0,1790719200,2026-09-29T22:00:00Z
2026-09-24T17:32:58.214789Z,export,18175,1705174,5,0,1,0,1790719200,2026-09-29T22:00:00Z
2026-09-24T17:32:58.214789Z,export,18176,1705175,5,0,1,0,1790719200,2026-09-29T22:00:00Z
2026-09-24T17:32:58.214789Z,export,18177,1705176,5,0,1,0,1790719200,2026-09-29T22:00:00Z
2026-09-24T17:32:58.214789Z,export,18178,1705177,5,0,1,0,1790719200,2026-09-29T22:00:00Z
2026-09-24T17:32:58.214789Z,export,18179,1705178,5,0,1,0,1790719200,2026-09-29T22:00:00Z
2026-09-24T17:32:58.214789Z,export,18180,1705179,5,0,1,0,1790719200,2026-09-29T22:00:00Z
2026-09-24T17:32:58.214789Z,export,18181,1705180,5,0,1,0,1790719200,2026-09-29T22:00:00Z
2026-09-24T17:32:58.214789Z,export,18182,1705181,5,0,1,0,1790719200,2026-09-29T22:00:00Z
2026-09-24T17:32:58.214789Z,export,18183,1705182,5,0,1,0,1790719200,2026-09-29T22:00:00Z
2026-09-24T17:32:58.214789Z,export,18184,1705183,5,0,1,0,1790719200,2026-09-29T22:00:00Z
2026-09-24T17:32:58.214789Z,export,18185,1705184,5,0,1,0,1790719200,2026-09-29T22:00:00Z
2026-09-24T17:32:58.214789Z,export,18186,1705185,5,0,1,0,1790719200,2026-09-29T22:00:00Z
2026-09-24T17:32:58.214789Z,export,18187,1705186,5,0,1,0,1790719200,2026-09-29T22:00:00Z
2026-09-24T17:32:58.214789Z,export,18188,1705187,5,0,1,0,1790719200,2026-09-29T22:00:00Z
2026-09-24T17:32:58.214789Z,export,18189,1705188,5,0,1,0,1790719200,2026-09-29T22:00:00Z
2026-09-24T17:32:58.214789Z,export,18190,1705189,5,0,1,0,1790719200,2026-09-29T22:00:00Z
2026-09-24T17:32:58.214789Z,export,18191,1705190,5,0,1,0,1790719200,2026-09-29T22:00:00Z
2026-09-24T17:32:58.214789Z,export,18192,1705191,5,0,1,0,1790719200,2026-09-29T22:00:00Z
2026-09-24T17:32:58.214789Z,export,18193,1705192,5,0,1,0,1790719200,2026-09-29T22:00:00Z
2026-09-24T17:32:58.214789Z,export,18194,1705193,5,0,1,0,1790719200,2026-09-29T22:00:00Z
2026-09-24T17:32:58.214789Z,export,18195,1705194,5,0,1,0,1790721000,2026-09-29T22:30:00Z
2026-09-24T17:32:58.214789Z,export,18196,1705195,5,0,1,0,1790721000,2026-09-29T22:30:00Z
2026-09-24T17:32:58.214789Z,export,18197,1705196,5,0,1,0,1790721000,2026-09-29T22:30:00Z
2026-09-24T17:32:58.214789Z,export,18198,1705197,5,0,1,0,1790721000,2026-09-29T22:30:00Z
2026-09-24T17:32:58.214789Z,export,18199,1705198,5,0,1,0,1790721000,2026-09-29T22:30:00Z
2026-09-24T17:32:58.214789Z,export,18200,1705199,5,0,1,0,1790721000,2026-09-29T22:30:00Z
2026-09-24T17:32:58.214789Z,export,18201,1705200,5,0,1,0,1790721000,2026-09-29T22:30:00Z
2026-09-24T17:32:58.214789Z,export,18202,1705201,5,0,1,0,1790721000,2026-09-29T22:30:00Z
2026-09-24T17:32:58.214789Z,export,18203,1705202,5,0,1,0,1790721000,2026-09-29T22:30:00Z
2026-09-24T17:32:58.214789Z,export,18204,1705203,5,0,1,0,1790721000,2026-09-29T22:30:00Z
2026-09-24T17:32:58.214789Z,export,18205,1705204,5,0,1,0,1790721000,2026-09-29T22:30:00Z
2026-09-24T17:32:58.214789Z,export,18206,1705205,5,0,1,0,1790721000,2026-09-29T22:30:00Z
2026-09-24T17:32:58.214789Z,export,18207,1705206,5,0,1,0,1790721000,2026-09-29T22:30:00Z
2026-09-24T17:32:58.214789Z,export,18208,1705207,5,0,1,0,1790721000,2026-09-29T22:30:00Z
2026-09-24T17:32:58.214789Z,export,18209,1705208,5,0,1,0,1790721000,2026-09-29T22:30:00Z
2026-09-24T17:32:58.214789Z,export,18210,1705209,5,0,1,0,1790721000,2026-09-29T22:30:00Z
2026-09-24T17:32:58.214789Z,export,18211,1705210,5,0,1,0,1790721000,2026-09-29T22:30:00Z
2026-09-24T17:32:58.214789Z,export,18212,1705211,5,0,1,0,1790721000,2026-09-29T22:30:00Z
2026-09-24T17:32:58.214789Z,export,18213,1705212,5,0,1,0,1790721000,2026-09-29T22:30:00Z
2026-09-24T17:32:58.214789Z,export,18214,1705213,5,0,1,0,1790721000,2026-09-29T22:30:00Z
2026-09-24T17:32:58.214789Z,export,18215,1705214,5,0,1,0,1790721000,2026-09-29T22:30:00Z
2026-09-24T17:32:58.214789Z,export,18216,1705215,5,0,1,0,1790721000,2026-09-29T22:30:00Z
2026-09-24T17:32:58.214789Z,export,18217,1705216,5,0,1,0,1790721000,2026-09-29T22:30:00Z
2026-09-24T17:32:58.214789Z,export,18218,1705217,5,0,1,0,1790721000,2026-09-29T22:30:00Z
2026-09-24T17:32:58.214789Z,export,18219,1705218,5,0,1,0,1790721000,2026-09-29T22:30:00Z
2026-09-24T17:32:58.214789Z,export,18220,1705219,5,0,1,0,1790721000,2026-09-29T22:30:00Z
2026-09-24T17:32:58.214789Z,export,18221,1705220,5,0,1,0,1790721000,2026-09-29T22:30:00Z
2026-09-24T17:32:58.214789Z,export,18222,1705221,5,0,1,0,1790721000,2026-09-29T22:30:00Z
2026-09-24T17:32:58.214789Z,export,18400,1705222,5,0,1,0,1790721000,2026-09-29T22:30:00Z
2026-09-24T17:32:58.214789Z,export,18401,1705223,5,0,1,0,1790721000,2026-09-29T22:30:00Z
2026-09-24T17:32:58.214789Z,export,18402,1705224,5,0,1,0,1790721000,2026-09-29T22:30:00Z
2026-09-24T17:32:58.214789Z,export,18403,1705225,5,0,1,0,1790721000,2026-09-29T22:30:00Z
2026-09-24T17:32:58.214789Z,export,18404,1705226,5,0,1,0,1790721000,2026-09-29T22:30:00Z
2026-09-24T17:32:58.214789Z,export,18405,1705227,5,0,1,0,1790721000,2026-09-29T22:30:00Z
2026-09-24T17:32:58.214789Z,export,18406,1705228,5,0,1,0,1790721000,2026-09-29T22:30:00Z
2026-09-24T17:32:58.214789Z,export,18407,1705229,5,0,1,0,1790721000,2026-09-29T22:30:00Z
2026-09-24T17:32:58.214789Z,export,18408,1705230,5,0,1,0,1790721000,2026-09-29T22:30:00Z
2026-09-24T17:32:58.214789Z,export,18409,1705231,5,0,1,0,1790721000,2026-09-29T22:30:00Z
2026-09-24T17:32:58.214789Z,export,18410,1705232,5,0,1,0,1790721000,2026-09-29T22:30:00Z
2026-09-24T17:32:58.214789Z,export,18411,1705233,5,0,1,0,1790721000,2026-09-29T22:30:00Z
2026-09-24T17:32:58.214789Z,export,18412,1705234,5,0,1,0,1790721000,2026-09-29T22:30:00Z
2026-09-24T17:32:58.214789Z,export,18413,1705235,5,0,1,0,1790721000,2026-09-29T22:30:00Z
2026-09-24T17:32:58.214789Z,export,18414,1705236,5,0,1,0,1790721000,2026-09-29T22:30:00Z
2026-09-24T17:32:58.214789Z,export,18415,1705237,5,0,1,0,1790721000,2026-09-29T22:30:00Z
2026-09-24T17:32:58.214789Z,export,18416,1705238,5,0,1,0,1790721000,2026-09-29T22:30:00Z
2026-09-24T17:32:58.214789Z,export,18417,1705239,5,0,1,0,1790721000,2026-09-29T22:30:00Z
2026-09-24T17:32:58.214789Z,export,18418,1705240,5,0,1,0,1790721000,2026-09-29T22:30:00Z
2026-09-24T17:32:58.214789Z,export,18419,1705241,5,0,1,0,1790721000,2026-09-29T22:30:00Z
2026-09-24T17:32:58.214789Z,export,18420,1705242,5,0,1,0,1790721000,2026-09-29T22:30:00Z
2026-09-24T17:32:58.214789Z,export,18421,1705243,5,0,1,0,1790721000,2026-09-29T22:30:00Z
2026-09-24T17:32:58.214789Z,export,18422,1705244,5,0,1,0,1790721000,2026-09-29T22:30:00Z
2026-09-24T17:32:58.214789Z,export,18423,1705245,5,0,1,0,1790721000,2026-09-29T22:30:00Z
2026-09-24T17:32:58.214789Z,export,18424,1705246,5,0,1,0,1790721000,2026-09-29T22:30:00Z
2026-09-24T17:32:58.214789Z,export,18425,1705247,5,0,1,0,1790721000,2026-09-29T22:30:00Z
2026-09-24T17:32:58.214789Z,export,18426,1705248,5,0,1,0,1790721000,2026-09-29T22:30:00Z
2026-09-24T17:32:58.214789Z,export,18427,1705249,5,0,1,0,1790721000,2026-09-29T22:30:00Z
2026-09-24T17:32:58.214789Z,export,18428,1705250,5,0,1,0,1790721000,2026-09-29T22:30:00Z
2026-09-24T17:32:58.214789Z,export,18429,1705251,5,0,1,0,1790721000,2026-09-29T22:30:00Z
2026-09-24T17:32:58.214789Z,export,18430,1705252,5,0,1,0,1790721000,2026-09-29T22:30:00Z
2026-09-24T17:32:58.214789Z,export,18431,1705253,5,0,1,0,1790721000,2026-09-29T22:30:00Z
2026-09-24T17:32:58.214789Z,export,18432,1705254,5,0,1,0,1790721000,2026-09-29T22:30:00Z
2026-09-24T17:32:58.214789Z,export,18433,1705255,5,0,1,0,1790721000,2026-09-29T22:30:00Z
2026-09-24T17:32:58.214789Z,export,18434,1705256,5,0,1,0,1790721000,2026-09-29T22:30:00Z
2026-09-24T17:32:58.214789Z,export,18435,1705257,5,0,1,0,1790721000,2026-09-29T22:30:00Z
2026-09-24T17:32:58.214789Z,export,18436,1705258,5,0,1,0,1790721000,2026-09-29T22:30:00Z
2026-09-24T17:32:58.214789Z,export,18437,1705259,5,0,1,0,1790721000,2026-09-29T22:30:00Z
2026-09-24T17:32:58.214789Z,export,18438,1705260,5,0,1,0,1790721000,2026-09-29T22:30:00Z
2026-09-24T17:32:58.214789Z,export,18439,1705261,5,0,1,0,1790721000,2026-09-29T22:30:00Z
2026-09-24T17:32:58.214789Z,export,18440,1705262,5,0,1,0,1790721000,2026-09-29T22:30:00Z
2026-09-24T17:32:58.214789Z,export,18441,1705263,5,0,1,0,1790721000,2026-09-29T22:30:00Z
2026-09-24T17:32:58.214789Z,export,18442,1705264,5,0,1,0,1790721000,2026-09-29T22:30:00Z
2026-09-24T17:32:58.214789Z,export,18443,1705265,5,0,1,0,1790721000,2026-09-29T22:30:00Z
2026-09-24T17:32:58.214789Z,export,18444,1705266,5,0,1,0,1790721000,2026-09-29T22:30:00Z
2026-09-24T17:32:58.214789Z,export,18445,1705267,5,0,1,0,1790721000,2026-09-29T22:30:00Z
2026-09-24T17:32:58.214789Z,export,18446,1705268,5,0,1,0,1790721000,2026-09-29T22:30:00Z
2026-09-24T17:32:58.214789Z,export,18447,1705269,5,0,1,0,1790721000,2026-09-29T22:30:00Z
2026-09-24T17:32:58.214789Z,export,18448,1705270,5,0,1,0,1790721000,2026-09-29T22:30:00Z
2026-09-24T17:32:58.214789Z,export,18449,1705271,5,0,1,0,1790721000,2026-09-29T22:30:00Z
2026-09-24T17:32:58.214789Z,export,18450,1705272,5,0,1,0,1790721000,2026-09-29T22:30:00Z
2026-09-24T17:32:58.214789Z,export,18451,1705273,5,0,1,0,1790721000,2026-09-29T22:30:00Z
2026-09-24T17:32:58.214789Z,export,18452,1705274,5,0,1,0,1790721000,2026-09-29T22:30:00Z
2026-09-24T17:32:58.214789Z,export,18453,1705275,5,0,1,0,1790721000,2026-09-29T22:30:00Z
2026-09-24T17:32:58.214789Z,export,18454,1705276,5,0,1,0,1790721000,2026-09-29T22:30:00Z
2026-09-24T17:32:58.214789Z,export,18455,1705277,5,0,1,0,1790721000,2026-09-29T22:30:00Z
2026-09-24T17:32:58.214789Z,export,18456,1705278,5,0,1,0,1790721000,2026-09-29T22:30:00Z
2026-09-24T17:32:58.214789Z,export,18457,1705279,5,0,1,0,1790721000,2026-09-29T22:30:00Z
2026-09-24T17:32:58.214789Z,export,18458,1705280,5,0,1,0,1790721000,2026-09-29T22:30:00Z
2026-09-24T17:32:58.214789Z,export,18459,1705281,5,0,1,0,1790721000,2026-09-29T22:30:00Z
2026-09-24T17:32:58.214789Z,export,18460,1705282,5,0,1,0,1790721000,2026-09-29T22:30:00Z
2026-09-24T17:32:58.214789Z,export,18461,1705283,5,0,1,0,1790721000,2026-09-29T22:30:00Z
2026-09-24T17:32:58.214789Z,export,18462,1705284,5,0,1,0,1790721000,2026-09-29T22:30:00Z
2026-09-24T17:32:58.214789Z,export,18463,1705285,5,0,1,0,1790721000,2026-09-29T22:30:00Z
2026-09-24T17:32:58.214789Z,export,18464,1705286,5,0,1,0,1790721000,2026-09-29T22:30:00Z
2026-09-24T17:32:58.214789Z,export,18465,1705287,5,0,1,0,1790721000,2026-09-29T22:30:00Z
2026-09-24T17:32:58.214789Z,export,18466,1705288,5,0,1,0,1790721000,2026-09-29T22:30:00Z
2026-09-24T17:32:58.214789Z,export,30-1329,1799843,5,0,1,0,1790722800,2026-09-29T23:00:00Z
2026-09-24T17:32:58.214789Z,export,30-1330,1799850,5,0,1,0,1790722800,2026-09-29T23:00:00Z
2026-09-24T17:32:58.214789Z,export,30-1331,1799864,5,0,1,0,1790722800,2026-09-29T23:00:00Z
2026-09-24T17:32:58.214789Z,export,18467,1705289,5,0,1,0,1790722800,2026-09-29T23:00:00Z
2026-09-24T17:32:58.214789Z,export,18468,1705290,5,0,1,0,1790722800,2026-09-29T23:00:00Z
2026-09-24T17:32:58.214789Z,export,18469,1705291,5,0,1,0,1790722800,2026-09-29T23:00:00Z
2026-09-24T17:32:58.214789Z,export,18470,1705292,5,0,1,0,1790722800,2026-09-29T23:00:00Z
2026-09-24T17:32:58.214789Z,export,18471,1705293,5,0,1,0,1790722800,2026-09-29T23:00:00Z
2026-09-24T17:32:58.214789Z,export,18472,1705294,5,0,1,0,1790722800,2026-09-29T23:00:00Z
2026-09-24T17:32:58.214789Z,export,18473,1705295,5,0,1,0,1790722800,2026-09-29T23:00:00Z
2026-09-24T17:32:58.214789Z,export,18474,1705296,5,0,1,0,1790722800,2026-09-29T23:00:00Z
2026-09-24T17:32:58.214789Z,export,18475,1705297,5,0,1,0,1790722800,2026-09-29T23:00:00Z
2026-09-24T17:32:58.214789Z,export,18476,1705298,5,0,1,0,1790722800,2026-09-29T23:00:00Z
2026-09-24T17:32:58.214789Z,export,18477,1705299,5,0,1,0,1790722800,2026-09-29T23:00:00Z
2026-09-24T17:32:58.214789Z,export,18478,1705300,5,0,1,0,1790722800,2026-09-29T23:00:00Z
2026-09-24T17:32:58.214789Z,export,18479,1705301,5,0,1,0,1790722800,2026-09-29T23:00:00Z
2026-09-24T17:32:58.214789Z,export,18480,1705302,5,0,1,0,1790722800,2026-09-29T23:00:00Z
2026-09-24T17:32:58.214789Z,export,18481,1705303,5,0,1,0,1790722800,2026-09-29T23:00:00Z
2026-09-24T17:32:58.214789Z,export,18482,1705304,5,0,1,0,1790722800,2026-09-29T23:00:00Z
2026-09-24T17:32:58.214789Z,export,18483,1705305,5,0,1,0,1790722800,2026-09-29T23:00:00Z
2026-09-24T17:32:58.214789Z,export,18484,1705306,5,0,1,0,1790722800,2026-09-29T23:00:00Z
2026-09-24T17:32:58.214789Z,export,18485,1705307,5,0,1,0,1790722800,2026-09-29T23:00:00Z
2026-09-24T17:32:58.214789Z,export,18486,1705308,5,0,1,0,1790722800,2026-09-29T23:00:00Z
2026-09-24T17:32:58.214789Z,export,18487,1705309,5,0,1,0,1790722800,2026-09-29T23:00:00Z
2026-09-24T17:32:58.214789Z,export,18488,1705310,5,0,1,0,1790722800,2026-09-29T23:00:00Z
2026-09-24T17:32:58.214789Z,export,18489,1705311,5,0,1,0,1790722800,2026-09-29T23:00:00Z
2026-09-24T17:32:58.214789Z,export,18490,1705312,5,0,1,0,1790722800,2026-09-29T23:00:00Z
2026-09-24T17:32:58.214789Z,export,18491,1705313,5,0,1,0,1790722800,2026-09-29T23:00:00Z
2026-09-24T17:32:58.214789Z,export,18492,1705314,5,0,1,0,1790722800,2026-09-29T23:00:00Z
2026-09-24T17:32:58.214789Z,export,18493,1705315,5,0,1,0,1790722800,2026-09-29T23:00:00Z
2026-09-24T17:32:58.214789Z,export,18494,1705316,5,0,1,0,1790722800,2026-09-29T23:00:00Z
2026-09-24T17:32:58.214789Z,export,18495,1705317,5,0,1,0,1790722800,2026-09-29T23:00:00Z
2026-09-24T17:32:58.214789Z,export,18496,1705318,5,0,1,0,1790722800,2026-09-29T23:00:00Z
2026-09-24T17:32:58.214789Z,export,18497,1705319,5,0,1,0,1790722800,2026-09-29T23:00:00Z
2026-09-24T17:32:58.214789Z,export,18498,1705320,5,0,1,0,1790722800,2026-09-29T23:00:00Z
2026-09-24T17:32:58.214789Z,export,18499,1705321,5,0,1,0,1790722800,2026-09-29T23:00:00Z
2026-09-24T17:32:58.214789Z,export,18500,1705322,5,0,1,0,1790722800,2026-09-29T23:00:00Z
2026-09-24T17:32:58.214789Z,export,18501,1705323,5,0,1,0,1790722800,2026-09-29T23:00:00Z
2026-09-24T17:32:58.214789Z,export,18502,1705324,5,0,1,0,1790722800,2026-09-29T23:00:00Z
2026-09-24T17:32:58.214789Z,export,18503,1705325,5,0,1,0,1790722800,2026-09-29T23:00:00Z
2026-09-24T17:32:58.214789Z,export,18504,1705326,5,0,1,0,1790722800,2026-09-29T23:00:00Z
2026-09-24T17:32:58.214789Z,export,18505,1705327,5,0,1,0,1790722800,2026-09-29T23:00:00Z
2026-09-24T17:32:58.214789Z,export,18506,1705328,5,0,1,0,1790722800,2026-09-29T23:00:00Z
2026-09-24T17:32:58.214789Z,export,18507,1705329,5,0,1,0,1790722800,2026-09-29T23:00:00Z
2026-09-24T17:32:58.214789Z,export,18508,1705330,5,0,1,0,1790722800,2026-09-29T23:00:00Z
2026-09-24T17:32:58.214789Z,export,18509,1705331,5,0,1,0,1790722800,2026-09-29T23:00:00Z
2026-09-24T17:32:58.214789Z,export,18510,1705332,5,0,1,0,1790722800,2026-09-29T23:00:00Z
2026-09-24T17:32:58.214789Z,export,18511,1705333,5,0,1,0,1790722800,2026-09-29T23:00:00Z
2026-09-24T17:32:58.214789Z,export,18512,1705334,5,0,1,0,1790722800,2026-09-29T23:00:00Z
2026-09-24T17:32:58.214789Z,export,18513,1705335,5,0,1,0,1790722800,2026-09-29T23:00:00Z
2026-09-24T17:32:58.214789Z,export,18514,1705336,5,0,1,0,1790722800,2026-09-29T23:00:00Z
2026-09-24T17:32:58.214789Z,export,18515,1705337,5,0,1,0,1790722800,2026-09-29T23:00:00Z
2026-09-24T17:32:58.214789Z,export,18516,1705338,5,0,1,0,1790722800,2026-09-29T23:00:00Z
2026-09-24T17:32:58.214789Z,export,18517,1705339,5,0,1,0,1790722800,2026-09-29T23:00:00Z
2026-09-24T17:32:58.214789Z,export,18518,1705340,5,0,1,0,1790722800,2026-09-29T23:00:00Z
2026-09-24T17:32:58.214789Z,export,18519,1705341,5,0,1,0,1790722800,2026-09-29T23:00:00Z
2026-09-24T17:32:58.214789Z,export,18520,1705342,5,0,1,0,1790722800,2026-09-29T23:00:00Z
2026-09-24T17:32:58.214789Z,export,18521,1705343,5,0,1,0,1790722800,2026-09-29T23:00:00Z
2026-09-24T17:32:58.214789Z,export,18522,1705344,5,0,1,0,1790722800,2026-09-29T23:00:00Z
2026-09-24T17:32:58.214789Z,export,18523,1705345,5,0,1,0,1790722800,2026-09-29T23:00:00Z
2026-09-24T17:32:58.214789Z,export,18524,1705346,5,0,1,0,1790722800,2026-09-29T23:00:00Z
2026-09-24T17:32:58.214789Z,export,18525,1705347,5,0,1,0,1790722800,2026-09-29T23:00:00Z
2026-09-24T17:32:58.214789Z,export,18526,1705348,5,0,1,0,1790722800,2026-09-29T23:00:00Z
2026-09-24T17:32:58.214789Z,export,18527,1705349,5,0,1,0,1790722800,2026-09-29T23:00:00Z
2026-09-24T17:32:58.214789Z,export,18528,1705350,5,0,1,0,1790722800,2026-09-29T23:00:00Z
2026-09-24T17:32:58.214789Z,export,18529,1705351,5,0,1,0,1790722800,2026-09-29T23:00:00Z
2026-09-24T17:32:58.214789Z,export,18530,1705352,5,0,1,0,1790722800,2026-09-29T23:00:00Z
2026-09-24T17:32:58.214789Z,export,18531,1705353,5,0,1,0,1790722800,2026-09-29T23:00:00Z
2026-09-24T17:32:58.214789Z,export,18532,1705354,5,0,1,0,1790722800,2026-09-29T23:00:00Z
2026-09-24T17:32:58.214789Z,export,18533,1705355,5,0,1,0,1790722800,2026-09-29T23:00:00Z
2026-09-24T17:32:58.214789Z,export,18534,1705356,5,0,1,0,1790722800,2026-09-29T23:00:00Z
2026-09-24T17:32:58.214789Z,export,18535,1705357,5,0,1,0,1790722800,2026-09-29T23:00:00Z
2026-09-24T17:32:58.214789Z,export,18536,1705358,5,0,1,0,1790722800,2026-09-29T23:00:00Z
2026-09-24T17:32:58.214789Z,export,18537,1705359,5,0,1,0,1790722800,2026-09-29T23:00:00Z
2026-09-24T17:32:58.214789Z,export,18538,1705360,5,0,1,0,1790722800,2026-09-29T23:00:00Z
2026-09-24T17:32:58.214789Z,export,18539,1705361,5,0,1,0,1790722800,2026-09-29T23:00:00Z
2026-09-24T17:32:58.214789Z,export,18540,1705362,5,0,1,0,1790722800,2026-09-29T23:00:00Z
2026-09-24T17:32:58.214789Z,export,18541,1705363,5,0,1,0,1790722800,2026-09-29T23:00:00Z
2026-09-24T17:32:58.214789Z,export,18542,1705364,5,0,1,0,1790722800,2026-09-29T23:00:00Z
2026-09-24T17:32:58.214789Z,export,18543,1705365,5,0,1,0,1790722800,2026-09-29T23:00:00Z
2026-09-24T17:32:58.214789Z,export,18544,1705366,5,0,1,0,1790722800,2026-09-29T23:00:00Z
2026-09-24T17:32:58.214789Z,export,18545,1705367,5,0,1,0,1790722800,2026-09-29T23:00:00Z
2026-09-24T17:32:58.214789Z,export,18546,1705368,5,0,1,0,1790722800,2026-09-29T23:00:00Z
2026-09-24T17:32:58.214789Z,export,18547,1705369,5,0,1,0,1790722800,2026-09-29T23:00:00Z
2026-09-24T17:32:58.214789Z,export,18548,1705370,5,0,1,0,1790722800,2026-09-29T23:00:00Z
2026-09-24T17:32:58.214789Z,export,18549,1705371,5,0,1,0,1790722800,2026-09-29T23:00:00Z
2026-09-24T17:32:58.214789Z,export,18550,1705372,5,0,1,0,1790722800,2026-09-29T23:00:00Z
2026-09-24T17:32:58.214789Z,export,18551,1705373,5,0,1,0,1790722800,2026-09-29T23:00:00Z
2026-09-24T17:32:58.214789Z,export,18552,1705374,5,0,1,0,1790722800,2026-09-29T23:00:00Z
2026-09-24T17:32:58.214789Z,export,18553,1705375,5,0,1,0,1790722800,2026-09-29T23:00:00Z
2026-09-24T17:32:58.214789Z,export,18554,1705376,5,0,1,0,1790722800,2026-09-29T23:00:00Z
2026-09-24T17:32:58.214789Z,export,18555,1705377,5,0,1,0,1790722800,2026-09-29T23:00:00Z
2026-09-24T17:32:58.214789Z,export,18556,1705378,5,0,1,0,1790722800,2026-09-29T23:00:00Z
2026-09-24T17:32:58.214789Z,export,18557,1705379,5,0,1,0,1790722800,2026-09-29T23:00:00Z
2026-09-24T17:32:58.214789Z,export,18558,1705380,5,0,1,0,1790722800,2026-09-29T23:00:00Z
2026-09-24T17:32:58.214789Z,export,18559,1705381,5,0,1,0,1790722800,2026-09-29T23:00:00Z
2026-09-24T17:32:58.214789Z,export,18560,1705382,5,0,1,0,1790722800,2026-09-29T23:00:00Z
2026-09-24T17:32:58.214789Z,export,18561,1705383,5,0,1,0,1790722800,2026-09-29T23:00:00Z
2026-09-24T17:32:58.214789Z,export,30-1333,1799925,5,0,1,0,1790724600,2026-09-29T23:30:00Z
2026-09-24T17:32:58.214789Z,export,18223,1705434,5,0,1,0,1790724600,2026-09-29T23:30:00Z
2026-09-24T17:32:58.214789Z,export,18224,1705435,5,0,1,0,1790724600,2026-09-29T23:30:00Z
2026-09-24T17:32:58.214789Z,export,18225,1705436,5,0,1,0,1790724600,2026-09-29T23:30:00Z
2026-09-24T17:32:58.214789Z,export,18226,1705437,5,0,1,0,1790724600,2026-09-29T23:30:00Z
2026-09-24T17:32:58.214789Z,export,18250,1705438,5,0,1,0,1790724600,2026-09-29T23:30:00Z
2026-09-24T17:32:58.214789Z,export,18251,1705439,5,0,1,0,1790724600,2026-09-29T23:30:00Z
2026-09-24T17:32:58.214789Z,export,18252,1705440,5,0,1,0,1790724600,2026-09-29T23:30:00Z
2026-09-24T17:32:58.214789Z,export,18253,1705441,5,0,1,0,1790724600,2026-09-29T23:30:00Z
2026-09-24T17:32:58.214789Z,export,18254,1705442,5,0,1,0,1790724600,2026-09-29T23:30:00Z
2026-09-24T17:32:58.214789Z,export,18255,1705443,5,0,1,0,1790724600,2026-09-29T23:30:00Z
2026-09-24T17:32:58.214789Z,export,18256,1705444,5,0,1,0,1790724600,2026-09-29T23:30:00Z
2026-09-24T17:32:58.214789Z,export,18257,1705445,5,0,1,0,1790724600,2026-09-29T23:30:00Z
2026-09-24T17:32:58.214789Z,export,18258,1705446,5,0,1,0,1790724600,2026-09-29T23:30:00Z
2026-09-24T17:32:58.214789Z,export,18259,1705447,5,0,1,0,1790724600,2026-09-29T23:30:00Z
2026-09-24T17:32:58.214789Z,export,18260,1705448,5,0,1,0,1790724600,2026-09-29T23:30:00Z
2026-09-24T17:32:58.214789Z,export,18261,1705449,5,0,1,0,1790724600,2026-09-29T23:30:00Z
2026-09-24T17:32:58.214789Z,export,18262,1705450,5,0,1,0,1790724600,2026-09-29T23:30:00Z
2026-09-24T17:32:58.214789Z,export,18263,1705451,5,0,1,0,1790724600,2026-09-29T23:30:00Z
2026-09-24T17:32:58.214789Z,export,18264,1705452,5,0,1,0,1790724600,2026-09-29T23:30:00Z
2026-09-24T17:32:58.214789Z,export,18265,1705453,5,0,1,0,1790724600,2026-09-29T23:30:00Z
2026-09-24T17:32:58.214789Z,export,18266,1705454,5,0,1,0,1790724600,2026-09-29T23:30:00Z
2026-09-24T17:32:58.214789Z,export,18267,1705455,5,0,1,0,1790724600,2026-09-29T23:30:00Z
2026-09-24T17:32:58.214789Z,export,18268,1705456,5,0,1,0,1790724600,2026-09-29T23:30:00Z
2026-09-24T17:32:58.214789Z,export,18269,1705457,5,0,1,0,1790724600,2026-09-29T23:30:00Z
2026-09-24T17:32:58.214789Z,export,18270,1705458,5,0,1,0,1790724600,2026-09-29T23:30:00Z
2026-09-24T17:32:58.214789Z,export,18271,1705459,5,0,1,0,1790724600,2026-09-29T23:30:00Z
2026-09-24T17:32:58.214789Z,export,18272,1705460,5,0,1,0,1790724600,2026-09-29T23:30:00Z
2026-09-24T17:32:58.214789Z,export,18273,1705461,5,0,1,0,1790724600,2026-09-29T23:30:00Z
2026-09-24T17:32:58.214789Z,export,18274,1705462,5,0,1,0,1790724600,2026-09-29T23:30:00Z
2026-09-24T17:32:58.214789Z,export,18275,1705463,5,0,1,0,1790724600,2026-09-29T23:30:00Z
2026-09-24T17:32:58.214789Z,export,18276,1705464,5,0,1,0,1790724600,2026-09-29T23:30:00Z
2026-09-24T17:32:58.214789Z,export,18277,1705465,5,0,1,0,1790724600,2026-09-29T23:30:00Z
2026-09-24T17:32:58.214789Z,export,18278,1705466,5,0,1,0,1790724600,2026-09-29T23:30:00Z
2026-09-24T17:32:58.214789Z,export,18279,1705467,5,0,1,0,1790724600,2026-09-29T23:30:00Z
2026-09-24T17:32:58.214789Z,export,18280,1705468,5,0,1,0,1790724600,2026-09-29T23:30:00Z
2026-09-24T17:32:58.214789Z,export,18281,1705469,5,0,1,0,1790724600,2026-09-29T23:30:00Z
2026-09-24T17:32:58.214789Z,export,18282,1705470,5,0,1,0,1790724600,2026-09-29T23:30:00Z
2026-09-24T17:32:58.214789Z,export,18283,1705471,5,0,1,0,1790724600,2026-09-29T23:30:00Z
2026-09-24T17:32:58.214789Z,export,18284,1705472,5,0,1,0,1790724600,2026-09-29T23:30:00Z
2026-09-24T17:32:58.214789Z,export,18285,1705473,5,0,1,0,1790724600,2026-09-29T23:30:00Z
2026-09-24T17:32:58.214789Z,export,18286,1705474,5,0,1,0,1790724600,2026-09-29T23:30:00Z
2026-09-24T17:32:58.214789Z,export,18287,1705475,5,0,1,0,1790724600,2026-09-29T23:30:00Z
2026-09-24T17:32:58.214789Z,export,18288,1705476,5,0,1,0,1790724600,2026-09-29T23:30:00Z
2026-09-24T17:32:58.214789Z,export,18289,1705477,5,0,1,0,1790724600,2026-09-29T23:30:00Z
2026-09-24T17:32:58.214789Z,export,18290,1705478,5,0,1,0,1790724600,2026-09-29T23:30:00Z
2026-09-24T17:32:58.214789Z,export,18562,1705384,5,0,1,0,1790724600,2026-09-29T23:30:00Z
2026-09-24T17:32:58.214789Z,export,18563,1705385,5,0,1,0,1790724600,2026-09-29T23:30:00Z
2026-09-24T17:32:58.214789Z,export,18564,1705386,5,0,1,0,1790724600,2026-09-29T23:30:00Z
2026-09-24T17:32:58.214789Z,export,18565,1705387,5,0,1,0,1790724600,2026-09-29T23:30:00Z
2026-09-24T17:32:58.214789Z,export,18566,1705388,5,0,1,0,1790724600,2026-09-29T23:30:00Z
2026-09-24T17:32:58.214789Z,export,18567,1705389,5,0,1,0,1790724600,2026-09-29T23:30:00Z
2026-09-24T17:32:58.214789Z,export,18568,1705390,5,0,1,0,1790724600,2026-09-29T23:30:00Z
2026-09-24T17:32:58.214789Z,export,18569,1705391,5,0,1,0,1790724600,2026-09-29T23:30:00Z
2026-09-24T17:32:58.214789Z,export,18570,1705392,5,0,1,0,1790724600,2026-09-29T23:30:00Z
2026-09-24T17:32:58.214789Z,export,18571,1705393,5,0,1,0,1790724600,2026-09-29T23:30:00Z
2026-09-24T17:32:58.214789Z,export,18572,1705394,5,0,1,0,1790724600,2026-09-29T23:30:00Z
2026-09-24T17:32:58.214789Z,export,18573,1705395,5,0,1,0,1790724600,2026-09-29T23:30:00Z
2026-09-24T17:32:58.214789Z,export,18574,1705396,5,0,1,0,1790724600,2026-09-29T23:30:00Z
2026-09-24T17:32:58.214789Z,export,18575,1705397,5,0,1,0,1790724600,2026-09-29T23:30:00Z
2026-09-24T17:32:58.214789Z,export,18576,1705398,5,0,1,0,1790724600,2026-09-29T23:30:00Z
2026-09-24T17:32:58.214789Z,export,18577,1705399,5,0,1,0,1790724600,2026-09-29T23:30:00Z
2026-09-24T17:32:58.214789Z,export,18578,1705400,5,0,1,0,1790724600,2026-09-29T23:30:00Z
2026-09-24T17:32:58.214789Z,export,18579,1705401,5,0,1,0,1790724600,2026-09-29T23:30:00Z
2026-09-24T17:32:58.214789Z,export,18580,1705402,5,0,1,0,1790724600,2026-09-29T23:30:00Z
2026-09-24T17:32:58.214789Z,export,18581,1705403,5,0,1,0,1790724600,2026-09-29T23:30:00Z
2026-09-24T17:32:58.214789Z,export,18582,1705404,5,0,1,0,1790724600,2026-09-29T23:30:00Z
2026-09-24T17:32:58.214789Z,export,18583,1705405,5,0,1,0,1790724600,2026-09-29T23:30:00Z
2026-09-24T17:32:58.214789Z,export,18584,1705406,5,0,1,0,1790724600,2026-09-29T23:30:00Z
2026-09-24T17:32:58.214789Z,export,18585,1705407,5,0,1,0,1790724600,2026-09-29T23:30:00Z
2026-09-24T17:32:58.214789Z,export,18586,1705408,5,0,1,0,1790724600,2026-09-29T23:30:00Z
2026-09-24T17:32:58.214789Z,export,18587,1705409,5,0,1,0,1790724600,2026-09-29T23:30:00Z
2026-09-24T17:32:58.214789Z,export,18588,1705410,5,0,1,0,1790724600,2026-09-29T23:30:00Z
2026-09-24T17:32:58.214789Z,export,18589,1705411,5,0,1,0,1790724600,2026-09-29T23:30:00Z
2026-09-24T17:32:58.214789Z,export,18590,1705412,5,0,1,0,1790724600,2026-09-29T23:30:00Z
2026-09-24T17:32:58.214789Z,export,18591,1705413,5,0,1,0,1790724600,2026-09-29T23:30:00Z
2026-09-24T17:32:58.214789Z,export,18592,1705414,5,0,1,0,1790724600,2026-09-29T23:30:00Z
2026-09-24T17:32:58.214789Z,export,18593,1705415,5,0,1,0,1790724600,2026-09-29T23:30:00Z
2026-09-24T17:32:58.214789Z,export,18594,1705416,5,0,1,0,1790724600,2026-09-29T23:30:00Z
2026-09-24T17:32:58.214789Z,export,18595,1705417,5,0,1,0,1790724600,2026-09-29T23:30:00Z
2026-09-24T17:32:58.214789Z,export,18596,1705418,5,0,1,0,1790724600,2026-09-29T23:30:00Z
2026-09-24T17:32:58.214789Z,export,18597,1705419,5,0,1,0,1790724600,2026-09-29T23:30:00Z
2026-09-24T17:32:58.214789Z,export,18598,1705420,5,0,1,0,1790724600,2026-09-29T23:30:00Z
2026-09-24T17:32:58.214789Z,export,18599,1705421,5,0,1,0,1790724600,2026-09-29T23:30:00Z
2026-09-24T17:32:58.214789Z,export,18600,1705422,5,0,1,0,1790724600,2026-09-29T23:30:00Z
2026-09-24T17:32:58.214789Z,export,18601,1705423,5,0,1,0,1790724600,2026-09-29T23:30:00Z
2026-09-24T17:32:58.214789Z,export,18602,1705424,5,0,1,0,1790724600,2026-09-29T23:30:00Z
2026-09-24T17:32:58.214789Z,export,18603,1705425,5,0,1,0,1790724600,2026-09-29T23:30:00Z
2026-09-24T17:32:58.214789Z,export,18604,1705426,5,0,1,0,1790724600,2026-09-29T23:30:00Z
2026-09-24T17:32:58.214789Z,export,18605,1705427,5,0,1,0,1790724600,2026-09-29T23:30:00Z
2026-09-24T17:32:58.214789Z,export,18606,1705428,5,0,1,0,1790724600,2026-09-29T23:30:00Z
2026-09-24T17:32:58.214789Z,export,18607,1705429,5,0,1,0,1790724600,2026-09-29T23:30:00Z
2026-09-24T17:32:58.214789Z,export,18608,1705430,5,0,1,0,1790724600,2026-09-29T23:30:00Z
2026-09-24T17:32:58.214789Z,export,18609,1705431,5,0,1,0,1790724600,2026-09-29T23:30:00Z
2026-09-24T17:32:58.214789Z,export,18610,1705432,5,0,1,0,1790724600,2026-09-29T23:30:00Z
2026-09-24T17:32:58.214789Z,export,18611,1705433,5,0,1,0,1790724600,2026-09-29T23:30:00Z
2026-09-24T17:32:58.214789Z,export,18612,1723322,50,0,1,0,1790724600,2026-09-29T23:30:00Z
2026-09-24T17:32:58.214789Z,export,18291,1705479,5,0,1,0,1790726400,2026-09-30T00:00:00Z
2026-09-24T17:32:58.214789Z,export,18292,1705480,5,0,1,0,1790726400,2026-09-30T00:00:00Z
2026-09-24T17:32:58.214789Z,export,18293,1705481,5,0,1,0,1790726400,2026-09-30T00:00:00Z
2026-09-24T17:32:58.214789Z,export,18294,1705482,5,0,1,0,1790726400,2026-09-30T00:00:00Z
2026-09-24T17:32:58.214789Z,export,18295,1705483,5,0,1,0,1790726400,2026-09-30T00:00:00Z
2026-09-24T17:32:58.214789Z,export,18296,1705484,5,0,1,0,1790726400,2026-09-30T00:00:00Z
2026-09-24T17:32:58.214789Z,export,18297,1705485,5,0,1,0,1790726400,2026-09-30T00:00:00Z
2026-09-24T17:32:58.214789Z,export,18298,1705486,5,0,1,0,1790726400,2026-09-30T00:00:00Z
2026-09-24T17:32:58.214789Z,export,18299,1705487,5,0,1,0,1790726400,2026-09-30T00:00:00Z
2026-09-24T17:32:58.214789Z,export,18300,1705488,5,0,1,0,1790726400,2026-09-30T00:00:00Z
2026-09-24T17:32:58.214789Z,export,18301,1705489,5,0,1,0,1790726400,2026-09-30T00:00:00Z
2026-09-24T17:32:58.214789Z,export,18302,1705490,5,0,1,0,1790726400,2026-09-30T00:00:00Z
2026-09-24T17:32:58.214789Z,export,18303,1705491,5,0,1,0,1790726400,2026-09-30T00:00:00Z
2026-09-24T17:32:58.214789Z,export,18304,1705492,5,0,1,0,1790726400,2026-09-30T00:00:00Z
2026-09-24T17:32:58.214789Z,export,18305,1705493,5,0,1,0,1790726400,2026-09-30T00:00:00Z
2026-09-24T17:32:58.214789Z,export,18306,1705494,5,0,1,0,1790726400,2026-09-30T00:00:00Z
2026-09-24T17:32:58.214789Z,export,18307,1705495,5,0,1,0,1790726400,2026-09-30T00:00:00Z
2026-09-24T17:32:58.214789Z,export,18308,1705496,5,0,1,0,1790726400,2026-09-30T00:00:00Z
2026-09-24T17:32:58.214789Z,export,18309,1705497,5,0,1,0,1790726400,2026-09-30T00:00:00Z
2026-09-24T17:32:58.214789Z,export,18310,1705498,5,0,1,0,1790726400,2026-09-30T00:00:00Z
2026-09-24T17:32:58.214789Z,export,18311,1705499,5,0,1,0,1790726400,2026-09-30T00:00:00Z
2026-09-24T17:32:58.214789Z,export,18312,1705500,5,0,1,0,1790726400,2026-09-30T00:00:00Z
2026-09-24T17:32:58.214789Z,export,18313,1705501,5,0,1,0,1790726400,2026-09-30T00:00:00Z
2026-09-24T17:32:58.214789Z,export,18314,1705502,5,0,1,0,1790726400,2026-09-30T00:00:00Z
2026-09-24T17:32:58.214789Z,export,18315,1705503,5,0,1,0,1790726400,2026-09-30T00:00:00Z
2026-09-24T17:32:58.214789Z,export,18316,1705504,5,0,1,0,1790726400,2026-09-30T00:00:00Z
2026-09-24T17:32:58.214789Z,export,18317,1705505,5,0,1,0,1790726400,2026-09-30T00:00:00Z
2026-09-24T17:32:58.214789Z,export,18318,1705506,5,0,1,0,1790726400,2026-09-30T00:00:00Z
2026-09-24T17:32:58.214789Z,export,18319,1705507,5,0,1,0,1790726400,2026-09-30T00:00:00Z
2026-09-24T17:32:58.214789Z,export,18320,1705508,5,0,1,0,1790726400,2026-09-30T00:00:00Z
2026-09-24T17:32:58.214789Z,export,18321,1705509,5,0,1,0,1790726400,2026-09-30T00:00:00Z
2026-09-24T17:32:58.214789Z,export,18322,1705510,5,0,1,0,1790726400,2026-09-30T00:00:00Z
2026-09-24T17:32:58.214789Z,export,18323,1705511,5,0,1,0,1790726400,2026-09-30T00:00:00Z
2026-09-24T17:32:58.214789Z,export,18324,1705512,5,0,1,0,1790726400,2026-09-30T00:00:00Z
2026-09-24T17:32:58.214789Z,export,18325,1705513,5,0,1,0,1790726400,2026-09-30T00:00:00Z
2026-09-24T17:32:58.214789Z,export,18326,1705514,5,0,1,0,1790726400,2026-09-30T00:00:00Z
2026-09-24T17:32:58.214789Z,export,18327,1705515,5,0,1,0,1790726400,2026-09-30T00:00:00Z
2026-09-24T17:32:58.214789Z,export,18328,1705516,100,0,1,0,1790726400,2026-09-30T00:00:00Z
2026-09-24T17:32:58.214789Z,export,18329,1705517,100,0,1,0,1790726400,2026-09-30T00:00:00Z
2026-09-24T17:32:58.214789Z,export,18330,1705518,5,0,1,0,1790726400,2026-09-30T00:00:00Z
2026-09-24T17:32:58.214789Z,export,18331,1705519,5,0,1,0,1790726400,2026-09-30T00:00:00Z
2026-09-24T17:32:58.214789Z,export,18332,1705520,5,0,1,0,1790726400,2026-09-30T00:00:00Z
2026-09-24T17:32:58.214789Z,export,18333,1705521,5,0,1,0,1790726400,2026-09-30T00:00:00Z
2026-09-24T17:32:58.214789Z,export,18334,1705522,5,0,1,0,1790726400,2026-09-30T00:00:00Z
2026-09-24T17:32:58.214789Z,export,18335,1705523,5,0,1,0,1790726400,2026-09-30T00:00:00Z
2026-09-24T17:32:58.214789Z,export,18336,1705524,5,0,1,0,1790726400,2026-09-30T00:00:00Z
2026-09-24T17:32:58.214789Z,export,18337,1705525,5,0,1,0,1790726400,2026-09-30T00:00:00Z
2026-09-24T17:32:58.214789Z,export,18338,1705526,5,0,1,0,1790726400,2026-09-30T00:00:00Z
2026-09-24T17:32:58.214789Z,export,18339,1705527,5,0,1,0,1790726400,2026-09-30T00:00:00Z
2026-09-24T17:32:58.214789Z,export,18340,1705528,5,0,1,0,1790726400,2026-09-30T00:00:00Z
2026-09-24T17:32:58.214789Z,export,18341,1705529,5,0,1,0,1790726400,2026-09-30T00:00:00Z
2026-09-24T17:32:58.214789Z,export,18342,1705530,5,0,1,0,1790726400,2026-09-30T00:00:00Z
2026-09-24T17:32:58.214789Z,export,18343,1705531,5,0,1,0,1790726400,2026-09-30T00:00:00Z
2026-09-24T17:32:58.214789Z,export,18344,1705532,5,0,1,0,1790726400,2026-09-30T00:00:00Z
2026-09-24T17:32:58.214789Z,export,18345,1705533,5,0,1,0,1790726400,2026-09-30T00:00:00Z
2026-09-24T17:32:58.214789Z,export,18346,1705534,5,0,1,0,1790726400,2026-09-30T00:00:00Z
2026-09-24T17:32:58.214789Z,export,18347,1705535,5,0,1,0,1790726400,2026-09-30T00:00:00Z
2026-09-24T17:32:58.214789Z,export,18348,1705536,5,0,1,0,1790726400,2026-09-30T00:00:00Z
2026-09-24T17:32:58.214789Z,export,18349,1705537,5,0,1,0,1790726400,2026-09-30T00:00:00Z
2026-09-24T17:32:58.214789Z,export,18350,1705538,5,0,1,0,1790726400,2026-09-30T00:00:00Z
2026-09-24T17:32:58.214789Z,export,18351,1705539,5,0,1,0,1790726400,2026-09-30T00:00:00Z
2026-09-24T17:32:58.214789Z,export,18352,1705540,5,0,1,0,1790726400,2026-09-30T00:00:00Z
2026-09-24T17:32:58.214789Z,export,18353,1705541,5,0,1,0,1790726400,2026-09-30T00:00:00Z
2026-09-24T17:32:58.214789Z,export,18354,1705542,5,0,1,0,1790726400,2026-09-30T00:00:00Z
2026-09-24T17:32:58.214789Z,export,18355,1705543,100,0,1,0,1790726400,2026-09-30T00:00:00Z
2026-09-24T17:32:58.214789Z,export,18356,1705544,100,0,1,0,1790726400,2026-09-30T00:00:00Z
2026-09-24T17:32:58.214789Z,export,18357,1705545,100,0,1,0,1790726400,2026-09-30T00:00:00Z
2026-09-24T17:32:58.214789Z,export,18358,1705546,100,0,1,0,1790726400,2026-09-30T00:00:00Z
2026-09-24T17:32:58.214789Z,export,18359,1705547,100,0,1,0,1790726400,2026-09-30T00:00:00Z
2026-09-24T17:32:58.214789Z,export,18360,1705548,100,0,1,0,1790726400,2026-09-30T00:00:00Z
2026-09-24T17:32:58.214789Z,export,18361,1705549,100,0,1,0,1790726400,2026-09-30T00:00:00Z
2026-09-24T17:32:58.214789Z,export,18362,1705550,100,0,1,0,1790726400,2026-09-30T00:00:00Z
2026-09-24T17:32:58.214789Z,export,18364,1705551,100,0,1,0,1790726400,2026-09-30T00:00:00Z
2026-09-24T17:32:58.214789Z,export,18365,1705552,100,0,1,0,1790726400,2026-09-30T00:00:00Z
2026-09-24T17:32:58.214789Z,export,18366,1705553,100,0,1,0,1790726400,2026-09-30T00:00:00Z
2026-09-24T17:32:58.214789Z,export,18367,1705554,100,0,1,0,1790726400,2026-09-30T00:00:00Z
2026-09-24T17:32:58.214789Z,export,18368,1705555,100,0,1,0,1790726400,2026-09-30T00:00:00Z
2026-09-24T17:32:58.214789Z,export,18369,1705556,5,0,1,0,1790726400,2026-09-30T00:00:00Z
2026-09-24T17:32:58.214789Z,export,18370,1705557,100,0,1,0,1790726400,2026-09-30T00:00:00Z
2026-09-24T17:32:58.214789Z,export,18371,1705558,5,0,1,0,1790726400,2026-09-30T00:00:00Z
2026-09-24T17:32:58.214789Z,export,18372,1705559,5,0,1,0,1790726400,2026-09-30T00:00:00Z
2026-09-24T17:32:58.214789Z,export,18373,1705560,5,0,1,0,1790726400,2026-09-30T00:00:00Z
2026-09-24T17:32:58.214789Z,export,18374,1705561,100,0,1,0,1790726400,2026-09-30T00:00:00Z
2026-09-24T17:32:58.214789Z,export,18375,1705562,100,0,1,0,1790726400,2026-09-30T00:00:00Z
2026-09-24T17:32:58.214789Z,export,18376,1705563,100,0,1,0,1790726400,2026-09-30T00:00:00Z
2026-09-24T17:32:58.214789Z,export,18377,1705564,100,0,1,0,1790726400,2026-09-30T00:00:00Z
2026-09-24T17:32:58.214789Z,export,18378,1705565,100,0,1,0,1790726400,2026-09-30T00:00:00Z
2026-09-24T17:32:58.214789Z,export,18379,1705566,100,0,1,0,1790726400,2026-09-30T00:00:00Z
2026-09-24T17:32:58.214789Z,export,18380,1705567,100,0,1,0,1790726400,2026-09-30T00:00:00Z
2026-09-24T17:32:58.214789Z,export,18381,1705568,100,0,1,0,1790726400,2026-09-30T00:00:00Z
2026-09-24T17:32:58.214789Z,export,18382,1705569,100,0,1,0,1790726400,2026-09-30T00:00:00Z
2026-09-24T17:32:58.214789Z,export,18383,1705570,100,0,1,0,1790726400,2026-09-30T00:00:00Z
2026-09-24T17:32:58.214789Z,export,18384,1705571,5,0,1,0,1790726400,2026-09-30T00:00:00Z
2026-09-24T17:32:58.214789Z,export,18385,1705572,5,0,1,0,1790726400,2026-09-30T00:00:00Z
2026-09-24T17:32:58.214789Z,export,18386,1705573,5,0,1,0,1790726400,2026-09-30T00:00:00Z
2026-09-24T17:32:58.214789Z,export,18387,1705574,5,0,1,0,1790726400,2026-09-30T00:00:00Z
2026-09-24T17:32:58.214789Z,export,18388,1705575,5,0,1,0,1790726400,2026-09-30T00:00:00Z
2026-09-24T17:32:58.214789Z,export,18613,1723323,5,0,1,0,1790726400,2026-09-30T00:00:00Z
2026-09-24T17:32:58.214789Z,export,18614,1723324,500,0,1,0,1790726400,2026-09-30T00:00:00Z
2026-09-24T17:32:58.214789Z,export,18615,1722853,100,0,1,0,1790726400,2026-09-30T00:00:00Z
2026-09-24T17:32:58.214789Z,export,18616,1723069,100,0,1,0,1790726400,2026-09-30T00:00:00Z
2026-09-24T17:32:58.214789Z,export,19094,1717855,100,0,1,0,1790726400,2026-09-30T00:00:00Z
2026-09-28T15:01:51.714001Z,refresh,30-1332,1799881,5,0,1,0,1790719200,2026-09-29T22:00:00Z
2026-09-28T15:01:51.714001Z,refresh,18100,1705100,155,13,1,0,1790719200,2026-09-29T22:00:00Z
2026-09-28T15:01:51.714001Z,refresh,18101,1705101,10,2,1,0,1790719200,2026-09-29T22:00:00Z
2026-09-28T15:01:51.714001Z,refresh,18102,1705102,10,2,1,0,1790719200,2026-09-29T22:00:00Z
2026-09-28T15:01:51.714001Z,refresh,18103,1705103,5,1,1,0,1790719200,2026-09-29T22:00:00Z
2026-09-28T15:01:51.714001Z,refresh,18104,1705104,100,1,1,0,1790719200,2026-09-29T22:00:00Z
2026-09-28T15:01:51.714001Z,refresh,18105,1705105,10,2,1,0,1790719200,2026-09-29T22:00:00Z
2026-09-28T15:01:51.714001Z,refresh,18106,1705106,10,2,1,0,1790719200,2026-09-29T22:00:00Z
2026-09-28T15:01:51.714001Z,refresh,18107,1705107,5,1,1,0,1790719200,2026-09-29T22:00:00Z
2026-09-28T15:01:51.714001Z,refresh,18108,1705108,10,2,1,0,1790719200,2026-09-29T22:00:00Z
2026-09-28T15:01:51.714001Z,refresh,18109,1705109,5,1,1,0,1790719200,2026-09-29T22:00:00Z
2026-09-28T15:01:51.714001Z,refresh,18110,1705110,25,5,1,0,1790719200,2026-09-29T22:00:00Z
2026-09-28T15:01:51.714001Z,refresh,18111,1705111,5,1,1,0,1790719200,2026-09-29T22:00:00Z
2026-09-28T15:01:51.714001Z,refresh,18112,1705112,5,0,1,0,1790719200,2026-09-29T22:00:00Z
2026-09-28T15:01:51.714001Z,refresh,18113,1705113,5,1,1,0,1790719200,2026-09-29T22:00:00Z
2026-09-28T15:01:51.714001Z,refresh,18114,1705114,30,3,1,0,1790719200,2026-09-29T22:00:00Z
2026-09-28T15:01:51.714001Z,refresh,18115,1705115,5,0,1,0,1790719200,2026-09-29T22:00:00Z
2026-09-28T15:01:51.714001Z,refresh,18116,1705116,60,13,1,0,1790719200,2026-09-29T22:00:00Z
2026-09-28T15:01:51.714001Z,refresh,18117,1705117,55,11,1,0,1790719200,2026-09-29T22:00:00Z
2026-09-28T15:01:51.714001Z,refresh,18118,1705118,10,2,1,0,1790719200,2026-09-29T22:00:00Z
2026-09-28T15:01:51.714001Z,refresh,18119,1705119,105,8,1,0,1790719200,2026-09-29T22:00:00Z
2026-09-28T15:01:51.714001Z,refresh,18120,1705120,5,1,1,0,1790719200,2026-09-29T22:00:00Z
2026-09-28T15:01:51.714001Z,refresh,18121,1705121,5,0,1,0,1790719200,2026-09-29T22:00:00Z
2026-09-28T15:01:51.714001Z,refresh,18122,1705122,5,0,1,0,1790719200,2026-09-29T22:00:00Z
2026-09-28T15:01:51.714001Z,refresh,18123,1705123,30,7,1,0,1790719200,2026-09-29T22:00:00Z
2026-09-28T15:01:51.714001Z,refresh,18124,1705124,205,18,1,0,1790719200,2026-09-29T22:00:00Z
2026-09-28T15:01:51.714001Z,refresh,18125,1705125,15,3,1,0,1790719200,2026-09-29T22:00:00Z
2026-09-28T15:01:51.714001Z,refresh,18126,1705126,10,2,1,0,1790719200,2026-09-29T22:00:00Z
2026-09-28T15:01:51.714001Z,refresh,18127,1705127,50,7,1,0,1790719200,2026-09-29T22:00:00Z
2026-09-28T15:01:51.714001Z,refresh,18128,1705128,150,12,1,0,1790719200,2026-09-29T22:00:00Z
2026-09-28T15:01:51.714001Z,refresh,18129,1705129,5,1,1,0,1790719200,2026-09-29T22:00:00Z
2026-09-28T15:01:51.714001Z,refresh,18130,1705130,15,3,1,0,1790719200,2026-09-29T22:00:00Z
2026-09-28T15:01:51.714001Z,refresh,18131,1705131,5,0,1,0,1790719200,2026-09-29T22:00:00Z
2026-09-28T15:01:51.714001Z,refresh,18132,1705132,5,0,1,0,1790719200,2026-09-29T22:00:00Z
2026-09-28T15:01:51.714001Z,refresh,18133,1705133,30,6,1,0,1790719200,2026-09-29T22:00:00Z
2026-09-28T15:01:51.714001Z,refresh,18134,1705134,20,4,1,0,1790719200,2026-09-29T22:00:00Z
2026-09-28T15:01:51.714001Z,refresh,18135,1705135,20,4,1,0,1790719200,2026-09-29T22:00:00Z
2026-09-28T15:01:51.714001Z,refresh,18136,1705136,5,0,1,0,1790719200,2026-09-29T22:00:00Z
2026-09-28T15:01:51.714001Z,refresh,18137,1705137,5,1,1,0,1790719200,2026-09-29T22:00:00Z
2026-09-28T15:01:51.714001Z,refresh,18138,1705138,20,4,1,0,1790719200,2026-09-29T22:00:00Z
2026-09-28T15:01:51.714001Z,refresh,18139,1705139,10,2,1,0,1790719200,2026-09-29T22:00:00Z
2026-09-28T15:01:51.714001Z,refresh,18140,1705140,5,1,1,0,1790719200,2026-09-29T22:00:00Z
2026-09-28T15:01:51.714001Z,refresh,18141,1705141,5,1,1,0,1790719200,2026-09-29T22:00:00Z
2026-09-28T15:01:51.714001Z,refresh,18142,1705142,5,1,1,0,1790719200,2026-09-29T22:00:00Z
2026-09-28T15:01:51.714001Z,refresh,18143,1705143,5,1,1,0,1790719200,2026-09-29T22:00:00Z
2026-09-28T15:01:51.714001Z,refresh,18144,1705144,5,1,1,0,1790719200,2026-09-29T22:00:00Z
2026-09-28T15:01:51.714001Z,refresh,18145,1705145,5,1,1,0,1790719200,2026-09-29T22:00:00Z
2026-09-28T15:01:51.714001Z,refresh,18146,1705146,5,0,1,0,1790719200,2026-09-29T22:00:00Z
2026-09-28T15:01:51.714001Z,refresh,18147,1705147,60,10,1,0,1790719200,2026-09-29T22:00:00Z
2026-09-28T15:01:51.714001Z,refresh,18148,1705148,105,5,1,0,1790719200,2026-09-29T22:00:00Z
2026-09-28T15:01:51.714001Z,refresh,18149,1705149,20,4,1,0,1790719200,2026-09-29T22:00:00Z
2026-09-28T15:01:51.714001Z,refresh,18150,1705150,45,7,1,0,1790719200,2026-09-29T22:00:00Z
2026-09-28T15:01:51.714001Z,refresh,18151,1705151,15,3,1,0,1790719200,2026-09-29T22:00:00Z
2026-09-28T15:01:51.714001Z,refresh,18152,1705152,5,1,1,0,1790719200,2026-09-29T22:00:00Z
2026-09-28T15:01:51.714001Z,refresh,18153,1705153,5,1,1,0,1790719200,2026-09-29T22:00:00Z
2026-09-28T15:01:51.714001Z,refresh,18154,1705154,5,1,1,0,1790719200,2026-09-29T22:00:00Z
2026-09-28T15:01:51.714001Z,refresh,18156,1705155,5,0,1,0,1790719200,2026-09-29T22:00:00Z
2026-09-28T15:01:51.714001Z,refresh,18157,1705156,20,4,1,0,1790719200,2026-09-29T22:00:00Z
2026-09-28T15:01:51.714001Z,refresh,18158,1705157,5,0,1,0,1790719200,2026-09-29T22:00:00Z
2026-09-28T15:01:51.714001Z,refresh,18159,1705158,20,5,1,0,1790719200,2026-09-29T22:00:00Z
2026-09-28T15:01:51.714001Z,refresh,18160,1705159,5,0,1,0,1790719200,2026-09-29T22:00:00Z
2026-09-28T15:01:51.714001Z,refresh,18161,1705160,5,1,1,0,1790719200,2026-09-29T22:00:00Z
2026-09-28T15:01:51.714001Z,refresh,18162,1705161,5,0,1,0,1790719200,2026-09-29T22:00:00Z
2026-09-28T15:01:51.714001Z,refresh,18163,1705162,10,2,1,0,1790719200,2026-09-29T22:00:00Z
2026-09-28T15:01:51.714001Z,refresh,18164,1705163,10,2,1,0,1790719200,2026-09-29T22:00:00Z
2026-09-28T15:01:51.714001Z,refresh,18165,1705164,5,1,1,0,1790719200,2026-09-29T22:00:00Z
2026-09-28T15:01:51.714001Z,refresh,18166,1705165,105,16,1,0,1790719200,2026-09-29T22:00:00Z
2026-09-28T15:01:51.714001Z,refresh,18167,1705166,10,2,1,0,1790719200,2026-09-29T22:00:00Z
2026-09-28T15:01:51.714001Z,refresh,18168,1705167,45,7,1,0,1790719200,2026-09-29T22:00:00Z
2026-09-28T15:01:51.714001Z,refresh,18169,1705168,25,6,1,0,1790719200,2026-09-29T22:00:00Z
2026-09-28T15:01:51.714001Z,refresh,18170,1705169,26,7,1,0,1790719200,2026-09-29T22:00:00Z
2026-09-28T15:01:51.714001Z,refresh,18171,1705170,25,6,1,0,1790719200,2026-09-29T22:00:00Z
2026-09-28T15:01:51.714001Z,refresh,18172,1705171,20,5,1,0,1790719200,2026-09-29T22:00:00Z
2026-09-28T15:01:51.714001Z,refresh,18173,1705172,55,7,1,0,1790719200,2026-09-29T22:00:00Z
2026-09-28T15:01:51.714001Z,refresh,18174,1705173,5,1,1,0,1790719200,2026-09-29T22:00:00Z
2026-09-28T15:01:51.714001Z,refresh,18175,1705174,10,2,1,0,1790719200,2026-09-29T22:00:00Z
2026-09-28T15:01:51.714001Z,refresh,18176,1705175,55,6,1,0,1790719200,2026-09-29T22:00:00Z
2026-09-28T15:01:51.714001Z,refresh,18177,1705176,5,0,1,0,1790719200,2026-09-29T22:00:00Z
2026-09-28T15:01:51.714001Z,refresh,18178,1705177,5,1,1,0,1790719200,2026-09-29T22:00:00Z
2026-09-28T15:01:51.714001Z,refresh,18179,1705178,5,0,1,0,1790719200,2026-09-29T22:00:00Z
2026-09-28T15:01:51.714001Z,refresh,18180,1705179,460,14,1,0,1790719200,2026-09-29T22:00:00Z
2026-09-28T15:01:51.714001Z,refresh,18181,1705180,5,0,1,0,1790719200,2026-09-29T22:00:00Z
2026-09-28T15:01:51.714001Z,refresh,18182,1705181,5,1,1,0,1790719200,2026-09-29T22:00:00Z
2026-09-28T15:01:51.714001Z,refresh,18183,1705182,5,0,1,0,1790719200,2026-09-29T22:00:00Z
2026-09-28T15:01:51.714001Z,refresh,18184,1705183,5,0,1,0,1790719200,2026-09-29T22:00:00Z
2026-09-28T15:01:51.714001Z,refresh,18185,1705184,5,0,1,0,1790719200,2026-09-29T22:00:00Z
2026-09-28T15:01:51.714001Z,refresh,18186,1705185,5,1,1,0,1790719200,2026-09-29T22:00:00Z
2026-09-28T15:01:51.714001Z,refresh,18187,1705186,5,1,1,0,1790719200,2026-09-29T22:00:00Z
2026-09-28T15:01:51.714001Z,refresh,18188,1705187,10,2,1,0,1790719200,2026-09-29T22:00:00Z
2026-09-28T15:01:51.714001Z,refresh,18189,1705188,10,2,1,0,1790719200,2026-09-29T22:00:00Z
2026-09-28T15:01:51.714001Z,refresh,18190,1705189,5,1,1,0,1790719200,2026-09-29T22:00:00Z
2026-09-28T15:01:51.714001Z,refresh,18191,1705190,5,0,1,0,1790719200,2026-09-29T22:00:00Z
2026-09-28T15:01:51.714001Z,refresh,18192,1705191,10,2,1,0,1790719200,2026-09-29T22:00:00Z
2026-09-28T15:01:51.714001Z,refresh,18193,1705192,20,4,1,0,1790719200,2026-09-29T22:00:00Z
2026-09-28T15:01:51.714001Z,refresh,18194,1705193,5,0,1,0,1790719200,2026-09-29T22:00:00Z
2026-09-28T15:01:51.714001Z,refresh,18195,1705194,5,0,1,0,1790721000,2026-09-29T22:30:00Z
2026-09-28T15:01:51.714001Z,refresh,18196,1705195,5,1,1,0,1790721000,2026-09-29T22:30:00Z
2026-09-28T15:01:51.714001Z,refresh,18197,1705196,20,4,1,0,1790721000,2026-09-29T22:30:00Z
2026-09-28T15:01:51.714001Z,refresh,18198,1705197,5,1,1,0,1790721000,2026-09-29T22:30:00Z
2026-09-28T15:01:51.714001Z,refresh,18199,1705198,5,1,1,0,1790721000,2026-09-29T22:30:00Z
2026-09-28T15:01:51.714001Z,refresh,18200,1705199,5,0,1,0,1790721000,2026-09-29T22:30:00Z
2026-09-28T15:01:51.714001Z,refresh,18201,1705200,5,1,1,0,1790721000,2026-09-29T22:30:00Z
2026-09-28T15:01:51.714001Z,refresh,18202,1705201,5,1,1,0,1790721000,2026-09-29T22:30:00Z
2026-09-28T15:01:51.714001Z,refresh,18203,1705202,5,1,1,0,1790721000,2026-09-29T22:30:00Z
2026-09-28T15:01:51.714001Z,refresh,18204,1705203,5,1,1,0,1790721000,2026-09-29T22:30:00Z
2026-09-28T15:01:51.714001Z,refresh,18205,1705204,30,4,1,0,1790721000,2026-09-29T22:30:00Z
2026-09-28T15:01:51.714001Z,refresh,18206,1705205,5,0,1,0,1790721000,2026-09-29T22:30:00Z
2026-09-28T15:01:51.714001Z,refresh,18207,1705206,5,1,1,0,1790721000,2026-09-29T22:30:00Z
2026-09-28T15:01:51.714001Z,refresh,18208,1705207,10,2,1,0,1790721000,2026-09-29T22:30:00Z
2026-09-28T15:01:51.714001Z,refresh,18209,1705208,30,3,1,0,1790721000,2026-09-29T22:30:00Z
2026-09-28T15:01:51.714001Z,refresh,18210,1705209,20,4,1,0,1790721000,2026-09-29T22:30:00Z
2026-09-28T15:01:51.714001Z,refresh,18211,1705210,55,7,1,0,1790721000,2026-09-29T22:30:00Z
2026-09-28T15:01:51.714001Z,refresh,18212,1705211,5,0,1,0,1790721000,2026-09-29T22:30:00Z
2026-09-28T15:01:51.714001Z,refresh,18213,1705212,5,1,1,0,1790721000,2026-09-29T22:30:00Z
2026-09-28T15:01:51.714001Z,refresh,18214,1705213,15,3,1,0,1790721000,2026-09-29T22:30:00Z
2026-09-28T15:01:51.714001Z,refresh,18215,1705214,5,1,1,0,1790721000,2026-09-29T22:30:00Z
2026-09-28T15:01:51.714001Z,refresh,18216,1705215,15,3,1,0,1790721000,2026-09-29T22:30:00Z
2026-09-28T15:01:51.714001Z,refresh,18217,1705216,5,1,1,0,1790721000,2026-09-29T22:30:00Z
2026-09-28T15:01:51.714001Z,refresh,18218,1705217,10,2,1,0,1790721000,2026-09-29T22:30:00Z
2026-09-28T15:01:51.714001Z,refresh,18219,1705218,5,1,1,0,1790721000,2026-09-29T22:30:00Z
2026-09-28T15:01:51.714001Z,refresh,18220,1705219,5,1,1,0,1790721000,2026-09-29T22:30:00Z
2026-09-28T15:01:51.714001Z,refresh,18221,1705220,60,12,1,0,1790721000,2026-09-29T22:30:00Z
2026-09-28T15:01:51.714001Z,refresh,18222,1705221,15,3,1,0,1790721000,2026-09-29T22:30:00Z
2026-09-28T15:01:51.714001Z,refresh,18400,1705222,1015,37,1,0,1790721000,2026-09-29T22:30:00Z
2026-09-28T15:01:51.714001Z,refresh,18401,1705223,55,7,1,0,1790721000,2026-09-29T22:30:00Z
2026-09-28T15:01:51.714001Z,refresh,18402,1705224,25,5,1,0,1790721000,2026-09-29T22:30:00Z
2026-09-28T15:01:51.714001Z,refresh,18403,1705225,5,1,1,0,1790721000,2026-09-29T22:30:00Z
2026-09-28T15:01:51.714001Z,refresh,18404,1705226,65,13,1,0,1790721000,2026-09-29T22:30:00Z
2026-09-28T15:01:51.714001Z,refresh,18405,1705227,40,8,1,0,1790721000,2026-09-29T22:30:00Z
2026-09-28T15:01:51.714001Z,refresh,18406,1705228,25,4,1,0,1790721000,2026-09-29T22:30:00Z
2026-09-28T15:01:51.714001Z,refresh,18407,1705229,5,1,1,0,1790721000,2026-09-29T22:30:00Z
2026-09-28T15:01:51.714001Z,refresh,18408,1705230,55,9,1,0,1790721000,2026-09-29T22:30:00Z
2026-09-28T15:01:51.714001Z,refresh,18409,1705231,20,4,1,0,1790721000,2026-09-29T22:30:00Z
2026-09-28T15:01:51.714001Z,refresh,18410,1705232,15,3,1,0,1790721000,2026-09-29T22:30:00Z
2026-09-28T15:01:51.714001Z,refresh,18411,1705233,55,5,1,0,1790721000,2026-09-29T22:30:00Z
2026-09-28T15:01:51.714001Z,refresh,18412,1705234,10,2,1,0,1790721000,2026-09-29T22:30:00Z
2026-09-28T15:01:51.714001Z,refresh,18413,1705235,5,1,1,0,1790721000,2026-09-29T22:30:00Z
2026-09-28T15:01:51.714001Z,refresh,18414,1705236,105,11,1,0,1790721000,2026-09-29T22:30:00Z
2026-09-28T15:01:51.714001Z,refresh,18415,1705237,55,11,1,0,1790721000,2026-09-29T22:30:00Z
2026-09-28T15:01:51.714001Z,refresh,18416,1705238,15,3,1,0,1790721000,2026-09-29T22:30:00Z
2026-09-28T15:01:51.714001Z,refresh,18417,1705239,10,2,1,0,1790721000,2026-09-29T22:30:00Z
2026-09-28T15:01:51.714001Z,refresh,18418,1705240,100,7,1,0,1790721000,2026-09-29T22:30:00Z
2026-09-28T15:01:51.714001Z,refresh,18419,1705241,5,1,1,0,1790721000,2026-09-29T22:30:00Z
2026-09-28T15:01:51.714001Z,refresh,18420,1705242,5,1,1,0,1790721000,2026-09-29T22:30:00Z
2026-09-28T15:01:51.714001Z,refresh,18421,1705243,45,9,1,0,1790721000,2026-09-29T22:30:00Z
2026-09-28T15:01:51.714001Z,refresh,18422,1705244,5,1,1,0,1790721000,2026-09-29T22:30:00Z
2026-09-28T15:01:51.714001Z,refresh,18423,1705245,5,1,1,0,1790721000,2026-09-29T22:30:00Z
2026-09-28T15:01:51.714001Z,refresh,18424,1705246,155,10,1,0,1790721000,2026-09-29T22:30:00Z
2026-09-28T15:01:51.714001Z,refresh,18425,1705247,5,1,1,0,1790721000,2026-09-29T22:30:00Z
2026-09-28T15:01:51.714001Z,refresh,18426,1705248,60,7,1,0,1790721000,2026-09-29T22:30:00Z
2026-09-28T15:01:51.714001Z,refresh,18427,1705249,5,1,1,0,1790721000,2026-09-29T22:30:00Z
2026-09-28T15:01:51.714001Z,refresh,18428,1705250,5,1,1,0,1790721000,2026-09-29T22:30:00Z
2026-09-28T15:01:51.714001Z,refresh,18429,1705251,10,2,1,0,1790721000,2026-09-29T22:30:00Z
2026-09-28T15:01:51.714001Z,refresh,18430,1705252,30,7,1,0,1790721000,2026-09-29T22:30:00Z
2026-09-28T15:01:51.714001Z,refresh,18431,1705253,10,2,1,0,1790721000,2026-09-29T22:30:00Z
2026-09-28T15:01:51.714001Z,refresh,18432,1705254,25,6,1,0,1790721000,2026-09-29T22:30:00Z
2026-09-28T15:01:51.714001Z,refresh,18433,1705255,5,1,1,0,1790721000,2026-09-29T22:30:00Z
2026-09-28T15:01:51.714001Z,refresh,18434,1705256,25,5,1,0,1790721000,2026-09-29T22:30:00Z
2026-09-28T15:01:51.714001Z,refresh,18435,1705257,20,4,1,0,1790721000,2026-09-29T22:30:00Z
2026-09-28T15:01:51.714001Z,refresh,18436,1705258,15,3,1,0,1790721000,2026-09-29T22:30:00Z
2026-09-28T15:01:51.714001Z,refresh,18437,1705259,5,1,1,0,1790721000,2026-09-29T22:30:00Z
2026-09-28T15:01:51.714001Z,refresh,18438,1705260,5,1,1,0,1790721000,2026-09-29T22:30:00Z
2026-09-28T15:01:51.714001Z,refresh,18439,1705261,20,4,1,0,1790721000,2026-09-29T22:30:00Z
2026-09-28T15:01:51.714001Z,refresh,18440,1705262,25,4,1,0,1790721000,2026-09-29T22:30:00Z
2026-09-28T15:01:51.714001Z,refresh,18441,1705263,100,6,1,0,1790721000,2026-09-29T22:30:00Z
2026-09-28T15:01:51.714001Z,refresh,18442,1705264,5,1,1,0,1790721000,2026-09-29T22:30:00Z
2026-09-28T15:01:51.714001Z,refresh,18443,1705265,25,5,1,0,1790721000,2026-09-29T22:30:00Z
2026-09-28T15:01:51.714001Z,refresh,18444,1705266,5,1,1,0,1790721000,2026-09-29T22:30:00Z
2026-09-28T15:01:51.714001Z,refresh,18445,1705267,5,1,1,0,1790721000,2026-09-29T22:30:00Z
2026-09-28T15:01:51.714001Z,refresh,18446,1705268,30,6,1,0,1790721000,2026-09-29T22:30:00Z
2026-09-28T15:01:51.714001Z,refresh,18447,1705269,10,2,1,0,1790721000,2026-09-29T22:30:00Z
2026-09-28T15:01:51.714001Z,refresh,18448,1705270,5,1,1,0,1790721000,2026-09-29T22:30:00Z
2026-09-28T15:01:51.714001Z,refresh,18449,1705271,5,1,1,0,1790721000,2026-09-29T22:30:00Z
2026-09-28T15:01:51.714001Z,refresh,18450,1705272,5,1,1,0,1790721000,2026-09-29T22:30:00Z
2026-09-28T15:01:51.714001Z,refresh,18451,1705273,25,5,1,0,1790721000,2026-09-29T22:30:00Z
2026-09-28T15:01:51.714001Z,refresh,18452,1705274,5,1,1,0,1790721000,2026-09-29T22:30:00Z
2026-09-28T15:01:51.714001Z,refresh,18453,1705275,5,1,1,0,1790721000,2026-09-29T22:30:00Z
2026-09-28T15:01:51.714001Z,refresh,18454,1705276,15,4,1,0,1790721000,2026-09-29T22:30:00Z
2026-09-28T15:01:51.714001Z,refresh,18455,1705277,5,1,1,0,1790721000,2026-09-29T22:30:00Z
2026-09-28T15:01:51.714001Z,refresh,18456,1705278,10,2,1,0,1790721000,2026-09-29T22:30:00Z
2026-09-28T15:01:51.714001Z,refresh,18457,1705279,5,1,1,0,1790721000,2026-09-29T22:30:00Z
2026-09-28T15:01:51.714001Z,refresh,18458,1705280,25,5,1,0,1790721000,2026-09-29T22:30:00Z
2026-09-28T15:01:51.714001Z,refresh,18459,1705281,10,2,1,0,1790721000,2026-09-29T22:30:00Z
2026-09-28T15:01:51.714001Z,refresh,18460,1705282,5,1,1,0,1790721000,2026-09-29T22:30:00Z
2026-09-28T15:01:51.714001Z,refresh,18461,1705283,5,1,1,0,1790721000,2026-09-29T22:30:00Z
2026-09-28T15:01:51.714001Z,refresh,18462,1705284,15,3,1,0,1790721000,2026-09-29T22:30:00Z
2026-09-28T15:01:51.714001Z,refresh,18463,1705285,30,6,1,0,1790721000,2026-09-29T22:30:00Z
2026-09-28T15:01:51.714001Z,refresh,18464,1705286,5,1,1,0,1790721000,2026-09-29T22:30:00Z
2026-09-28T15:01:51.714001Z,refresh,18465,1705287,40,7,1,0,1790721000,2026-09-29T22:30:00Z
2026-09-28T15:01:51.714001Z,refresh,18466,1705288,10,2,1,0,1790721000,2026-09-29T22:30:00Z
2026-09-28T15:01:51.714001Z,refresh,30-1329,1799843,5,1,1,0,1790722800,2026-09-29T23:00:00Z
2026-09-28T15:01:51.714001Z,refresh,30-1330,1799850,5,1,1,0,1790722800,2026-09-29T23:00:00Z
2026-09-28T15:01:51.714001Z,refresh,30-1331,1799864,15,4,1,0,1790722800,2026-09-29T23:00:00Z
2026-09-28T15:01:51.714001Z,refresh,18467,1705289,5,1,1,0,1790722800,2026-09-29T23:00:00Z
2026-09-28T15:01:51.714001Z,refresh,18468,1705290,5,0,1,0,1790722800,2026-09-29T23:00:00Z
2026-09-28T15:01:51.714001Z,refresh,18469,1705291,5,1,1,0,1790722800,2026-09-29T23:00:00Z
2026-09-28T15:01:51.714001Z,refresh,18470,1705292,5,0,1,0,1790722800,2026-09-29T23:00:00Z
2026-09-28T15:01:51.714001Z,refresh,18471,1705293,5,1,1,0,1790722800,2026-09-29T23:00:00Z
2026-09-28T15:01:51.714001Z,refresh,18472,1705294,5,0,1,0,1790722800,2026-09-29T23:00:00Z
2026-09-28T15:01:51.714001Z,refresh,18473,1705295,10,2,1,0,1790722800,2026-09-29T23:00:00Z
2026-09-28T15:01:51.714001Z,refresh,18474,1705296,10,2,1,0,1790722800,2026-09-29T23:00:00Z
2026-09-28T15:01:51.714001Z,refresh,18475,1705297,10,2,1,0,1790722800,2026-09-29T23:00:00Z
2026-09-28T15:01:51.714001Z,refresh,18476,1705298,5,1,1,0,1790722800,2026-09-29T23:00:00Z
2026-09-28T15:01:51.714001Z,refresh,18477,1705299,5,1,1,0,1790722800,2026-09-29T23:00:00Z
2026-09-28T15:01:51.714001Z,refresh,18478,1705300,5,1,1,0,1790722800,2026-09-29T23:00:00Z
2026-09-28T15:01:51.714001Z,refresh,18479,1705301,5,1,1,0,1790722800,2026-09-29T23:00:00Z
2026-09-28T15:01:51.714001Z,refresh,18480,1705302,15,3,1,0,1790722800,2026-09-29T23:00:00Z
2026-09-28T15:01:51.714001Z,refresh,18481,1705303,5,1,1,0,1790722800,2026-09-29T23:00:00Z
2026-09-28T15:01:51.714001Z,refresh,18482,1705304,15,3,1,0,1790722800,2026-09-29T23:00:00Z
2026-09-28T15:01:51.714001Z,refresh,18483,1705305,15,4,1,0,1790722800,2026-09-29T23:00:00Z
2026-09-28T15:01:51.714001Z,refresh,18484,1705306,5,1,1,0,1790722800,2026-09-29T23:00:00Z
2026-09-28T15:01:51.714001Z,refresh,18485,1705307,5,1,1,0,1790722800,2026-09-29T23:00:00Z
2026-09-28T15:01:51.714001Z,refresh,18486,1705308,5,1,1,0,1790722800,2026-09-29T23:00:00Z
2026-09-28T15:01:51.714001Z,refresh,18487,1705309,25,4,1,0,1790722800,2026-09-29T23:00:00Z
2026-09-28T15:01:51.714001Z,refresh,18488,1705310,5,1,1,0,1790722800,2026-09-29T23:00:00Z
2026-09-28T15:01:51.714001Z,refresh,18489,1705311,10,2,1,0,1790722800,2026-09-29T23:00:00Z
2026-09-28T15:01:51.714001Z,refresh,18490,1705312,10,2,1,0,1790722800,2026-09-29T23:00:00Z
2026-09-28T15:01:51.714001Z,refresh,18491,1705313,30,6,1,0,1790722800,2026-09-29T23:00:00Z
2026-09-28T15:01:51.714001Z,refresh,18492,1705314,5,1,1,0,1790722800,2026-09-29T23:00:00Z
2026-09-28T15:01:51.714001Z,refresh,18493,1705315,5,1,1,0,1790722800,2026-09-29T23:00:00Z
2026-09-28T15:01:51.714001Z,refresh,18494,1705316,10,2,1,0,1790722800,2026-09-29T23:00:00Z
2026-09-28T15:01:51.714001Z,refresh,18495,1705317,5,1,1,0,1790722800,2026-09-29T23:00:00Z
2026-09-28T15:01:51.714001Z,refresh,18496,1705318,30,6,1,0,1790722800,2026-09-29T23:00:00Z
2026-09-28T15:01:51.714001Z,refresh,18497,1705319,5,1,1,0,1790722800,2026-09-29T23:00:00Z
2026-09-28T15:01:51.714001Z,refresh,18498,1705320,10,2,1,0,1790722800,2026-09-29T23:00:00Z
2026-09-28T15:01:51.714001Z,refresh,18499,1705321,10,2,1,0,1790722800,2026-09-29T23:00:00Z
2026-09-28T15:01:51.714001Z,refresh,18500,1705322,10,2,1,0,1790722800,2026-09-29T23:00:00Z
2026-09-28T15:01:51.714001Z,refresh,18501,1705323,5,0,1,0,1790722800,2026-09-29T23:00:00Z
2026-09-28T15:01:51.714001Z,refresh,18502,1705324,5,1,1,0,1790722800,2026-09-29T23:00:00Z
2026-09-28T15:01:51.714001Z,refresh,18503,1705325,15,3,1,0,1790722800,2026-09-29T23:00:00Z
2026-09-28T15:01:51.714001Z,refresh,18504,1705326,5,1,1,0,1790722800,2026-09-29T23:00:00Z
2026-09-28T15:01:51.714001Z,refresh,18505,1705327,15,3,1,0,1790722800,2026-09-29T23:00:00Z
2026-09-28T15:01:51.714001Z,refresh,18506,1705328,5,1,1,0,1790722800,2026-09-29T23:00:00Z
2026-09-28T15:01:51.714001Z,refresh,18507,1705329,10,2,1,0,1790722800,2026-09-29T23:00:00Z
2026-09-28T15:01:51.714001Z,refresh,18508,1705330,5,1,1,0,1790722800,2026-09-29T23:00:00Z
2026-09-28T15:01:51.714001Z,refresh,18509,1705331,5,1,1,0,1790722800,2026-09-29T23:00:00Z
2026-09-28T15:01:51.714001Z,refresh,18510,1705332,5,1,1,0,1790722800,2026-09-29T23:00:00Z
2026-09-28T15:01:51.714001Z,refresh,18511,1705333,10,2,1,0,1790722800,2026-09-29T23:00:00Z
2026-09-28T15:01:51.714001Z,refresh,18512,1705334,30,7,1,0,1790722800,2026-09-29T23:00:00Z
2026-09-28T15:01:51.714001Z,refresh,18513,1705335,5,1,1,0,1790722800,2026-09-29T23:00:00Z
2026-09-28T15:01:51.714001Z,refresh,18514,1705336,35,8,1,0,1790722800,2026-09-29T23:00:00Z
2026-09-28T15:01:51.714001Z,refresh,18515,1705337,10,2,1,0,1790722800,2026-09-29T23:00:00Z
2026-09-28T15:01:51.714001Z,refresh,18516,1705338,5,0,1,0,1790722800,2026-09-29T23:00:00Z
2026-09-28T15:01:51.714001Z,refresh,18517,1705339,20,3,1,0,1790722800,2026-09-29T23:00:00Z
2026-09-28T15:01:51.714001Z,refresh,18518,1705340,5,0,1,0,1790722800,2026-09-29T23:00:00Z
2026-09-28T15:01:51.714001Z,refresh,18519,1705341,80,5,1,0,1790722800,2026-09-29T23:00:00Z
2026-09-28T15:01:51.714001Z,refresh,18520,1705342,25,6,1,0,1790722800,2026-09-29T23:00:00Z
2026-09-28T15:01:51.714001Z,refresh,18521,1705343,5,1,1,0,1790722800,2026-09-29T23:00:00Z
2026-09-28T15:01:51.714001Z,refresh,18522,1705344,10,2,1,0,1790722800,2026-09-29T23:00:00Z
2026-09-28T15:01:51.714001Z,refresh,18523,1705345,5,1,1,0,1790722800,2026-09-29T23:00:00Z
2026-09-28T15:01:51.714001Z,refresh,18524,1705346,50,5,1,0,1790722800,2026-09-29T23:00:00Z
2026-09-28T15:01:51.714001Z,refresh,18525,1705347,10,2,1,0,1790722800,2026-09-29T23:00:00Z
2026-09-28T15:01:51.714001Z,refresh,18526,1705348,5,1,1,0,1790722800,2026-09-29T23:00:00Z
2026-09-28T15:01:51.714001Z,refresh,18527,1705349,10,2,1,0,1790722800,2026-09-29T23:00:00Z
2026-09-28T15:01:51.714001Z,refresh,18528,1705350,20,5,1,0,1790722800,2026-09-29T23:00:00Z
2026-09-28T15:01:51.714001Z,refresh,18529,1705351,10,2,1,0,1790722800,2026-09-29T23:00:00Z
2026-09-28T15:01:51.714001Z,refresh,18530,1705352,5,1,1,0,1790722800,2026-09-29T23:00:00Z
2026-09-28T15:01:51.714001Z,refresh,18531,1705353,5,0,1,0,1790722800,2026-09-29T23:00:00Z
2026-09-28T15:01:51.714001Z,refresh,18532,1705354,20,4,1,0,1790722800,2026-09-29T23:00:00Z
2026-09-28T15:01:51.714001Z,refresh,18533,1705355,20,4,1,0,1790722800,2026-09-29T23:00:00Z
2026-09-28T15:01:51.714001Z,refresh,18534,1705356,10,2,1,0,1790722800,2026-09-29T23:00:00Z
2026-09-28T15:01:51.714001Z,refresh,18535,1705357,20,4,1,0,1790722800,2026-09-29T23:00:00Z
2026-09-28T15:01:51.714001Z,refresh,18536,1705358,5,0,1,0,1790722800,2026-09-29T23:00:00Z
2026-09-28T15:01:51.714001Z,refresh,18537,1705359,5,1,1,0,1790722800,2026-09-29T23:00:00Z
2026-09-28T15:01:51.714001Z,refresh,18538,1705360,5,0,1,0,1790722800,2026-09-29T23:00:00Z
2026-09-28T15:01:51.714001Z,refresh,18539,1705361,5,0,1,0,1790722800,2026-09-29T23:00:00Z
2026-09-28T15:01:51.714001Z,refresh,18540,1705362,5,0,1,0,1790722800,2026-09-29T23:00:00Z
2026-09-28T15:01:51.714001Z,refresh,18541,1705363,245,36,1,0,1790722800,2026-09-29T23:00:00Z
2026-09-28T15:01:51.714001Z,refresh,18542,1705364,5,0,1,0,1790722800,2026-09-29T23:00:00Z
2026-09-28T15:01:51.714001Z,refresh,18543,1705365,55,4,1,0,1790722800,2026-09-29T23:00:00Z
2026-09-28T15:01:51.714001Z,refresh,18544,1705366,10,2,1,0,1790722800,2026-09-29T23:00:00Z
2026-09-28T15:01:51.714001Z,refresh,18545,1705367,35,4,1,0,1790722800,2026-09-29T23:00:00Z
2026-09-28T15:01:51.714001Z,refresh,18546,1705368,5,0,1,0,1790722800,2026-09-29T23:00:00Z
2026-09-28T15:01:51.714001Z,refresh,18547,1705369,5,1,1,0,1790722800,2026-09-29T23:00:00Z
2026-09-28T15:01:51.714001Z,refresh,18548,1705370,5,1,1,0,1790722800,2026-09-29T23:00:00Z
2026-09-28T15:01:51.714001Z,refresh,18549,1705371,5,0,1,0,1790722800,2026-09-29T23:00:00Z
2026-09-28T15:01:51.714001Z,refresh,18550,1705372,55,3,1,0,1790722800,2026-09-29T23:00:00Z
2026-09-28T15:01:51.714001Z,refresh,18551,1705373,30,3,1,0,1790722800,2026-09-29T23:00:00Z
2026-09-28T15:01:51.714001Z,refresh,18552,1705374,5,0,1,0,1790722800,2026-09-29T23:00:00Z
2026-09-28T15:01:51.714001Z,refresh,18553,1705375,5,0,1,0,1790722800,2026-09-29T23:00:00Z
2026-09-28T15:01:51.714001Z,refresh,18554,1705376,10,2,1,0,1790722800,2026-09-29T23:00:00Z
2026-09-28T15:01:51.714001Z,refresh,18555,1705377,40,8,1,0,1790722800,2026-09-29T23:00:00Z
2026-09-28T15:01:51.714001Z,refresh,18556,1705378,5,1,1,0,1790722800,2026-09-29T23:00:00Z
2026-09-28T15:01:51.714001Z,refresh,18557,1705379,5,1,1,0,1790722800,2026-09-29T23:00:00Z
2026-09-28T15:01:51.714001Z,refresh,18558,1705380,5,1,1,0,1790722800,2026-09-29T23:00:00Z
2026-09-28T15:01:51.714001Z,refresh,18559,1705381,5,1,1,0,1790722800,2026-09-29T23:00:00Z
2026-09-28T15:01:51.714001Z,refresh,18560,1705382,30,4,1,0,1790722800,2026-09-29T23:00:00Z
2026-09-28T15:01:51.714001Z,refresh,18561,1705383,5,1,1,0,1790722800,2026-09-29T23:00:00Z
2026-09-28T15:01:51.714001Z,refresh,30-1333,1799925,5,1,1,0,1790724600,2026-09-29T23:30:00Z
2026-09-28T15:01:51.714001Z,refresh,18223,1705434,5,1,1,0,1790724600,2026-09-29T23:30:00Z
2026-09-28T15:01:51.714001Z,refresh,18224,1705435,5,0,1,0,1790724600,2026-09-29T23:30:00Z
2026-09-28T15:01:51.714001Z,refresh,18225,1705436,5,0,1,0,1790724600,2026-09-29T23:30:00Z
2026-09-28T15:01:51.714001Z,refresh,18226,1705437,5,1,1,0,1790724600,2026-09-29T23:30:00Z
2026-09-28T15:01:51.714001Z,refresh,18250,1705438,115,15,1,0,1790724600,2026-09-29T23:30:00Z
2026-09-28T15:01:51.714001Z,refresh,18251,1705439,5,1,1,0,1790724600,2026-09-29T23:30:00Z
2026-09-28T15:01:51.714001Z,refresh,18252,1705440,5,1,1,0,1790724600,2026-09-29T23:30:00Z
2026-09-28T15:01:51.714001Z,refresh,18253,1705441,5,1,1,0,1790724600,2026-09-29T23:30:00Z
2026-09-28T15:01:51.714001Z,refresh,18254,1705442,5,0,1,0,1790724600,2026-09-29T23:30:00Z
2026-09-28T15:01:51.714001Z,refresh,18255,1705443,5,0,1,0,1790724600,2026-09-29T23:30:00Z
2026-09-28T15:01:51.714001Z,refresh,18256,1705444,5,0,1,0,1790724600,2026-09-29T23:30:00Z
2026-09-28T15:01:51.714001Z,refresh,18257,1705445,10,2,1,0,1790724600,2026-09-29T23:30:00Z
2026-09-28T15:01:51.714001Z,refresh,18258,1705446,5,1,1,0,1790724600,2026-09-29T23:30:00Z
2026-09-28T15:01:51.714001Z,refresh,18259,1705447,10,2,1,0,1790724600,2026-09-29T23:30:00Z
2026-09-28T15:01:51.714001Z,refresh,18260,1705448,50,5,1,0,1790724600,2026-09-29T23:30:00Z
2026-09-28T15:01:51.714001Z,refresh,18261,1705449,5,1,1,0,1790724600,2026-09-29T23:30:00Z
2026-09-28T15:01:51.714001Z,refresh,18262,1705450,5,1,1,0,1790724600,2026-09-29T23:30:00Z
2026-09-28T15:01:51.714001Z,refresh,18263,1705451,5,0,1,0,1790724600,2026-09-29T23:30:00Z
2026-09-28T15:01:51.714001Z,refresh,18264,1705452,5,1,1,0,1790724600,2026-09-29T23:30:00Z
2026-09-28T15:01:51.714001Z,refresh,18265,1705453,5,1,1,0,1790724600,2026-09-29T23:30:00Z
2026-09-28T15:01:51.714001Z,refresh,18266,1705454,10,2,1,0,1790724600,2026-09-29T23:30:00Z
2026-09-28T15:01:51.714001Z,refresh,18267,1705455,5,1,1,0,1790724600,2026-09-29T23:30:00Z
2026-09-28T15:01:51.714001Z,refresh,18268,1705456,5,0,1,0,1790724600,2026-09-29T23:30:00Z
2026-09-28T15:01:51.714001Z,refresh,18269,1705457,10,2,1,0,1790724600,2026-09-29T23:30:00Z
2026-09-28T15:01:51.714001Z,refresh,18270,1705458,5,0,1,0,1790724600,2026-09-29T23:30:00Z
2026-09-28T15:01:51.714001Z,refresh,18271,1705459,10,2,1,0,1790724600,2026-09-29T23:30:00Z
2026-09-28T15:01:51.714001Z,refresh,18272,1705460,5,1,1,0,1790724600,2026-09-29T23:30:00Z
2026-09-28T15:01:51.714001Z,refresh,18273,1705461,5,1,1,0,1790724600,2026-09-29T23:30:00Z
2026-09-28T15:01:51.714001Z,refresh,18274,1705462,5,0,1,0,1790724600,2026-09-29T23:30:00Z
2026-09-28T15:01:51.714001Z,refresh,18275,1705463,5,1,1,0,1790724600,2026-09-29T23:30:00Z
2026-09-28T15:01:51.714001Z,refresh,18276,1705464,5,1,1,0,1790724600,2026-09-29T23:30:00Z
2026-09-28T15:01:51.714001Z,refresh,18277,1705465,5,0,1,0,1790724600,2026-09-29T23:30:00Z
2026-09-28T15:01:51.714001Z,refresh,18278,1705466,5,0,1,0,1790724600,2026-09-29T23:30:00Z
2026-09-28T15:01:51.714001Z,refresh,18279,1705467,5,0,1,0,1790724600,2026-09-29T23:30:00Z
2026-09-28T15:01:51.714001Z,refresh,18280,1705468,5,1,1,0,1790724600,2026-09-29T23:30:00Z
2026-09-28T15:01:51.714001Z,refresh,18281,1705469,5,0,1,0,1790724600,2026-09-29T23:30:00Z
2026-09-28T15:01:51.714001Z,refresh,18282,1705470,170,16,1,0,1790724600,2026-09-29T23:30:00Z
2026-09-28T15:01:51.714001Z,refresh,18283,1705471,5,1,1,0,1790724600,2026-09-29T23:30:00Z
2026-09-28T15:01:51.714001Z,refresh,18284,1705472,5,0,1,0,1790724600,2026-09-29T23:30:00Z
2026-09-28T15:01:51.714001Z,refresh,18285,1705473,5,0,1,0,1790724600,2026-09-29T23:30:00Z
2026-09-28T15:01:51.714001Z,refresh,18286,1705474,5,0,1,0,1790724600,2026-09-29T23:30:00Z
2026-09-28T15:01:51.714001Z,refresh,18287,1705475,5,0,1,0,1790724600,2026-09-29T23:30:00Z
2026-09-28T15:01:51.714001Z,refresh,18288,1705476,5,0,1,0,1790724600,2026-09-29T23:30:00Z
2026-09-28T15:01:51.714001Z,refresh,18289,1705477,10,2,1,0,1790724600,2026-09-29T23:30:00Z
2026-09-28T15:01:51.714001Z,refresh,18290,1705478,10,2,1,0,1790724600,2026-09-29T23:30:00Z
2026-09-28T15:01:51.714001Z,refresh,18562,1705384,5,1,1,0,1790724600,2026-09-29T23:30:00Z
2026-09-28T15:01:51.714001Z,refresh,18563,1705385,5,0,1,0,1790724600,2026-09-29T23:30:00Z
2026-09-28T15:01:51.714001Z,refresh,18564,1705386,15,3,1,0,1790724600,2026-09-29T23:30:00Z
2026-09-28T15:01:51.714001Z,refresh,18565,1705387,15,3,1,0,1790724600,2026-09-29T23:30:00Z
2026-09-28T15:01:51.714001Z,refresh,18566,1705388,10,2,1,0,1790724600,2026-09-29T23:30:00Z
2026-09-28T15:01:51.714001Z,refresh,18567,1705389,5,1,1,0,1790724600,2026-09-29T23:30:00Z
2026-09-28T15:01:51.714001Z,refresh,18568,1705390,5,1,1,0,1790724600,2026-09-29T23:30:00Z
2026-09-28T15:01:51.714001Z,refresh,18569,1705391,5,1,1,0,1790724600,2026-09-29T23:30:00Z
2026-09-28T15:01:51.714001Z,refresh,18570,1705392,5,1,1,0,1790724600,2026-09-29T23:30:00Z
2026-09-28T15:01:51.714001Z,refresh,18571,1705393,5,1,1,0,1790724600,2026-09-29T23:30:00Z
2026-09-28T15:01:51.714001Z,refresh,18572,1705394,55,4,1,0,1790724600,2026-09-29T23:30:00Z
2026-09-28T15:01:51.714001Z,refresh,18573,1705395,10,2,1,0,1790724600,2026-09-29T23:30:00Z
2026-09-28T15:01:51.714001Z,refresh,18574,1705396,5,1,1,0,1790724600,2026-09-29T23:30:00Z
2026-09-28T15:01:51.714001Z,refresh,18575,1705397,5,1,1,0,1790724600,2026-09-29T23:30:00Z
2026-09-28T15:01:51.714001Z,refresh,18576,1705398,35,6,1,0,1790724600,2026-09-29T23:30:00Z
2026-09-28T15:01:51.714001Z,refresh,18577,1705399,5,0,1,0,1790724600,2026-09-29T23:30:00Z
2026-09-28T15:01:51.714001Z,refresh,18578,1705400,5,0,1,0,1790724600,2026-09-29T23:30:00Z
2026-09-28T15:01:51.714001Z,refresh,18579,1705401,10,2,1,0,1790724600,2026-09-29T23:30:00Z
2026-09-28T15:01:51.714001Z,refresh,18580,1705402,305,6,1,0,1790724600,2026-09-29T23:30:00Z
2026-09-28T15:01:51.714001Z,refresh,18581,1705403,10,2,1,0,1790724600,2026-09-29T23:30:00Z
2026-09-28T15:01:51.714001Z,refresh,18582,1705404,5,0,1,0,1790724600,2026-09-29T23:30:00Z
2026-09-28T15:01:51.714001Z,refresh,18583,1705405,5,0,1,0,1790724600,2026-09-29T23:30:00Z
2026-09-28T15:01:51.714001Z,refresh,18584,1705406,5,1,1,0,1790724600,2026-09-29T23:30:00Z
2026-09-28T15:01:51.714001Z,refresh,18585,1705407,5,1,1,0,1790724600,2026-09-29T23:30:00Z
2026-09-28T15:01:51.714001Z,refresh,18586,1705408,5,1,1,0,1790724600,2026-09-29T23:30:00Z
2026-09-28T15:01:51.714001Z,refresh,18587,1705409,55,5,1,0,1790724600,2026-09-29T23:30:00Z
2026-09-28T15:01:51.714001Z,refresh,18588,1705410,10,2,1,0,1790724600,2026-09-29T23:30:00Z
2026-09-28T15:01:51.714001Z,refresh,18589,1705411,5,1,1,0,1790724600,2026-09-29T23:30:00Z
2026-09-28T15:01:51.714001Z,refresh,18590,1705412,5,1,1,0,1790724600,2026-09-29T23:30:00Z
2026-09-28T15:01:51.714001Z,refresh,18591,1705413,5,0,1,0,1790724600,2026-09-29T23:30:00Z
2026-09-28T15:01:51.714001Z,refresh,18592,1705414,5,0,1,0,1790724600,2026-09-29T23:30:00Z
2026-09-28T15:01:51.714001Z,refresh,18593,1705415,5,1,1,0,1790724600,2026-09-29T23:30:00Z
2026-09-28T15:01:51.714001Z,refresh,18594,1705416,5,1,1,0,1790724600,2026-09-29T23:30:00Z
2026-09-28T15:01:51.714001Z,refresh,18595,1705417,5,1,1,0,1790724600,2026-09-29T23:30:00Z
2026-09-28T15:01:51.714001Z,refresh,18596,1705418,5,0,1,0,1790724600,2026-09-29T23:30:00Z
2026-09-28T15:01:51.714001Z,refresh,18597,1705419,70,9,1,0,1790724600,2026-09-29T23:30:00Z
2026-09-28T15:01:51.714001Z,refresh,18598,1705420,5,1,1,0,1790724600,2026-09-29T23:30:00Z
2026-09-28T15:01:51.714001Z,refresh,18599,1705421,10,2,1,0,1790724600,2026-09-29T23:30:00Z
2026-09-28T15:01:51.714001Z,refresh,18600,1705422,5,1,1,0,1790724600,2026-09-29T23:30:00Z
2026-09-28T15:01:51.714001Z,refresh,18601,1705423,30,3,1,0,1790724600,2026-09-29T23:30:00Z
2026-09-28T15:01:51.714001Z,refresh,18602,1705424,5,0,1,0,1790724600,2026-09-29T23:30:00Z
2026-09-28T15:01:51.714001Z,refresh,18603,1705425,5,1,1,0,1790724600,2026-09-29T23:30:00Z
2026-09-28T15:01:51.714001Z,refresh,18604,1705426,10,2,1,0,1790724600,2026-09-29T23:30:00Z
2026-09-28T15:01:51.714001Z,refresh,18605,1705427,20,3,1,0,1790724600,2026-09-29T23:30:00Z
2026-09-28T15:01:51.714001Z,refresh,18606,1705428,10,2,1,0,1790724600,2026-09-29T23:30:00Z
2026-09-28T15:01:51.714001Z,refresh,18607,1705429,5,0,1,0,1790724600,2026-09-29T23:30:00Z
2026-09-28T15:01:51.714001Z,refresh,18608,1705430,5,0,1,0,1790724600,2026-09-29T23:30:00Z
2026-09-28T15:01:51.714001Z,refresh,18609,1705431,10,2,1,0,1790724600,2026-09-29T23:30:00Z
2026-09-28T15:01:51.714001Z,refresh,18610,1705432,5,1,1,0,1790724600,2026-09-29T23:30:00Z
2026-09-28T15:01:51.714001Z,refresh,18611,1705433,5,0,1,0,1790724600,2026-09-29T23:30:00Z
2026-09-28T15:01:51.714001Z,refresh,18612,1723322,55,2,1,0,1790724600,2026-09-29T23:30:00Z
2026-09-28T15:01:51.714001Z,refresh,18291,1705479,5,1,1,0,1790726400,2026-09-30T00:00:00Z
2026-09-28T15:01:51.714001Z,refresh,18292,1705480,5,0,1,0,1790726400,2026-09-30T00:00:00Z
2026-09-28T15:01:51.714001Z,refresh,18293,1705481,35,7,1,0,1790726400,2026-09-30T00:00:00Z
2026-09-28T15:01:51.714001Z,refresh,18294,1705482,5,1,1,0,1790726400,2026-09-30T00:00:00Z
2026-09-28T15:01:51.714001Z,refresh,18295,1705483,105,6,1,0,1790726400,2026-09-30T00:00:00Z
2026-09-28T15:01:51.714001Z,refresh,18296,1705484,5,1,1,0,1790726400,2026-09-30T00:00:00Z
2026-09-28T15:01:51.714001Z,refresh,18297,1705485,5,1,1,0,1790726400,2026-09-30T00:00:00Z
2026-09-28T15:01:51.714001Z,refresh,18298,1705486,5,0,1,0,1790726400,2026-09-30T00:00:00Z
2026-09-28T15:01:51.714001Z,refresh,18299,1705487,5,1,1,0,1790726400,2026-09-30T00:00:00Z
2026-09-28T15:01:51.714001Z,refresh,18300,1705488,5,0,1,0,1790726400,2026-09-30T00:00:00Z
2026-09-28T15:01:51.714001Z,refresh,18301,1705489,5,1,1,0,1790726400,2026-09-30T00:00:00Z
2026-09-28T15:01:51.714001Z,refresh,18302,1705490,10,2,1,0,1790726400,2026-09-30T00:00:00Z
2026-09-28T15:01:51.714001Z,refresh,18303,1705491,5,0,1,0,1790726400,2026-09-30T00:00:00Z
2026-09-28T15:01:51.714001Z,refresh,18304,1705492,10,2,1,0,1790726400,2026-09-30T00:00:00Z
2026-09-28T15:01:51.714001Z,refresh,18305,1705493,5,1,1,0,1790726400,2026-09-30T00:00:00Z
2026-09-28T15:01:51.714001Z,refresh,18306,1705494,5,1,1,0,1790726400,2026-09-30T00:00:00Z
2026-09-28T15:01:51.714001Z,refresh,18307,1705495,5,1,1,0,1790726400,2026-09-30T00:00:00Z
2026-09-28T15:01:51.714001Z,refresh,18308,1705496,5,1,1,0,1790726400,2026-09-30T00:00:00Z
2026-09-28T15:01:51.714001Z,refresh,18309,1705497,10,2,1,0,1790726400,2026-09-30T00:00:00Z
2026-09-28T15:01:51.714001Z,refresh,18310,1705498,15,3,1,0,1790726400,2026-09-30T00:00:00Z
2026-09-28T15:01:51.714001Z,refresh,18311,1705499,10,2,1,0,1790726400,2026-09-30T00:00:00Z
2026-09-28T15:01:51.714001Z,refresh,18312,1705500,1550,19,1,0,1790726400,2026-09-30T00:00:00Z
2026-09-28T15:01:51.714001Z,refresh,18313,1705501,10,2,1,0,1790726400,2026-09-30T00:00:00Z
2026-09-28T15:01:51.714001Z,refresh,18314,1705502,5,1,1,0,1790726400,2026-09-30T00:00:00Z
2026-09-28T15:01:51.714001Z,refresh,18315,1705503,30,3,1,0,1790726400,2026-09-30T00:00:00Z
2026-09-28T15:01:51.714001Z,refresh,18316,1705504,5,1,1,0,1790726400,2026-09-30T00:00:00Z
2026-09-28T15:01:51.714001Z,refresh,18317,1705505,5,0,1,0,1790726400,2026-09-30T00:00:00Z
2026-09-28T15:01:51.714001Z,refresh,18318,1705506,5,1,1,0,1790726400,2026-09-30T00:00:00Z
2026-09-28T15:01:51.714001Z,refresh,18319,1705507,5,1,1,0,1790726400,2026-09-30T00:00:00Z
2026-09-28T15:01:51.714001Z,refresh,18320,1705508,5,1,1,0,1790726400,2026-09-30T00:00:00Z
2026-09-28T15:01:51.714001Z,refresh,18321,1705509,5,1,1,0,1790726400,2026-09-30T00:00:00Z
2026-09-28T15:01:51.714001Z,refresh,18322,1705510,5,1,1,0,1790726400,2026-09-30T00:00:00Z
2026-09-28T15:01:51.714001Z,refresh,18323,1705511,15,3,1,0,1790726400,2026-09-30T00:00:00Z
2026-09-28T15:01:51.714001Z,refresh,18324,1705512,5,1,1,0,1790726400,2026-09-30T00:00:00Z
2026-09-28T15:01:51.714001Z,refresh,18325,1705513,50,9,1,0,1790726400,2026-09-30T00:00:00Z
2026-09-28T15:01:51.714001Z,refresh,18326,1705514,10,2,1,0,1790726400,2026-09-30T00:00:00Z
2026-09-28T15:01:51.714001Z,refresh,18327,1705515,15,3,1,0,1790726400,2026-09-30T00:00:00Z
2026-09-28T15:01:51.714001Z,refresh,18328,1705516,505,6,1,0,1790726400,2026-09-30T00:00:00Z
2026-09-28T15:01:51.714001Z,refresh,18329,1705517,1600,23,1,0,1790726400,2026-09-30T00:00:00Z
2026-09-28T15:01:51.714001Z,refresh,18330,1705518,5,1,1,0,1790726400,2026-09-30T00:00:00Z
2026-09-28T15:01:51.714001Z,refresh,18331,1705519,5,1,1,0,1790726400,2026-09-30T00:00:00Z
2026-09-28T15:01:51.714001Z,refresh,18332,1705520,5,1,1,0,1790726400,2026-09-30T00:00:00Z
2026-09-28T15:01:51.714001Z,refresh,18333,1705521,5,1,1,0,1790726400,2026-09-30T00:00:00Z
2026-09-28T15:01:51.714001Z,refresh,18334,1705522,110,23,1,0,1790726400,2026-09-30T00:00:00Z
2026-09-28T15:01:51.714001Z,refresh,18335,1705523,10,2,1,0,1790726400,2026-09-30T00:00:00Z
2026-09-28T15:01:51.714001Z,refresh,18336,1705524,5,1,1,0,1790726400,2026-09-30T00:00:00Z
2026-09-28T15:01:51.714001Z,refresh,18337,1705525,5,1,1,0,1790726400,2026-09-30T00:00:00Z
2026-09-28T15:01:51.714001Z,refresh,18338,1705526,5,1,1,0,1790726400,2026-09-30T00:00:00Z
2026-09-28T15:01:51.714001Z,refresh,18339,1705527,10,2,1,0,1790726400,2026-09-30T00:00:00Z
2026-09-28T15:01:51.714001Z,refresh,18340,1705528,5,1,1,0,1790726400,2026-09-30T00:00:00Z
2026-09-28T15:01:51.714001Z,refresh,18341,1705529,5,1,1,0,1790726400,2026-09-30T00:00:00Z
2026-09-28T15:01:51.714001Z,refresh,18342,1705530,205,36,1,0,1790726400,2026-09-30T00:00:00Z
2026-09-28T15:01:51.714001Z,refresh,18343,1705531,5,1,1,0,1790726400,2026-09-30T00:00:00Z
2026-09-28T15:01:51.714001Z,refresh,18344,1705532,51,3,1,0,1790726400,2026-09-30T00:00:00Z
2026-09-28T15:01:51.714001Z,refresh,18345,1705533,5,1,1,0,1790726400,2026-09-30T00:00:00Z
2026-09-28T15:01:51.714001Z,refresh,18346,1705534,5,1,1,0,1790726400,2026-09-30T00:00:00Z
2026-09-28T15:01:51.714001Z,refresh,18347,1705535,5,1,1,0,1790726400,2026-09-30T00:00:00Z
2026-09-28T15:01:51.714001Z,refresh,18348,1705536,60,4,1,0,1790726400,2026-09-30T00:00:00Z
2026-09-28T15:01:51.714001Z,refresh,18349,1705537,5,1,1,0,1790726400,2026-09-30T00:00:00Z
2026-09-28T15:01:51.714001Z,refresh,18350,1705538,5,1,1,0,1790726400,2026-09-30T00:00:00Z
2026-09-28T15:01:51.714001Z,refresh,18351,1705539,5,1,1,0,1790726400,2026-09-30T00:00:00Z
2026-09-28T15:01:51.714001Z,refresh,18352,1705540,5,1,1,0,1790726400,2026-09-30T00:00:00Z
2026-09-28T15:01:51.714001Z,refresh,18353,1705541,5,1,1,0,1790726400,2026-09-30T00:00:00Z
2026-09-28T15:01:51.714001Z,refresh,18354,1705542,105,4,1,0,1790726400,2026-09-30T00:00:00Z
2026-09-28T15:01:51.714001Z,refresh,18355,1705543,775,12,1,0,1790726400,2026-09-30T00:00:00Z
2026-09-28T15:01:51.714001Z,refresh,18356,1705544,410,8,1,0,1790726400,2026-09-30T00:00:00Z
2026-09-28T15:01:51.714001Z,refresh,18357,1705545,700,24,1,0,1790726400,2026-09-30T00:00:00Z
2026-09-28T15:01:51.714001Z,refresh,18358,1705546,2150,27,1,0,1790726400,2026-09-30T00:00:00Z
2026-09-28T15:01:51.714001Z,refresh,18359,1705547,105,2,1,0,1790726400,2026-09-30T00:00:00Z
2026-09-28T15:01:51.714001Z,refresh,18360,1705548,1500,71,1,0,1790726400,2026-09-30T00:00:00Z
2026-09-28T15:01:51.714001Z,refresh,18361,1705549,2825,63,1,0,1790726400,2026-09-30T00:00:00Z
2026-09-28T15:01:51.714001Z,refresh,18362,1705550,505,3,1,0,1790726400,2026-09-30T00:00:00Z
2026-09-28T15:01:51.714001Z,refresh,18364,1705551,2350,11,1,0,1790726400,2026-09-30T00:00:00Z
2026-09-28T15:01:51.714001Z,refresh,18365,1705552,7550,18,1,0,1790726400,2026-09-30T00:00:00Z
2026-09-28T15:01:51.714001Z,refresh,18366,1705553,760,4,1,0,1790726400,2026-09-30T00:00:00Z
2026-09-28T15:01:51.714001Z,refresh,18367,1705554,1550,12,1,0,1790726400,2026-09-30T00:00:00Z
2026-09-28T15:01:51.714001Z,refresh,18368,1705555,345,9,1,0,1790726400,2026-09-30T00:00:00Z
2026-09-28T15:01:51.714001Z,refresh,18369,1705556,255,8,1,0,1790726400,2026-09-30T00:00:00Z
2026-09-28T15:01:51.714001Z,refresh,18370,1705557,1175,10,1,0,1790726400,2026-09-30T00:00:00Z
2026-09-28T15:01:51.714001Z,refresh,18371,1705558,1136,11,1,0,1790726400,2026-09-30T00:00:00Z
2026-09-28T15:01:51.714001Z,refresh,18372,1705559,8305,5,1,0,1790726400,2026-09-30T00:00:00Z
2026-09-28T15:01:51.714001Z,refresh,18373,1705560,4050,33,1,0,1790726400,2026-09-30T00:00:00Z
2026-09-28T15:01:51.714001Z,refresh,18374,1705561,1349,12,1,0,1790726400,2026-09-30T00:00:00Z
2026-09-28T15:01:51.714001Z,refresh,18375,1705562,530,5,1,0,1790726400,2026-09-30T00:00:00Z
2026-09-28T15:01:51.714001Z,refresh,18376,1705563,305,4,1,0,1790726400,2026-09-30T00:00:00Z
2026-09-28T15:01:51.714001Z,refresh,18377,1705564,105,2,1,0,1790726400,2026-09-30T00:00:00Z
2026-09-28T15:01:51.714001Z,refresh,18378,1705565,210,5,1,0,1790726400,2026-09-30T00:00:00Z
2026-09-28T15:01:51.714001Z,refresh,18379,1705566,105,2,1,0,1790726400,2026-09-30T00:00:00Z
2026-09-28T15:01:51.714001Z,refresh,18380,1705567,40250,22,1,0,1790726400,2026-09-30T00:00:00Z
2026-09-28T15:01:51.714001Z,refresh,18381,1705568,8200,53,1,0,1790726400,2026-09-30T00:00:00Z
2026-09-28T15:01:51.714001Z,refresh,18382,1705569,20100,44,1,0,1790726400,2026-09-30T00:00:00Z
2026-09-28T15:01:51.714001Z,refresh,18383,1705570,185,18,1,0,1790726400,2026-09-30T00:00:00Z
2026-09-28T15:01:51.714001Z,refresh,18384,1705571,3550,19,1,0,1790726400,2026-09-30T00:00:00Z
2026-09-28T15:01:51.714001Z,refresh,18385,1705572,105,10,1,0,1790726400,2026-09-30T00:00:00Z
2026-09-28T15:01:51.714001Z,refresh,18386,1705573,110,14,1,0,1790726400,2026-09-30T00:00:00Z
2026-09-28T15:01:51.714001Z,refresh,18387,1705574,100,8,1,0,1790726400,2026-09-30T00:00:00Z
2026-09-28T15:01:51.714001Z,refresh,18388,1705575,5,1,1,0,1790726400,2026-09-30T00:00:00Z
2026-09-28T15:01:51.714001Z,refresh,18613,1723323,5,0,1,0,1790726400,2026-09-30T00:00:00Z
2026-09-28T15:01:51.714001Z,refresh,18614,1723324,500,1,1,0,1790726400,2026-09-30T00:00:00Z
2026-09-28T15:01:51.714001Z,refresh,18615,1722853,100,1,1,0,1790726400,2026-09-30T00:00:00Z
2026-09-28T15:01:51.714001Z,refresh,18616,1723069,140,9,1,0,1790726400,2026-09-30T00:00:00Z
2026-09-28T15:01:51.714001Z,refresh,19094,1717855,4050,16,1,0,1790726400,2026-09-30T00:00:00Z
2026-09-28T15:28:43.487070Z,refresh,30-1332,1799881,5,0,1,0,1790719200,2026-09-29T22:00:00Z
2026-09-28T15:28:43.487070Z,refresh,18100,1705100,155,13,1,0,1790719200,2026-09-29T22:00:00Z
2026-09-28T15:28:43.487070Z,refresh,18101,1705101,10,2,1,0,1790719200,2026-09-29T22:00:00Z
2026-09-28T15:28:43.487070Z,refresh,18102,1705102,10,2,1,0,1790719200,2026-09-29T22:00:00Z
2026-09-28T15:28:43.487070Z,refresh,18103,1705103,5,1,1,0,1790719200,2026-09-29T22:00:00Z
2026-09-28T15:28:43.487070Z,refresh,18104,1705104,100,1,1,0,1790719200,2026-09-29T22:00:00Z
2026-09-28T15:28:43.487070Z,refresh,18105,1705105,10,2,1,0,1790719200,2026-09-29T22:00:00Z
2026-09-28T15:28:43.487070Z,refresh,18106,1705106,10,2,1,0,1790719200,2026-09-29T22:00:00Z
2026-09-28T15:28:43.487070Z,refresh,18107,1705107,5,1,1,0,1790719200,2026-09-29T22:00:00Z
2026-09-28T15:28:43.487070Z,refresh,18108,1705108,10,2,1,0,1790719200,2026-09-29T22:00:00Z
2026-09-28T15:28:43.487070Z,refresh,18109,1705109,5,1,1,0,1790719200,2026-09-29T22:00:00Z
2026-09-28T15:28:43.487070Z,refresh,18110,1705110,25,5,1,0,1790719200,2026-09-29T22:00:00Z
2026-09-28T15:28:43.487070Z,refresh,18111,1705111,5,1,1,0,1790719200,2026-09-29T22:00:00Z
2026-09-28T15:28:43.487070Z,refresh,18112,1705112,5,0,1,0,1790719200,2026-09-29T22:00:00Z
2026-09-28T15:28:43.487070Z,refresh,18113,1705113,5,1,1,0,1790719200,2026-09-29T22:00:00Z
2026-09-28T15:28:43.487070Z,refresh,18114,1705114,170,31,1,0,1790719200,2026-09-29T22:00:00Z
2026-09-28T15:28:43.487070Z,refresh,18115,1705115,5,1,1,0,1790719200,2026-09-29T22:00:00Z
2026-09-28T15:28:43.487070Z,refresh,18116,1705116,60,13,1,0,1790719200,2026-09-29T22:00:00Z
2026-09-28T15:28:43.487070Z,refresh,18117,1705117,55,11,1,0,1790719200,2026-09-29T22:00:00Z
2026-09-28T15:28:43.487070Z,refresh,18118,1705118,10,2,1,0,1790719200,2026-09-29T22:00:00Z
2026-09-28T15:28:43.487070Z,refresh,18119,1705119,105,8,1,0,1790719200,2026-09-29T22:00:00Z
2026-09-28T15:28:43.487070Z,refresh,18120,1705120,30,7,1,0,1790719200,2026-09-29T22:00:00Z
2026-09-28T15:28:43.487070Z,refresh,18121,1705121,5,0,1,0,1790719200,2026-09-29T22:00:00Z
2026-09-28T15:28:43.487070Z,refresh,18122,1705122,5,1,1,0,1790719200,2026-09-29T22:00:00Z
2026-09-28T15:28:43.487070Z,refresh,18123,1705123,155,32,1,0,1790719200,2026-09-29T22:00:00Z
2026-09-28T15:28:43.487070Z,refresh,18124,1705124,205,18,1,0,1790719200,2026-09-29T22:00:00Z
2026-09-28T15:28:43.487070Z,refresh,18125,1705125,105,22,1,0,1790719200,2026-09-29T22:00:00Z
2026-09-28T15:28:43.487070Z,refresh,18126,1705126,10,2,1,0,1790719200,2026-09-29T22:00:00Z
2026-09-28T15:28:43.487070Z,refresh,18127,1705127,50,7,1,0,1790719200,2026-09-29T22:00:00Z
2026-09-28T15:28:43.487070Z,refresh,18128,1705128,150,12,1,0,1790719200,2026-09-29T22:00:00Z
2026-09-28T15:28:43.487070Z,refresh,18129,1705129,5,1,1,0,1790719200,2026-09-29T22:00:00Z
2026-09-28T15:28:43.487070Z,refresh,18130,1705130,55,12,1,0,1790719200,2026-09-29T22:00:00Z
2026-09-28T15:28:43.487070Z,refresh,18131,1705131,5,0,1,0,1790719200,2026-09-29T22:00:00Z
2026-09-28T15:28:43.487070Z,refresh,18132,1705132,5,0,1,0,1790719200,2026-09-29T22:00:00Z
2026-09-28T15:28:43.487070Z,refresh,18133,1705133,30,6,1,0,1790719200,2026-09-29T22:00:00Z
2026-09-28T15:28:43.487070Z,refresh,18134,1705134,176,10,1,0,1790719200,2026-09-29T22:00:00Z
2026-09-28T15:28:43.487070Z,refresh,18135,1705135,105,6,1,0,1790719200,2026-09-29T22:00:00Z
2026-09-28T15:28:43.487070Z,refresh,18136,1705136,5,0,1,0,1790719200,2026-09-29T22:00:00Z
2026-09-28T15:28:43.487070Z,refresh,18137,1705137,5,1,1,0,1790719200,2026-09-29T22:00:00Z
2026-09-28T15:28:43.487070Z,refresh,18138,1705138,20,4,1,0,1790719200,2026-09-29T22:00:00Z
2026-09-28T15:28:43.487070Z,refresh,18139,1705139,10,2,1,0,1790719200,2026-09-29T22:00:00Z
2026-09-28T15:28:43.487070Z,refresh,18140,1705140,5,1,1,0,1790719200,2026-09-29T22:00:00Z
2026-09-28T15:28:43.487070Z,refresh,18141,1705141,5,1,1,0,1790719200,2026-09-29T22:00:00Z
2026-09-28T15:28:43.487070Z,refresh,18142,1705142,5,1,1,0,1790719200,2026-09-29T22:00:00Z
2026-09-28T15:28:43.487070Z,refresh,18143,1705143,5,1,1,0,1790719200,2026-09-29T22:00:00Z
2026-09-28T15:28:43.487070Z,refresh,18144,1705144,5,1,1,0,1790719200,2026-09-29T22:00:00Z
2026-09-28T15:28:43.487070Z,refresh,18145,1705145,5,1,1,0,1790719200,2026-09-29T22:00:00Z
2026-09-28T15:28:43.487070Z,refresh,18146,1705146,5,0,1,0,1790719200,2026-09-29T22:00:00Z
2026-09-28T15:28:43.487070Z,refresh,18147,1705147,60,10,1,0,1790719200,2026-09-29T22:00:00Z
2026-09-28T15:28:43.487070Z,refresh,18148,1705148,105,5,1,0,1790719200,2026-09-29T22:00:00Z
2026-09-28T15:28:43.487070Z,refresh,18149,1705149,20,4,1,0,1790719200,2026-09-29T22:00:00Z
2026-09-28T15:28:43.487070Z,refresh,18150,1705150,45,7,1,0,1790719200,2026-09-29T22:00:00Z
2026-09-28T15:28:43.487070Z,refresh,18151,1705151,15,3,1,0,1790719200,2026-09-29T22:00:00Z
2026-09-28T15:28:43.487070Z,refresh,18152,1705152,5,1,1,0,1790719200,2026-09-29T22:00:00Z
2026-09-28T15:28:43.487070Z,refresh,18153,1705153,5,1,1,0,1790719200,2026-09-29T22:00:00Z
2026-09-28T15:28:43.487070Z,refresh,18154,1705154,5,1,1,0,1790719200,2026-09-29T22:00:00Z
2026-09-28T15:28:43.487070Z,refresh,18156,1705155,5,0,1,0,1790719200,2026-09-29T22:00:00Z
2026-09-28T15:28:43.487070Z,refresh,18157,1705156,20,4,1,0,1790719200,2026-09-29T22:00:00Z
2026-09-28T15:28:43.487070Z,refresh,18158,1705157,5,0,1,0,1790719200,2026-09-29T22:00:00Z
2026-09-28T15:28:43.487070Z,refresh,18159,1705158,20,5,1,0,1790719200,2026-09-29T22:00:00Z
2026-09-28T15:28:43.487070Z,refresh,18160,1705159,5,0,1,0,1790719200,2026-09-29T22:00:00Z
2026-09-28T15:28:43.487070Z,refresh,18161,1705160,5,1,1,0,1790719200,2026-09-29T22:00:00Z
2026-09-28T15:28:43.487070Z,refresh,18162,1705161,5,0,1,0,1790719200,2026-09-29T22:00:00Z
2026-09-28T15:28:43.487070Z,refresh,18163,1705162,10,2,1,0,1790719200,2026-09-29T22:00:00Z
2026-09-28T15:28:43.487070Z,refresh,18164,1705163,10,2,1,0,1790719200,2026-09-29T22:00:00Z
2026-09-28T15:28:43.487070Z,refresh,18165,1705164,5,1,1,0,1790719200,2026-09-29T22:00:00Z
2026-09-28T15:28:43.487070Z,refresh,18166,1705165,105,16,1,0,1790719200,2026-09-29T22:00:00Z
2026-09-28T15:28:43.487070Z,refresh,18167,1705166,10,2,1,0,1790719200,2026-09-29T22:00:00Z
2026-09-28T15:28:43.487070Z,refresh,18168,1705167,45,7,1,0,1790719200,2026-09-29T22:00:00Z
2026-09-28T15:28:43.487070Z,refresh,18169,1705168,30,7,1,0,1790719200,2026-09-29T22:00:00Z
2026-09-28T15:28:43.487070Z,refresh,18170,1705169,31,8,1,0,1790719200,2026-09-29T22:00:00Z
2026-09-28T15:28:43.487070Z,refresh,18171,1705170,25,6,1,0,1790719200,2026-09-29T22:00:00Z
2026-09-28T15:28:43.487070Z,refresh,18172,1705171,25,6,1,0,1790719200,2026-09-29T22:00:00Z
2026-09-28T15:28:43.487070Z,refresh,18173,1705172,55,7,1,0,1790719200,2026-09-29T22:00:00Z
2026-09-28T15:28:43.487070Z,refresh,18174,1705173,5,1,1,0,1790719200,2026-09-29T22:00:00Z
2026-09-28T15:28:43.487070Z,refresh,18175,1705174,10,2,1,0,1790719200,2026-09-29T22:00:00Z
2026-09-28T15:28:43.487070Z,refresh,18176,1705175,55,6,1,0,1790719200,2026-09-29T22:00:00Z
2026-09-28T15:28:43.487070Z,refresh,18177,1705176,5,1,1,0,1790719200,2026-09-29T22:00:00Z
2026-09-28T15:28:43.487070Z,refresh,18178,1705177,5,1,1,0,1790719200,2026-09-29T22:00:00Z
2026-09-28T15:28:43.487070Z,refresh,18179,1705178,5,0,1,0,1790719200,2026-09-29T22:00:00Z
2026-09-28T15:28:43.487070Z,refresh,18180,1705179,460,14,1,0,1790719200,2026-09-29T22:00:00Z
2026-09-28T15:28:43.487070Z,refresh,18181,1705180,5,0,1,0,1790719200,2026-09-29T22:00:00Z
2026-09-28T15:28:43.487070Z,refresh,18182,1705181,10,2,1,0,1790719200,2026-09-29T22:00:00Z
2026-09-28T15:28:43.487070Z,refresh,18183,1705182,5,0,1,0,1790719200,2026-09-29T22:00:00Z
2026-09-28T15:28:43.487070Z,refresh,18184,1705183,5,0,1,0,1790719200,2026-09-29T22:00:00Z
2026-09-28T15:28:43.487070Z,refresh,18185,1705184,5,0,1,0,1790719200,2026-09-29T22:00:00Z
2026-09-28T15:28:43.487070Z,refresh,18186,1705185,5,1,1,0,1790719200,2026-09-29T22:00:00Z
2026-09-28T15:28:43.487070Z,refresh,18187,1705186,5,1,1,0,1790719200,2026-09-29T22:00:00Z
2026-09-28T15:28:43.487070Z,refresh,18188,1705187,10,2,1,0,1790719200,2026-09-29T22:00:00Z
2026-09-28T15:28:43.487070Z,refresh,18189,1705188,10,2,1,0,1790719200,2026-09-29T22:00:00Z
2026-09-28T15:28:43.487070Z,refresh,18190,1705189,5,1,1,0,1790719200,2026-09-29T22:00:00Z
2026-09-28T15:28:43.487070Z,refresh,18191,1705190,5,0,1,0,1790719200,2026-09-29T22:00:00Z
2026-09-28T15:28:43.487070Z,refresh,18192,1705191,10,2,1,0,1790719200,2026-09-29T22:00:00Z
2026-09-28T15:28:43.487070Z,refresh,18193,1705192,20,4,1,0,1790719200,2026-09-29T22:00:00Z
2026-09-28T15:28:43.487070Z,refresh,18194,1705193,5,0,1,0,1790719200,2026-09-29T22:00:00Z
2026-09-28T15:28:43.487070Z,refresh,18195,1705194,5,0,1,0,1790721000,2026-09-29T22:30:00Z
2026-09-28T15:28:43.487070Z,refresh,18196,1705195,5,1,1,0,1790721000,2026-09-29T22:30:00Z
2026-09-28T15:28:43.487070Z,refresh,18197,1705196,20,4,1,0,1790721000,2026-09-29T22:30:00Z
2026-09-28T15:28:43.487070Z,refresh,18198,1705197,5,1,1,0,1790721000,2026-09-29T22:30:00Z
2026-09-28T15:28:43.487070Z,refresh,18199,1705198,5,1,1,0,1790721000,2026-09-29T22:30:00Z
2026-09-28T15:28:43.487070Z,refresh,18200,1705199,5,0,1,0,1790721000,2026-09-29T22:30:00Z
2026-09-28T15:28:43.487070Z,refresh,18201,1705200,5,1,1,0,1790721000,2026-09-29T22:30:00Z
2026-09-28T15:28:43.487070Z,refresh,18202,1705201,5,1,1,0,1790721000,2026-09-29T22:30:00Z
2026-09-28T15:28:43.487070Z,refresh,18203,1705202,5,1,1,0,1790721000,2026-09-29T22:30:00Z
2026-09-28T15:28:43.487070Z,refresh,18204,1705203,5,1,1,0,1790721000,2026-09-29T22:30:00Z
2026-09-28T15:28:43.487070Z,refresh,18205,1705204,30,4,1,0,1790721000,2026-09-29T22:30:00Z
2026-09-28T15:28:43.487070Z,refresh,18206,1705205,5,0,1,0,1790721000,2026-09-29T22:30:00Z
2026-09-28T15:28:43.487070Z,refresh,18207,1705206,5,1,1,0,1790721000,2026-09-29T22:30:00Z
2026-09-28T15:28:43.487070Z,refresh,18208,1705207,10,2,1,0,1790721000,2026-09-29T22:30:00Z
2026-09-28T15:28:43.487070Z,refresh,18209,1705208,30,3,1,0,1790721000,2026-09-29T22:30:00Z
2026-09-28T15:28:43.487070Z,refresh,18210,1705209,20,4,1,0,1790721000,2026-09-29T22:30:00Z
2026-09-28T15:28:43.487070Z,refresh,18211,1705210,55,7,1,0,1790721000,2026-09-29T22:30:00Z
2026-09-28T15:28:43.487070Z,refresh,18212,1705211,5,0,1,0,1790721000,2026-09-29T22:30:00Z
2026-09-28T15:28:43.487070Z,refresh,18213,1705212,5,1,1,0,1790721000,2026-09-29T22:30:00Z
2026-09-28T15:28:43.487070Z,refresh,18214,1705213,15,3,1,0,1790721000,2026-09-29T22:30:00Z
2026-09-28T15:28:43.487070Z,refresh,18215,1705214,5,1,1,0,1790721000,2026-09-29T22:30:00Z
2026-09-28T15:28:43.487070Z,refresh,18216,1705215,30,5,1,0,1790721000,2026-09-29T22:30:00Z
2026-09-28T15:28:43.487070Z,refresh,18217,1705216,5,1,1,0,1790721000,2026-09-29T22:30:00Z
2026-09-28T15:28:43.487070Z,refresh,18218,1705217,10,2,1,0,1790721000,2026-09-29T22:30:00Z
2026-09-28T15:28:43.487070Z,refresh,18219,1705218,5,1,1,0,1790721000,2026-09-29T22:30:00Z
2026-09-28T15:28:43.487070Z,refresh,18220,1705219,5,1,1,0,1790721000,2026-09-29T22:30:00Z
2026-09-28T15:28:43.487070Z,refresh,18221,1705220,60,12,1,0,1790721000,2026-09-29T22:30:00Z
2026-09-28T15:28:43.487070Z,refresh,18222,1705221,15,3,1,0,1790721000,2026-09-29T22:30:00Z
2026-09-28T15:28:43.487070Z,refresh,18400,1705222,1015,37,1,0,1790721000,2026-09-29T22:30:00Z
2026-09-28T15:28:43.487070Z,refresh,18401,1705223,55,7,1,0,1790721000,2026-09-29T22:30:00Z
2026-09-28T15:28:43.487070Z,refresh,18402,1705224,25,5,1,0,1790721000,2026-09-29T22:30:00Z
2026-09-28T15:28:43.487070Z,refresh,18403,1705225,5,1,1,0,1790721000,2026-09-29T22:30:00Z
2026-09-28T15:28:43.487070Z,refresh,18404,1705226,65,13,1,0,1790721000,2026-09-29T22:30:00Z
2026-09-28T15:28:43.487070Z,refresh,18405,1705227,40,8,1,0,1790721000,2026-09-29T22:30:00Z
2026-09-28T15:28:43.487070Z,refresh,18406,1705228,25,4,1,0,1790721000,2026-09-29T22:30:00Z
2026-09-28T15:28:43.487070Z,refresh,18407,1705229,5,1,1,0,1790721000,2026-09-29T22:30:00Z
2026-09-28T15:28:43.487070Z,refresh,18408,1705230,55,9,1,0,1790721000,2026-09-29T22:30:00Z
2026-09-28T15:28:43.487070Z,refresh,18409,1705231,20,4,1,0,1790721000,2026-09-29T22:30:00Z
2026-09-28T15:28:43.487070Z,refresh,18410,1705232,15,3,1,0,1790721000,2026-09-29T22:30:00Z
2026-09-28T15:28:43.487070Z,refresh,18411,1705233,55,5,1,0,1790721000,2026-09-29T22:30:00Z
2026-09-28T15:28:43.487070Z,refresh,18412,1705234,10,2,1,0,1790721000,2026-09-29T22:30:00Z
2026-09-28T15:28:43.487070Z,refresh,18413,1705235,5,1,1,0,1790721000,2026-09-29T22:30:00Z
2026-09-28T15:28:43.487070Z,refresh,18414,1705236,105,11,1,0,1790721000,2026-09-29T22:30:00Z
2026-09-28T15:28:43.487070Z,refresh,18415,1705237,55,11,1,0,1790721000,2026-09-29T22:30:00Z
2026-09-28T15:28:43.487070Z,refresh,18416,1705238,15,3,1,0,1790721000,2026-09-29T22:30:00Z
2026-09-28T15:28:43.487070Z,refresh,18417,1705239,10,2,1,0,1790721000,2026-09-29T22:30:00Z
2026-09-28T15:28:43.487070Z,refresh,18418,1705240,100,7,1,0,1790721000,2026-09-29T22:30:00Z
2026-09-28T15:28:43.487070Z,refresh,18419,1705241,5,1,1,0,1790721000,2026-09-29T22:30:00Z
2026-09-28T15:28:43.487070Z,refresh,18420,1705242,5,1,1,0,1790721000,2026-09-29T22:30:00Z
2026-09-28T15:28:43.487070Z,refresh,18421,1705243,45,9,1,0,1790721000,2026-09-29T22:30:00Z
2026-09-28T15:28:43.487070Z,refresh,18422,1705244,5,1,1,0,1790721000,2026-09-29T22:30:00Z
2026-09-28T15:28:43.487070Z,refresh,18423,1705245,5,1,1,0,1790721000,2026-09-29T22:30:00Z
2026-09-28T15:28:43.487070Z,refresh,18424,1705246,155,10,1,0,1790721000,2026-09-29T22:30:00Z
2026-09-28T15:28:43.487070Z,refresh,18425,1705247,5,1,1,0,1790721000,2026-09-29T22:30:00Z
2026-09-28T15:28:43.487070Z,refresh,18426,1705248,60,7,1,0,1790721000,2026-09-29T22:30:00Z
2026-09-28T15:28:43.487070Z,refresh,18427,1705249,5,1,1,0,1790721000,2026-09-29T22:30:00Z
2026-09-28T15:28:43.487070Z,refresh,18428,1705250,5,1,1,0,1790721000,2026-09-29T22:30:00Z
2026-09-28T15:28:43.487070Z,refresh,18429,1705251,10,2,1,0,1790721000,2026-09-29T22:30:00Z
2026-09-28T15:28:43.487070Z,refresh,18430,1705252,30,7,1,0,1790721000,2026-09-29T22:30:00Z
2026-09-28T15:28:43.487070Z,refresh,18431,1705253,10,2,1,0,1790721000,2026-09-29T22:30:00Z
2026-09-28T15:28:43.487070Z,refresh,18432,1705254,25,6,1,0,1790721000,2026-09-29T22:30:00Z
2026-09-28T15:28:43.487070Z,refresh,18433,1705255,5,1,1,0,1790721000,2026-09-29T22:30:00Z
2026-09-28T15:28:43.487070Z,refresh,18434,1705256,25,5,1,0,1790721000,2026-09-29T22:30:00Z
2026-09-28T15:28:43.487070Z,refresh,18435,1705257,20,4,1,0,1790721000,2026-09-29T22:30:00Z
2026-09-28T15:28:43.487070Z,refresh,18436,1705258,15,3,1,0,1790721000,2026-09-29T22:30:00Z
2026-09-28T15:28:43.487070Z,refresh,18437,1705259,5,1,1,0,1790721000,2026-09-29T22:30:00Z
2026-09-28T15:28:43.487070Z,refresh,18438,1705260,5,1,1,0,1790721000,2026-09-29T22:30:00Z
2026-09-28T15:28:43.487070Z,refresh,18439,1705261,20,4,1,0,1790721000,2026-09-29T22:30:00Z
2026-09-28T15:28:43.487070Z,refresh,18440,1705262,25,4,1,0,1790721000,2026-09-29T22:30:00Z
2026-09-28T15:28:43.487070Z,refresh,18441,1705263,100,6,1,0,1790721000,2026-09-29T22:30:00Z
2026-09-28T15:28:43.487070Z,refresh,18442,1705264,5,1,1,0,1790721000,2026-09-29T22:30:00Z
2026-09-28T15:28:43.487070Z,refresh,18443,1705265,25,5,1,0,1790721000,2026-09-29T22:30:00Z
2026-09-28T15:28:43.487070Z,refresh,18444,1705266,5,1,1,0,1790721000,2026-09-29T22:30:00Z
2026-09-28T15:28:43.487070Z,refresh,18445,1705267,5,1,1,0,1790721000,2026-09-29T22:30:00Z
2026-09-28T15:28:43.487070Z,refresh,18446,1705268,30,6,1,0,1790721000,2026-09-29T22:30:00Z
2026-09-28T15:28:43.487070Z,refresh,18447,1705269,10,2,1,0,1790721000,2026-09-29T22:30:00Z
2026-09-28T15:28:43.487070Z,refresh,18448,1705270,5,1,1,0,1790721000,2026-09-29T22:30:00Z
2026-09-28T15:28:43.487070Z,refresh,18449,1705271,5,1,1,0,1790721000,2026-09-29T22:30:00Z
2026-09-28T15:28:43.487070Z,refresh,18450,1705272,5,1,1,0,1790721000,2026-09-29T22:30:00Z
2026-09-28T15:28:43.487070Z,refresh,18451,1705273,25,5,1,0,1790721000,2026-09-29T22:30:00Z
2026-09-28T15:28:43.487070Z,refresh,18452,1705274,5,1,1,0,1790721000,2026-09-29T22:30:00Z
2026-09-28T15:28:43.487070Z,refresh,18453,1705275,5,1,1,0,1790721000,2026-09-29T22:30:00Z
2026-09-28T15:28:43.487070Z,refresh,18454,1705276,15,4,1,0,1790721000,2026-09-29T22:30:00Z
2026-09-28T15:28:43.487070Z,refresh,18455,1705277,5,1,1,0,1790721000,2026-09-29T22:30:00Z
2026-09-28T15:28:43.487070Z,refresh,18456,1705278,10,2,1,0,1790721000,2026-09-29T22:30:00Z
2026-09-28T15:28:43.487070Z,refresh,18457,1705279,5,1,1,0,1790721000,2026-09-29T22:30:00Z
2026-09-28T15:28:43.487070Z,refresh,18458,1705280,25,5,1,0,1790721000,2026-09-29T22:30:00Z
2026-09-28T15:28:43.487070Z,refresh,18459,1705281,10,2,1,0,1790721000,2026-09-29T22:30:00Z
2026-09-28T15:28:43.487070Z,refresh,18460,1705282,5,1,1,0,1790721000,2026-09-29T22:30:00Z
2026-09-28T15:28:43.487070Z,refresh,18461,1705283,5,1,1,0,1790721000,2026-09-29T22:30:00Z
2026-09-28T15:28:43.487070Z,refresh,18462,1705284,15,3,1,0,1790721000,2026-09-29T22:30:00Z
2026-09-28T15:28:43.487070Z,refresh,18463,1705285,30,6,1,0,1790721000,2026-09-29T22:30:00Z
2026-09-28T15:28:43.487070Z,refresh,18464,1705286,5,1,1,0,1790721000,2026-09-29T22:30:00Z
2026-09-28T15:28:43.487070Z,refresh,18465,1705287,40,7,1,0,1790721000,2026-09-29T22:30:00Z
2026-09-28T15:28:43.487070Z,refresh,18466,1705288,10,2,1,0,1790721000,2026-09-29T22:30:00Z
2026-09-28T15:28:43.487070Z,refresh,30-1329,1799843,5,1,1,0,1790722800,2026-09-29T23:00:00Z
2026-09-28T15:28:43.487070Z,refresh,30-1330,1799850,5,1,1,0,1790722800,2026-09-29T23:00:00Z
2026-09-28T15:28:43.487070Z,refresh,30-1331,1799864,15,4,1,0,1790722800,2026-09-29T23:00:00Z
2026-09-28T15:28:43.487070Z,refresh,18467,1705289,5,1,1,0,1790722800,2026-09-29T23:00:00Z
2026-09-28T15:28:43.487070Z,refresh,18468,1705290,5,0,1,0,1790722800,2026-09-29T23:00:00Z
2026-09-28T15:28:43.487070Z,refresh,18469,1705291,5,1,1,0,1790722800,2026-09-29T23:00:00Z
2026-09-28T15:28:43.487070Z,refresh,18470,1705292,5,0,1,0,1790722800,2026-09-29T23:00:00Z
2026-09-28T15:28:43.487070Z,refresh,18471,1705293,5,1,1,0,1790722800,2026-09-29T23:00:00Z
2026-09-28T15:28:43.487070Z,refresh,18472,1705294,5,0,1,0,1790722800,2026-09-29T23:00:00Z
2026-09-28T15:28:43.487070Z,refresh,18473,1705295,10,2,1,0,1790722800,2026-09-29T23:00:00Z
2026-09-28T15:28:43.487070Z,refresh,18474,1705296,10,2,1,0,1790722800,2026-09-29T23:00:00Z
2026-09-28T15:28:43.487070Z,refresh,18475,1705297,10,2,1,0,1790722800,2026-09-29T23:00:00Z
2026-09-28T15:28:43.487070Z,refresh,18476,1705298,5,1,1,0,1790722800,2026-09-29T23:00:00Z
2026-09-28T15:28:43.487070Z,refresh,18477,1705299,5,1,1,0,1790722800,2026-09-29T23:00:00Z
2026-09-28T15:28:43.487070Z,refresh,18478,1705300,5,1,1,0,1790722800,2026-09-29T23:00:00Z
2026-09-28T15:28:43.487070Z,refresh,18479,1705301,5,1,1,0,1790722800,2026-09-29T23:00:00Z
2026-09-28T15:28:43.487070Z,refresh,18480,1705302,15,3,1,0,1790722800,2026-09-29T23:00:00Z
2026-09-28T15:28:43.487070Z,refresh,18481,1705303,5,1,1,0,1790722800,2026-09-29T23:00:00Z
2026-09-28T15:28:43.487070Z,refresh,18482,1705304,15,3,1,0,1790722800,2026-09-29T23:00:00Z
2026-09-28T15:28:43.487070Z,refresh,18483,1705305,15,4,1,0,1790722800,2026-09-29T23:00:00Z
2026-09-28T15:28:43.487070Z,refresh,18484,1705306,5,1,1,0,1790722800,2026-09-29T23:00:00Z
2026-09-28T15:28:43.487070Z,refresh,18485,1705307,5,1,1,0,1790722800,2026-09-29T23:00:00Z
2026-09-28T15:28:43.487070Z,refresh,18486,1705308,5,1,1,0,1790722800,2026-09-29T23:00:00Z
2026-09-28T15:28:43.487070Z,refresh,18487,1705309,25,4,1,0,1790722800,2026-09-29T23:00:00Z
2026-09-28T15:28:43.487070Z,refresh,18488,1705310,5,1,1,0,1790722800,2026-09-29T23:00:00Z
2026-09-28T15:28:43.487070Z,refresh,18489,1705311,10,2,1,0,1790722800,2026-09-29T23:00:00Z
2026-09-28T15:28:43.487070Z,refresh,18490,1705312,10,2,1,0,1790722800,2026-09-29T23:00:00Z
2026-09-28T15:28:43.487070Z,refresh,18491,1705313,30,6,1,0,1790722800,2026-09-29T23:00:00Z
2026-09-28T15:28:43.487070Z,refresh,18492,1705314,5,1,1,0,1790722800,2026-09-29T23:00:00Z
2026-09-28T15:28:43.487070Z,refresh,18493,1705315,5,1,1,0,1790722800,2026-09-29T23:00:00Z
2026-09-28T15:28:43.487070Z,refresh,18494,1705316,10,2,1,0,1790722800,2026-09-29T23:00:00Z
2026-09-28T15:28:43.487070Z,refresh,18495,1705317,5,1,1,0,1790722800,2026-09-29T23:00:00Z
2026-09-28T15:28:43.487070Z,refresh,18496,1705318,30,6,1,0,1790722800,2026-09-29T23:00:00Z
2026-09-28T15:28:43.487070Z,refresh,18497,1705319,5,1,1,0,1790722800,2026-09-29T23:00:00Z
2026-09-28T15:28:43.487070Z,refresh,18498,1705320,10,2,1,0,1790722800,2026-09-29T23:00:00Z
2026-09-28T15:28:43.487070Z,refresh,18499,1705321,10,2,1,0,1790722800,2026-09-29T23:00:00Z
2026-09-28T15:28:43.487070Z,refresh,18500,1705322,10,2,1,0,1790722800,2026-09-29T23:00:00Z
2026-09-28T15:28:43.487070Z,refresh,18501,1705323,5,0,1,0,1790722800,2026-09-29T23:00:00Z
2026-09-28T15:28:43.487070Z,refresh,18502,1705324,5,1,1,0,1790722800,2026-09-29T23:00:00Z
2026-09-28T15:28:43.487070Z,refresh,18503,1705325,15,3,1,0,1790722800,2026-09-29T23:00:00Z
2026-09-28T15:28:43.487070Z,refresh,18504,1705326,5,1,1,0,1790722800,2026-09-29T23:00:00Z
2026-09-28T15:28:43.487070Z,refresh,18505,1705327,15,3,1,0,1790722800,2026-09-29T23:00:00Z
2026-09-28T15:28:43.487070Z,refresh,18506,1705328,5,1,1,0,1790722800,2026-09-29T23:00:00Z
2026-09-28T15:28:43.487070Z,refresh,18507,1705329,10,2,1,0,1790722800,2026-09-29T23:00:00Z
2026-09-28T15:28:43.487070Z,refresh,18508,1705330,5,1,1,0,1790722800,2026-09-29T23:00:00Z
2026-09-28T15:28:43.487070Z,refresh,18509,1705331,5,1,1,0,1790722800,2026-09-29T23:00:00Z
2026-09-28T15:28:43.487070Z,refresh,18510,1705332,5,1,1,0,1790722800,2026-09-29T23:00:00Z
2026-09-28T15:28:43.487070Z,refresh,18511,1705333,10,2,1,0,1790722800,2026-09-29T23:00:00Z
2026-09-28T15:28:43.487070Z,refresh,18512,1705334,30,7,1,0,1790722800,2026-09-29T23:00:00Z
2026-09-28T15:28:43.487070Z,refresh,18513,1705335,5,1,1,0,1790722800,2026-09-29T23:00:00Z
2026-09-28T15:28:43.487070Z,refresh,18514,1705336,35,8,1,0,1790722800,2026-09-29T23:00:00Z
2026-09-28T15:28:43.487070Z,refresh,18515,1705337,10,2,1,0,1790722800,2026-09-29T23:00:00Z
2026-09-28T15:28:43.487070Z,refresh,18516,1705338,5,0,1,0,1790722800,2026-09-29T23:00:00Z
2026-09-28T15:28:43.487070Z,refresh,18517,1705339,20,3,1,0,1790722800,2026-09-29T23:00:00Z
2026-09-28T15:28:43.487070Z,refresh,18518,1705340,5,0,1,0,1790722800,2026-09-29T23:00:00Z
2026-09-28T15:28:43.487070Z,refresh,18519,1705341,80,5,1,0,1790722800,2026-09-29T23:00:00Z
2026-09-28T15:28:43.487070Z,refresh,18520,1705342,25,6,1,0,1790722800,2026-09-29T23:00:00Z
2026-09-28T15:28:43.487070Z,refresh,18521,1705343,5,1,1,0,1790722800,2026-09-29T23:00:00Z
2026-09-28T15:28:43.487070Z,refresh,18522,1705344,10,2,1,0,1790722800,2026-09-29T23:00:00Z
2026-09-28T15:28:43.487070Z,refresh,18523,1705345,5,1,1,0,1790722800,2026-09-29T23:00:00Z
2026-09-28T15:28:43.487070Z,refresh,18524,1705346,50,5,1,0,1790722800,2026-09-29T23:00:00Z
2026-09-28T15:28:43.487070Z,refresh,18525,1705347,10,2,1,0,1790722800,2026-09-29T23:00:00Z
2026-09-28T15:28:43.487070Z,refresh,18526,1705348,5,1,1,0,1790722800,2026-09-29T23:00:00Z
2026-09-28T15:28:43.487070Z,refresh,18527,1705349,10,2,1,0,1790722800,2026-09-29T23:00:00Z
2026-09-28T15:28:43.487070Z,refresh,18528,1705350,20,5,1,0,1790722800,2026-09-29T23:00:00Z
2026-09-28T15:28:43.487070Z,refresh,18529,1705351,10,2,1,0,1790722800,2026-09-29T23:00:00Z
2026-09-28T15:28:43.487070Z,refresh,18530,1705352,5,1,1,0,1790722800,2026-09-29T23:00:00Z
2026-09-28T15:28:43.487070Z,refresh,18531,1705353,5,0,1,0,1790722800,2026-09-29T23:00:00Z
2026-09-28T15:28:43.487070Z,refresh,18532,1705354,20,4,1,0,1790722800,2026-09-29T23:00:00Z
2026-09-28T15:28:43.487070Z,refresh,18533,1705355,20,4,1,0,1790722800,2026-09-29T23:00:00Z
2026-09-28T15:28:43.487070Z,refresh,18534,1705356,10,2,1,0,1790722800,2026-09-29T23:00:00Z
2026-09-28T15:28:43.487070Z,refresh,18535,1705357,20,4,1,0,1790722800,2026-09-29T23:00:00Z
2026-09-28T15:28:43.487070Z,refresh,18536,1705358,5,0,1,0,1790722800,2026-09-29T23:00:00Z
2026-09-28T15:28:43.487070Z,refresh,18537,1705359,5,1,1,0,1790722800,2026-09-29T23:00:00Z
2026-09-28T15:28:43.487070Z,refresh,18538,1705360,5,0,1,0,1790722800,2026-09-29T23:00:00Z
2026-09-28T15:28:43.487070Z,refresh,18539,1705361,5,0,1,0,1790722800,2026-09-29T23:00:00Z
2026-09-28T15:28:43.487070Z,refresh,18540,1705362,5,0,1,0,1790722800,2026-09-29T23:00:00Z
2026-09-28T15:28:43.487070Z,refresh,18541,1705363,245,36,1,0,1790722800,2026-09-29T23:00:00Z
2026-09-28T15:28:43.487070Z,refresh,18542,1705364,5,0,1,0,1790722800,2026-09-29T23:00:00Z
2026-09-28T15:28:43.487070Z,refresh,18543,1705365,55,4,1,0,1790722800,2026-09-29T23:00:00Z
2026-09-28T15:28:43.487070Z,refresh,18544,1705366,10,2,1,0,1790722800,2026-09-29T23:00:00Z
2026-09-28T15:28:43.487070Z,refresh,18545,1705367,35,4,1,0,1790722800,2026-09-29T23:00:00Z
2026-09-28T15:28:43.487070Z,refresh,18546,1705368,5,0,1,0,1790722800,2026-09-29T23:00:00Z
2026-09-28T15:28:43.487070Z,refresh,18547,1705369,5,1,1,0,1790722800,2026-09-29T23:00:00Z
2026-09-28T15:28:43.487070Z,refresh,18548,1705370,5,1,1,0,1790722800,2026-09-29T23:00:00Z
2026-09-28T15:28:43.487070Z,refresh,18549,1705371,5,0,1,0,1790722800,2026-09-29T23:00:00Z
2026-09-28T15:28:43.487070Z,refresh,18550,1705372,55,3,1,0,1790722800,2026-09-29T23:00:00Z
2026-09-28T15:28:43.487070Z,refresh,18551,1705373,30,3,1,0,1790722800,2026-09-29T23:00:00Z
2026-09-28T15:28:43.487070Z,refresh,18552,1705374,5,0,1,0,1790722800,2026-09-29T23:00:00Z
2026-09-28T15:28:43.487070Z,refresh,18553,1705375,5,0,1,0,1790722800,2026-09-29T23:00:00Z
2026-09-28T15:28:43.487070Z,refresh,18554,1705376,10,2,1,0,1790722800,2026-09-29T23:00:00Z
2026-09-28T15:28:43.487070Z,refresh,18555,1705377,40,8,1,0,1790722800,2026-09-29T23:00:00Z
2026-09-28T15:28:43.487070Z,refresh,18556,1705378,5,1,1,0,1790722800,2026-09-29T23:00:00Z
2026-09-28T15:28:43.487070Z,refresh,18557,1705379,5,1,1,0,1790722800,2026-09-29T23:00:00Z
2026-09-28T15:28:43.487070Z,refresh,18558,1705380,5,1,1,0,1790722800,2026-09-29T23:00:00Z
2026-09-28T15:28:43.487070Z,refresh,18559,1705381,5,1,1,0,1790722800,2026-09-29T23:00:00Z
2026-09-28T15:28:43.487070Z,refresh,18560,1705382,30,4,1,0,1790722800,2026-09-29T23:00:00Z
2026-09-28T15:28:43.487070Z,refresh,18561,1705383,5,1,1,0,1790722800,2026-09-29T23:00:00Z
2026-09-28T15:28:43.487070Z,refresh,30-1333,1799925,5,1,1,0,1790724600,2026-09-29T23:30:00Z
2026-09-28T15:28:43.487070Z,refresh,18223,1705434,5,1,1,0,1790724600,2026-09-29T23:30:00Z
2026-09-28T15:28:43.487070Z,refresh,18224,1705435,5,0,1,0,1790724600,2026-09-29T23:30:00Z
2026-09-28T15:28:43.487070Z,refresh,18225,1705436,5,0,1,0,1790724600,2026-09-29T23:30:00Z
2026-09-28T15:28:43.487070Z,refresh,18226,1705437,5,1,1,0,1790724600,2026-09-29T23:30:00Z
2026-09-28T15:28:43.487070Z,refresh,18250,1705438,115,15,1,0,1790724600,2026-09-29T23:30:00Z
2026-09-28T15:28:43.487070Z,refresh,18251,1705439,5,1,1,0,1790724600,2026-09-29T23:30:00Z
2026-09-28T15:28:43.487070Z,refresh,18252,1705440,5,1,1,0,1790724600,2026-09-29T23:30:00Z
2026-09-28T15:28:43.487070Z,refresh,18253,1705441,5,1,1,0,1790724600,2026-09-29T23:30:00Z
2026-09-28T15:28:43.487070Z,refresh,18254,1705442,5,0,1,0,1790724600,2026-09-29T23:30:00Z
2026-09-28T15:28:43.487070Z,refresh,18255,1705443,5,0,1,0,1790724600,2026-09-29T23:30:00Z
2026-09-28T15:28:43.487070Z,refresh,18256,1705444,5,0,1,0,1790724600,2026-09-29T23:30:00Z
2026-09-28T15:28:43.487070Z,refresh,18257,1705445,10,2,1,0,1790724600,2026-09-29T23:30:00Z
2026-09-28T15:28:43.487070Z,refresh,18258,1705446,5,1,1,0,1790724600,2026-09-29T23:30:00Z
2026-09-28T15:28:43.487070Z,refresh,18259,1705447,10,2,1,0,1790724600,2026-09-29T23:30:00Z
2026-09-28T15:28:43.487070Z,refresh,18260,1705448,50,5,1,0,1790724600,2026-09-29T23:30:00Z
2026-09-28T15:28:43.487070Z,refresh,18261,1705449,5,1,1,0,1790724600,2026-09-29T23:30:00Z
2026-09-28T15:28:43.487070Z,refresh,18262,1705450,5,1,1,0,1790724600,2026-09-29T23:30:00Z
2026-09-28T15:28:43.487070Z,refresh,18263,1705451,5,0,1,0,1790724600,2026-09-29T23:30:00Z
2026-09-28T15:28:43.487070Z,refresh,18264,1705452,5,1,1,0,1790724600,2026-09-29T23:30:00Z
2026-09-28T15:28:43.487070Z,refresh,18265,1705453,5,1,1,0,1790724600,2026-09-29T23:30:00Z
2026-09-28T15:28:43.487070Z,refresh,18266,1705454,10,2,1,0,1790724600,2026-09-29T23:30:00Z
2026-09-28T15:28:43.487070Z,refresh,18267,1705455,5,1,1,0,1790724600,2026-09-29T23:30:00Z
2026-09-28T15:28:43.487070Z,refresh,18268,1705456,5,0,1,0,1790724600,2026-09-29T23:30:00Z
2026-09-28T15:28:43.487070Z,refresh,18269,1705457,10,2,1,0,1790724600,2026-09-29T23:30:00Z
2026-09-28T15:28:43.487070Z,refresh,18270,1705458,5,0,1,0,1790724600,2026-09-29T23:30:00Z
2026-09-28T15:28:43.487070Z,refresh,18271,1705459,10,2,1,0,1790724600,2026-09-29T23:30:00Z
2026-09-28T15:28:43.487070Z,refresh,18272,1705460,5,1,1,0,1790724600,2026-09-29T23:30:00Z
2026-09-28T15:28:43.487070Z,refresh,18273,1705461,5,1,1,0,1790724600,2026-09-29T23:30:00Z
2026-09-28T15:28:43.487070Z,refresh,18274,1705462,5,0,1,0,1790724600,2026-09-29T23:30:00Z
2026-09-28T15:28:43.487070Z,refresh,18275,1705463,5,1,1,0,1790724600,2026-09-29T23:30:00Z
2026-09-28T15:28:43.487070Z,refresh,18276,1705464,5,1,1,0,1790724600,2026-09-29T23:30:00Z
2026-09-28T15:28:43.487070Z,refresh,18277,1705465,5,0,1,0,1790724600,2026-09-29T23:30:00Z
2026-09-28T15:28:43.487070Z,refresh,18278,1705466,5,0,1,0,1790724600,2026-09-29T23:30:00Z
2026-09-28T15:28:43.487070Z,refresh,18279,1705467,5,0,1,0,1790724600,2026-09-29T23:30:00Z
2026-09-28T15:28:43.487070Z,refresh,18280,1705468,5,1,1,0,1790724600,2026-09-29T23:30:00Z
2026-09-28T15:28:43.487070Z,refresh,18281,1705469,5,0,1,0,1790724600,2026-09-29T23:30:00Z
2026-09-28T15:28:43.487070Z,refresh,18282,1705470,170,16,1,0,1790724600,2026-09-29T23:30:00Z
2026-09-28T15:28:43.487070Z,refresh,18283,1705471,5,1,1,0,1790724600,2026-09-29T23:30:00Z
2026-09-28T15:28:43.487070Z,refresh,18284,1705472,5,0,1,0,1790724600,2026-09-29T23:30:00Z
2026-09-28T15:28:43.487070Z,refresh,18285,1705473,5,0,1,0,1790724600,2026-09-29T23:30:00Z
2026-09-28T15:28:43.487070Z,refresh,18286,1705474,5,0,1,0,1790724600,2026-09-29T23:30:00Z
2026-09-28T15:28:43.487070Z,refresh,18287,1705475,5,0,1,0,1790724600,2026-09-29T23:30:00Z
2026-09-28T15:28:43.487070Z,refresh,18288,1705476,5,0,1,0,1790724600,2026-09-29T23:30:00Z
2026-09-28T15:28:43.487070Z,refresh,18289,1705477,10,2,1,0,1790724600,2026-09-29T23:30:00Z
2026-09-28T15:28:43.487070Z,refresh,18290,1705478,20,4,1,0,1790724600,2026-09-29T23:30:00Z
2026-09-28T15:28:43.487070Z,refresh,18562,1705384,5,1,1,0,1790724600,2026-09-29T23:30:00Z
2026-09-28T15:28:43.487070Z,refresh,18563,1705385,5,0,1,0,1790724600,2026-09-29T23:30:00Z
2026-09-28T15:28:43.487070Z,refresh,18564,1705386,15,3,1,0,1790724600,2026-09-29T23:30:00Z
2026-09-28T15:28:43.487070Z,refresh,18565,1705387,15,3,1,0,1790724600,2026-09-29T23:30:00Z
2026-09-28T15:28:43.487070Z,refresh,18566,1705388,10,2,1,0,1790724600,2026-09-29T23:30:00Z
2026-09-28T15:28:43.487070Z,refresh,18567,1705389,5,1,1,0,1790724600,2026-09-29T23:30:00Z
2026-09-28T15:28:43.487070Z,refresh,18568,1705390,5,1,1,0,1790724600,2026-09-29T23:30:00Z
2026-09-28T15:28:43.487070Z,refresh,18569,1705391,5,1,1,0,1790724600,2026-09-29T23:30:00Z
2026-09-28T15:28:43.487070Z,refresh,18570,1705392,5,1,1,0,1790724600,2026-09-29T23:30:00Z
2026-09-28T15:28:43.487070Z,refresh,18571,1705393,5,1,1,0,1790724600,2026-09-29T23:30:00Z
2026-09-28T15:28:43.487070Z,refresh,18572,1705394,55,4,1,0,1790724600,2026-09-29T23:30:00Z
2026-09-28T15:28:43.487070Z,refresh,18573,1705395,10,2,1,0,1790724600,2026-09-29T23:30:00Z
2026-09-28T15:28:43.487070Z,refresh,18574,1705396,5,1,1,0,1790724600,2026-09-29T23:30:00Z
2026-09-28T15:28:43.487070Z,refresh,18575,1705397,5,1,1,0,1790724600,2026-09-29T23:30:00Z
2026-09-28T15:28:43.487070Z,refresh,18576,1705398,35,6,1,0,1790724600,2026-09-29T23:30:00Z
2026-09-28T15:28:43.487070Z,refresh,18577,1705399,5,0,1,0,1790724600,2026-09-29T23:30:00Z
2026-09-28T15:28:43.487070Z,refresh,18578,1705400,5,0,1,0,1790724600,2026-09-29T23:30:00Z
2026-09-28T15:28:43.487070Z,refresh,18579,1705401,10,2,1,0,1790724600,2026-09-29T23:30:00Z
2026-09-28T15:28:43.487070Z,refresh,18580,1705402,305,6,1,0,1790724600,2026-09-29T23:30:00Z
2026-09-28T15:28:43.487070Z,refresh,18581,1705403,10,2,1,0,1790724600,2026-09-29T23:30:00Z
2026-09-28T15:28:43.487070Z,refresh,18582,1705404,5,0,1,0,1790724600,2026-09-29T23:30:00Z
2026-09-28T15:28:43.487070Z,refresh,18583,1705405,5,0,1,0,1790724600,2026-09-29T23:30:00Z
2026-09-28T15:28:43.487070Z,refresh,18584,1705406,5,1,1,0,1790724600,2026-09-29T23:30:00Z
2026-09-28T15:28:43.487070Z,refresh,18585,1705407,5,1,1,0,1790724600,2026-09-29T23:30:00Z
2026-09-28T15:28:43.487070Z,refresh,18586,1705408,5,1,1,0,1790724600,2026-09-29T23:30:00Z
2026-09-28T15:28:43.487070Z,refresh,18587,1705409,55,5,1,0,1790724600,2026-09-29T23:30:00Z
2026-09-28T15:28:43.487070Z,refresh,18588,1705410,10,2,1,0,1790724600,2026-09-29T23:30:00Z
2026-09-28T15:28:43.487070Z,refresh,18589,1705411,5,1,1,0,1790724600,2026-09-29T23:30:00Z
2026-09-28T15:28:43.487070Z,refresh,18590,1705412,5,1,1,0,1790724600,2026-09-29T23:30:00Z
2026-09-28T15:28:43.487070Z,refresh,18591,1705413,5,0,1,0,1790724600,2026-09-29T23:30:00Z
2026-09-28T15:28:43.487070Z,refresh,18592,1705414,5,0,1,0,1790724600,2026-09-29T23:30:00Z
2026-09-28T15:28:43.487070Z,refresh,18593,1705415,5,1,1,0,1790724600,2026-09-29T23:30:00Z
2026-09-28T15:28:43.487070Z,refresh,18594,1705416,5,1,1,0,1790724600,2026-09-29T23:30:00Z
2026-09-28T15:28:43.487070Z,refresh,18595,1705417,5,1,1,0,1790724600,2026-09-29T23:30:00Z
2026-09-28T15:28:43.487070Z,refresh,18596,1705418,5,0,1,0,1790724600,2026-09-29T23:30:00Z
2026-09-28T15:28:43.487070Z,refresh,18597,1705419,70,9,1,0,1790724600,2026-09-29T23:30:00Z
2026-09-28T15:28:43.487070Z,refresh,18598,1705420,5,1,1,0,1790724600,2026-09-29T23:30:00Z
2026-09-28T15:28:43.487070Z,refresh,18599,1705421,10,2,1,0,1790724600,2026-09-29T23:30:00Z
2026-09-28T15:28:43.487070Z,refresh,18600,1705422,5,1,1,0,1790724600,2026-09-29T23:30:00Z
2026-09-28T15:28:43.487070Z,refresh,18601,1705423,30,3,1,0,1790724600,2026-09-29T23:30:00Z
2026-09-28T15:28:43.487070Z,refresh,18602,1705424,5,0,1,0,1790724600,2026-09-29T23:30:00Z
2026-09-28T15:28:43.487070Z,refresh,18603,1705425,5,1,1,0,1790724600,2026-09-29T23:30:00Z
2026-09-28T15:28:43.487070Z,refresh,18604,1705426,10,2,1,0,1790724600,2026-09-29T23:30:00Z
2026-09-28T15:28:43.487070Z,refresh,18605,1705427,20,3,1,0,1790724600,2026-09-29T23:30:00Z
2026-09-28T15:28:43.487070Z,refresh,18606,1705428,10,2,1,0,1790724600,2026-09-29T23:30:00Z
2026-09-28T15:28:43.487070Z,refresh,18607,1705429,5,0,1,0,1790724600,2026-09-29T23:30:00Z
2026-09-28T15:28:43.487070Z,refresh,18608,1705430,5,0,1,0,1790724600,2026-09-29T23:30:00Z
2026-09-28T15:28:43.487070Z,refresh,18609,1705431,10,2,1,0,1790724600,2026-09-29T23:30:00Z
2026-09-28T15:28:43.487070Z,refresh,18610,1705432,5,1,1,0,1790724600,2026-09-29T23:30:00Z
2026-09-28T15:28:43.487070Z,refresh,18611,1705433,5,0,1,0,1790724600,2026-09-29T23:30:00Z
2026-09-28T15:28:43.487070Z,refresh,18612,1723322,55,2,1,0,1790724600,2026-09-29T23:30:00Z
2026-09-28T15:28:43.487070Z,refresh,18291,1705479,5,1,1,0,1790726400,2026-09-30T00:00:00Z
2026-09-28T15:28:43.487070Z,refresh,18292,1705480,5,0,1,0,1790726400,2026-09-30T00:00:00Z
2026-09-28T15:28:43.487070Z,refresh,18293,1705481,35,7,1,0,1790726400,2026-09-30T00:00:00Z
2026-09-28T15:28:43.487070Z,refresh,18294,1705482,5,1,1,0,1790726400,2026-09-30T00:00:00Z
2026-09-28T15:28:43.487070Z,refresh,18295,1705483,105,6,1,0,1790726400,2026-09-30T00:00:00Z
2026-09-28T15:28:43.487070Z,refresh,18296,1705484,5,1,1,0,1790726400,2026-09-30T00:00:00Z
2026-09-28T15:28:43.487070Z,refresh,18297,1705485,5,1,1,0,1790726400,2026-09-30T00:00:00Z
2026-09-28T15:28:43.487070Z,refresh,18298,1705486,5,0,1,0,1790726400,2026-09-30T00:00:00Z
2026-09-28T15:28:43.487070Z,refresh,18299,1705487,5,1,1,0,1790726400,2026-09-30T00:00:00Z
2026-09-28T15:28:43.487070Z,refresh,18300,1705488,5,0,1,0,1790726400,2026-09-30T00:00:00Z
2026-09-28T15:28:43.487070Z,refresh,18301,1705489,5,1,1,0,1790726400,2026-09-30T00:00:00Z
2026-09-28T15:28:43.487070Z,refresh,18302,1705490,10,2,1,0,1790726400,2026-09-30T00:00:00Z
2026-09-28T15:28:43.487070Z,refresh,18303,1705491,5,0,1,0,1790726400,2026-09-30T00:00:00Z
2026-09-28T15:28:43.487070Z,refresh,18304,1705492,10,2,1,0,1790726400,2026-09-30T00:00:00Z
2026-09-28T15:28:43.487070Z,refresh,18305,1705493,5,1,1,0,1790726400,2026-09-30T00:00:00Z
2026-09-28T15:28:43.487070Z,refresh,18306,1705494,5,1,1,0,1790726400,2026-09-30T00:00:00Z
2026-09-28T15:28:43.487070Z,refresh,18307,1705495,5,1,1,0,1790726400,2026-09-30T00:00:00Z
2026-09-28T15:28:43.487070Z,refresh,18308,1705496,5,1,1,0,1790726400,2026-09-30T00:00:00Z
2026-09-28T15:28:43.487070Z,refresh,18309,1705497,10,2,1,0,1790726400,2026-09-30T00:00:00Z
2026-09-28T15:28:43.487070Z,refresh,18310,1705498,15,3,1,0,1790726400,2026-09-30T00:00:00Z
2026-09-28T15:28:43.487070Z,refresh,18311,1705499,10,2,1,0,1790726400,2026-09-30T00:00:00Z
2026-09-28T15:28:43.487070Z,refresh,18312,1705500,1605,21,1,0,1790726400,2026-09-30T00:00:00Z
2026-09-28T15:28:43.487070Z,refresh,18313,1705501,10,2,1,0,1790726400,2026-09-30T00:00:00Z
2026-09-28T15:28:43.487070Z,refresh,18314,1705502,5,1,1,0,1790726400,2026-09-30T00:00:00Z
2026-09-28T15:28:43.487070Z,refresh,18315,1705503,30,3,1,0,1790726400,2026-09-30T00:00:00Z
2026-09-28T15:28:43.487070Z,refresh,18316,1705504,5,1,1,0,1790726400,2026-09-30T00:00:00Z
2026-09-28T15:28:43.487070Z,refresh,18317,1705505,5,0,1,0,1790726400,2026-09-30T00:00:00Z
2026-09-28T15:28:43.487070Z,refresh,18318,1705506,5,1,1,0,1790726400,2026-09-30T00:00:00Z
2026-09-28T15:28:43.487070Z,refresh,18319,1705507,5,1,1,0,1790726400,2026-09-30T00:00:00Z
2026-09-28T15:28:43.487070Z,refresh,18320,1705508,5,1,1,0,1790726400,2026-09-30T00:00:00Z
2026-09-28T15:28:43.487070Z,refresh,18321,1705509,5,1,1,0,1790726400,2026-09-30T00:00:00Z
2026-09-28T15:28:43.487070Z,refresh,18322,1705510,5,1,1,0,1790726400,2026-09-30T00:00:00Z
2026-09-28T15:28:43.487070Z,refresh,18323,1705511,15,3,1,0,1790726400,2026-09-30T00:00:00Z
2026-09-28T15:28:43.487070Z,refresh,18324,1705512,5,1,1,0,1790726400,2026-09-30T00:00:00Z
2026-09-28T15:28:43.487070Z,refresh,18325,1705513,50,9,1,0,1790726400,2026-09-30T00:00:00Z
2026-09-28T15:28:43.487070Z,refresh,18326,1705514,10,2,1,0,1790726400,2026-09-30T00:00:00Z
2026-09-28T15:28:43.487070Z,refresh,18327,1705515,15,3,1,0,1790726400,2026-09-30T00:00:00Z
2026-09-28T15:28:43.487070Z,refresh,18328,1705516,505,6,1,0,1790726400,2026-09-30T00:00:00Z
2026-09-28T15:28:43.487070Z,refresh,18329,1705517,1600,23,1,0,1790726400,2026-09-30T00:00:00Z
2026-09-28T15:28:43.487070Z,refresh,18330,1705518,5,1,1,0,1790726400,2026-09-30T00:00:00Z
2026-09-28T15:28:43.487070Z,refresh,18331,1705519,5,1,1,0,1790726400,2026-09-30T00:00:00Z
2026-09-28T15:28:43.487070Z,refresh,18332,1705520,5,1,1,0,1790726400,2026-09-30T00:00:00Z
2026-09-28T15:28:43.487070Z,refresh,18333,1705521,5,1,1,0,1790726400,2026-09-30T00:00:00Z
2026-09-28T15:28:43.487070Z,refresh,18334,1705522,115,24,1,0,1790726400,2026-09-30T00:00:00Z
2026-09-28T15:28:43.487070Z,refresh,18335,1705523,10,2,1,0,1790726400,2026-09-30T00:00:00Z
2026-09-28T15:28:43.487070Z,refresh,18336,1705524,5,1,1,0,1790726400,2026-09-30T00:00:00Z
2026-09-28T15:28:43.487070Z,refresh,18337,1705525,5,1,1,0,1790726400,2026-09-30T00:00:00Z
2026-09-28T15:28:43.487070Z,refresh,18338,1705526,5,1,1,0,1790726400,2026-09-30T00:00:00Z
2026-09-28T15:28:43.487070Z,refresh,18339,1705527,10,2,1,0,1790726400,2026-09-30T00:00:00Z
2026-09-28T15:28:43.487070Z,refresh,18340,1705528,5,1,1,0,1790726400,2026-09-30T00:00:00Z
2026-09-28T15:28:43.487070Z,refresh,18341,1705529,5,1,1,0,1790726400,2026-09-30T00:00:00Z
2026-09-28T15:28:43.487070Z,refresh,18342,1705530,205,36,1,0,1790726400,2026-09-30T00:00:00Z
2026-09-28T15:28:43.487070Z,refresh,18343,1705531,5,1,1,0,1790726400,2026-09-30T00:00:00Z
2026-09-28T15:28:43.487070Z,refresh,18344,1705532,56,4,1,0,1790726400,2026-09-30T00:00:00Z
2026-09-28T15:28:43.487070Z,refresh,18345,1705533,10,2,1,0,1790726400,2026-09-30T00:00:00Z
2026-09-28T15:28:43.487070Z,refresh,18346,1705534,10,2,1,0,1790726400,2026-09-30T00:00:00Z
2026-09-28T15:28:43.487070Z,refresh,18347,1705535,5,1,1,0,1790726400,2026-09-30T00:00:00Z
2026-09-28T15:28:43.487070Z,refresh,18348,1705536,205,6,1,0,1790726400,2026-09-30T00:00:00Z
2026-09-28T15:28:43.487070Z,refresh,18349,1705537,5,1,1,0,1790726400,2026-09-30T00:00:00Z
2026-09-28T15:28:43.487070Z,refresh,18350,1705538,5,1,1,0,1790726400,2026-09-30T00:00:00Z
2026-09-28T15:28:43.487070Z,refresh,18351,1705539,5,1,1,0,1790726400,2026-09-30T00:00:00Z
2026-09-28T15:28:43.487070Z,refresh,18352,1705540,5,1,1,0,1790726400,2026-09-30T00:00:00Z
2026-09-28T15:28:43.487070Z,refresh,18353,1705541,5,1,1,0,1790726400,2026-09-30T00:00:00Z
2026-09-28T15:28:43.487070Z,refresh,18354,1705542,105,4,1,0,1790726400,2026-09-30T00:00:00Z
2026-09-28T15:28:43.487070Z,refresh,18355,1705543,775,12,1,0,1790726400,2026-09-30T00:00:00Z
2026-09-28T15:28:43.487070Z,refresh,18356,1705544,410,8,1,0,1790726400,2026-09-30T00:00:00Z
2026-09-28T15:28:43.487070Z,refresh,18357,1705545,725,25,1,0,1790726400,2026-09-30T00:00:00Z
2026-09-28T15:28:43.487070Z,refresh,18358,1705546,2150,27,1,0,1790726400,2026-09-30T00:00:00Z
2026-09-28T15:28:43.487070Z,refresh,18359,1705547,105,2,1,0,1790726400,2026-09-30T00:00:00Z
2026-09-28T15:28:43.487070Z,refresh,18360,1705548,1500,71,1,0,1790726400,2026-09-30T00:00:00Z
2026-09-28T15:28:43.487070Z,refresh,18361,1705549,2825,63,1,0,1790726400,2026-09-30T00:00:00Z
2026-09-28T15:28:43.487070Z,refresh,18362,1705550,505,3,1,0,1790726400,2026-09-30T00:00:00Z
2026-09-28T15:28:43.487070Z,refresh,18364,1705551,2350,11,1,0,1790726400,2026-09-30T00:00:00Z
2026-09-28T15:28:43.487070Z,refresh,18365,1705552,7550,18,1,0,1790726400,2026-09-30T00:00:00Z
2026-09-28T15:28:43.487070Z,refresh,18366,1705553,760,4,1,0,1790726400,2026-09-30T00:00:00Z
2026-09-28T15:28:43.487070Z,refresh,18367,1705554,1550,12,1,0,1790726400,2026-09-30T00:00:00Z
2026-09-28T15:28:43.487070Z,refresh,18368,1705555,345,9,1,0,1790726400,2026-09-30T00:00:00Z
2026-09-28T15:28:43.487070Z,refresh,18369,1705556,255,8,1,0,1790726400,2026-09-30T00:00:00Z
2026-09-28T15:28:43.487070Z,refresh,18370,1705557,1175,10,1,0,1790726400,2026-09-30T00:00:00Z
2026-09-28T15:28:43.487070Z,refresh,18371,1705558,1136,11,1,0,1790726400,2026-09-30T00:00:00Z
2026-09-28T15:28:43.487070Z,refresh,18372,1705559,8305,5,1,0,1790726400,2026-09-30T00:00:00Z
2026-09-28T15:28:43.487070Z,refresh,18373,1705560,4050,33,1,0,1790726400,2026-09-30T00:00:00Z
2026-09-28T15:28:43.487070Z,refresh,18374,1705561,1349,12,1,0,1790726400,2026-09-30T00:00:00Z
2026-09-28T15:28:43.487070Z,refresh,18375,1705562,530,5,1,0,1790726400,2026-09-30T00:00:00Z
2026-09-28T15:28:43.487070Z,refresh,18376,1705563,305,4,1,0,1790726400,2026-09-30T00:00:00Z
2026-09-28T15:28:43.487070Z,refresh,18377,1705564,105,2,1,0,1790726400,2026-09-30T00:00:00Z
2026-09-28T15:28:43.487070Z,refresh,18378,1705565,210,5,1,0,1790726400,2026-09-30T00:00:00Z
2026-09-28T15:28:43.487070Z,refresh,18379,1705566,105,2,1,0,1790726400,2026-09-30T00:00:00Z
2026-09-28T15:28:43.487070Z,refresh,18380,1705567,40250,22,1,0,1790726400,2026-09-30T00:00:00Z
2026-09-28T15:28:43.487070Z,refresh,18381,1705568,8200,53,1,0,1790726400,2026-09-30T00:00:00Z
2026-09-28T15:28:43.487070Z,refresh,18382,1705569,20100,44,1,0,1790726400,2026-09-30T00:00:00Z
2026-09-28T15:28:43.487070Z,refresh,18383,1705570,185,18,1,0,1790726400,2026-09-30T00:00:00Z
2026-09-28T15:28:43.487070Z,refresh,18384,1705571,3550,19,1,0,1790726400,2026-09-30T00:00:00Z
2026-09-28T15:28:43.487070Z,refresh,18385,1705572,105,10,1,0,1790726400,2026-09-30T00:00:00Z
2026-09-28T15:28:43.487070Z,refresh,18386,1705573,110,14,1,0,1790726400,2026-09-30T00:00:00Z
2026-09-28T15:28:43.487070Z,refresh,18387,1705574,100,8,1,0,1790726400,2026-09-30T00:00:00Z
2026-09-28T15:28:43.487070Z,refresh,18388,1705575,5,1,1,0,1790726400,2026-09-30T00:00:00Z
2026-09-28T15:28:43.487070Z,refresh,18613,1723323,5,0,1,0,1790726400,2026-09-30T00:00:00Z
2026-09-28T15:28:43.487070Z,refresh,18614,1723324,500,1,1,0,1790726400,2026-09-30T00:00:00Z
2026-09-28T15:28:43.487070Z,refresh,18615,1722853,100,1,1,0,1790726400,2026-09-30T00:00:00Z
2026-09-28T15:28:43.487070Z,refresh,18616,1723069,140,9,1,0,1790726400,2026-09-30T00:00:00Z
2026-09-28T15:28:43.487070Z,refresh,19094,1717855,4050,16,1,0,1790726400,2026-09-30T00:00:00Z
2026-09-28T16:28:54.455208Z,refresh,30-1332,1799881,5,0,1,0,1790719200,2026-09-29T22:00:00Z
2026-09-28T16:28:54.455208Z,refresh,18100,1705100,175,17,1,0,1790719200,2026-09-29T22:00:00Z
2026-09-28T16:28:54.455208Z,refresh,18101,1705101,10,2,1,0,1790719200,2026-09-29T22:00:00Z
2026-09-28T16:28:54.455208Z,refresh,18102,1705102,30,4,1,0,1790719200,2026-09-29T22:00:00Z
2026-09-28T16:28:54.455208Z,refresh,18103,1705103,5,1,1,0,1790719200,2026-09-29T22:00:00Z
2026-09-28T16:28:54.455208Z,refresh,18104,1705104,100,1,1,0,1790719200,2026-09-29T22:00:00Z
2026-09-28T16:28:54.455208Z,refresh,18105,1705105,20,4,1,0,1790719200,2026-09-29T22:00:00Z
2026-09-28T16:28:54.455208Z,refresh,18106,1705106,10,2,1,0,1790719200,2026-09-29T22:00:00Z
2026-09-28T16:28:54.455208Z,refresh,18107,1705107,5,1,1,0,1790719200,2026-09-29T22:00:00Z
2026-09-28T16:28:54.455208Z,refresh,18108,1705108,15,3,1,0,1790719200,2026-09-29T22:00:00Z
2026-09-28T16:28:54.455208Z,refresh,18109,1705109,5,1,1,0,1790719200,2026-09-29T22:00:00Z
2026-09-28T16:28:54.455208Z,refresh,18110,1705110,25,5,1,0,1790719200,2026-09-29T22:00:00Z
2026-09-28T16:28:54.455208Z,refresh,18111,1705111,5,1,1,0,1790719200,2026-09-29T22:00:00Z
2026-09-28T16:28:54.455208Z,refresh,18112,1705112,5,0,1,0,1790719200,2026-09-29T22:00:00Z
2026-09-28T16:28:54.455208Z,refresh,18113,1705113,5,1,1,0,1790719200,2026-09-29T22:00:00Z
2026-09-28T16:28:54.455208Z,refresh,18114,1705114,170,31,1,0,1790719200,2026-09-29T22:00:00Z
2026-09-28T16:28:54.455208Z,refresh,18115,1705115,5,1,1,0,1790719200,2026-09-29T22:00:00Z
2026-09-28T16:28:54.455208Z,refresh,18116,1705116,60,13,1,0,1790719200,2026-09-29T22:00:00Z
2026-09-28T16:28:54.455208Z,refresh,18117,1705117,55,11,1,0,1790719200,2026-09-29T22:00:00Z
2026-09-28T16:28:54.455208Z,refresh,18118,1705118,10,2,1,0,1790719200,2026-09-29T22:00:00Z
2026-09-28T16:28:54.455208Z,refresh,18119,1705119,105,8,1,0,1790719200,2026-09-29T22:00:00Z
2026-09-28T16:28:54.455208Z,refresh,18120,1705120,30,7,1,0,1790719200,2026-09-29T22:00:00Z
2026-09-28T16:28:54.455208Z,refresh,18121,1705121,5,0,1,0,1790719200,2026-09-29T22:00:00Z
2026-09-28T16:28:54.455208Z,refresh,18122,1705122,5,1,1,0,1790719200,2026-09-29T22:00:00Z
2026-09-28T16:28:54.455208Z,refresh,18123,1705123,165,35,1,0,1790719200,2026-09-29T22:00:00Z
2026-09-28T16:28:54.455208Z,refresh,18124,1705124,205,18,1,0,1790719200,2026-09-29T22:00:00Z
2026-09-28T16:28:54.455208Z,refresh,18125,1705125,115,25,1,0,1790719200,2026-09-29T22:00:00Z
2026-09-28T16:28:54.455208Z,refresh,18126,1705126,10,2,1,0,1790719200,2026-09-29T22:00:00Z
2026-09-28T16:28:54.455208Z,refresh,18127,1705127,50,7,1,0,1790719200,2026-09-29T22:00:00Z
2026-09-28T16:28:54.455208Z,refresh,18128,1705128,150,12,1,0,1790719200,2026-09-29T22:00:00Z
2026-09-28T16:28:54.455208Z,refresh,18129,1705129,5,1,1,0,1790719200,2026-09-29T22:00:00Z
2026-09-28T16:28:54.455208Z,refresh,18130,1705130,55,12,1,0,1790719200,2026-09-29T22:00:00Z
2026-09-28T16:28:54.455208Z,refresh,18131,1705131,5,0,1,0,1790719200,2026-09-29T22:00:00Z
2026-09-28T16:28:54.455208Z,refresh,18132,1705132,5,0,1,0,1790719200,2026-09-29T22:00:00Z
2026-09-28T16:28:54.455208Z,refresh,18133,1705133,30,6,1,0,1790719200,2026-09-29T22:00:00Z
2026-09-28T16:28:54.455208Z,refresh,18134,1705134,176,10,1,0,1790719200,2026-09-29T22:00:00Z
2026-09-28T16:28:54.455208Z,refresh,18135,1705135,105,6,1,0,1790719200,2026-09-29T22:00:00Z
2026-09-28T16:28:54.455208Z,refresh,18136,1705136,5,0,1,0,1790719200,2026-09-29T22:00:00Z
2026-09-28T16:28:54.455208Z,refresh,18137,1705137,10,2,1,0,1790719200,2026-09-29T22:00:00Z
2026-09-28T16:28:54.455208Z,refresh,18138,1705138,20,4,1,0,1790719200,2026-09-29T22:00:00Z
2026-09-28T16:28:54.455208Z,refresh,18139,1705139,100,4,1,0,1790719200,2026-09-29T22:00:00Z
2026-09-28T16:28:54.455208Z,refresh,18140,1705140,5,1,1,0,1790719200,2026-09-29T22:00:00Z
2026-09-28T16:28:54.455208Z,refresh,18141,1705141,5,1,1,0,1790719200,2026-09-29T22:00:00Z
2026-09-28T16:28:54.455208Z,refresh,18142,1705142,5,1,1,0,1790719200,2026-09-29T22:00:00Z
2026-09-28T16:28:54.455208Z,refresh,18143,1705143,5,1,1,0,1790719200,2026-09-29T22:00:00Z
2026-09-28T16:28:54.455208Z,refresh,18144,1705144,5,1,1,0,1790719200,2026-09-29T22:00:00Z
2026-09-28T16:28:54.455208Z,refresh,18145,1705145,5,1,1,0,1790719200,2026-09-29T22:00:00Z
2026-09-28T16:28:54.455208Z,refresh,18146,1705146,5,0,1,0,1790719200,2026-09-29T22:00:00Z
2026-09-28T16:28:54.455208Z,refresh,18147,1705147,60,10,1,0,1790719200,2026-09-29T22:00:00Z
2026-09-28T16:28:54.455208Z,refresh,18148,1705148,105,5,1,0,1790719200,2026-09-29T22:00:00Z
2026-09-28T16:28:54.455208Z,refresh,18149,1705149,20,4,1,0,1790719200,2026-09-29T22:00:00Z
2026-09-28T16:28:54.455208Z,refresh,18150,1705150,45,7,1,0,1790719200,2026-09-29T22:00:00Z
2026-09-28T16:28:54.455208Z,refresh,18151,1705151,20,4,1,0,1790719200,2026-09-29T22:00:00Z
2026-09-28T16:28:54.455208Z,refresh,18152,1705152,5,1,1,0,1790719200,2026-09-29T22:00:00Z
2026-09-28T16:28:54.455208Z,refresh,18153,1705153,5,1,1,0,1790719200,2026-09-29T22:00:00Z
2026-09-28T16:28:54.455208Z,refresh,18154,1705154,5,1,1,0,1790719200,2026-09-29T22:00:00Z
2026-09-28T16:28:54.455208Z,refresh,18156,1705155,5,0,1,0,1790719200,2026-09-29T22:00:00Z
2026-09-28T16:28:54.455208Z,refresh,18157,1705156,20,4,1,0,1790719200,2026-09-29T22:00:00Z
2026-09-28T16:28:54.455208Z,refresh,18158,1705157,5,0,1,0,1790719200,2026-09-29T22:00:00Z
2026-09-28T16:28:54.455208Z,refresh,18159,1705158,20,5,1,0,1790719200,2026-09-29T22:00:00Z
2026-09-28T16:28:54.455208Z,refresh,18160,1705159,5,0,1,0,1790719200,2026-09-29T22:00:00Z
2026-09-28T16:28:54.455208Z,refresh,18161,1705160,5,1,1,0,1790719200,2026-09-29T22:00:00Z
2026-09-28T16:28:54.455208Z,refresh,18162,1705161,5,0,1,0,1790719200,2026-09-29T22:00:00Z
2026-09-28T16:28:54.455208Z,refresh,18163,1705162,10,2,1,0,1790719200,2026-09-29T22:00:00Z
2026-09-28T16:28:54.455208Z,refresh,18164,1705163,15,3,1,0,1790719200,2026-09-29T22:00:00Z
2026-09-28T16:28:54.455208Z,refresh,18165,1705164,5,1,1,0,1790719200,2026-09-29T22:00:00Z
2026-09-28T16:28:54.455208Z,refresh,18166,1705165,105,16,1,0,1790719200,2026-09-29T22:00:00Z
2026-09-28T16:28:54.455208Z,refresh,18167,1705166,10,2,1,0,1790719200,2026-09-29T22:00:00Z
2026-09-28T16:28:54.455208Z,refresh,18168,1705167,45,7,1,0,1790719200,2026-09-29T22:00:00Z
2026-09-28T16:28:54.455208Z,refresh,18169,1705168,30,7,1,0,1790719200,2026-09-29T22:00:00Z
2026-09-28T16:28:54.455208Z,refresh,18170,1705169,31,8,1,0,1790719200,2026-09-29T22:00:00Z
2026-09-28T16:28:54.455208Z,refresh,18171,1705170,25,6,1,0,1790719200,2026-09-29T22:00:00Z
2026-09-28T16:28:54.455208Z,refresh,18172,1705171,25,6,1,0,1790719200,2026-09-29T22:00:00Z
2026-09-28T16:28:54.455208Z,refresh,18173,1705172,55,7,1,0,1790719200,2026-09-29T22:00:00Z
2026-09-28T16:28:54.455208Z,refresh,18174,1705173,5,1,1,0,1790719200,2026-09-29T22:00:00Z
2026-09-28T16:28:54.455208Z,refresh,18175,1705174,10,2,1,0,1790719200,2026-09-29T22:00:00Z
2026-09-28T16:28:54.455208Z,refresh,18176,1705175,55,6,1,0,1790719200,2026-09-29T22:00:00Z
2026-09-28T16:28:54.455208Z,refresh,18177,1705176,5,1,1,0,1790719200,2026-09-29T22:00:00Z
2026-09-28T16:28:54.455208Z,refresh,18178,1705177,5,1,1,0,1790719200,2026-09-29T22:00:00Z
2026-09-28T16:28:54.455208Z,refresh,18179,1705178,5,0,1,0,1790719200,2026-09-29T22:00:00Z
2026-09-28T16:28:54.455208Z,refresh,18180,1705179,460,14,1,0,1790719200,2026-09-29T22:00:00Z
2026-09-28T16:28:54.455208Z,refresh,18181,1705180,5,1,1,0,1790719200,2026-09-29T22:00:00Z
2026-09-28T16:28:54.455208Z,refresh,18182,1705181,10,2,1,0,1790719200,2026-09-29T22:00:00Z
2026-09-28T16:28:54.455208Z,refresh,18183,1705182,5,0,1,0,1790719200,2026-09-29T22:00:00Z
2026-09-28T16:28:54.455208Z,refresh,18184,1705183,5,0,1,0,1790719200,2026-09-29T22:00:00Z
2026-09-28T16:28:54.455208Z,refresh,18185,1705184,5,0,1,0,1790719200,2026-09-29T22:00:00Z
2026-09-28T16:28:54.455208Z,refresh,18186,1705185,5,1,1,0,1790719200,2026-09-29T22:00:00Z
2026-09-28T16:28:54.455208Z,refresh,18187,1705186,5,1,1,0,1790719200,2026-09-29T22:00:00Z
2026-09-28T16:28:54.455208Z,refresh,18188,1705187,10,2,1,0,1790719200,2026-09-29T22:00:00Z
2026-09-28T16:28:54.455208Z,refresh,18189,1705188,10,2,1,0,1790719200,2026-09-29T22:00:00Z
2026-09-28T16:28:54.455208Z,refresh,18190,1705189,5,1,1,0,1790719200,2026-09-29T22:00:00Z
2026-09-28T16:28:54.455208Z,refresh,18191,1705190,5,0,1,0,1790719200,2026-09-29T22:00:00Z
2026-09-28T16:28:54.455208Z,refresh,18192,1705191,10,2,1,0,1790719200,2026-09-29T22:00:00Z
2026-09-28T16:28:54.455208Z,refresh,18193,1705192,20,4,1,0,1790719200,2026-09-29T22:00:00Z
2026-09-28T16:28:54.455208Z,refresh,18194,1705193,5,0,1,0,1790719200,2026-09-29T22:00:00Z
2026-09-28T16:28:54.455208Z,refresh,18195,1705194,5,0,1,0,1790721000,2026-09-29T22:30:00Z
2026-09-28T16:28:54.455208Z,refresh,18196,1705195,5,1,1,0,1790721000,2026-09-29T22:30:00Z
2026-09-28T16:28:54.455208Z,refresh,18197,1705196,20,4,1,0,1790721000,2026-09-29T22:30:00Z
2026-09-28T16:28:54.455208Z,refresh,18198,1705197,5,1,1,0,1790721000,2026-09-29T22:30:00Z
2026-09-28T16:28:54.455208Z,refresh,18199,1705198,5,1,1,0,1790721000,2026-09-29T22:30:00Z
2026-09-28T16:28:54.455208Z,refresh,18200,1705199,5,0,1,0,1790721000,2026-09-29T22:30:00Z
2026-09-28T16:28:54.455208Z,refresh,18201,1705200,5,1,1,0,1790721000,2026-09-29T22:30:00Z
2026-09-28T16:28:54.455208Z,refresh,18202,1705201,5,1,1,0,1790721000,2026-09-29T22:30:00Z
2026-09-28T16:28:54.455208Z,refresh,18203,1705202,5,1,1,0,1790721000,2026-09-29T22:30:00Z
2026-09-28T16:28:54.455208Z,refresh,18204,1705203,5,1,1,0,1790721000,2026-09-29T22:30:00Z
2026-09-28T16:28:54.455208Z,refresh,18205,1705204,30,4,1,0,1790721000,2026-09-29T22:30:00Z
2026-09-28T16:28:54.455208Z,refresh,18206,1705205,5,0,1,0,1790721000,2026-09-29T22:30:00Z
2026-09-28T16:28:54.455208Z,refresh,18207,1705206,5,1,1,0,1790721000,2026-09-29T22:30:00Z
2026-09-28T16:28:54.455208Z,refresh,18208,1705207,15,3,1,0,1790721000,2026-09-29T22:30:00Z
2026-09-28T16:28:54.455208Z,refresh,18209,1705208,30,3,1,0,1790721000,2026-09-29T22:30:00Z
2026-09-28T16:28:54.455208Z,refresh,18210,1705209,20,4,1,0,1790721000,2026-09-29T22:30:00Z
2026-09-28T16:28:54.455208Z,refresh,18211,1705210,55,7,1,0,1790721000,2026-09-29T22:30:00Z
2026-09-28T16:28:54.455208Z,refresh,18212,1705211,5,0,1,0,1790721000,2026-09-29T22:30:00Z
2026-09-28T16:28:54.455208Z,refresh,18213,1705212,5,1,1,0,1790721000,2026-09-29T22:30:00Z
2026-09-28T16:28:54.455208Z,refresh,18214,1705213,15,3,1,0,1790721000,2026-09-29T22:30:00Z
2026-09-28T16:28:54.455208Z,refresh,18215,1705214,5,1,1,0,1790721000,2026-09-29T22:30:00Z
2026-09-28T16:28:54.455208Z,refresh,18216,1705215,30,5,1,0,1790721000,2026-09-29T22:30:00Z
2026-09-28T16:28:54.455208Z,refresh,18217,1705216,5,1,1,0,1790721000,2026-09-29T22:30:00Z
2026-09-28T16:28:54.455208Z,refresh,18218,1705217,10,2,1,0,1790721000,2026-09-29T22:30:00Z
2026-09-28T16:28:54.455208Z,refresh,18219,1705218,5,1,1,0,1790721000,2026-09-29T22:30:00Z
2026-09-28T16:28:54.455208Z,refresh,18220,1705219,5,1,1,0,1790721000,2026-09-29T22:30:00Z
2026-09-28T16:28:54.455208Z,refresh,18221,1705220,60,12,1,0,1790721000,2026-09-29T22:30:00Z
2026-09-28T16:28:54.455208Z,refresh,18222,1705221,15,3,1,0,1790721000,2026-09-29T22:30:00Z
2026-09-28T16:28:54.455208Z,refresh,18400,1705222,1065,38,1,0,1790721000,2026-09-29T22:30:00Z
2026-09-28T16:28:54.455208Z,refresh,18401,1705223,105,10,1,0,1790721000,2026-09-29T22:30:00Z
2026-09-28T16:28:54.455208Z,refresh,18402,1705224,25,5,1,0,1790721000,2026-09-29T22:30:00Z
2026-09-28T16:28:54.455208Z,refresh,18403,1705225,5,1,1,0,1790721000,2026-09-29T22:30:00Z
2026-09-28T16:28:54.455208Z,refresh,18404,1705226,105,15,1,0,1790721000,2026-09-29T22:30:00Z
2026-09-28T16:28:54.455208Z,refresh,18405,1705227,40,8,1,0,1790721000,2026-09-29T22:30:00Z
2026-09-28T16:28:54.455208Z,refresh,18406,1705228,25,4,1,0,1790721000,2026-09-29T22:30:00Z
2026-09-28T16:28:54.455208Z,refresh,18407,1705229,5,1,1,0,1790721000,2026-09-29T22:30:00Z
2026-09-28T16:28:54.455208Z,refresh,18408,1705230,55,9,1,0,1790721000,2026-09-29T22:30:00Z
2026-09-28T16:28:54.455208Z,refresh,18409,1705231,55,7,1,0,1790721000,2026-09-29T22:30:00Z
2026-09-28T16:28:54.455208Z,refresh,18410,1705232,40,5,1,0,1790721000,2026-09-29T22:30:00Z
2026-09-28T16:28:54.455208Z,refresh,18411,1705233,105,7,1,0,1790721000,2026-09-29T22:30:00Z
2026-09-28T16:28:54.455208Z,refresh,18412,1705234,55,4,1,0,1790721000,2026-09-29T22:30:00Z
2026-09-28T16:28:54.455208Z,refresh,18413,1705235,10,2,1,0,1790721000,2026-09-29T22:30:00Z
2026-09-28T16:28:54.455208Z,refresh,18414,1705236,205,13,1,0,1790721000,2026-09-29T22:30:00Z
2026-09-28T16:28:54.455208Z,refresh,18415,1705237,55,11,1,0,1790721000,2026-09-29T22:30:00Z
2026-09-28T16:28:54.455208Z,refresh,18416,1705238,15,3,1,0,1790721000,2026-09-29T22:30:00Z
2026-09-28T16:28:54.455208Z,refresh,18417,1705239,155,4,1,0,1790721000,2026-09-29T22:30:00Z
2026-09-28T16:28:54.455208Z,refresh,18418,1705240,100,7,1,0,1790721000,2026-09-29T22:30:00Z
2026-09-28T16:28:54.455208Z,refresh,18419,1705241,5,1,1,0,1790721000,2026-09-29T22:30:00Z
2026-09-28T16:28:54.455208Z,refresh,18420,1705242,5,1,1,0,1790721000,2026-09-29T22:30:00Z
2026-09-28T16:28:54.455208Z,refresh,18421,1705243,55,11,1,0,1790721000,2026-09-29T22:30:00Z
2026-09-28T16:28:54.455208Z,refresh,18422,1705244,5,1,1,0,1790721000,2026-09-29T22:30:00Z
2026-09-28T16:28:54.455208Z,refresh,18423,1705245,5,1,1,0,1790721000,2026-09-29T22:30:00Z
2026-09-28T16:28:54.455208Z,refresh,18424,1705246,155,10,1,0,1790721000,2026-09-29T22:30:00Z
2026-09-28T16:28:54.455208Z,refresh,18425,1705247,5,1,1,0,1790721000,2026-09-29T22:30:00Z
2026-09-28T16:28:54.455208Z,refresh,18426,1705248,60,7,1,0,1790721000,2026-09-29T22:30:00Z
2026-09-28T16:28:54.455208Z,refresh,18427,1705249,5,1,1,0,1790721000,2026-09-29T22:30:00Z
2026-09-28T16:28:54.455208Z,refresh,18428,1705250,5,1,1,0,1790721000,2026-09-29T22:30:00Z
2026-09-28T16:28:54.455208Z,refresh,18429,1705251,10,2,1,0,1790721000,2026-09-29T22:30:00Z
2026-09-28T16:28:54.455208Z,refresh,18430,1705252,40,9,1,0,1790721000,2026-09-29T22:30:00Z
2026-09-28T16:28:54.455208Z,refresh,18431,1705253,10,2,1,0,1790721000,2026-09-29T22:30:00Z
2026-09-28T16:28:54.455208Z,refresh,18432,1705254,25,6,1,0,1790721000,2026-09-29T22:30:00Z
2026-09-28T16:28:54.455208Z,refresh,18433,1705255,5,1,1,0,1790721000,2026-09-29T22:30:00Z
2026-09-28T16:28:54.455208Z,refresh,18434,1705256,30,6,1,0,1790721000,2026-09-29T22:30:00Z
2026-09-28T16:28:54.455208Z,refresh,18435,1705257,25,5,1,0,1790721000,2026-09-29T22:30:00Z
2026-09-28T16:28:54.455208Z,refresh,18436,1705258,15,3,1,0,1790721000,2026-09-29T22:30:00Z
2026-09-28T16:28:54.455208Z,refresh,18437,1705259,5,1,1,0,1790721000,2026-09-29T22:30:00Z
2026-09-28T16:28:54.455208Z,refresh,18438,1705260,5,1,1,0,1790721000,2026-09-29T22:30:00Z
2026-09-28T16:28:54.455208Z,refresh,18439,1705261,20,4,1,0,1790721000,2026-09-29T22:30:00Z
2026-09-28T16:28:54.455208Z,refresh,18440,1705262,25,4,1,0,1790721000,2026-09-29T22:30:00Z
2026-09-28T16:28:54.455208Z,refresh,18441,1705263,100,6,1,0,1790721000,2026-09-29T22:30:00Z
2026-09-28T16:28:54.455208Z,refresh,18442,1705264,5,1,1,0,1790721000,2026-09-29T22:30:00Z
2026-09-28T16:28:54.455208Z,refresh,18443,1705265,25,5,1,0,1790721000,2026-09-29T22:30:00Z
2026-09-28T16:28:54.455208Z,refresh,18444,1705266,5,1,1,0,1790721000,2026-09-29T22:30:00Z
2026-09-28T16:28:54.455208Z,refresh,18445,1705267,5,1,1,0,1790721000,2026-09-29T22:30:00Z
2026-09-28T16:28:54.455208Z,refresh,18446,1705268,30,6,1,0,1790721000,2026-09-29T22:30:00Z
2026-09-28T16:28:54.455208Z,refresh,18447,1705269,10,2,1,0,1790721000,2026-09-29T22:30:00Z
2026-09-28T16:28:54.455208Z,refresh,18448,1705270,5,1,1,0,1790721000,2026-09-29T22:30:00Z
2026-09-28T16:28:54.455208Z,refresh,18449,1705271,10,2,1,0,1790721000,2026-09-29T22:30:00Z
2026-09-28T16:28:54.455208Z,refresh,18450,1705272,5,1,1,0,1790721000,2026-09-29T22:30:00Z
2026-09-28T16:28:54.455208Z,refresh,18451,1705273,76,7,1,0,1790721000,2026-09-29T22:30:00Z
2026-09-28T16:28:54.455208Z,refresh,18452,1705274,5,1,1,0,1790721000,2026-09-29T22:30:00Z
2026-09-28T16:28:54.455208Z,refresh,18453,1705275,10,2,1,0,1790721000,2026-09-29T22:30:00Z
2026-09-28T16:28:54.455208Z,refresh,18454,1705276,15,4,1,0,1790721000,2026-09-29T22:30:00Z
2026-09-28T16:28:54.455208Z,refresh,18455,1705277,5,1,1,0,1790721000,2026-09-29T22:30:00Z
2026-09-28T16:28:54.455208Z,refresh,18456,1705278,10,2,1,0,1790721000,2026-09-29T22:30:00Z
2026-09-28T16:28:54.455208Z,refresh,18457,1705279,5,1,1,0,1790721000,2026-09-29T22:30:00Z
2026-09-28T16:28:54.455208Z,refresh,18458,1705280,25,5,1,0,1790721000,2026-09-29T22:30:00Z
2026-09-28T16:28:54.455208Z,refresh,18459,1705281,10,2,1,0,1790721000,2026-09-29T22:30:00Z
2026-09-28T16:28:54.455208Z,refresh,18460,1705282,5,1,1,0,1790721000,2026-09-29T22:30:00Z
2026-09-28T16:28:54.455208Z,refresh,18461,1705283,5,1,1,0,1790721000,2026-09-29T22:30:00Z
2026-09-28T16:28:54.455208Z,refresh,18462,1705284,20,4,1,0,1790721000,2026-09-29T22:30:00Z
2026-09-28T16:28:54.455208Z,refresh,18463,1705285,90,10,1,0,1790721000,2026-09-29T22:30:00Z
2026-09-28T16:28:54.455208Z,refresh,18464,1705286,5,1,1,0,1790721000,2026-09-29T22:30:00Z
2026-09-28T16:28:54.455208Z,refresh,18465,1705287,40,7,1,0,1790721000,2026-09-29T22:30:00Z
2026-09-28T16:28:54.455208Z,refresh,18466,1705288,10,2,1,0,1790721000,2026-09-29T22:30:00Z
2026-09-28T16:28:54.455208Z,refresh,30-1329,1799843,5,1,1,0,1790722800,2026-09-29T23:00:00Z
2026-09-28T16:28:54.455208Z,refresh,30-1330,1799850,5,1,1,0,1790722800,2026-09-29T23:00:00Z
2026-09-28T16:28:54.455208Z,refresh,30-1331,1799864,15,4,1,0,1790722800,2026-09-29T23:00:00Z
2026-09-28T16:28:54.455208Z,refresh,18467,1705289,5,1,1,0,1790722800,2026-09-29T23:00:00Z
2026-09-28T16:28:54.455208Z,refresh,18468,1705290,5,0,1,0,1790722800,2026-09-29T23:00:00Z
2026-09-28T16:28:54.455208Z,refresh,18469,1705291,5,1,1,0,1790722800,2026-09-29T23:00:00Z
2026-09-28T16:28:54.455208Z,refresh,18470,1705292,5,0,1,0,1790722800,2026-09-29T23:00:00Z
2026-09-28T16:28:54.455208Z,refresh,18471,1705293,5,1,1,0,1790722800,2026-09-29T23:00:00Z
2026-09-28T16:28:54.455208Z,refresh,18472,1705294,5,0,1,0,1790722800,2026-09-29T23:00:00Z
2026-09-28T16:28:54.455208Z,refresh,18473,1705295,10,2,1,0,1790722800,2026-09-29T23:00:00Z
2026-09-28T16:28:54.455208Z,refresh,18474,1705296,10,2,1,0,1790722800,2026-09-29T23:00:00Z
2026-09-28T16:28:54.455208Z,refresh,18475,1705297,10,2,1,0,1790722800,2026-09-29T23:00:00Z
2026-09-28T16:28:54.455208Z,refresh,18476,1705298,5,1,1,0,1790722800,2026-09-29T23:00:00Z
2026-09-28T16:28:54.455208Z,refresh,18477,1705299,5,1,1,0,1790722800,2026-09-29T23:00:00Z
2026-09-28T16:28:54.455208Z,refresh,18478,1705300,5,1,1,0,1790722800,2026-09-29T23:00:00Z
2026-09-28T16:28:54.455208Z,refresh,18479,1705301,5,1,1,0,1790722800,2026-09-29T23:00:00Z
2026-09-28T16:28:54.455208Z,refresh,18480,1705302,15,3,1,0,1790722800,2026-09-29T23:00:00Z
2026-09-28T16:28:54.455208Z,refresh,18481,1705303,5,1,1,0,1790722800,2026-09-29T23:00:00Z
2026-09-28T16:28:54.455208Z,refresh,18482,1705304,15,3,1,0,1790722800,2026-09-29T23:00:00Z
2026-09-28T16:28:54.455208Z,refresh,18483,1705305,15,4,1,0,1790722800,2026-09-29T23:00:00Z
2026-09-28T16:28:54.455208Z,refresh,18484,1705306,5,1,1,0,1790722800,2026-09-29T23:00:00Z
2026-09-28T16:28:54.455208Z,refresh,18485,1705307,5,1,1,0,1790722800,2026-09-29T23:00:00Z
2026-09-28T16:28:54.455208Z,refresh,18486,1705308,5,1,1,0,1790722800,2026-09-29T23:00:00Z
2026-09-28T16:28:54.455208Z,refresh,18487,1705309,25,4,1,0,1790722800,2026-09-29T23:00:00Z
2026-09-28T16:28:54.455208Z,refresh,18488,1705310,5,1,1,0,1790722800,2026-09-29T23:00:00Z
2026-09-28T16:28:54.455208Z,refresh,18489,1705311,25,4,1,0,1790722800,2026-09-29T23:00:00Z
2026-09-28T16:28:54.455208Z,refresh,18490,1705312,10,2,1,0,1790722800,2026-09-29T23:00:00Z
2026-09-28T16:28:54.455208Z,refresh,18491,1705313,55,9,1,0,1790722800,2026-09-29T23:00:00Z
2026-09-28T16:28:54.455208Z,refresh,18492,1705314,5,1,1,0,1790722800,2026-09-29T23:00:00Z
2026-09-28T16:28:54.455208Z,refresh,18493,1705315,5,1,1,0,1790722800,2026-09-29T23:00:00Z
2026-09-28T16:28:54.455208Z,refresh,18494,1705316,10,2,1,0,1790722800,2026-09-29T23:00:00Z
2026-09-28T16:28:54.455208Z,refresh,18495,1705317,5,1,1,0,1790722800,2026-09-29T23:00:00Z
2026-09-28T16:28:54.455208Z,refresh,18496,1705318,50,10,1,0,1790722800,2026-09-29T23:00:00Z
2026-09-28T16:28:54.455208Z,refresh,18497,1705319,5,1,1,0,1790722800,2026-09-29T23:00:00Z
2026-09-28T16:28:54.455208Z,refresh,18498,1705320,10,2,1,0,1790722800,2026-09-29T23:00:00Z
2026-09-28T16:28:54.455208Z,refresh,18499,1705321,10,2,1,0,1790722800,2026-09-29T23:00:00Z
2026-09-28T16:28:54.455208Z,refresh,18500,1705322,10,2,1,0,1790722800,2026-09-29T23:00:00Z
2026-09-28T16:28:54.455208Z,refresh,18501,1705323,5,0,1,0,1790722800,2026-09-29T23:00:00Z
2026-09-28T16:28:54.455208Z,refresh,18502,1705324,5,1,1,0,1790722800,2026-09-29T23:00:00Z
2026-09-28T16:28:54.455208Z,refresh,18503,1705325,15,3,1,0,1790722800,2026-09-29T23:00:00Z
2026-09-28T16:28:54.455208Z,refresh,18504,1705326,5,1,1,0,1790722800,2026-09-29T23:00:00Z
2026-09-28T16:28:54.455208Z,refresh,18505,1705327,15,3,1,0,1790722800,2026-09-29T23:00:00Z
2026-09-28T16:28:54.455208Z,refresh,18506,1705328,5,1,1,0,1790722800,2026-09-29T23:00:00Z
2026-09-28T16:28:54.455208Z,refresh,18507,1705329,10,2,1,0,1790722800,2026-09-29T23:00:00Z
2026-09-28T16:28:54.455208Z,refresh,18508,1705330,5,1,1,0,1790722800,2026-09-29T23:00:00Z
2026-09-28T16:28:54.455208Z,refresh,18509,1705331,5,1,1,0,1790722800,2026-09-29T23:00:00Z
2026-09-28T16:28:54.455208Z,refresh,18510,1705332,5,1,1,0,1790722800,2026-09-29T23:00:00Z
2026-09-28T16:28:54.455208Z,refresh,18511,1705333,10,2,1,0,1790722800,2026-09-29T23:00:00Z
2026-09-28T16:28:54.455208Z,refresh,18512,1705334,30,7,1,0,1790722800,2026-09-29T23:00:00Z
2026-09-28T16:28:54.455208Z,refresh,18513,1705335,5,1,1,0,1790722800,2026-09-29T23:00:00Z
2026-09-28T16:28:54.455208Z,refresh,18514,1705336,35,8,1,0,1790722800,2026-09-29T23:00:00Z
2026-09-28T16:28:54.455208Z,refresh,18515,1705337,10,2,1,0,1790722800,2026-09-29T23:00:00Z
2026-09-28T16:28:54.455208Z,refresh,18516,1705338,5,0,1,0,1790722800,2026-09-29T23:00:00Z
2026-09-28T16:28:54.455208Z,refresh,18517,1705339,20,3,1,0,1790722800,2026-09-29T23:00:00Z
2026-09-28T16:28:54.455208Z,refresh,18518,1705340,5,0,1,0,1790722800,2026-09-29T23:00:00Z
2026-09-28T16:28:54.455208Z,refresh,18519,1705341,80,5,1,0,1790722800,2026-09-29T23:00:00Z
2026-09-28T16:28:54.455208Z,refresh,18520,1705342,25,6,1,0,1790722800,2026-09-29T23:00:00Z
2026-09-28T16:28:54.455208Z,refresh,18521,1705343,5,1,1,0,1790722800,2026-09-29T23:00:00Z
2026-09-28T16:28:54.455208Z,refresh,18522,1705344,10,2,1,0,1790722800,2026-09-29T23:00:00Z
2026-09-28T16:28:54.455208Z,refresh,18523,1705345,5,1,1,0,1790722800,2026-09-29T23:00:00Z
2026-09-28T16:28:54.455208Z,refresh,18524,1705346,50,5,1,0,1790722800,2026-09-29T23:00:00Z
2026-09-28T16:28:54.455208Z,refresh,18525,1705347,10,2,1,0,1790722800,2026-09-29T23:00:00Z
2026-09-28T16:28:54.455208Z,refresh,18526,1705348,5,1,1,0,1790722800,2026-09-29T23:00:00Z
2026-09-28T16:28:54.455208Z,refresh,18527,1705349,10,2,1,0,1790722800,2026-09-29T23:00:00Z
2026-09-28T16:28:54.455208Z,refresh,18528,1705350,20,5,1,0,1790722800,2026-09-29T23:00:00Z
2026-09-28T16:28:54.455208Z,refresh,18529,1705351,10,2,1,0,1790722800,2026-09-29T23:00:00Z
2026-09-28T16:28:54.455208Z,refresh,18530,1705352,5,1,1,0,1790722800,2026-09-29T23:00:00Z
2026-09-28T16:28:54.455208Z,refresh,18531,1705353,5,0,1,0,1790722800,2026-09-29T23:00:00Z
2026-09-28T16:28:54.455208Z,refresh,18532,1705354,20,4,1,0,1790722800,2026-09-29T23:00:00Z
2026-09-28T16:28:54.455208Z,refresh,18533,1705355,20,4,1,0,1790722800,2026-09-29T23:00:00Z
2026-09-28T16:28:54.455208Z,refresh,18534,1705356,10,2,1,0,1790722800,2026-09-29T23:00:00Z
2026-09-28T16:28:54.455208Z,refresh,18535,1705357,20,4,1,0,1790722800,2026-09-29T23:00:00Z
2026-09-28T16:28:54.455208Z,refresh,18536,1705358,5,0,1,0,1790722800,2026-09-29T23:00:00Z
2026-09-28T16:28:54.455208Z,refresh,18537,1705359,5,1,1,0,1790722800,2026-09-29T23:00:00Z
2026-09-28T16:28:54.455208Z,refresh,18538,1705360,5,0,1,0,1790722800,2026-09-29T23:00:00Z
2026-09-28T16:28:54.455208Z,refresh,18539,1705361,5,0,1,0,1790722800,2026-09-29T23:00:00Z
2026-09-28T16:28:54.455208Z,refresh,18540,1705362,5,0,1,0,1790722800,2026-09-29T23:00:00Z
2026-09-28T16:28:54.455208Z,refresh,18541,1705363,245,36,1,0,1790722800,2026-09-29T23:00:00Z
2026-09-28T16:28:54.455208Z,refresh,18542,1705364,5,1,1,0,1790722800,2026-09-29T23:00:00Z
2026-09-28T16:28:54.455208Z,refresh,18543,1705365,55,4,1,0,1790722800,2026-09-29T23:00:00Z
2026-09-28T16:28:54.455208Z,refresh,18544,1705366,10,2,1,0,1790722800,2026-09-29T23:00:00Z
2026-09-28T16:28:54.455208Z,refresh,18545,1705367,35,4,1,0,1790722800,2026-09-29T23:00:00Z
2026-09-28T16:28:54.455208Z,refresh,18546,1705368,5,0,1,0,1790722800,2026-09-29T23:00:00Z
2026-09-28T16:28:54.455208Z,refresh,18547,1705369,5,1,1,0,1790722800,2026-09-29T23:00:00Z
2026-09-28T16:28:54.455208Z,refresh,18548,1705370,5,1,1,0,1790722800,2026-09-29T23:00:00Z
2026-09-28T16:28:54.455208Z,refresh,18549,1705371,5,0,1,0,1790722800,2026-09-29T23:00:00Z
2026-09-28T16:28:54.455208Z,refresh,18550,1705372,55,3,1,0,1790722800,2026-09-29T23:00:00Z
2026-09-28T16:28:54.455208Z,refresh,18551,1705373,30,3,1,0,1790722800,2026-09-29T23:00:00Z
2026-09-28T16:28:54.455208Z,refresh,18552,1705374,5,1,1,0,1790722800,2026-09-29T23:00:00Z
2026-09-28T16:28:54.455208Z,refresh,18553,1705375,5,0,1,0,1790722800,2026-09-29T23:00:00Z
2026-09-28T16:28:54.455208Z,refresh,18554,1705376,50,8,1,0,1790722800,2026-09-29T23:00:00Z
2026-09-28T16:28:54.455208Z,refresh,18555,1705377,40,8,1,0,1790722800,2026-09-29T23:00:00Z
2026-09-28T16:28:54.455208Z,refresh,18556,1705378,5,1,1,0,1790722800,2026-09-29T23:00:00Z
2026-09-28T16:28:54.455208Z,refresh,18557,1705379,5,1,1,0,1790722800,2026-09-29T23:00:00Z
2026-09-28T16:28:54.455208Z,refresh,18558,1705380,5,1,1,0,1790722800,2026-09-29T23:00:00Z
2026-09-28T16:28:54.455208Z,refresh,18559,1705381,5,1,1,0,1790722800,2026-09-29T23:00:00Z
2026-09-28T16:28:54.455208Z,refresh,18560,1705382,30,4,1,0,1790722800,2026-09-29T23:00:00Z
2026-09-28T16:28:54.455208Z,refresh,18561,1705383,5,1,1,0,1790722800,2026-09-29T23:00:00Z
2026-09-28T16:28:54.455208Z,refresh,30-1333,1799925,5,1,1,0,1790724600,2026-09-29T23:30:00Z
2026-09-28T16:28:54.455208Z,refresh,18223,1705434,10,2,1,0,1790724600,2026-09-29T23:30:00Z
2026-09-28T16:28:54.455208Z,refresh,18224,1705435,5,1,1,0,1790724600,2026-09-29T23:30:00Z
2026-09-28T16:28:54.455208Z,refresh,18225,1705436,5,0,1,0,1790724600,2026-09-29T23:30:00Z
2026-09-28T16:28:54.455208Z,refresh,18226,1705437,5,1,1,0,1790724600,2026-09-29T23:30:00Z
2026-09-28T16:28:54.455208Z,refresh,18250,1705438,115,15,1,0,1790724600,2026-09-29T23:30:00Z
2026-09-28T16:28:54.455208Z,refresh,18251,1705439,5,1,1,0,1790724600,2026-09-29T23:30:00Z
2026-09-28T16:28:54.455208Z,refresh,18252,1705440,5,1,1,0,1790724600,2026-09-29T23:30:00Z
2026-09-28T16:28:54.455208Z,refresh,18253,1705441,5,1,1,0,1790724600,2026-09-29T23:30:00Z
2026-09-28T16:28:54.455208Z,refresh,18254,1705442,5,0,1,0,1790724600,2026-09-29T23:30:00Z
2026-09-28T16:28:54.455208Z,refresh,18255,1705443,5,0,1,0,1790724600,2026-09-29T23:30:00Z
2026-09-28T16:28:54.455208Z,refresh,18256,1705444,5,0,1,0,1790724600,2026-09-29T23:30:00Z
2026-09-28T16:28:54.455208Z,refresh,18257,1705445,10,2,1,0,1790724600,2026-09-29T23:30:00Z
2026-09-28T16:28:54.455208Z,refresh,18258,1705446,5,1,1,0,1790724600,2026-09-29T23:30:00Z
2026-09-28T16:28:54.455208Z,refresh,18259,1705447,10,2,1,0,1790724600,2026-09-29T23:30:00Z
2026-09-28T16:28:54.455208Z,refresh,18260,1705448,105,8,1,0,1790724600,2026-09-29T23:30:00Z
2026-09-28T16:28:54.455208Z,refresh,18261,1705449,5,1,1,0,1790724600,2026-09-29T23:30:00Z
2026-09-28T16:28:54.455208Z,refresh,18262,1705450,10,2,1,0,1790724600,2026-09-29T23:30:00Z
2026-09-28T16:28:54.455208Z,refresh,18263,1705451,5,0,1,0,1790724600,2026-09-29T23:30:00Z
2026-09-28T16:28:54.455208Z,refresh,18264,1705452,5,1,1,0,1790724600,2026-09-29T23:30:00Z
2026-09-28T16:28:54.455208Z,refresh,18265,1705453,5,1,1,0,1790724600,2026-09-29T23:30:00Z
2026-09-28T16:28:54.455208Z,refresh,18266,1705454,10,2,1,0,1790724600,2026-09-29T23:30:00Z
2026-09-28T16:28:54.455208Z,refresh,18267,1705455,5,1,1,0,1790724600,2026-09-29T23:30:00Z
2026-09-28T16:28:54.455208Z,refresh,18268,1705456,5,0,1,0,1790724600,2026-09-29T23:30:00Z
2026-09-28T16:28:54.455208Z,refresh,18269,1705457,20,4,1,0,1790724600,2026-09-29T23:30:00Z
2026-09-28T16:28:54.455208Z,refresh,18270,1705458,5,1,1,0,1790724600,2026-09-29T23:30:00Z
2026-09-28T16:28:54.455208Z,refresh,18271,1705459,10,2,1,0,1790724600,2026-09-29T23:30:00Z
2026-09-28T16:28:54.455208Z,refresh,18272,1705460,5,1,1,0,1790724600,2026-09-29T23:30:00Z
2026-09-28T16:28:54.455208Z,refresh,18273,1705461,5,1,1,0,1790724600,2026-09-29T23:30:00Z
2026-09-28T16:28:54.455208Z,refresh,18274,1705462,5,0,1,0,1790724600,2026-09-29T23:30:00Z
2026-09-28T16:28:54.455208Z,refresh,18275,1705463,5,1,1,0,1790724600,2026-09-29T23:30:00Z
2026-09-28T16:28:54.455208Z,refresh,18276,1705464,5,1,1,0,1790724600,2026-09-29T23:30:00Z
2026-09-28T16:28:54.455208Z,refresh,18277,1705465,5,0,1,0,1790724600,2026-09-29T23:30:00Z
2026-09-28T16:28:54.455208Z,refresh,18278,1705466,5,0,1,0,1790724600,2026-09-29T23:30:00Z
2026-09-28T16:28:54.455208Z,refresh,18279,1705467,5,0,1,0,1790724600,2026-09-29T23:30:00Z
2026-09-28T16:28:54.455208Z,refresh,18280,1705468,5,1,1,0,1790724600,2026-09-29T23:30:00Z
2026-09-28T16:28:54.455208Z,refresh,18281,1705469,5,0,1,0,1790724600,2026-09-29T23:30:00Z
2026-09-28T16:28:54.455208Z,refresh,18282,1705470,175,17,1,0,1790724600,2026-09-29T23:30:00Z
2026-09-28T16:28:54.455208Z,refresh,18283,1705471,5,1,1,0,1790724600,2026-09-29T23:30:00Z
2026-09-28T16:28:54.455208Z,refresh,18284,1705472,5,0,1,0,1790724600,2026-09-29T23:30:00Z
2026-09-28T16:28:54.455208Z,refresh,18285,1705473,5,1,1,0,1790724600,2026-09-29T23:30:00Z
2026-09-28T16:28:54.455208Z,refresh,18286,1705474,5,0,1,0,1790724600,2026-09-29T23:30:00Z
2026-09-28T16:28:54.455208Z,refresh,18287,1705475,5,0,1,0,1790724600,2026-09-29T23:30:00Z
2026-09-28T16:28:54.455208Z,refresh,18288,1705476,5,0,1,0,1790724600,2026-09-29T23:30:00Z
2026-09-28T16:28:54.455208Z,refresh,18289,1705477,10,2,1,0,1790724600,2026-09-29T23:30:00Z
2026-09-28T16:28:54.455208Z,refresh,18290,1705478,70,14,1,0,1790724600,2026-09-29T23:30:00Z
2026-09-28T16:28:54.455208Z,refresh,18562,1705384,5,1,1,0,1790724600,2026-09-29T23:30:00Z
2026-09-28T16:28:54.455208Z,refresh,18563,1705385,5,1,1,0,1790724600,2026-09-29T23:30:00Z
2026-09-28T16:28:54.455208Z,refresh,18564,1705386,15,3,1,0,1790724600,2026-09-29T23:30:00Z
2026-09-28T16:28:54.455208Z,refresh,18565,1705387,15,3,1,0,1790724600,2026-09-29T23:30:00Z
2026-09-28T16:28:54.455208Z,refresh,18566,1705388,10,2,1,0,1790724600,2026-09-29T23:30:00Z
2026-09-28T16:28:54.455208Z,refresh,18567,1705389,5,1,1,0,1790724600,2026-09-29T23:30:00Z
2026-09-28T16:28:54.455208Z,refresh,18568,1705390,5,1,1,0,1790724600,2026-09-29T23:30:00Z
2026-09-28T16:28:54.455208Z,refresh,18569,1705391,5,1,1,0,1790724600,2026-09-29T23:30:00Z
2026-09-28T16:28:54.455208Z,refresh,18570,1705392,10,2,1,0,1790724600,2026-09-29T23:30:00Z
2026-09-28T16:28:54.455208Z,refresh,18571,1705393,5,1,1,0,1790724600,2026-09-29T23:30:00Z
2026-09-28T16:28:54.455208Z,refresh,18572,1705394,55,4,1,0,1790724600,2026-09-29T23:30:00Z
2026-09-28T16:28:54.455208Z,refresh,18573,1705395,10,2,1,0,1790724600,2026-09-29T23:30:00Z
2026-09-28T16:28:54.455208Z,refresh,18574,1705396,5,1,1,0,1790724600,2026-09-29T23:30:00Z
2026-09-28T16:28:54.455208Z,refresh,18575,1705397,10,2,1,0,1790724600,2026-09-29T23:30:00Z
2026-09-28T16:28:54.455208Z,refresh,18576,1705398,35,6,1,0,1790724600,2026-09-29T23:30:00Z
2026-09-28T16:28:54.455208Z,refresh,18577,1705399,5,0,1,0,1790724600,2026-09-29T23:30:00Z
2026-09-28T16:28:54.455208Z,refresh,18578,1705400,5,0,1,0,1790724600,2026-09-29T23:30:00Z
2026-09-28T16:28:54.455208Z,refresh,18579,1705401,10,2,1,0,1790724600,2026-09-29T23:30:00Z
2026-09-28T16:28:54.455208Z,refresh,18580,1705402,305,6,1,0,1790724600,2026-09-29T23:30:00Z
2026-09-28T16:28:54.455208Z,refresh,18581,1705403,10,2,1,0,1790724600,2026-09-29T23:30:00Z
2026-09-28T16:28:54.455208Z,refresh,18582,1705404,5,0,1,0,1790724600,2026-09-29T23:30:00Z
2026-09-28T16:28:54.455208Z,refresh,18583,1705405,5,0,1,0,1790724600,2026-09-29T23:30:00Z
2026-09-28T16:28:54.455208Z,refresh,18584,1705406,5,1,1,0,1790724600,2026-09-29T23:30:00Z
2026-09-28T16:28:54.455208Z,refresh,18585,1705407,5,1,1,0,1790724600,2026-09-29T23:30:00Z
2026-09-28T16:28:54.455208Z,refresh,18586,1705408,5,1,1,0,1790724600,2026-09-29T23:30:00Z
2026-09-28T16:28:54.455208Z,refresh,18587,1705409,55,5,1,0,1790724600,2026-09-29T23:30:00Z
2026-09-28T16:28:54.455208Z,refresh,18588,1705410,10,2,1,0,1790724600,2026-09-29T23:30:00Z
2026-09-28T16:28:54.455208Z,refresh,18589,1705411,5,1,1,0,1790724600,2026-09-29T23:30:00Z
2026-09-28T16:28:54.455208Z,refresh,18590,1705412,5,1,1,0,1790724600,2026-09-29T23:30:00Z
2026-09-28T16:28:54.455208Z,refresh,18591,1705413,5,1,1,0,1790724600,2026-09-29T23:30:00Z
2026-09-28T16:28:54.455208Z,refresh,18592,1705414,5,0,1,0,1790724600,2026-09-29T23:30:00Z
2026-09-28T16:28:54.455208Z,refresh,18593,1705415,5,1,1,0,1790724600,2026-09-29T23:30:00Z
2026-09-28T16:28:54.455208Z,refresh,18594,1705416,5,1,1,0,1790724600,2026-09-29T23:30:00Z
2026-09-28T16:28:54.455208Z,refresh,18595,1705417,5,1,1,0,1790724600,2026-09-29T23:30:00Z
2026-09-28T16:28:54.455208Z,refresh,18596,1705418,5,0,1,0,1790724600,2026-09-29T23:30:00Z
2026-09-28T16:28:54.455208Z,refresh,18597,1705419,70,9,1,0,1790724600,2026-09-29T23:30:00Z
2026-09-28T16:28:54.455208Z,refresh,18598,1705420,5,1,1,0,1790724600,2026-09-29T23:30:00Z
2026-09-28T16:28:54.455208Z,refresh,18599,1705421,10,2,1,0,1790724600,2026-09-29T23:30:00Z
2026-09-28T16:28:54.455208Z,refresh,18600,1705422,5,1,1,0,1790724600,2026-09-29T23:30:00Z
2026-09-28T16:28:54.455208Z,refresh,18601,1705423,30,3,1,0,1790724600,2026-09-29T23:30:00Z
2026-09-28T16:28:54.455208Z,refresh,18602,1705424,5,0,1,0,1790724600,2026-09-29T23:30:00Z
2026-09-28T16:28:54.455208Z,refresh,18603,1705425,5,1,1,0,1790724600,2026-09-29T23:30:00Z
2026-09-28T16:28:54.455208Z,refresh,18604,1705426,10,2,1,0,1790724600,2026-09-29T23:30:00Z
2026-09-28T16:28:54.455208Z,refresh,18605,1705427,20,3,1,0,1790724600,2026-09-29T23:30:00Z
2026-09-28T16:28:54.455208Z,refresh,18606,1705428,10,2,1,0,1790724600,2026-09-29T23:30:00Z
2026-09-28T16:28:54.455208Z,refresh,18607,1705429,5,0,1,0,1790724600,2026-09-29T23:30:00Z
2026-09-28T16:28:54.455208Z,refresh,18608,1705430,5,0,1,0,1790724600,2026-09-29T23:30:00Z
2026-09-28T16:28:54.455208Z,refresh,18609,1705431,10,2,1,0,1790724600,2026-09-29T23:30:00Z
2026-09-28T16:28:54.455208Z,refresh,18610,1705432,5,1,1,0,1790724600,2026-09-29T23:30:00Z
2026-09-28T16:28:54.455208Z,refresh,18611,1705433,5,0,1,0,1790724600,2026-09-29T23:30:00Z
2026-09-28T16:28:54.455208Z,refresh,18612,1723322,125,10,1,0,1790724600,2026-09-29T23:30:00Z
2026-09-28T16:28:54.455208Z,refresh,18291,1705479,5,1,1,0,1790726400,2026-09-30T00:00:00Z
2026-09-28T16:28:54.455208Z,refresh,18292,1705480,5,0,1,0,1790726400,2026-09-30T00:00:00Z
2026-09-28T16:28:54.455208Z,refresh,18293,1705481,35,7,1,0,1790726400,2026-09-30T00:00:00Z
2026-09-28T16:28:54.455208Z,refresh,18294,1705482,5,1,1,0,1790726400,2026-09-30T00:00:00Z
2026-09-28T16:28:54.455208Z,refresh,18295,1705483,105,6,1,0,1790726400,2026-09-30T00:00:00Z
2026-09-28T16:28:54.455208Z,refresh,18296,1705484,5,1,1,0,1790726400,2026-09-30T00:00:00Z
2026-09-28T16:28:54.455208Z,refresh,18297,1705485,5,1,1,0,1790726400,2026-09-30T00:00:00Z
2026-09-28T16:28:54.455208Z,refresh,18298,1705486,5,1,1,0,1790726400,2026-09-30T00:00:00Z
2026-09-28T16:28:54.455208Z,refresh,18299,1705487,5,1,1,0,1790726400,2026-09-30T00:00:00Z
2026-09-28T16:28:54.455208Z,refresh,18300,1705488,5,0,1,0,1790726400,2026-09-30T00:00:00Z
2026-09-28T16:28:54.455208Z,refresh,18301,1705489,5,1,1,0,1790726400,2026-09-30T00:00:00Z
2026-09-28T16:28:54.455208Z,refresh,18302,1705490,10,2,1,0,1790726400,2026-09-30T00:00:00Z
2026-09-28T16:28:54.455208Z,refresh,18303,1705491,5,0,1,0,1790726400,2026-09-30T00:00:00Z
2026-09-28T16:28:54.455208Z,refresh,18304,1705492,10,2,1,0,1790726400,2026-09-30T00:00:00Z
2026-09-28T16:28:54.455208Z,refresh,18305,1705493,5,1,1,0,1790726400,2026-09-30T00:00:00Z
2026-09-28T16:28:54.455208Z,refresh,18306,1705494,5,1,1,0,1790726400,2026-09-30T00:00:00Z
2026-09-28T16:28:54.455208Z,refresh,18307,1705495,5,1,1,0,1790726400,2026-09-30T00:00:00Z
2026-09-28T16:28:54.455208Z,refresh,18308,1705496,5,1,1,0,1790726400,2026-09-30T00:00:00Z
2026-09-28T16:28:54.455208Z,refresh,18309,1705497,10,2,1,0,1790726400,2026-09-30T00:00:00Z
2026-09-28T16:28:54.455208Z,refresh,18310,1705498,15,3,1,0,1790726400,2026-09-30T00:00:00Z
2026-09-28T16:28:54.455208Z,refresh,18311,1705499,10,2,1,0,1790726400,2026-09-30T00:00:00Z
2026-09-28T16:28:54.455208Z,refresh,18312,1705500,1605,21,1,0,1790726400,2026-09-30T00:00:00Z
2026-09-28T16:28:54.455208Z,refresh,18313,1705501,10,2,1,0,1790726400,2026-09-30T00:00:00Z
2026-09-28T16:28:54.455208Z,refresh,18314,1705502,5,1,1,0,1790726400,2026-09-30T00:00:00Z
2026-09-28T16:28:54.455208Z,refresh,18315,1705503,30,3,1,0,1790726400,2026-09-30T00:00:00Z
2026-09-28T16:28:54.455208Z,refresh,18316,1705504,5,1,1,0,1790726400,2026-09-30T00:00:00Z
2026-09-28T16:28:54.455208Z,refresh,18317,1705505,5,0,1,0,1790726400,2026-09-30T00:00:00Z
2026-09-28T16:28:54.455208Z,refresh,18318,1705506,5,1,1,0,1790726400,2026-09-30T00:00:00Z
2026-09-28T16:28:54.455208Z,refresh,18319,1705507,10,2,1,0,1790726400,2026-09-30T00:00:00Z
2026-09-28T16:28:54.455208Z,refresh,18320,1705508,5,1,1,0,1790726400,2026-09-30T00:00:00Z
2026-09-28T16:28:54.455208Z,refresh,18321,1705509,5,1,1,0,1790726400,2026-09-30T00:00:00Z
2026-09-28T16:28:54.455208Z,refresh,18322,1705510,5,1,1,0,1790726400,2026-09-30T00:00:00Z
2026-09-28T16:28:54.455208Z,refresh,18323,1705511,15,3,1,0,1790726400,2026-09-30T00:00:00Z
2026-09-28T16:28:54.455208Z,refresh,18324,1705512,10,2,1,0,1790726400,2026-09-30T00:00:00Z
2026-09-28T16:28:54.455208Z,refresh,18325,1705513,50,9,1,0,1790726400,2026-09-30T00:00:00Z
2026-09-28T16:28:54.455208Z,refresh,18326,1705514,10,2,1,0,1790726400,2026-09-30T00:00:00Z
2026-09-28T16:28:54.455208Z,refresh,18327,1705515,15,3,1,0,1790726400,2026-09-30T00:00:00Z
2026-09-28T16:28:54.455208Z,refresh,18328,1705516,505,6,1,0,1790726400,2026-09-30T00:00:00Z
2026-09-28T16:28:54.455208Z,refresh,18329,1705517,1600,23,1,0,1790726400,2026-09-30T00:00:00Z
2026-09-28T16:28:54.455208Z,refresh,18330,1705518,5,1,1,0,1790726400,2026-09-30T00:00:00Z
2026-09-28T16:28:54.455208Z,refresh,18331,1705519,5,1,1,0,1790726400,2026-09-30T00:00:00Z
2026-09-28T16:28:54.455208Z,refresh,18332,1705520,5,1,1,0,1790726400,2026-09-30T00:00:00Z
2026-09-28T16:28:54.455208Z,refresh,18333,1705521,5,1,1,0,1790726400,2026-09-30T00:00:00Z
2026-09-28T16:28:54.455208Z,refresh,18334,1705522,135,28,1,0,1790726400,2026-09-30T00:00:00Z
2026-09-28T16:28:54.455208Z,refresh,18335,1705523,10,2,1,0,1790726400,2026-09-30T00:00:00Z
2026-09-28T16:28:54.455208Z,refresh,18336,1705524,5,1,1,0,1790726400,2026-09-30T00:00:00Z
2026-09-28T16:28:54.455208Z,refresh,18337,1705525,5,1,1,0,1790726400,2026-09-30T00:00:00Z
2026-09-28T16:28:54.455208Z,refresh,18338,1705526,5,1,1,0,1790726400,2026-09-30T00:00:00Z
2026-09-28T16:28:54.455208Z,refresh,18339,1705527,10,2,1,0,1790726400,2026-09-30T00:00:00Z
2026-09-28T16:28:54.455208Z,refresh,18340,1705528,5,1,1,0,1790726400,2026-09-30T00:00:00Z
2026-09-28T16:28:54.455208Z,refresh,18341,1705529,5,1,1,0,1790726400,2026-09-30T00:00:00Z
2026-09-28T16:28:54.455208Z,refresh,18342,1705530,205,36,1,0,1790726400,2026-09-30T00:00:00Z
2026-09-28T16:28:54.455208Z,refresh,18343,1705531,5,1,1,0,1790726400,2026-09-30T00:00:00Z
2026-09-28T16:28:54.455208Z,refresh,18344,1705532,56,4,1,0,1790726400,2026-09-30T00:00:00Z
2026-09-28T16:28:54.455208Z,refresh,18345,1705533,10,2,1,0,1790726400,2026-09-30T00:00:00Z
2026-09-28T16:28:54.455208Z,refresh,18346,1705534,10,2,1,0,1790726400,2026-09-30T00:00:00Z
2026-09-28T16:28:54.455208Z,refresh,18347,1705535,5,1,1,0,1790726400,2026-09-30T00:00:00Z
2026-09-28T16:28:54.455208Z,refresh,18348,1705536,205,6,1,0,1790726400,2026-09-30T00:00:00Z
2026-09-28T16:28:54.455208Z,refresh,18349,1705537,5,1,1,0,1790726400,2026-09-30T00:00:00Z
2026-09-28T16:28:54.455208Z,refresh,18350,1705538,5,1,1,0,1790726400,2026-09-30T00:00:00Z
2026-09-28T16:28:54.455208Z,refresh,18351,1705539,5,1,1,0,1790726400,2026-09-30T00:00:00Z
2026-09-28T16:28:54.455208Z,refresh,18352,1705540,5,1,1,0,1790726400,2026-09-30T00:00:00Z
2026-09-28T16:28:54.455208Z,refresh,18353,1705541,5,1,1,0,1790726400,2026-09-30T00:00:00Z
2026-09-28T16:28:54.455208Z,refresh,18354,1705542,105,4,1,0,1790726400,2026-09-30T00:00:00Z
2026-09-28T16:28:54.455208Z,refresh,18355,1705543,775,12,1,0,1790726400,2026-09-30T00:00:00Z
2026-09-28T16:28:54.455208Z,refresh,18356,1705544,410,8,1,0,1790726400,2026-09-30T00:00:00Z
2026-09-28T16:28:54.455208Z,refresh,18357,1705545,725,25,1,0,1790726400,2026-09-30T00:00:00Z
2026-09-28T16:28:54.455208Z,refresh,18358,1705546,2150,27,1,0,1790726400,2026-09-30T00:00:00Z
2026-09-28T16:28:54.455208Z,refresh,18359,1705547,225,8,1,0,1790726400,2026-09-30T00:00:00Z
2026-09-28T16:28:54.455208Z,refresh,18360,1705548,2200,86,1,0,1790726400,2026-09-30T00:00:00Z
2026-09-28T16:28:54.455208Z,refresh,18361,1705549,3275,73,1,0,1790726400,2026-09-30T00:00:00Z
2026-09-28T16:28:54.455208Z,refresh,18362,1705550,625,8,1,0,1790726400,2026-09-30T00:00:00Z
2026-09-28T16:28:54.455208Z,refresh,18364,1705551,2350,11,1,0,1790726400,2026-09-30T00:00:00Z
2026-09-28T16:28:54.455208Z,refresh,18365,1705552,7550,18,1,0,1790726400,2026-09-30T00:00:00Z
2026-09-28T16:28:54.455208Z,refresh,18366,1705553,760,4,1,0,1790726400,2026-09-30T00:00:00Z
2026-09-28T16:28:54.455208Z,refresh,18367,1705554,1550,12,1,0,1790726400,2026-09-30T00:00:00Z
2026-09-28T16:28:54.455208Z,refresh,18368,1705555,345,9,1,0,1790726400,2026-09-30T00:00:00Z
2026-09-28T16:28:54.455208Z,refresh,18369,1705556,255,8,1,0,1790726400,2026-09-30T00:00:00Z
2026-09-28T16:28:54.455208Z,refresh,18370,1705557,1175,10,1,0,1790726400,2026-09-30T00:00:00Z
2026-09-28T16:28:54.455208Z,refresh,18371,1705558,1136,11,1,0,1790726400,2026-09-30T00:00:00Z
2026-09-28T16:28:54.455208Z,refresh,18372,1705559,8305,5,1,0,1790726400,2026-09-30T00:00:00Z
2026-09-28T16:28:54.455208Z,refresh,18373,1705560,4050,33,1,0,1790726400,2026-09-30T00:00:00Z
2026-09-28T16:28:54.455208Z,refresh,18374,1705561,1349,12,1,0,1790726400,2026-09-30T00:00:00Z
2026-09-28T16:28:54.455208Z,refresh,18375,1705562,530,5,1,0,1790726400,2026-09-30T00:00:00Z
2026-09-28T16:28:54.455208Z,refresh,18376,1705563,305,4,1,0,1790726400,2026-09-30T00:00:00Z
2026-09-28T16:28:54.455208Z,refresh,18377,1705564,105,2,1,0,1790726400,2026-09-30T00:00:00Z
2026-09-28T16:28:54.455208Z,refresh,18378,1705565,210,5,1,0,1790726400,2026-09-30T00:00:00Z
2026-09-28T16:28:54.455208Z,refresh,18379,1705566,105,2,1,0,1790726400,2026-09-30T00:00:00Z
2026-09-28T16:28:54.455208Z,refresh,18380,1705567,40250,22,1,0,1790726400,2026-09-30T00:00:00Z
2026-09-28T16:28:54.455208Z,refresh,18381,1705568,8200,53,1,0,1790726400,2026-09-30T00:00:00Z
2026-09-28T16:28:54.455208Z,refresh,18382,1705569,20100,44,1,0,1790726400,2026-09-30T00:00:00Z
2026-09-28T16:28:54.455208Z,refresh,18383,1705570,185,18,1,0,1790726400,2026-09-30T00:00:00Z
2026-09-28T16:28:54.455208Z,refresh,18384,1705571,3550,19,1,0,1790726400,2026-09-30T00:00:00Z
2026-09-28T16:28:54.455208Z,refresh,18385,1705572,115,12,1,0,1790726400,2026-09-30T00:00:00Z
2026-09-28T16:28:54.455208Z,refresh,18386,1705573,110,14,1,0,1790726400,2026-09-30T00:00:00Z
2026-09-28T16:28:54.455208Z,refresh,18387,1705574,100,8,1,0,1790726400,2026-09-30T00:00:00Z
2026-09-28T16:28:54.455208Z,refresh,18388,1705575,5,1,1,0,1790726400,2026-09-30T00:00:00Z
2026-09-28T16:28:54.455208Z,refresh,18613,1723323,5,0,1,0,1790726400,2026-09-30T00:00:00Z
2026-09-28T16:28:54.455208Z,refresh,18614,1723324,500,1,1,0,1790726400,2026-09-30T00:00:00Z
2026-09-28T16:28:54.455208Z,refresh,18615,1722853,100,1,1,0,1790726400,2026-09-30T00:00:00Z
2026-09-28T16:28:54.455208Z,refresh,18616,1723069,810,31,1,0,1790726400,2026-09-30T00:00:00Z
2026-09-28T16:28:54.455208Z,refresh,19094,1717855,4050,16,1,0,1790726400,2026-09-30T00:00:00Z
2026-09-28T17:25:23.844005Z,refresh,30-1332,1799881,5,0,1,0,1790719200,2026-09-29T22:00:00Z
2026-09-28T17:25:23.844005Z,refresh,18100,1705100,175,17,1,0,1790719200,2026-09-29T22:00:00Z
2026-09-28T17:25:23.844005Z,refresh,18101,1705101,30,4,1,0,1790719200,2026-09-29T22:00:00Z
2026-09-28T17:25:23.844005Z,refresh,18102,1705102,30,4,1,0,1790719200,2026-09-29T22:00:00Z
2026-09-28T17:25:23.844005Z,refresh,18103,1705103,5,1,1,0,1790719200,2026-09-29T22:00:00Z
2026-09-28T17:25:23.844005Z,refresh,18104,1705104,100,1,1,0,1790719200,2026-09-29T22:00:00Z
2026-09-28T17:25:23.844005Z,refresh,18105,1705105,20,4,1,0,1790719200,2026-09-29T22:00:00Z
2026-09-28T17:25:23.844005Z,refresh,18106,1705106,10,2,1,0,1790719200,2026-09-29T22:00:00Z
2026-09-28T17:25:23.844005Z,refresh,18107,1705107,5,1,1,0,1790719200,2026-09-29T22:00:00Z
2026-09-28T17:25:23.844005Z,refresh,18108,1705108,15,3,1,0,1790719200,2026-09-29T22:00:00Z
2026-09-28T17:25:23.844005Z,refresh,18109,1705109,5,1,1,0,1790719200,2026-09-29T22:00:00Z
2026-09-28T17:25:23.844005Z,refresh,18110,1705110,25,5,1,0,1790719200,2026-09-29T22:00:00Z
2026-09-28T17:25:23.844005Z,refresh,18111,1705111,5,1,1,0,1790719200,2026-09-29T22:00:00Z
2026-09-28T17:25:23.844005Z,refresh,18112,1705112,5,0,1,0,1790719200,2026-09-29T22:00:00Z
2026-09-28T17:25:23.844005Z,refresh,18113,1705113,5,1,1,0,1790719200,2026-09-29T22:00:00Z
2026-09-28T17:25:23.844005Z,refresh,18114,1705114,170,31,1,0,1790719200,2026-09-29T22:00:00Z
2026-09-28T17:25:23.844005Z,refresh,18115,1705115,5,1,1,0,1790719200,2026-09-29T22:00:00Z
2026-09-28T17:25:23.844005Z,refresh,18116,1705116,60,13,1,0,1790719200,2026-09-29T22:00:00Z
2026-09-28T17:25:23.844005Z,refresh,18117,1705117,55,11,1,0,1790719200,2026-09-29T22:00:00Z
2026-09-28T17:25:23.844005Z,refresh,18118,1705118,10,2,1,0,1790719200,2026-09-29T22:00:00Z
2026-09-28T17:25:23.844005Z,refresh,18119,1705119,105,8,1,0,1790719200,2026-09-29T22:00:00Z
2026-09-28T17:25:23.844005Z,refresh,18120,1705120,30,7,1,0,1790719200,2026-09-29T22:00:00Z
2026-09-28T17:25:23.844005Z,refresh,18121,1705121,5,0,1,0,1790719200,2026-09-29T22:00:00Z
2026-09-28T17:25:23.844005Z,refresh,18122,1705122,5,1,1,0,1790719200,2026-09-29T22:00:00Z
2026-09-28T17:25:23.844005Z,refresh,18123,1705123,165,35,1,0,1790719200,2026-09-29T22:00:00Z
2026-09-28T17:25:23.844005Z,refresh,18124,1705124,205,18,1,0,1790719200,2026-09-29T22:00:00Z
2026-09-28T17:25:23.844005Z,refresh,18125,1705125,115,25,1,0,1790719200,2026-09-29T22:00:00Z
2026-09-28T17:25:23.844005Z,refresh,18126,1705126,10,2,1,0,1790719200,2026-09-29T22:00:00Z
2026-09-28T17:25:23.844005Z,refresh,18127,1705127,85,9,1,0,1790719200,2026-09-29T22:00:00Z
2026-09-28T17:25:23.844005Z,refresh,18128,1705128,150,12,1,0,1790719200,2026-09-29T22:00:00Z
2026-09-28T17:25:23.844005Z,refresh,18129,1705129,5,1,1,0,1790719200,2026-09-29T22:00:00Z
2026-09-28T17:25:23.844005Z,refresh,18130,1705130,55,12,1,0,1790719200,2026-09-29T22:00:00Z
2026-09-28T17:25:23.844005Z,refresh,18131,1705131,5,0,1,0,1790719200,2026-09-29T22:00:00Z
2026-09-28T17:25:23.844005Z,refresh,18132,1705132,5,0,1,0,1790719200,2026-09-29T22:00:00Z
2026-09-28T17:25:23.844005Z,refresh,18133,1705133,30,6,1,0,1790719200,2026-09-29T22:00:00Z
2026-09-28T17:25:23.844005Z,refresh,18134,1705134,176,10,1,0,1790719200,2026-09-29T22:00:00Z
2026-09-28T17:25:23.844005Z,refresh,18135,1705135,105,6,1,0,1790719200,2026-09-29T22:00:00Z
2026-09-28T17:25:23.844005Z,refresh,18136,1705136,5,0,1,0,1790719200,2026-09-29T22:00:00Z
2026-09-28T17:25:23.844005Z,refresh,18137,1705137,10,2,1,0,1790719200,2026-09-29T22:00:00Z
2026-09-28T17:25:23.844005Z,refresh,18138,1705138,20,4,1,0,1790719200,2026-09-29T22:00:00Z
2026-09-28T17:25:23.844005Z,refresh,18139,1705139,100,4,1,0,1790719200,2026-09-29T22:00:00Z
2026-09-28T17:25:23.844005Z,refresh,18140,1705140,5,1,1,0,1790719200,2026-09-29T22:00:00Z
2026-09-28T17:25:23.844005Z,refresh,18141,1705141,5,1,1,0,1790719200,2026-09-29T22:00:00Z
2026-09-28T17:25:23.844005Z,refresh,18142,1705142,5,1,1,0,1790719200,2026-09-29T22:00:00Z
2026-09-28T17:25:23.844005Z,refresh,18143,1705143,5,1,1,0,1790719200,2026-09-29T22:00:00Z
2026-09-28T17:25:23.844005Z,refresh,18144,1705144,5,1,1,0,1790719200,2026-09-29T22:00:00Z
2026-09-28T17:25:23.844005Z,refresh,18145,1705145,5,1,1,0,1790719200,2026-09-29T22:00:00Z
2026-09-28T17:25:23.844005Z,refresh,18146,1705146,5,0,1,0,1790719200,2026-09-29T22:00:00Z
2026-09-28T17:25:23.844005Z,refresh,18147,1705147,60,10,1,0,1790719200,2026-09-29T22:00:00Z
2026-09-28T17:25:23.844005Z,refresh,18148,1705148,105,5,1,0,1790719200,2026-09-29T22:00:00Z
2026-09-28T17:25:23.844005Z,refresh,18149,1705149,20,4,1,0,1790719200,2026-09-29T22:00:00Z
2026-09-28T17:25:23.844005Z,refresh,18150,1705150,45,7,1,0,1790719200,2026-09-29T22:00:00Z
2026-09-28T17:25:23.844005Z,refresh,18151,1705151,20,4,1,0,1790719200,2026-09-29T22:00:00Z
2026-09-28T17:25:23.844005Z,refresh,18152,1705152,5,1,1,0,1790719200,2026-09-29T22:00:00Z
2026-09-28T17:25:23.844005Z,refresh,18153,1705153,5,1,1,0,1790719200,2026-09-29T22:00:00Z
2026-09-28T17:25:23.844005Z,refresh,18154,1705154,5,1,1,0,1790719200,2026-09-29T22:00:00Z
2026-09-28T17:25:23.844005Z,refresh,18156,1705155,5,0,1,0,1790719200,2026-09-29T22:00:00Z
2026-09-28T17:25:23.844005Z,refresh,18157,1705156,20,4,1,0,1790719200,2026-09-29T22:00:00Z
2026-09-28T17:25:23.844005Z,refresh,18158,1705157,5,0,1,0,1790719200,2026-09-29T22:00:00Z
2026-09-28T17:25:23.844005Z,refresh,18159,1705158,20,5,1,0,1790719200,2026-09-29T22:00:00Z
2026-09-28T17:25:23.844005Z,refresh,18160,1705159,5,0,1,0,1790719200,2026-09-29T22:00:00Z
2026-09-28T17:25:23.844005Z,refresh,18161,1705160,5,1,1,0,1790719200,2026-09-29T22:00:00Z
2026-09-28T17:25:23.844005Z,refresh,18162,1705161,5,0,1,0,1790719200,2026-09-29T22:00:00Z
2026-09-28T17:25:23.844005Z,refresh,18163,1705162,10,2,1,0,1790719200,2026-09-29T22:00:00Z
2026-09-28T17:25:23.844005Z,refresh,18164,1705163,35,7,1,0,1790719200,2026-09-29T22:00:00Z
2026-09-28T17:25:23.844005Z,refresh,18165,1705164,5,1,1,0,1790719200,2026-09-29T22:00:00Z
2026-09-28T17:25:23.844005Z,refresh,18166,1705165,105,16,1,0,1790719200,2026-09-29T22:00:00Z
2026-09-28T17:25:23.844005Z,refresh,18167,1705166,10,2,1,0,1790719200,2026-09-29T22:00:00Z
2026-09-28T17:25:23.844005Z,refresh,18168,1705167,60,11,1,0,1790719200,2026-09-29T22:00:00Z
2026-09-28T17:25:23.844005Z,refresh,18169,1705168,35,8,1,0,1790719200,2026-09-29T22:00:00Z
2026-09-28T17:25:23.844005Z,refresh,18170,1705169,36,9,1,0,1790719200,2026-09-29T22:00:00Z
2026-09-28T17:25:23.844005Z,refresh,18171,1705170,30,7,1,0,1790719200,2026-09-29T22:00:00Z
2026-09-28T17:25:23.844005Z,refresh,18172,1705171,35,9,1,0,1790719200,2026-09-29T22:00:00Z
2026-09-28T17:25:23.844005Z,refresh,18173,1705172,55,7,1,0,1790719200,2026-09-29T22:00:00Z
2026-09-28T17:25:23.844005Z,refresh,18174,1705173,5,1,1,0,1790719200,2026-09-29T22:00:00Z
2026-09-28T17:25:23.844005Z,refresh,18175,1705174,10,2,1,0,1790719200,2026-09-29T22:00:00Z
2026-09-28T17:25:23.844005Z,refresh,18176,1705175,65,9,1,0,1790719200,2026-09-29T22:00:00Z
2026-09-28T17:25:23.844005Z,refresh,18177,1705176,5,1,1,0,1790719200,2026-09-29T22:00:00Z
2026-09-28T17:25:23.844005Z,refresh,18178,1705177,5,1,1,0,1790719200,2026-09-29T22:00:00Z
2026-09-28T17:25:23.844005Z,refresh,18179,1705178,5,0,1,0,1790719200,2026-09-29T22:00:00Z
2026-09-28T17:25:23.844005Z,refresh,18180,1705179,460,14,1,0,1790719200,2026-09-29T22:00:00Z
2026-09-28T17:25:23.844005Z,refresh,18181,1705180,5,1,1,0,1790719200,2026-09-29T22:00:00Z
2026-09-28T17:25:23.844005Z,refresh,18182,1705181,10,2,1,0,1790719200,2026-09-29T22:00:00Z
2026-09-28T17:25:23.844005Z,refresh,18183,1705182,5,0,1,0,1790719200,2026-09-29T22:00:00Z
2026-09-28T17:25:23.844005Z,refresh,18184,1705183,5,0,1,0,1790719200,2026-09-29T22:00:00Z
2026-09-28T17:25:23.844005Z,refresh,18185,1705184,5,0,1,0,1790719200,2026-09-29T22:00:00Z
2026-09-28T17:25:23.844005Z,refresh,18186,1705185,5,1,1,0,1790719200,2026-09-29T22:00:00Z
2026-09-28T17:25:23.844005Z,refresh,18187,1705186,5,1,1,0,1790719200,2026-09-29T22:00:00Z
2026-09-28T17:25:23.844005Z,refresh,18188,1705187,10,2,1,0,1790719200,2026-09-29T22:00:00Z
2026-09-28T17:25:23.844005Z,refresh,18189,1705188,10,2,1,0,1790719200,2026-09-29T22:00:00Z
2026-09-28T17:25:23.844005Z,refresh,18190,1705189,5,1,1,0,1790719200,2026-09-29T22:00:00Z
2026-09-28T17:25:23.844005Z,refresh,18191,1705190,5,0,1,0,1790719200,2026-09-29T22:00:00Z
2026-09-28T17:25:23.844005Z,refresh,18192,1705191,10,2,1,0,1790719200,2026-09-29T22:00:00Z
2026-09-28T17:25:23.844005Z,refresh,18193,1705192,20,4,1,0,1790719200,2026-09-29T22:00:00Z
2026-09-28T17:25:23.844005Z,refresh,18194,1705193,5,0,1,0,1790719200,2026-09-29T22:00:00Z
2026-09-28T17:25:23.844005Z,refresh,18195,1705194,5,0,1,0,1790721000,2026-09-29T22:30:00Z
2026-09-28T17:25:23.844005Z,refresh,18196,1705195,5,1,1,0,1790721000,2026-09-29T22:30:00Z
2026-09-28T17:25:23.844005Z,refresh,18197,1705196,20,4,1,0,1790721000,2026-09-29T22:30:00Z
2026-09-28T17:25:23.844005Z,refresh,18198,1705197,5,1,1,0,1790721000,2026-09-29T22:30:00Z
2026-09-28T17:25:23.844005Z,refresh,18199,1705198,5,1,1,0,1790721000,2026-09-29T22:30:00Z
2026-09-28T17:25:23.844005Z,refresh,18200,1705199,5,0,1,0,1790721000,2026-09-29T22:30:00Z
2026-09-28T17:25:23.844005Z,refresh,18201,1705200,5,1,1,0,1790721000,2026-09-29T22:30:00Z
2026-09-28T17:25:23.844005Z,refresh,18202,1705201,5,1,1,0,1790721000,2026-09-29T22:30:00Z
2026-09-28T17:25:23.844005Z,refresh,18203,1705202,5,1,1,0,1790721000,2026-09-29T22:30:00Z
2026-09-28T17:25:23.844005Z,refresh,18204,1705203,5,1,1,0,1790721000,2026-09-29T22:30:00Z
2026-09-28T17:25:23.844005Z,refresh,18205,1705204,30,4,1,0,1790721000,2026-09-29T22:30:00Z
2026-09-28T17:25:23.844005Z,refresh,18206,1705205,5,0,1,0,1790721000,2026-09-29T22:30:00Z
2026-09-28T17:25:23.844005Z,refresh,18207,1705206,5,1,1,0,1790721000,2026-09-29T22:30:00Z
2026-09-28T17:25:23.844005Z,refresh,18208,1705207,15,3,1,0,1790721000,2026-09-29T22:30:00Z
2026-09-28T17:25:23.844005Z,refresh,18209,1705208,30,3,1,0,1790721000,2026-09-29T22:30:00Z
2026-09-28T17:25:23.844005Z,refresh,18210,1705209,20,4,1,0,1790721000,2026-09-29T22:30:00Z
2026-09-28T17:25:23.844005Z,refresh,18211,1705210,60,8,1,0,1790721000,2026-09-29T22:30:00Z
2026-09-28T17:25:23.844005Z,refresh,18212,1705211,5,0,1,0,1790721000,2026-09-29T22:30:00Z
2026-09-28T17:25:23.844005Z,refresh,18213,1705212,5,1,1,0,1790721000,2026-09-29T22:30:00Z
2026-09-28T17:25:23.844005Z,refresh,18214,1705213,15,3,1,0,1790721000,2026-09-29T22:30:00Z
2026-09-28T17:25:23.844005Z,refresh,18215,1705214,5,1,1,0,1790721000,2026-09-29T22:30:00Z
2026-09-28T17:25:23.844005Z,refresh,18216,1705215,30,5,1,0,1790721000,2026-09-29T22:30:00Z
2026-09-28T17:25:23.844005Z,refresh,18217,1705216,5,1,1,0,1790721000,2026-09-29T22:30:00Z
2026-09-28T17:25:23.844005Z,refresh,18218,1705217,10,2,1,0,1790721000,2026-09-29T22:30:00Z
2026-09-28T17:25:23.844005Z,refresh,18219,1705218,5,1,1,0,1790721000,2026-09-29T22:30:00Z
2026-09-28T17:25:23.844005Z,refresh,18220,1705219,5,1,1,0,1790721000,2026-09-29T22:30:00Z
2026-09-28T17:25:23.844005Z,refresh,18221,1705220,60,12,1,0,1790721000,2026-09-29T22:30:00Z
2026-09-28T17:25:23.844005Z,refresh,18222,1705221,15,3,1,0,1790721000,2026-09-29T22:30:00Z
2026-09-28T17:25:23.844005Z,refresh,18400,1705222,1065,38,1,0,1790721000,2026-09-29T22:30:00Z
2026-09-28T17:25:23.844005Z,refresh,18401,1705223,105,10,1,0,1790721000,2026-09-29T22:30:00Z
2026-09-28T17:25:23.844005Z,refresh,18402,1705224,25,5,1,0,1790721000,2026-09-29T22:30:00Z
2026-09-28T17:25:23.844005Z,refresh,18403,1705225,5,1,1,0,1790721000,2026-09-29T22:30:00Z
2026-09-28T17:25:23.844005Z,refresh,18404,1705226,105,15,1,0,1790721000,2026-09-29T22:30:00Z
2026-09-28T17:25:23.844005Z,refresh,18405,1705227,40,8,1,0,1790721000,2026-09-29T22:30:00Z
2026-09-28T17:25:23.844005Z,refresh,18406,1705228,25,4,1,0,1790721000,2026-09-29T22:30:00Z
2026-09-28T17:25:23.844005Z,refresh,18407,1705229,5,1,1,0,1790721000,2026-09-29T22:30:00Z
2026-09-28T17:25:23.844005Z,refresh,18408,1705230,55,9,1,0,1790721000,2026-09-29T22:30:00Z
2026-09-28T17:25:23.844005Z,refresh,18409,1705231,55,7,1,0,1790721000,2026-09-29T22:30:00Z
2026-09-28T17:25:23.844005Z,refresh,18410,1705232,40,5,1,0,1790721000,2026-09-29T22:30:00Z
2026-09-28T17:25:23.844005Z,refresh,18411,1705233,105,7,1,0,1790721000,2026-09-29T22:30:00Z
2026-09-28T17:25:23.844005Z,refresh,18412,1705234,55,4,1,0,1790721000,2026-09-29T22:30:00Z
2026-09-28T17:25:23.844005Z,refresh,18413,1705235,10,2,1,0,1790721000,2026-09-29T22:30:00Z
2026-09-28T17:25:23.844005Z,refresh,18414,1705236,205,13,1,0,1790721000,2026-09-29T22:30:00Z
2026-09-28T17:25:23.844005Z,refresh,18415,1705237,55,11,1,0,1790721000,2026-09-29T22:30:00Z
2026-09-28T17:25:23.844005Z,refresh,18416,1705238,15,3,1,0,1790721000,2026-09-29T22:30:00Z
2026-09-28T17:25:23.844005Z,refresh,18417,1705239,155,4,1,0,1790721000,2026-09-29T22:30:00Z
2026-09-28T17:25:23.844005Z,refresh,18418,1705240,100,7,1,0,1790721000,2026-09-29T22:30:00Z
2026-09-28T17:25:23.844005Z,refresh,18419,1705241,5,1,1,0,1790721000,2026-09-29T22:30:00Z
2026-09-28T17:25:23.844005Z,refresh,18420,1705242,5,1,1,0,1790721000,2026-09-29T22:30:00Z
2026-09-28T17:25:23.844005Z,refresh,18421,1705243,55,11,1,0,1790721000,2026-09-29T22:30:00Z
2026-09-28T17:25:23.844005Z,refresh,18422,1705244,5,1,1,0,1790721000,2026-09-29T22:30:00Z
2026-09-28T17:25:23.844005Z,refresh,18423,1705245,5,1,1,0,1790721000,2026-09-29T22:30:00Z
2026-09-28T17:25:23.844005Z,refresh,18424,1705246,200,12,1,0,1790721000,2026-09-29T22:30:00Z
2026-09-28T17:25:23.844005Z,refresh,18425,1705247,5,1,1,0,1790721000,2026-09-29T22:30:00Z
2026-09-28T17:25:23.844005Z,refresh,18426,1705248,60,7,1,0,1790721000,2026-09-29T22:30:00Z
2026-09-28T17:25:23.844005Z,refresh,18427,1705249,5,1,1,0,1790721000,2026-09-29T22:30:00Z
2026-09-28T17:25:23.844005Z,refresh,18428,1705250,5,1,1,0,1790721000,2026-09-29T22:30:00Z
2026-09-28T17:25:23.844005Z,refresh,18429,1705251,10,2,1,0,1790721000,2026-09-29T22:30:00Z
2026-09-28T17:25:23.844005Z,refresh,18430,1705252,90,19,1,0,1790721000,2026-09-29T22:30:00Z
2026-09-28T17:25:23.844005Z,refresh,18431,1705253,10,2,1,0,1790721000,2026-09-29T22:30:00Z
2026-09-28T17:25:23.844005Z,refresh,18432,1705254,30,7,1,0,1790721000,2026-09-29T22:30:00Z
2026-09-28T17:25:23.844005Z,refresh,18433,1705255,10,2,1,0,1790721000,2026-09-29T22:30:00Z
2026-09-28T17:25:23.844005Z,refresh,18434,1705256,30,6,1,0,1790721000,2026-09-29T22:30:00Z
2026-09-28T17:25:23.844005Z,refresh,18435,1705257,25,5,1,0,1790721000,2026-09-29T22:30:00Z
2026-09-28T17:25:23.844005Z,refresh,18436,1705258,15,3,1,0,1790721000,2026-09-29T22:30:00Z
2026-09-28T17:25:23.844005Z,refresh,18437,1705259,5,1,1,0,1790721000,2026-09-29T22:30:00Z
2026-09-28T17:25:23.844005Z,refresh,18438,1705260,5,1,1,0,1790721000,2026-09-29T22:30:00Z
2026-09-28T17:25:23.844005Z,refresh,18439,1705261,25,5,1,0,1790721000,2026-09-29T22:30:00Z
2026-09-28T17:25:23.844005Z,refresh,18440,1705262,25,4,1,0,1790721000,2026-09-29T22:30:00Z
2026-09-28T17:25:23.844005Z,refresh,18441,1705263,100,6,1,0,1790721000,2026-09-29T22:30:00Z
2026-09-28T17:25:23.844005Z,refresh,18442,1705264,5,1,1,0,1790721000,2026-09-29T22:30:00Z
2026-09-28T17:25:23.844005Z,refresh,18443,1705265,25,5,1,0,1790721000,2026-09-29T22:30:00Z
2026-09-28T17:25:23.844005Z,refresh,18444,1705266,5,1,1,0,1790721000,2026-09-29T22:30:00Z
2026-09-28T17:25:23.844005Z,refresh,18445,1705267,5,1,1,0,1790721000,2026-09-29T22:30:00Z
2026-09-28T17:25:23.844005Z,refresh,18446,1705268,30,6,1,0,1790721000,2026-09-29T22:30:00Z
2026-09-28T17:25:23.844005Z,refresh,18447,1705269,10,2,1,0,1790721000,2026-09-29T22:30:00Z
2026-09-28T17:25:23.844005Z,refresh,18448,1705270,5,1,1,0,1790721000,2026-09-29T22:30:00Z
2026-09-28T17:25:23.844005Z,refresh,18449,1705271,10,2,1,0,1790721000,2026-09-29T22:30:00Z
2026-09-28T17:25:23.844005Z,refresh,18450,1705272,5,1,1,0,1790721000,2026-09-29T22:30:00Z
2026-09-28T17:25:23.844005Z,refresh,18451,1705273,106,14,1,0,1790721000,2026-09-29T22:30:00Z
2026-09-28T17:25:23.844005Z,refresh,18452,1705274,5,1,1,0,1790721000,2026-09-29T22:30:00Z
2026-09-28T17:25:23.844005Z,refresh,18453,1705275,105,4,1,0,1790721000,2026-09-29T22:30:00Z
2026-09-28T17:25:23.844005Z,refresh,18454,1705276,15,4,1,0,1790721000,2026-09-29T22:30:00Z
2026-09-28T17:25:23.844005Z,refresh,18455,1705277,10,2,1,0,1790721000,2026-09-29T22:30:00Z
2026-09-28T17:25:23.844005Z,refresh,18456,1705278,10,2,1,0,1790721000,2026-09-29T22:30:00Z
2026-09-28T17:25:23.844005Z,refresh,18457,1705279,5,1,1,0,1790721000,2026-09-29T22:30:00Z
2026-09-28T17:25:23.844005Z,refresh,18458,1705280,25,5,1,0,1790721000,2026-09-29T22:30:00Z
2026-09-28T17:25:23.844005Z,refresh,18459,1705281,10,2,1,0,1790721000,2026-09-29T22:30:00Z
2026-09-28T17:25:23.844005Z,refresh,18460,1705282,5,1,1,0,1790721000,2026-09-29T22:30:00Z
2026-09-28T17:25:23.844005Z,refresh,18461,1705283,5,1,1,0,1790721000,2026-09-29T22:30:00Z
2026-09-28T17:25:23.844005Z,refresh,18462,1705284,20,4,1,0,1790721000,2026-09-29T22:30:00Z
2026-09-28T17:25:23.844005Z,refresh,18463,1705285,105,13,1,0,1790721000,2026-09-29T22:30:00Z
2026-09-28T17:25:23.844005Z,refresh,18464,1705286,5,1,1,0,1790721000,2026-09-29T22:30:00Z
2026-09-28T17:25:23.844005Z,refresh,18465,1705287,40,7,1,0,1790721000,2026-09-29T22:30:00Z
2026-09-28T17:25:23.844005Z,refresh,18466,1705288,10,2,1,0,1790721000,2026-09-29T22:30:00Z
2026-09-28T17:25:23.844005Z,refresh,30-1329,1799843,5,1,1,0,1790722800,2026-09-29T23:00:00Z
2026-09-28T17:25:23.844005Z,refresh,30-1330,1799850,5,1,1,0,1790722800,2026-09-29T23:00:00Z
2026-09-28T17:25:23.844005Z,refresh,30-1331,1799864,15,4,1,0,1790722800,2026-09-29T23:00:00Z
2026-09-28T17:25:23.844005Z,refresh,18467,1705289,5,1,1,0,1790722800,2026-09-29T23:00:00Z
2026-09-28T17:25:23.844005Z,refresh,18468,1705290,5,0,1,0,1790722800,2026-09-29T23:00:00Z
2026-09-28T17:25:23.844005Z,refresh,18469,1705291,5,1,1,0,1790722800,2026-09-29T23:00:00Z
2026-09-28T17:25:23.844005Z,refresh,18470,1705292,5,0,1,0,1790722800,2026-09-29T23:00:00Z
2026-09-28T17:25:23.844005Z,refresh,18471,1705293,5,1,1,0,1790722800,2026-09-29T23:00:00Z
2026-09-28T17:25:23.844005Z,refresh,18472,1705294,5,1,1,0,1790722800,2026-09-29T23:00:00Z
2026-09-28T17:25:23.844005Z,refresh,18473,1705295,10,2,1,0,1790722800,2026-09-29T23:00:00Z
2026-09-28T17:25:23.844005Z,refresh,18474,1705296,10,2,1,0,1790722800,2026-09-29T23:00:00Z
2026-09-28T17:25:23.844005Z,refresh,18475,1705297,10,2,1,0,1790722800,2026-09-29T23:00:00Z
2026-09-28T17:25:23.844005Z,refresh,18476,1705298,5,1,1,0,1790722800,2026-09-29T23:00:00Z
2026-09-28T17:25:23.844005Z,refresh,18477,1705299,5,1,1,0,1790722800,2026-09-29T23:00:00Z
2026-09-28T17:25:23.844005Z,refresh,18478,1705300,5,1,1,0,1790722800,2026-09-29T23:00:00Z
2026-09-28T17:25:23.844005Z,refresh,18479,1705301,5,1,1,0,1790722800,2026-09-29T23:00:00Z
2026-09-28T17:25:23.844005Z,refresh,18480,1705302,15,3,1,0,1790722800,2026-09-29T23:00:00Z
2026-09-28T17:25:23.844005Z,refresh,18481,1705303,5,1,1,0,1790722800,2026-09-29T23:00:00Z
2026-09-28T17:25:23.844005Z,refresh,18482,1705304,15,3,1,0,1790722800,2026-09-29T23:00:00Z
2026-09-28T17:25:23.844005Z,refresh,18483,1705305,15,4,1,0,1790722800,2026-09-29T23:00:00Z
2026-09-28T17:25:23.844005Z,refresh,18484,1705306,5,1,1,0,1790722800,2026-09-29T23:00:00Z
2026-09-28T17:25:23.844005Z,refresh,18485,1705307,5,1,1,0,1790722800,2026-09-29T23:00:00Z
2026-09-28T17:25:23.844005Z,refresh,18486,1705308,5,1,1,0,1790722800,2026-09-29T23:00:00Z
2026-09-28T17:25:23.844005Z,refresh,18487,1705309,25,4,1,0,1790722800,2026-09-29T23:00:00Z
2026-09-28T17:25:23.844005Z,refresh,18488,1705310,5,1,1,0,1790722800,2026-09-29T23:00:00Z
2026-09-28T17:25:23.844005Z,refresh,18489,1705311,25,4,1,0,1790722800,2026-09-29T23:00:00Z
2026-09-28T17:25:23.844005Z,refresh,18490,1705312,10,2,1,0,1790722800,2026-09-29T23:00:00Z
2026-09-28T17:25:23.844005Z,refresh,18491,1705313,55,9,1,0,1790722800,2026-09-29T23:00:00Z
2026-09-28T17:25:23.844005Z,refresh,18492,1705314,5,1,1,0,1790722800,2026-09-29T23:00:00Z
2026-09-28T17:25:23.844005Z,refresh,18493,1705315,10,2,1,0,1790722800,2026-09-29T23:00:00Z
2026-09-28T17:25:23.844005Z,refresh,18494,1705316,10,2,1,0,1790722800,2026-09-29T23:00:00Z
2026-09-28T17:25:23.844005Z,refresh,18495,1705317,5,1,1,0,1790722800,2026-09-29T23:00:00Z
2026-09-28T17:25:23.844005Z,refresh,18496,1705318,50,10,1,0,1790722800,2026-09-29T23:00:00Z
2026-09-28T17:25:23.844005Z,refresh,18497,1705319,5,1,1,0,1790722800,2026-09-29T23:00:00Z
2026-09-28T17:25:23.844005Z,refresh,18498,1705320,10,2,1,0,1790722800,2026-09-29T23:00:00Z
2026-09-28T17:25:23.844005Z,refresh,18499,1705321,10,2,1,0,1790722800,2026-09-29T23:00:00Z
2026-09-28T17:25:23.844005Z,refresh,18500,1705322,10,2,1,0,1790722800,2026-09-29T23:00:00Z
2026-09-28T17:25:23.844005Z,refresh,18501,1705323,5,0,1,0,1790722800,2026-09-29T23:00:00Z
2026-09-28T17:25:23.844005Z,refresh,18502,1705324,5,1,1,0,1790722800,2026-09-29T23:00:00Z
2026-09-28T17:25:23.844005Z,refresh,18503,1705325,15,3,1,0,1790722800,2026-09-29T23:00:00Z
2026-09-28T17:25:23.844005Z,refresh,18504,1705326,5,1,1,0,1790722800,2026-09-29T23:00:00Z
2026-09-28T17:25:23.844005Z,refresh,18505,1705327,15,3,1,0,1790722800,2026-09-29T23:00:00Z
2026-09-28T17:25:23.844005Z,refresh,18506,1705328,5,1,1,0,1790722800,2026-09-29T23:00:00Z
2026-09-28T17:25:23.844005Z,refresh,18507,1705329,10,2,1,0,1790722800,2026-09-29T23:00:00Z
2026-09-28T17:25:23.844005Z,refresh,18508,1705330,5,1,1,0,1790722800,2026-09-29T23:00:00Z
2026-09-28T17:25:23.844005Z,refresh,18509,1705331,5,1,1,0,1790722800,2026-09-29T23:00:00Z
2026-09-28T17:25:23.844005Z,refresh,18510,1705332,5,1,1,0,1790722800,2026-09-29T23:00:00Z
2026-09-28T17:25:23.844005Z,refresh,18511,1705333,10,2,1,0,1790722800,2026-09-29T23:00:00Z
2026-09-28T17:25:23.844005Z,refresh,18512,1705334,30,7,1,0,1790722800,2026-09-29T23:00:00Z
2026-09-28T17:25:23.844005Z,refresh,18513,1705335,5,1,1,0,1790722800,2026-09-29T23:00:00Z
2026-09-28T17:25:23.844005Z,refresh,18514,1705336,35,8,1,0,1790722800,2026-09-29T23:00:00Z
2026-09-28T17:25:23.844005Z,refresh,18515,1705337,10,2,1,0,1790722800,2026-09-29T23:00:00Z
2026-09-28T17:25:23.844005Z,refresh,18516,1705338,5,1,1,0,1790722800,2026-09-29T23:00:00Z
2026-09-28T17:25:23.844005Z,refresh,18517,1705339,20,3,1,0,1790722800,2026-09-29T23:00:00Z
2026-09-28T17:25:23.844005Z,refresh,18518,1705340,5,0,1,0,1790722800,2026-09-29T23:00:00Z
2026-09-28T17:25:23.844005Z,refresh,18519,1705341,80,5,1,0,1790722800,2026-09-29T23:00:00Z
2026-09-28T17:25:23.844005Z,refresh,18520,1705342,25,6,1,0,1790722800,2026-09-29T23:00:00Z
2026-09-28T17:25:23.844005Z,refresh,18521,1705343,5,1,1,0,1790722800,2026-09-29T23:00:00Z
2026-09-28T17:25:23.844005Z,refresh,18522,1705344,30,6,1,0,1790722800,2026-09-29T23:00:00Z
2026-09-28T17:25:23.844005Z,refresh,18523,1705345,5,1,1,0,1790722800,2026-09-29T23:00:00Z
2026-09-28T17:25:23.844005Z,refresh,18524,1705346,50,5,1,0,1790722800,2026-09-29T23:00:00Z
2026-09-28T17:25:23.844005Z,refresh,18525,1705347,10,2,1,0,1790722800,2026-09-29T23:00:00Z
2026-09-28T17:25:23.844005Z,refresh,18526,1705348,5,1,1,0,1790722800,2026-09-29T23:00:00Z
2026-09-28T17:25:23.844005Z,refresh,18527,1705349,10,2,1,0,1790722800,2026-09-29T23:00:00Z
2026-09-28T17:25:23.844005Z,refresh,18528,1705350,20,5,1,0,1790722800,2026-09-29T23:00:00Z
2026-09-28T17:25:23.844005Z,refresh,18529,1705351,30,7,1,0,1790722800,2026-09-29T23:00:00Z
2026-09-28T17:25:23.844005Z,refresh,18530,1705352,5,1,1,0,1790722800,2026-09-29T23:00:00Z
2026-09-28T17:25:23.844005Z,refresh,18531,1705353,5,0,1,0,1790722800,2026-09-29T23:00:00Z
2026-09-28T17:25:23.844005Z,refresh,18532,1705354,20,4,1,0,1790722800,2026-09-29T23:00:00Z
2026-09-28T17:25:23.844005Z,refresh,18533,1705355,20,4,1,0,1790722800,2026-09-29T23:00:00Z
2026-09-28T17:25:23.844005Z,refresh,18534,1705356,10,2,1,0,1790722800,2026-09-29T23:00:00Z
2026-09-28T17:25:23.844005Z,refresh,18535,1705357,20,4,1,0,1790722800,2026-09-29T23:00:00Z
2026-09-28T17:25:23.844005Z,refresh,18536,1705358,5,1,1,0,1790722800,2026-09-29T23:00:00Z
2026-09-28T17:25:23.844005Z,refresh,18537,1705359,5,1,1,0,1790722800,2026-09-29T23:00:00Z
2026-09-28T17:25:23.844005Z,refresh,18538,1705360,5,1,1,0,1790722800,2026-09-29T23:00:00Z
2026-09-28T17:25:23.844005Z,refresh,18539,1705361,5,0,1,0,1790722800,2026-09-29T23:00:00Z
2026-09-28T17:25:23.844005Z,refresh,18540,1705362,5,0,1,0,1790722800,2026-09-29T23:00:00Z
2026-09-28T17:25:23.844005Z,refresh,18541,1705363,245,36,1,0,1790722800,2026-09-29T23:00:00Z
2026-09-28T17:25:23.844005Z,refresh,18542,1705364,5,1,1,0,1790722800,2026-09-29T23:00:00Z
2026-09-28T17:25:23.844005Z,refresh,18543,1705365,55,4,1,0,1790722800,2026-09-29T23:00:00Z
2026-09-28T17:25:23.844005Z,refresh,18544,1705366,10,2,1,0,1790722800,2026-09-29T23:00:00Z
2026-09-28T17:25:23.844005Z,refresh,18545,1705367,35,4,1,0,1790722800,2026-09-29T23:00:00Z
2026-09-28T17:25:23.844005Z,refresh,18546,1705368,5,0,1,0,1790722800,2026-09-29T23:00:00Z
2026-09-28T17:25:23.844005Z,refresh,18547,1705369,5,1,1,0,1790722800,2026-09-29T23:00:00Z
2026-09-28T17:25:23.844005Z,refresh,18548,1705370,5,1,1,0,1790722800,2026-09-29T23:00:00Z
2026-09-28T17:25:23.844005Z,refresh,18549,1705371,5,0,1,0,1790722800,2026-09-29T23:00:00Z
2026-09-28T17:25:23.844005Z,refresh,18550,1705372,55,3,1,0,1790722800,2026-09-29T23:00:00Z
2026-09-28T17:25:23.844005Z,refresh,18551,1705373,30,3,1,0,1790722800,2026-09-29T23:00:00Z
2026-09-28T17:25:23.844005Z,refresh,18552,1705374,5,1,1,0,1790722800,2026-09-29T23:00:00Z
2026-09-28T17:25:23.844005Z,refresh,18553,1705375,5,0,1,0,1790722800,2026-09-29T23:00:00Z
2026-09-28T17:25:23.844005Z,refresh,18554,1705376,50,8,1,0,1790722800,2026-09-29T23:00:00Z
2026-09-28T17:25:23.844005Z,refresh,18555,1705377,40,8,1,0,1790722800,2026-09-29T23:00:00Z
2026-09-28T17:25:23.844005Z,refresh,18556,1705378,5,1,1,0,1790722800,2026-09-29T23:00:00Z
2026-09-28T17:25:23.844005Z,refresh,18557,1705379,5,1,1,0,1790722800,2026-09-29T23:00:00Z
2026-09-28T17:25:23.844005Z,refresh,18558,1705380,5,1,1,0,1790722800,2026-09-29T23:00:00Z
2026-09-28T17:25:23.844005Z,refresh,18559,1705381,5,1,1,0,1790722800,2026-09-29T23:00:00Z
2026-09-28T17:25:23.844005Z,refresh,18560,1705382,30,4,1,0,1790722800,2026-09-29T23:00:00Z
2026-09-28T17:25:23.844005Z,refresh,18561,1705383,5,1,1,0,1790722800,2026-09-29T23:00:00Z
2026-09-28T17:25:23.844005Z,refresh,30-1333,1799925,5,1,1,0,1790724600,2026-09-29T23:30:00Z
2026-09-28T17:25:23.844005Z,refresh,18223,1705434,10,2,1,0,1790724600,2026-09-29T23:30:00Z
2026-09-28T17:25:23.844005Z,refresh,18224,1705435,5,1,1,0,1790724600,2026-09-29T23:30:00Z
2026-09-28T17:25:23.844005Z,refresh,18225,1705436,5,0,1,0,1790724600,2026-09-29T23:30:00Z
2026-09-28T17:25:23.844005Z,refresh,18226,1705437,5,1,1,0,1790724600,2026-09-29T23:30:00Z
2026-09-28T17:25:23.844005Z,refresh,18250,1705438,115,15,1,0,1790724600,2026-09-29T23:30:00Z
2026-09-28T17:25:23.844005Z,refresh,18251,1705439,5,1,1,0,1790724600,2026-09-29T23:30:00Z
2026-09-28T17:25:23.844005Z,refresh,18252,1705440,5,1,1,0,1790724600,2026-09-29T23:30:00Z
2026-09-28T17:25:23.844005Z,refresh,18253,1705441,5,1,1,0,1790724600,2026-09-29T23:30:00Z
2026-09-28T17:25:23.844005Z,refresh,18254,1705442,5,0,1,0,1790724600,2026-09-29T23:30:00Z
2026-09-28T17:25:23.844005Z,refresh,18255,1705443,5,0,1,0,1790724600,2026-09-29T23:30:00Z
2026-09-28T17:25:23.844005Z,refresh,18256,1705444,5,0,1,0,1790724600,2026-09-29T23:30:00Z
2026-09-28T17:25:23.844005Z,refresh,18257,1705445,10,2,1,0,1790724600,2026-09-29T23:30:00Z
2026-09-28T17:25:23.844005Z,refresh,18258,1705446,5,1,1,0,1790724600,2026-09-29T23:30:00Z
2026-09-28T17:25:23.844005Z,refresh,18259,1705447,10,2,1,0,1790724600,2026-09-29T23:30:00Z
2026-09-28T17:25:23.844005Z,refresh,18260,1705448,105,8,1,0,1790724600,2026-09-29T23:30:00Z
2026-09-28T17:25:23.844005Z,refresh,18261,1705449,10,2,1,0,1790724600,2026-09-29T23:30:00Z
2026-09-28T17:25:23.844005Z,refresh,18262,1705450,10,2,1,0,1790724600,2026-09-29T23:30:00Z
2026-09-28T17:25:23.844005Z,refresh,18263,1705451,5,0,1,0,1790724600,2026-09-29T23:30:00Z
2026-09-28T17:25:23.844005Z,refresh,18264,1705452,5,1,1,0,1790724600,2026-09-29T23:30:00Z
2026-09-28T17:25:23.844005Z,refresh,18265,1705453,5,1,1,0,1790724600,2026-09-29T23:30:00Z
2026-09-28T17:25:23.844005Z,refresh,18266,1705454,10,2,1,0,1790724600,2026-09-29T23:30:00Z
2026-09-28T17:25:23.844005Z,refresh,18267,1705455,5,1,1,0,1790724600,2026-09-29T23:30:00Z
2026-09-28T17:25:23.844005Z,refresh,18268,1705456,5,0,1,0,1790724600,2026-09-29T23:30:00Z
2026-09-28T17:25:23.844005Z,refresh,18269,1705457,20,4,1,0,1790724600,2026-09-29T23:30:00Z
2026-09-28T17:25:23.844005Z,refresh,18270,1705458,5,1,1,0,1790724600,2026-09-29T23:30:00Z
2026-09-28T17:25:23.844005Z,refresh,18271,1705459,10,2,1,0,1790724600,2026-09-29T23:30:00Z
2026-09-28T17:25:23.844005Z,refresh,18272,1705460,5,1,1,0,1790724600,2026-09-29T23:30:00Z
2026-09-28T17:25:23.844005Z,refresh,18273,1705461,5,1,1,0,1790724600,2026-09-29T23:30:00Z
2026-09-28T17:25:23.844005Z,refresh,18274,1705462,5,0,1,0,1790724600,2026-09-29T23:30:00Z
2026-09-28T17:25:23.844005Z,refresh,18275,1705463,5,1,1,0,1790724600,2026-09-29T23:30:00Z
2026-09-28T17:25:23.844005Z,refresh,18276,1705464,5,1,1,0,1790724600,2026-09-29T23:30:00Z
2026-09-28T17:25:23.844005Z,refresh,18277,1705465,5,0,1,0,1790724600,2026-09-29T23:30:00Z
2026-09-28T17:25:23.844005Z,refresh,18278,1705466,5,0,1,0,1790724600,2026-09-29T23:30:00Z
2026-09-28T17:25:23.844005Z,refresh,18279,1705467,5,0,1,0,1790724600,2026-09-29T23:30:00Z
2026-09-28T17:25:23.844005Z,refresh,18280,1705468,5,1,1,0,1790724600,2026-09-29T23:30:00Z
2026-09-28T17:25:23.844005Z,refresh,18281,1705469,5,0,1,0,1790724600,2026-09-29T23:30:00Z
2026-09-28T17:25:23.844005Z,refresh,18282,1705470,175,17,1,0,1790724600,2026-09-29T23:30:00Z
2026-09-28T17:25:23.844005Z,refresh,18283,1705471,5,1,1,0,1790724600,2026-09-29T23:30:00Z
2026-09-28T17:25:23.844005Z,refresh,18284,1705472,5,0,1,0,1790724600,2026-09-29T23:30:00Z
2026-09-28T17:25:23.844005Z,refresh,18285,1705473,5,1,1,0,1790724600,2026-09-29T23:30:00Z
2026-09-28T17:25:23.844005Z,refresh,18286,1705474,5,1,1,0,1790724600,2026-09-29T23:30:00Z
2026-09-28T17:25:23.844005Z,refresh,18287,1705475,5,0,1,0,1790724600,2026-09-29T23:30:00Z
2026-09-28T17:25:23.844005Z,refresh,18288,1705476,5,0,1,0,1790724600,2026-09-29T23:30:00Z
2026-09-28T17:25:23.844005Z,refresh,18289,1705477,10,2,1,0,1790724600,2026-09-29T23:30:00Z
2026-09-28T17:25:23.844005Z,refresh,18290,1705478,70,14,1,0,1790724600,2026-09-29T23:30:00Z
2026-09-28T17:25:23.844005Z,refresh,18562,1705384,5,1,1,0,1790724600,2026-09-29T23:30:00Z
2026-09-28T17:25:23.844005Z,refresh,18563,1705385,5,1,1,0,1790724600,2026-09-29T23:30:00Z
2026-09-28T17:25:23.844005Z,refresh,18564,1705386,15,3,1,0,1790724600,2026-09-29T23:30:00Z
2026-09-28T17:25:23.844005Z,refresh,18565,1705387,15,3,1,0,1790724600,2026-09-29T23:30:00Z
2026-09-28T17:25:23.844005Z,refresh,18566,1705388,10,2,1,0,1790724600,2026-09-29T23:30:00Z
2026-09-28T17:25:23.844005Z,refresh,18567,1705389,5,1,1,0,1790724600,2026-09-29T23:30:00Z
2026-09-28T17:25:23.844005Z,refresh,18568,1705390,5,1,1,0,1790724600,2026-09-29T23:30:00Z
2026-09-28T17:25:23.844005Z,refresh,18569,1705391,5,1,1,0,1790724600,2026-09-29T23:30:00Z
2026-09-28T17:25:23.844005Z,refresh,18570,1705392,10,2,1,0,1790724600,2026-09-29T23:30:00Z
2026-09-28T17:25:23.844005Z,refresh,18571,1705393,5,1,1,0,1790724600,2026-09-29T23:30:00Z
2026-09-28T17:25:23.844005Z,refresh,18572,1705394,55,4,1,0,1790724600,2026-09-29T23:30:00Z
2026-09-28T17:25:23.844005Z,refresh,18573,1705395,10,2,1,0,1790724600,2026-09-29T23:30:00Z
2026-09-28T17:25:23.844005Z,refresh,18574,1705396,5,1,1,0,1790724600,2026-09-29T23:30:00Z
2026-09-28T17:25:23.844005Z,refresh,18575,1705397,10,2,1,0,1790724600,2026-09-29T23:30:00Z
2026-09-28T17:25:23.844005Z,refresh,18576,1705398,35,6,1,0,1790724600,2026-09-29T23:30:00Z
2026-09-28T17:25:23.844005Z,refresh,18577,1705399,5,1,1,0,1790724600,2026-09-29T23:30:00Z
2026-09-28T17:25:23.844005Z,refresh,18578,1705400,5,0,1,0,1790724600,2026-09-29T23:30:00Z
2026-09-28T17:25:23.844005Z,refresh,18579,1705401,10,2,1,0,1790724600,2026-09-29T23:30:00Z
2026-09-28T17:25:23.844005Z,refresh,18580,1705402,305,6,1,0,1790724600,2026-09-29T23:30:00Z
2026-09-28T17:25:23.844005Z,refresh,18581,1705403,10,2,1,0,1790724600,2026-09-29T23:30:00Z
2026-09-28T17:25:23.844005Z,refresh,18582,1705404,5,1,1,0,1790724600,2026-09-29T23:30:00Z
2026-09-28T17:25:23.844005Z,refresh,18583,1705405,5,1,1,0,1790724600,2026-09-29T23:30:00Z
2026-09-28T17:25:23.844005Z,refresh,18584,1705406,5,1,1,0,1790724600,2026-09-29T23:30:00Z
2026-09-28T17:25:23.844005Z,refresh,18585,1705407,5,1,1,0,1790724600,2026-09-29T23:30:00Z
2026-09-28T17:25:23.844005Z,refresh,18586,1705408,5,1,1,0,1790724600,2026-09-29T23:30:00Z
2026-09-28T17:25:23.844005Z,refresh,18587,1705409,55,5,1,0,1790724600,2026-09-29T23:30:00Z
2026-09-28T17:25:23.844005Z,refresh,18588,1705410,10,2,1,0,1790724600,2026-09-29T23:30:00Z
2026-09-28T17:25:23.844005Z,refresh,18589,1705411,5,1,1,0,1790724600,2026-09-29T23:30:00Z
2026-09-28T17:25:23.844005Z,refresh,18590,1705412,5,1,1,0,1790724600,2026-09-29T23:30:00Z
2026-09-28T17:25:23.844005Z,refresh,18591,1705413,5,1,1,0,1790724600,2026-09-29T23:30:00Z
2026-09-28T17:25:23.844005Z,refresh,18592,1705414,5,1,1,0,1790724600,2026-09-29T23:30:00Z
2026-09-28T17:25:23.844005Z,refresh,18593,1705415,10,2,1,0,1790724600,2026-09-29T23:30:00Z
2026-09-28T17:25:23.844005Z,refresh,18594,1705416,10,2,1,0,1790724600,2026-09-29T23:30:00Z
2026-09-28T17:25:23.844005Z,refresh,18595,1705417,5,1,1,0,1790724600,2026-09-29T23:30:00Z
2026-09-28T17:25:23.844005Z,refresh,18596,1705418,5,0,1,0,1790724600,2026-09-29T23:30:00Z
2026-09-28T17:25:23.844005Z,refresh,18597,1705419,105,16,1,0,1790724600,2026-09-29T23:30:00Z
2026-09-28T17:25:23.844005Z,refresh,18598,1705420,5,1,1,0,1790724600,2026-09-29T23:30:00Z
2026-09-28T17:25:23.844005Z,refresh,18599,1705421,10,2,1,0,1790724600,2026-09-29T23:30:00Z
2026-09-28T17:25:23.844005Z,refresh,18600,1705422,5,1,1,0,1790724600,2026-09-29T23:30:00Z
2026-09-28T17:25:23.844005Z,refresh,18601,1705423,30,3,1,0,1790724600,2026-09-29T23:30:00Z
2026-09-28T17:25:23.844005Z,refresh,18602,1705424,5,0,1,0,1790724600,2026-09-29T23:30:00Z
2026-09-28T17:25:23.844005Z,refresh,18603,1705425,5,1,1,0,1790724600,2026-09-29T23:30:00Z
2026-09-28T17:25:23.844005Z,refresh,18604,1705426,10,2,1,0,1790724600,2026-09-29T23:30:00Z
2026-09-28T17:25:23.844005Z,refresh,18605,1705427,20,3,1,0,1790724600,2026-09-29T23:30:00Z
2026-09-28T17:25:23.844005Z,refresh,18606,1705428,10,2,1,0,1790724600,2026-09-29T23:30:00Z
2026-09-28T17:25:23.844005Z,refresh,18607,1705429,5,0,1,0,1790724600,2026-09-29T23:30:00Z
2026-09-28T17:25:23.844005Z,refresh,18608,1705430,5,0,1,0,1790724600,2026-09-29T23:30:00Z
2026-09-28T17:25:23.844005Z,refresh,18609,1705431,10,2,1,0,1790724600,2026-09-29T23:30:00Z
2026-09-28T17:25:23.844005Z,refresh,18610,1705432,5,1,1,0,1790724600,2026-09-29T23:30:00Z
2026-09-28T17:25:23.844005Z,refresh,18611,1705433,5,1,1,0,1790724600,2026-09-29T23:30:00Z
2026-09-28T17:25:23.844005Z,refresh,18612,1723322,125,10,1,0,1790724600,2026-09-29T23:30:00Z
2026-09-28T17:25:23.844005Z,refresh,18291,1705479,5,1,1,0,1790726400,2026-09-30T00:00:00Z
2026-09-28T17:25:23.844005Z,refresh,18292,1705480,5,1,1,0,1790726400,2026-09-30T00:00:00Z
2026-09-28T17:25:23.844005Z,refresh,18293,1705481,35,7,1,0,1790726400,2026-09-30T00:00:00Z
2026-09-28T17:25:23.844005Z,refresh,18294,1705482,5,1,1,0,1790726400,2026-09-30T00:00:00Z
2026-09-28T17:25:23.844005Z,refresh,18295,1705483,105,6,1,0,1790726400,2026-09-30T00:00:00Z
2026-09-28T17:25:23.844005Z,refresh,18296,1705484,5,1,1,0,1790726400,2026-09-30T00:00:00Z
2026-09-28T17:25:23.844005Z,refresh,18297,1705485,5,1,1,0,1790726400,2026-09-30T00:00:00Z
2026-09-28T17:25:23.844005Z,refresh,18298,1705486,5,1,1,0,1790726400,2026-09-30T00:00:00Z
2026-09-28T17:25:23.844005Z,refresh,18299,1705487,5,1,1,0,1790726400,2026-09-30T00:00:00Z
2026-09-28T17:25:23.844005Z,refresh,18300,1705488,10,2,1,0,1790726400,2026-09-30T00:00:00Z
2026-09-28T17:25:23.844005Z,refresh,18301,1705489,15,3,1,0,1790726400,2026-09-30T00:00:00Z
2026-09-28T17:25:23.844005Z,refresh,18302,1705490,10,2,1,0,1790726400,2026-09-30T00:00:00Z
2026-09-28T17:25:23.844005Z,refresh,18303,1705491,5,1,1,0,1790726400,2026-09-30T00:00:00Z
2026-09-28T17:25:23.844005Z,refresh,18304,1705492,10,2,1,0,1790726400,2026-09-30T00:00:00Z
2026-09-28T17:25:23.844005Z,refresh,18305,1705493,5,1,1,0,1790726400,2026-09-30T00:00:00Z
2026-09-28T17:25:23.844005Z,refresh,18306,1705494,10,2,1,0,1790726400,2026-09-30T00:00:00Z
2026-09-28T17:25:23.844005Z,refresh,18307,1705495,10,2,1,0,1790726400,2026-09-30T00:00:00Z
2026-09-28T17:25:23.844005Z,refresh,18308,1705496,5,1,1,0,1790726400,2026-09-30T00:00:00Z
2026-09-28T17:25:23.844005Z,refresh,18309,1705497,10,2,1,0,1790726400,2026-09-30T00:00:00Z
2026-09-28T17:25:23.844005Z,refresh,18310,1705498,15,3,1,0,1790726400,2026-09-30T00:00:00Z
2026-09-28T17:25:23.844005Z,refresh,18311,1705499,10,2,1,0,1790726400,2026-09-30T00:00:00Z
2026-09-28T17:25:23.844005Z,refresh,18312,1705500,1605,21,1,0,1790726400,2026-09-30T00:00:00Z
2026-09-28T17:25:23.844005Z,refresh,18313,1705501,15,4,1,0,1790726400,2026-09-30T00:00:00Z
2026-09-28T17:25:23.844005Z,refresh,18314,1705502,5,1,1,0,1790726400,2026-09-30T00:00:00Z
2026-09-28T17:25:23.844005Z,refresh,18315,1705503,40,5,1,0,1790726400,2026-09-30T00:00:00Z
2026-09-28T17:25:23.844005Z,refresh,18316,1705504,15,3,1,0,1790726400,2026-09-30T00:00:00Z
2026-09-28T17:25:23.844005Z,refresh,18317,1705505,5,0,1,0,1790726400,2026-09-30T00:00:00Z
2026-09-28T17:25:23.844005Z,refresh,18318,1705506,5,1,1,0,1790726400,2026-09-30T00:00:00Z
2026-09-28T17:25:23.844005Z,refresh,18319,1705507,10,2,1,0,1790726400,2026-09-30T00:00:00Z
2026-09-28T17:25:23.844005Z,refresh,18320,1705508,5,1,1,0,1790726400,2026-09-30T00:00:00Z
2026-09-28T17:25:23.844005Z,refresh,18321,1705509,5,1,1,0,1790726400,2026-09-30T00:00:00Z
2026-09-28T17:25:23.844005Z,refresh,18322,1705510,5,1,1,0,1790726400,2026-09-30T00:00:00Z
2026-09-28T17:25:23.844005Z,refresh,18323,1705511,15,3,1,0,1790726400,2026-09-30T00:00:00Z
2026-09-28T17:25:23.844005Z,refresh,18324,1705512,10,2,1,0,1790726400,2026-09-30T00:00:00Z
2026-09-28T17:25:23.844005Z,refresh,18325,1705513,50,9,1,0,1790726400,2026-09-30T00:00:00Z
2026-09-28T17:25:23.844005Z,refresh,18326,1705514,10,2,1,0,1790726400,2026-09-30T00:00:00Z
2026-09-28T17:25:23.844005Z,refresh,18327,1705515,15,3,1,0,1790726400,2026-09-30T00:00:00Z
2026-09-28T17:25:23.844005Z,refresh,18328,1705516,655,12,1,0,1790726400,2026-09-30T00:00:00Z
2026-09-28T17:25:23.844005Z,refresh,18329,1705517,1600,23,1,0,1790726400,2026-09-30T00:00:00Z
2026-09-28T17:25:23.844005Z,refresh,18330,1705518,5,1,1,0,1790726400,2026-09-30T00:00:00Z
2026-09-28T17:25:23.844005Z,refresh,18331,1705519,5,1,1,0,1790726400,2026-09-30T00:00:00Z
2026-09-28T17:25:23.844005Z,refresh,18332,1705520,5,1,1,0,1790726400,2026-09-30T00:00:00Z
2026-09-28T17:25:23.844005Z,refresh,18333,1705521,5,1,1,0,1790726400,2026-09-30T00:00:00Z
2026-09-28T17:25:23.844005Z,refresh,18334,1705522,200,30,1,0,1790726400,2026-09-30T00:00:00Z
2026-09-28T17:25:23.844005Z,refresh,18335,1705523,20,4,1,0,1790726400,2026-09-30T00:00:00Z
2026-09-28T17:25:23.844005Z,refresh,18336,1705524,15,3,1,0,1790726400,2026-09-30T00:00:00Z
2026-09-28T17:25:23.844005Z,refresh,18337,1705525,10,2,1,0,1790726400,2026-09-30T00:00:00Z
2026-09-28T17:25:23.844005Z,refresh,18338,1705526,10,2,1,0,1790726400,2026-09-30T00:00:00Z
2026-09-28T17:25:23.844005Z,refresh,18339,1705527,20,4,1,0,1790726400,2026-09-30T00:00:00Z
2026-09-28T17:25:23.844005Z,refresh,18340,1705528,10,2,1,0,1790726400,2026-09-30T00:00:00Z
2026-09-28T17:25:23.844005Z,refresh,18341,1705529,10,2,1,0,1790726400,2026-09-30T00:00:00Z
2026-09-28T17:25:23.844005Z,refresh,18342,1705530,205,36,1,0,1790726400,2026-09-30T00:00:00Z
2026-09-28T17:25:23.844005Z,refresh,18343,1705531,5,1,1,0,1790726400,2026-09-30T00:00:00Z
2026-09-28T17:25:23.844005Z,refresh,18344,1705532,56,4,1,0,1790726400,2026-09-30T00:00:00Z
2026-09-28T17:25:23.844005Z,refresh,18345,1705533,10,2,1,0,1790726400,2026-09-30T00:00:00Z
2026-09-28T17:25:23.844005Z,refresh,18346,1705534,10,2,1,0,1790726400,2026-09-30T00:00:00Z
2026-09-28T17:25:23.844005Z,refresh,18347,1705535,5,1,1,0,1790726400,2026-09-30T00:00:00Z
2026-09-28T17:25:23.844005Z,refresh,18348,1705536,205,6,1,0,1790726400,2026-09-30T00:00:00Z
2026-09-28T17:25:23.844005Z,refresh,18349,1705537,5,1,1,0,1790726400,2026-09-30T00:00:00Z
2026-09-28T17:25:23.844005Z,refresh,18350,1705538,5,1,1,0,1790726400,2026-09-30T00:00:00Z
2026-09-28T17:25:23.844005Z,refresh,18351,1705539,5,1,1,0,1790726400,2026-09-30T00:00:00Z
2026-09-28T17:25:23.844005Z,refresh,18352,1705540,85,17,1,0,1790726400,2026-09-30T00:00:00Z
2026-09-28T17:25:23.844005Z,refresh,18353,1705541,75,15,1,0,1790726400,2026-09-30T00:00:00Z
2026-09-28T17:25:23.844005Z,refresh,18354,1705542,105,4,1,0,1790726400,2026-09-30T00:00:00Z
2026-09-28T17:25:23.844005Z,refresh,18355,1705543,775,12,1,0,1790726400,2026-09-30T00:00:00Z
2026-09-28T17:25:23.844005Z,refresh,18356,1705544,410,8,1,0,1790726400,2026-09-30T00:00:00Z
2026-09-28T17:25:23.844005Z,refresh,18357,1705545,725,25,1,0,1790726400,2026-09-30T00:00:00Z
2026-09-28T17:25:23.844005Z,refresh,18358,1705546,2150,27,1,0,1790726400,2026-09-30T00:00:00Z
2026-09-28T17:25:23.844005Z,refresh,18359,1705547,225,8,1,0,1790726400,2026-09-30T00:00:00Z
2026-09-28T17:25:23.844005Z,refresh,18360,1705548,2200,86,1,0,1790726400,2026-09-30T00:00:00Z
2026-09-28T17:25:23.844005Z,refresh,18361,1705549,3275,73,1,0,1790726400,2026-09-30T00:00:00Z
2026-09-28T17:25:23.844005Z,refresh,18362,1705550,625,8,1,0,1790726400,2026-09-30T00:00:00Z
2026-09-28T17:25:23.844005Z,refresh,18364,1705551,2350,11,1,0,1790726400,2026-09-30T00:00:00Z
2026-09-28T17:25:23.844005Z,refresh,18365,1705552,7550,18,1,0,1790726400,2026-09-30T00:00:00Z
2026-09-28T17:25:23.844005Z,refresh,18366,1705553,760,4,1,0,1790726400,2026-09-30T00:00:00Z
2026-09-28T17:25:23.844005Z,refresh,18367,1705554,1550,12,1,0,1790726400,2026-09-30T00:00:00Z
2026-09-28T17:25:23.844005Z,refresh,18368,1705555,345,9,1,0,1790726400,2026-09-30T00:00:00Z
2026-09-28T17:25:23.844005Z,refresh,18369,1705556,255,8,1,0,1790726400,2026-09-30T00:00:00Z
2026-09-28T17:25:23.844005Z,refresh,18370,1705557,1175,10,1,0,1790726400,2026-09-30T00:00:00Z
2026-09-28T17:25:23.844005Z,refresh,18371,1705558,1136,11,1,0,1790726400,2026-09-30T00:00:00Z
2026-09-28T17:25:23.844005Z,refresh,18372,1705559,8305,5,1,0,1790726400,2026-09-30T00:00:00Z
2026-09-28T17:25:23.844005Z,refresh,18373,1705560,4050,33,1,0,1790726400,2026-09-30T00:00:00Z
2026-09-28T17:25:23.844005Z,refresh,18374,1705561,1550,14,1,0,1790726400,2026-09-30T00:00:00Z
2026-09-28T17:25:23.844005Z,refresh,18375,1705562,1525,13,1,0,1790726400,2026-09-30T00:00:00Z
2026-09-28T17:25:23.844005Z,refresh,18376,1705563,775,35,1,0,1790726400,2026-09-30T00:00:00Z
2026-09-28T17:25:23.844005Z,refresh,18377,1705564,705,18,1,0,1790726400,2026-09-30T00:00:00Z
2026-09-28T17:25:23.844005Z,refresh,18378,1705565,735,49,1,0,1790726400,2026-09-30T00:00:00Z
2026-09-28T17:25:23.844005Z,refresh,18379,1705566,665,64,1,0,1790726400,2026-09-30T00:00:00Z
2026-09-28T17:25:23.844005Z,refresh,18380,1705567,40250,22,1,0,1790726400,2026-09-30T00:00:00Z
2026-09-28T17:25:23.844005Z,refresh,18381,1705568,8200,53,1,0,1790726400,2026-09-30T00:00:00Z
2026-09-28T17:25:23.844005Z,refresh,18382,1705569,20100,44,1,0,1790726400,2026-09-30T00:00:00Z
2026-09-28T17:25:23.844005Z,refresh,18383,1705570,185,18,1,0,1790726400,2026-09-30T00:00:00Z
2026-09-28T17:25:23.844005Z,refresh,18384,1705571,3550,19,1,0,1790726400,2026-09-30T00:00:00Z
2026-09-28T17:25:23.844005Z,refresh,18385,1705572,115,12,1,0,1790726400,2026-09-30T00:00:00Z
2026-09-28T17:25:23.844005Z,refresh,18386,1705573,110,14,1,0,1790726400,2026-09-30T00:00:00Z
2026-09-28T17:25:23.844005Z,refresh,18387,1705574,100,8,1,0,1790726400,2026-09-30T00:00:00Z
2026-09-28T17:25:23.844005Z,refresh,18388,1705575,10,2,1,0,1790726400,2026-09-30T00:00:00Z
2026-09-28T17:25:23.844005Z,refresh,18613,1723323,5,1,1,0,1790726400,2026-09-30T00:00:00Z
2026-09-28T17:25:23.844005Z,refresh,18614,1723324,500,1,1,0,1790726400,2026-09-30T00:00:00Z
2026-09-28T17:25:23.844005Z,refresh,18615,1722853,505,3,1,0,1790726400,2026-09-30T00:00:00Z
2026-09-28T17:25:23.844005Z,refresh,18616,1723069,810,31,1,0,1790726400,2026-09-30T00:00:00Z
2026-09-28T17:25:23.844005Z,refresh,19094,1717855,4050,16,1,0,1790726400,2026-09-30T00:00:00Z
2026-09-28T18:28:42.094035Z,refresh,30-1332,1799881,5,0,1,0,1790719200,2026-09-29T22:00:00Z
2026-09-28T18:28:42.094035Z,refresh,18100,1705100,175,17,1,0,1790719200,2026-09-29T22:00:00Z
2026-09-28T18:28:42.094035Z,refresh,18101,1705101,55,6,1,0,1790719200,2026-09-29T22:00:00Z
2026-09-28T18:28:42.094035Z,refresh,18102,1705102,60,6,1,0,1790719200,2026-09-29T22:00:00Z
2026-09-28T18:28:42.094035Z,refresh,18103,1705103,25,3,1,0,1790719200,2026-09-29T22:00:00Z
2026-09-28T18:28:42.094035Z,refresh,18104,1705104,100,1,1,0,1790719200,2026-09-29T22:00:00Z
2026-09-28T18:28:42.094035Z,refresh,18105,1705105,20,4,1,0,1790719200,2026-09-29T22:00:00Z
2026-09-28T18:28:42.094035Z,refresh,18106,1705106,10,2,1,0,1790719200,2026-09-29T22:00:00Z
2026-09-28T18:28:42.094035Z,refresh,18107,1705107,5,1,1,0,1790719200,2026-09-29T22:00:00Z
2026-09-28T18:28:42.094035Z,refresh,18108,1705108,15,3,1,0,1790719200,2026-09-29T22:00:00Z
2026-09-28T18:28:42.094035Z,refresh,18109,1705109,5,1,1,0,1790719200,2026-09-29T22:00:00Z
2026-09-28T18:28:42.094035Z,refresh,18110,1705110,25,5,1,0,1790719200,2026-09-29T22:00:00Z
2026-09-28T18:28:42.094035Z,refresh,18111,1705111,5,1,1,0,1790719200,2026-09-29T22:00:00Z
2026-09-28T18:28:42.094035Z,refresh,18112,1705112,5,0,1,0,1790719200,2026-09-29T22:00:00Z
2026-09-28T18:28:42.094035Z,refresh,18113,1705113,5,1,1,0,1790719200,2026-09-29T22:00:00Z
2026-09-28T18:28:42.094035Z,refresh,18114,1705114,170,31,1,0,1790719200,2026-09-29T22:00:00Z
2026-09-28T18:28:42.094035Z,refresh,18115,1705115,5,1,1,0,1790719200,2026-09-29T22:00:00Z
2026-09-28T18:28:42.094035Z,refresh,18116,1705116,60,13,1,0,1790719200,2026-09-29T22:00:00Z
2026-09-28T18:28:42.094035Z,refresh,18117,1705117,55,11,1,0,1790719200,2026-09-29T22:00:00Z
2026-09-28T18:28:42.094035Z,refresh,18118,1705118,15,3,1,0,1790719200,2026-09-29T22:00:00Z
2026-09-28T18:28:42.094035Z,refresh,18119,1705119,105,8,1,0,1790719200,2026-09-29T22:00:00Z
2026-09-28T18:28:42.094035Z,refresh,18120,1705120,30,7,1,0,1790719200,2026-09-29T22:00:00Z
2026-09-28T18:28:42.094035Z,refresh,18121,1705121,5,0,1,0,1790719200,2026-09-29T22:00:00Z
2026-09-28T18:28:42.094035Z,refresh,18122,1705122,5,1,1,0,1790719200,2026-09-29T22:00:00Z
2026-09-28T18:28:42.094035Z,refresh,18123,1705123,165,35,1,0,1790719200,2026-09-29T22:00:00Z
2026-09-28T18:28:42.094035Z,refresh,18124,1705124,205,18,1,0,1790719200,2026-09-29T22:00:00Z
2026-09-28T18:28:42.094035Z,refresh,18125,1705125,115,25,1,0,1790719200,2026-09-29T22:00:00Z
2026-09-28T18:28:42.094035Z,refresh,18126,1705126,30,6,1,0,1790719200,2026-09-29T22:00:00Z
2026-09-28T18:28:42.094035Z,refresh,18127,1705127,85,9,1,0,1790719200,2026-09-29T22:00:00Z
2026-09-28T18:28:42.094035Z,refresh,18128,1705128,150,12,1,0,1790719200,2026-09-29T22:00:00Z
2026-09-28T18:28:42.094035Z,refresh,18129,1705129,5,1,1,0,1790719200,2026-09-29T22:00:00Z
2026-09-28T18:28:42.094035Z,refresh,18130,1705130,55,12,1,0,1790719200,2026-09-29T22:00:00Z
2026-09-28T18:28:42.094035Z,refresh,18131,1705131,5,0,1,0,1790719200,2026-09-29T22:00:00Z
2026-09-28T18:28:42.094035Z,refresh,18132,1705132,5,0,1,0,1790719200,2026-09-29T22:00:00Z
2026-09-28T18:28:42.094035Z,refresh,18133,1705133,30,6,1,0,1790719200,2026-09-29T22:00:00Z
2026-09-28T18:28:42.094035Z,refresh,18134,1705134,176,10,1,0,1790719200,2026-09-29T22:00:00Z
2026-09-28T18:28:42.094035Z,refresh,18135,1705135,105,6,1,0,1790719200,2026-09-29T22:00:00Z
2026-09-28T18:28:42.094035Z,refresh,18136,1705136,5,0,1,0,1790719200,2026-09-29T22:00:00Z
2026-09-28T18:28:42.094035Z,refresh,18137,1705137,10,2,1,0,1790719200,2026-09-29T22:00:00Z
2026-09-28T18:28:42.094035Z,refresh,18138,1705138,20,4,1,0,1790719200,2026-09-29T22:00:00Z
2026-09-28T18:28:42.094035Z,refresh,18139,1705139,100,4,1,0,1790719200,2026-09-29T22:00:00Z
2026-09-28T18:28:42.094035Z,refresh,18140,1705140,25,6,1,0,1790719200,2026-09-29T22:00:00Z
2026-09-28T18:28:42.094035Z,refresh,18141,1705141,5,1,1,0,1790719200,2026-09-29T22:00:00Z
2026-09-28T18:28:42.094035Z,refresh,18142,1705142,5,1,1,0,1790719200,2026-09-29T22:00:00Z
2026-09-28T18:28:42.094035Z,refresh,18143,1705143,5,1,1,0,1790719200,2026-09-29T22:00:00Z
2026-09-28T18:28:42.094035Z,refresh,18144,1705144,5,1,1,0,1790719200,2026-09-29T22:00:00Z
2026-09-28T18:28:42.094035Z,refresh,18145,1705145,5,1,1,0,1790719200,2026-09-29T22:00:00Z
2026-09-28T18:28:42.094035Z,refresh,18146,1705146,5,0,1,0,1790719200,2026-09-29T22:00:00Z
2026-09-28T18:28:42.094035Z,refresh,18147,1705147,60,10,1,0,1790719200,2026-09-29T22:00:00Z
2026-09-28T18:28:42.094035Z,refresh,18148,1705148,105,5,1,0,1790719200,2026-09-29T22:00:00Z
2026-09-28T18:28:42.094035Z,refresh,18149,1705149,30,6,1,0,1790719200,2026-09-29T22:00:00Z
2026-09-28T18:28:42.094035Z,refresh,18150,1705150,45,7,1,0,1790719200,2026-09-29T22:00:00Z
2026-09-28T18:28:42.094035Z,refresh,18151,1705151,20,4,1,0,1790719200,2026-09-29T22:00:00Z
2026-09-28T18:28:42.094035Z,refresh,18152,1705152,5,1,1,0,1790719200,2026-09-29T22:00:00Z
2026-09-28T18:28:42.094035Z,refresh,18153,1705153,5,1,1,0,1790719200,2026-09-29T22:00:00Z
2026-09-28T18:28:42.094035Z,refresh,18154,1705154,5,1,1,0,1790719200,2026-09-29T22:00:00Z
2026-09-28T18:28:42.094035Z,refresh,18156,1705155,5,1,1,0,1790719200,2026-09-29T22:00:00Z
2026-09-28T18:28:42.094035Z,refresh,18157,1705156,20,4,1,0,1790719200,2026-09-29T22:00:00Z
2026-09-28T18:28:42.094035Z,refresh,18158,1705157,5,0,1,0,1790719200,2026-09-29T22:00:00Z
2026-09-28T18:28:42.094035Z,refresh,18159,1705158,20,5,1,0,1790719200,2026-09-29T22:00:00Z
2026-09-28T18:28:42.094035Z,refresh,18160,1705159,5,0,1,0,1790719200,2026-09-29T22:00:00Z
2026-09-28T18:28:42.094035Z,refresh,18161,1705160,5,1,1,0,1790719200,2026-09-29T22:00:00Z
2026-09-28T18:28:42.094035Z,refresh,18162,1705161,5,0,1,0,1790719200,2026-09-29T22:00:00Z
2026-09-28T18:28:42.094035Z,refresh,18163,1705162,10,2,1,0,1790719200,2026-09-29T22:00:00Z
2026-09-28T18:28:42.094035Z,refresh,18164,1705163,40,8,1,0,1790719200,2026-09-29T22:00:00Z
2026-09-28T18:28:42.094035Z,refresh,18165,1705164,5,1,1,0,1790719200,2026-09-29T22:00:00Z
2026-09-28T18:28:42.094035Z,refresh,18166,1705165,105,16,1,0,1790719200,2026-09-29T22:00:00Z
2026-09-28T18:28:42.094035Z,refresh,18167,1705166,15,3,1,0,1790719200,2026-09-29T22:00:00Z
2026-09-28T18:28:42.094035Z,refresh,18168,1705167,60,11,1,0,1790719200,2026-09-29T22:00:00Z
2026-09-28T18:28:42.094035Z,refresh,18169,1705168,35,8,1,0,1790719200,2026-09-29T22:00:00Z
2026-09-28T18:28:42.094035Z,refresh,18170,1705169,36,9,1,0,1790719200,2026-09-29T22:00:00Z
2026-09-28T18:28:42.094035Z,refresh,18171,1705170,35,8,1,0,1790719200,2026-09-29T22:00:00Z
2026-09-28T18:28:42.094035Z,refresh,18172,1705171,35,9,1,0,1790719200,2026-09-29T22:00:00Z
2026-09-28T18:28:42.094035Z,refresh,18173,1705172,60,8,1,0,1790719200,2026-09-29T22:00:00Z
2026-09-28T18:28:42.094035Z,refresh,18174,1705173,5,1,1,0,1790719200,2026-09-29T22:00:00Z
2026-09-28T18:28:42.094035Z,refresh,18175,1705174,20,4,1,0,1790719200,2026-09-29T22:00:00Z
2026-09-28T18:28:42.094035Z,refresh,18176,1705175,70,10,1,0,1790719200,2026-09-29T22:00:00Z
2026-09-28T18:28:42.094035Z,refresh,18177,1705176,5,1,1,0,1790719200,2026-09-29T22:00:00Z
2026-09-28T18:28:42.094035Z,refresh,18178,1705177,5,1,1,0,1790719200,2026-09-29T22:00:00Z
2026-09-28T18:28:42.094035Z,refresh,18179,1705178,5,1,1,0,1790719200,2026-09-29T22:00:00Z
2026-09-28T18:28:42.094035Z,refresh,18180,1705179,460,14,1,0,1790719200,2026-09-29T22:00:00Z
2026-09-28T18:28:42.094035Z,refresh,18181,1705180,5,1,1,0,1790719200,2026-09-29T22:00:00Z
2026-09-28T18:28:42.094035Z,refresh,18182,1705181,10,2,1,0,1790719200,2026-09-29T22:00:00Z
2026-09-28T18:28:42.094035Z,refresh,18183,1705182,5,0,1,0,1790719200,2026-09-29T22:00:00Z
2026-09-28T18:28:42.094035Z,refresh,18184,1705183,5,0,1,0,1790719200,2026-09-29T22:00:00Z
2026-09-28T18:28:42.094035Z,refresh,18185,1705184,5,0,1,0,1790719200,2026-09-29T22:00:00Z
2026-09-28T18:28:42.094035Z,refresh,18186,1705185,5,1,1,0,1790719200,2026-09-29T22:00:00Z
2026-09-28T18:28:42.094035Z,refresh,18187,1705186,5,1,1,0,1790719200,2026-09-29T22:00:00Z
2026-09-28T18:28:42.094035Z,refresh,18188,1705187,10,2,1,0,1790719200,2026-09-29T22:00:00Z
2026-09-28T18:28:42.094035Z,refresh,18189,1705188,10,2,1,0,1790719200,2026-09-29T22:00:00Z
2026-09-28T18:28:42.094035Z,refresh,18190,1705189,5,1,1,0,1790719200,2026-09-29T22:00:00Z
2026-09-28T18:28:42.094035Z,refresh,18191,1705190,5,0,1,0,1790719200,2026-09-29T22:00:00Z
2026-09-28T18:28:42.094035Z,refresh,18192,1705191,10,2,1,0,1790719200,2026-09-29T22:00:00Z
2026-09-28T18:28:42.094035Z,refresh,18193,1705192,20,4,1,0,1790719200,2026-09-29T22:00:00Z
2026-09-28T18:28:42.094035Z,refresh,18194,1705193,5,0,1,0,1790719200,2026-09-29T22:00:00Z
2026-09-28T18:28:42.094035Z,refresh,18195,1705194,5,0,1,0,1790721000,2026-09-29T22:30:00Z
2026-09-28T18:28:42.094035Z,refresh,18196,1705195,5,1,1,0,1790721000,2026-09-29T22:30:00Z
2026-09-28T18:28:42.094035Z,refresh,18197,1705196,20,4,1,0,1790721000,2026-09-29T22:30:00Z
2026-09-28T18:28:42.094035Z,refresh,18198,1705197,5,1,1,0,1790721000,2026-09-29T22:30:00Z
2026-09-28T18:28:42.094035Z,refresh,18199,1705198,5,1,1,0,1790721000,2026-09-29T22:30:00Z
2026-09-28T18:28:42.094035Z,refresh,18200,1705199,5,0,1,0,1790721000,2026-09-29T22:30:00Z
2026-09-28T18:28:42.094035Z,refresh,18201,1705200,5,1,1,0,1790721000,2026-09-29T22:30:00Z
2026-09-28T18:28:42.094035Z,refresh,18202,1705201,5,1,1,0,1790721000,2026-09-29T22:30:00Z
2026-09-28T18:28:42.094035Z,refresh,18203,1705202,5,1,1,0,1790721000,2026-09-29T22:30:00Z
2026-09-28T18:28:42.094035Z,refresh,18204,1705203,5,1,1,0,1790721000,2026-09-29T22:30:00Z
2026-09-28T18:28:42.094035Z,refresh,18205,1705204,30,4,1,0,1790721000,2026-09-29T22:30:00Z
2026-09-28T18:28:42.094035Z,refresh,18206,1705205,5,0,1,0,1790721000,2026-09-29T22:30:00Z
2026-09-28T18:28:42.094035Z,refresh,18207,1705206,5,1,1,0,1790721000,2026-09-29T22:30:00Z
2026-09-28T18:28:42.094035Z,refresh,18208,1705207,15,3,1,0,1790721000,2026-09-29T22:30:00Z
2026-09-28T18:28:42.094035Z,refresh,18209,1705208,30,3,1,0,1790721000,2026-09-29T22:30:00Z
2026-09-28T18:28:42.094035Z,refresh,18210,1705209,25,5,1,0,1790721000,2026-09-29T22:30:00Z
2026-09-28T18:28:42.094035Z,refresh,18211,1705210,65,9,1,0,1790721000,2026-09-29T22:30:00Z
2026-09-28T18:28:42.094035Z,refresh,18212,1705211,5,0,1,0,1790721000,2026-09-29T22:30:00Z
2026-09-28T18:28:42.094035Z,refresh,18213,1705212,5,1,1,0,1790721000,2026-09-29T22:30:00Z
2026-09-28T18:28:42.094035Z,refresh,18214,1705213,15,3,1,0,1790721000,2026-09-29T22:30:00Z
2026-09-28T18:28:42.094035Z,refresh,18215,1705214,5,1,1,0,1790721000,2026-09-29T22:30:00Z
2026-09-28T18:28:42.094035Z,refresh,18216,1705215,30,5,1,0,1790721000,2026-09-29T22:30:00Z
2026-09-28T18:28:42.094035Z,refresh,18217,1705216,10,2,1,0,1790721000,2026-09-29T22:30:00Z
2026-09-28T18:28:42.094035Z,refresh,18218,1705217,10,2,1,0,1790721000,2026-09-29T22:30:00Z
2026-09-28T18:28:42.094035Z,refresh,18219,1705218,5,1,1,0,1790721000,2026-09-29T22:30:00Z
2026-09-28T18:28:42.094035Z,refresh,18220,1705219,5,1,1,0,1790721000,2026-09-29T22:30:00Z
2026-09-28T18:28:42.094035Z,refresh,18221,1705220,60,12,1,0,1790721000,2026-09-29T22:30:00Z
2026-09-28T18:28:42.094035Z,refresh,18222,1705221,15,3,1,0,1790721000,2026-09-29T22:30:00Z
2026-09-28T18:28:42.094035Z,refresh,18400,1705222,1065,38,1,0,1790721000,2026-09-29T22:30:00Z
2026-09-28T18:28:42.094035Z,refresh,18401,1705223,105,10,1,0,1790721000,2026-09-29T22:30:00Z
2026-09-28T18:28:42.094035Z,refresh,18402,1705224,25,5,1,0,1790721000,2026-09-29T22:30:00Z
2026-09-28T18:28:42.094035Z,refresh,18403,1705225,5,1,1,0,1790721000,2026-09-29T22:30:00Z
2026-09-28T18:28:42.094035Z,refresh,18404,1705226,105,15,1,0,1790721000,2026-09-29T22:30:00Z
2026-09-28T18:28:42.094035Z,refresh,18405,1705227,40,8,1,0,1790721000,2026-09-29T22:30:00Z
2026-09-28T18:28:42.094035Z,refresh,18406,1705228,25,4,1,0,1790721000,2026-09-29T22:30:00Z
2026-09-28T18:28:42.094035Z,refresh,18407,1705229,5,1,1,0,1790721000,2026-09-29T22:30:00Z
2026-09-28T18:28:42.094035Z,refresh,18408,1705230,55,9,1,0,1790721000,2026-09-29T22:30:00Z
2026-09-28T18:28:42.094035Z,refresh,18409,1705231,55,7,1,0,1790721000,2026-09-29T22:30:00Z
2026-09-28T18:28:42.094035Z,refresh,18410,1705232,40,5,1,0,1790721000,2026-09-29T22:30:00Z
2026-09-28T18:28:42.094035Z,refresh,18411,1705233,105,7,1,0,1790721000,2026-09-29T22:30:00Z
2026-09-28T18:28:42.094035Z,refresh,18412,1705234,55,4,1,0,1790721000,2026-09-29T22:30:00Z
2026-09-28T18:28:42.094035Z,refresh,18413,1705235,10,2,1,0,1790721000,2026-09-29T22:30:00Z
2026-09-28T18:28:42.094035Z,refresh,18414,1705236,205,13,1,0,1790721000,2026-09-29T22:30:00Z
2026-09-28T18:28:42.094035Z,refresh,18415,1705237,55,11,1,0,1790721000,2026-09-29T22:30:00Z
2026-09-28T18:28:42.094035Z,refresh,18416,1705238,15,3,1,0,1790721000,2026-09-29T22:30:00Z
2026-09-28T18:28:42.094035Z,refresh,18417,1705239,155,4,1,0,1790721000,2026-09-29T22:30:00Z
2026-09-28T18:28:42.094035Z,refresh,18418,1705240,100,7,1,0,1790721000,2026-09-29T22:30:00Z
2026-09-28T18:28:42.094035Z,refresh,18419,1705241,10,2,1,0,1790721000,2026-09-29T22:30:00Z
2026-09-28T18:28:42.094035Z,refresh,18420,1705242,5,1,1,0,1790721000,2026-09-29T22:30:00Z
2026-09-28T18:28:42.094035Z,refresh,18421,1705243,55,11,1,0,1790721000,2026-09-29T22:30:00Z
2026-09-28T18:28:42.094035Z,refresh,18422,1705244,5,1,1,0,1790721000,2026-09-29T22:30:00Z
2026-09-28T18:28:42.094035Z,refresh,18423,1705245,10,2,1,0,1790721000,2026-09-29T22:30:00Z
2026-09-28T18:28:42.094035Z,refresh,18424,1705246,200,12,1,0,1790721000,2026-09-29T22:30:00Z
2026-09-28T18:28:42.094035Z,refresh,18425,1705247,5,1,1,0,1790721000,2026-09-29T22:30:00Z
2026-09-28T18:28:42.094035Z,refresh,18426,1705248,60,7,1,0,1790721000,2026-09-29T22:30:00Z
2026-09-28T18:28:42.094035Z,refresh,18427,1705249,5,1,1,0,1790721000,2026-09-29T22:30:00Z
2026-09-28T18:28:42.094035Z,refresh,18428,1705250,5,1,1,0,1790721000,2026-09-29T22:30:00Z
2026-09-28T18:28:42.094035Z,refresh,18429,1705251,10,2,1,0,1790721000,2026-09-29T22:30:00Z
2026-09-28T18:28:42.094035Z,refresh,18430,1705252,90,19,1,0,1790721000,2026-09-29T22:30:00Z
2026-09-28T18:28:42.094035Z,refresh,18431,1705253,10,2,1,0,1790721000,2026-09-29T22:30:00Z
2026-09-28T18:28:42.094035Z,refresh,18432,1705254,30,7,1,0,1790721000,2026-09-29T22:30:00Z
2026-09-28T18:28:42.094035Z,refresh,18433,1705255,10,2,1,0,1790721000,2026-09-29T22:30:00Z
2026-09-28T18:28:42.094035Z,refresh,18434,1705256,30,6,1,0,1790721000,2026-09-29T22:30:00Z
2026-09-28T18:28:42.094035Z,refresh,18435,1705257,25,5,1,0,1790721000,2026-09-29T22:30:00Z
2026-09-28T18:28:42.094035Z,refresh,18436,1705258,15,3,1,0,1790721000,2026-09-29T22:30:00Z
2026-09-28T18:28:42.094035Z,refresh,18437,1705259,5,1,1,0,1790721000,2026-09-29T22:30:00Z
2026-09-28T18:28:42.094035Z,refresh,18438,1705260,5,1,1,0,1790721000,2026-09-29T22:30:00Z
2026-09-28T18:28:42.094035Z,refresh,18439,1705261,25,5,1,0,1790721000,2026-09-29T22:30:00Z
2026-09-28T18:28:42.094035Z,refresh,18440,1705262,25,4,1,0,1790721000,2026-09-29T22:30:00Z
2026-09-28T18:28:42.094035Z,refresh,18441,1705263,100,6,1,0,1790721000,2026-09-29T22:30:00Z
2026-09-28T18:28:42.094035Z,refresh,18442,1705264,5,1,1,0,1790721000,2026-09-29T22:30:00Z
2026-09-28T18:28:42.094035Z,refresh,18443,1705265,25,5,1,0,1790721000,2026-09-29T22:30:00Z
2026-09-28T18:28:42.094035Z,refresh,18444,1705266,10,2,1,0,1790721000,2026-09-29T22:30:00Z
2026-09-28T18:28:42.094035Z,refresh,18445,1705267,5,1,1,0,1790721000,2026-09-29T22:30:00Z
2026-09-28T18:28:42.094035Z,refresh,18446,1705268,30,6,1,0,1790721000,2026-09-29T22:30:00Z
2026-09-28T18:28:42.094035Z,refresh,18447,1705269,10,2,1,0,1790721000,2026-09-29T22:30:00Z
2026-09-28T18:28:42.094035Z,refresh,18448,1705270,10,2,1,0,1790721000,2026-09-29T22:30:00Z
2026-09-28T18:28:42.094035Z,refresh,18449,1705271,10,2,1,0,1790721000,2026-09-29T22:30:00Z
2026-09-28T18:28:42.094035Z,refresh,18450,1705272,5,1,1,0,1790721000,2026-09-29T22:30:00Z
2026-09-28T18:28:42.094035Z,refresh,18451,1705273,106,14,1,0,1790721000,2026-09-29T22:30:00Z
2026-09-28T18:28:42.094035Z,refresh,18452,1705274,5,1,1,0,1790721000,2026-09-29T22:30:00Z
2026-09-28T18:28:42.094035Z,refresh,18453,1705275,105,4,1,0,1790721000,2026-09-29T22:30:00Z
2026-09-28T18:28:42.094035Z,refresh,18454,1705276,15,4,1,0,1790721000,2026-09-29T22:30:00Z
2026-09-28T18:28:42.094035Z,refresh,18455,1705277,10,2,1,0,1790721000,2026-09-29T22:30:00Z
2026-09-28T18:28:42.094035Z,refresh,18456,1705278,10,2,1,0,1790721000,2026-09-29T22:30:00Z
2026-09-28T18:28:42.094035Z,refresh,18457,1705279,5,1,1,0,1790721000,2026-09-29T22:30:00Z
2026-09-28T18:28:42.094035Z,refresh,18458,1705280,25,5,1,0,1790721000,2026-09-29T22:30:00Z
2026-09-28T18:28:42.094035Z,refresh,18459,1705281,10,2,1,0,1790721000,2026-09-29T22:30:00Z
2026-09-28T18:28:42.094035Z,refresh,18460,1705282,5,1,1,0,1790721000,2026-09-29T22:30:00Z
2026-09-28T18:28:42.094035Z,refresh,18461,1705283,5,1,1,0,1790721000,2026-09-29T22:30:00Z
2026-09-28T18:28:42.094035Z,refresh,18462,1705284,20,4,1,0,1790721000,2026-09-29T22:30:00Z
2026-09-28T18:28:42.094035Z,refresh,18463,1705285,105,13,1,0,1790721000,2026-09-29T22:30:00Z
2026-09-28T18:28:42.094035Z,refresh,18464,1705286,5,1,1,0,1790721000,2026-09-29T22:30:00Z
2026-09-28T18:28:42.094035Z,refresh,18465,1705287,40,7,1,0,1790721000,2026-09-29T22:30:00Z
2026-09-28T18:28:42.094035Z,refresh,18466,1705288,10,2,1,0,1790721000,2026-09-29T22:30:00Z
2026-09-28T18:28:42.094035Z,refresh,30-1329,1799843,5,1,1,0,1790722800,2026-09-29T23:00:00Z
2026-09-28T18:28:42.094035Z,refresh,30-1330,1799850,5,1,1,0,1790722800,2026-09-29T23:00:00Z
2026-09-28T18:28:42.094035Z,refresh,30-1331,1799864,15,4,1,0,1790722800,2026-09-29T23:00:00Z
2026-09-28T18:28:42.094035Z,refresh,18467,1705289,5,1,1,0,1790722800,2026-09-29T23:00:00Z
2026-09-28T18:28:42.094035Z,refresh,18468,1705290,5,0,1,0,1790722800,2026-09-29T23:00:00Z
2026-09-28T18:28:42.094035Z,refresh,18469,1705291,5,1,1,0,1790722800,2026-09-29T23:00:00Z
2026-09-28T18:28:42.094035Z,refresh,18470,1705292,5,0,1,0,1790722800,2026-09-29T23:00:00Z
2026-09-28T18:28:42.094035Z,refresh,18471,1705293,5,1,1,0,1790722800,2026-09-29T23:00:00Z
2026-09-28T18:28:42.094035Z,refresh,18472,1705294,5,1,1,0,1790722800,2026-09-29T23:00:00Z
2026-09-28T18:28:42.094035Z,refresh,18473,1705295,20,4,1,0,1790722800,2026-09-29T23:00:00Z
2026-09-28T18:28:42.094035Z,refresh,18474,1705296,10,2,1,0,1790722800,2026-09-29T23:00:00Z
2026-09-28T18:28:42.094035Z,refresh,18475,1705297,10,2,1,0,1790722800,2026-09-29T23:00:00Z
2026-09-28T18:28:42.094035Z,refresh,18476,1705298,5,1,1,0,1790722800,2026-09-29T23:00:00Z
2026-09-28T18:28:42.094035Z,refresh,18477,1705299,5,1,1,0,1790722800,2026-09-29T23:00:00Z
2026-09-28T18:28:42.094035Z,refresh,18478,1705300,5,1,1,0,1790722800,2026-09-29T23:00:00Z
2026-09-28T18:28:42.094035Z,refresh,18479,1705301,5,1,1,0,1790722800,2026-09-29T23:00:00Z
2026-09-28T18:28:42.094035Z,refresh,18480,1705302,15,3,1,0,1790722800,2026-09-29T23:00:00Z
2026-09-28T18:28:42.094035Z,refresh,18481,1705303,10,2,1,0,1790722800,2026-09-29T23:00:00Z
2026-09-28T18:28:42.094035Z,refresh,18482,1705304,15,3,1,0,1790722800,2026-09-29T23:00:00Z
2026-09-28T18:28:42.094035Z,refresh,18483,1705305,15,4,1,0,1790722800,2026-09-29T23:00:00Z
2026-09-28T18:28:42.094035Z,refresh,18484,1705306,5,1,1,0,1790722800,2026-09-29T23:00:00Z
2026-09-28T18:28:42.094035Z,refresh,18485,1705307,10,2,1,0,1790722800,2026-09-29T23:00:00Z
2026-09-28T18:28:42.094035Z,refresh,18486,1705308,5,1,1,0,1790722800,2026-09-29T23:00:00Z
2026-09-28T18:28:42.094035Z,refresh,18487,1705309,25,4,1,0,1790722800,2026-09-29T23:00:00Z
2026-09-28T18:28:42.094035Z,refresh,18488,1705310,5,1,1,0,1790722800,2026-09-29T23:00:00Z
2026-09-28T18:28:42.094035Z,refresh,18489,1705311,25,4,1,0,1790722800,2026-09-29T23:00:00Z
2026-09-28T18:28:42.094035Z,refresh,18490,1705312,20,4,1,0,1790722800,2026-09-29T23:00:00Z
2026-09-28T18:28:42.094035Z,refresh,18491,1705313,55,9,1,0,1790722800,2026-09-29T23:00:00Z
2026-09-28T18:28:42.094035Z,refresh,18492,1705314,5,1,1,0,1790722800,2026-09-29T23:00:00Z
2026-09-28T18:28:42.094035Z,refresh,18493,1705315,10,2,1,0,1790722800,2026-09-29T23:00:00Z
2026-09-28T18:28:42.094035Z,refresh,18494,1705316,10,2,1,0,1790722800,2026-09-29T23:00:00Z
2026-09-28T18:28:42.094035Z,refresh,18495,1705317,5,1,1,0,1790722800,2026-09-29T23:00:00Z
2026-09-28T18:28:42.094035Z,refresh,18496,1705318,50,10,1,0,1790722800,2026-09-29T23:00:00Z
2026-09-28T18:28:42.094035Z,refresh,18497,1705319,10,2,1,0,1790722800,2026-09-29T23:00:00Z
2026-09-28T18:28:42.094035Z,refresh,18498,1705320,10,2,1,0,1790722800,2026-09-29T23:00:00Z
2026-09-28T18:28:42.094035Z,refresh,18499,1705321,10,2,1,0,1790722800,2026-09-29T23:00:00Z
2026-09-28T18:28:42.094035Z,refresh,18500,1705322,10,2,1,0,1790722800,2026-09-29T23:00:00Z
2026-09-28T18:28:42.094035Z,refresh,18501,1705323,5,0,1,0,1790722800,2026-09-29T23:00:00Z
2026-09-28T18:28:42.094035Z,refresh,18502,1705324,10,2,1,0,1790722800,2026-09-29T23:00:00Z
2026-09-28T18:28:42.094035Z,refresh,18503,1705325,15,3,1,0,1790722800,2026-09-29T23:00:00Z
2026-09-28T18:28:42.094035Z,refresh,18504,1705326,10,2,1,0,1790722800,2026-09-29T23:00:00Z
2026-09-28T18:28:42.094035Z,refresh,18505,1705327,15,3,1,0,1790722800,2026-09-29T23:00:00Z
2026-09-28T18:28:42.094035Z,refresh,18506,1705328,10,2,1,0,1790722800,2026-09-29T23:00:00Z
2026-09-28T18:28:42.094035Z,refresh,18507,1705329,10,2,1,0,1790722800,2026-09-29T23:00:00Z
2026-09-28T18:28:42.094035Z,refresh,18508,1705330,5,1,1,0,1790722800,2026-09-29T23:00:00Z
2026-09-28T18:28:42.094035Z,refresh,18509,1705331,5,1,1,0,1790722800,2026-09-29T23:00:00Z
2026-09-28T18:28:42.094035Z,refresh,18510,1705332,5,1,1,0,1790722800,2026-09-29T23:00:00Z
2026-09-28T18:28:42.094035Z,refresh,18511,1705333,10,2,1,0,1790722800,2026-09-29T23:00:00Z
2026-09-28T18:28:42.094035Z,refresh,18512,1705334,30,7,1,0,1790722800,2026-09-29T23:00:00Z
2026-09-28T18:28:42.094035Z,refresh,18513,1705335,10,2,1,0,1790722800,2026-09-29T23:00:00Z
2026-09-28T18:28:42.094035Z,refresh,18514,1705336,35,8,1,0,1790722800,2026-09-29T23:00:00Z
2026-09-28T18:28:42.094035Z,refresh,18515,1705337,20,5,1,0,1790722800,2026-09-29T23:00:00Z
2026-09-28T18:28:42.094035Z,refresh,18516,1705338,5,1,1,0,1790722800,2026-09-29T23:00:00Z
2026-09-28T18:28:42.094035Z,refresh,18517,1705339,20,3,1,0,1790722800,2026-09-29T23:00:00Z
2026-09-28T18:28:42.094035Z,refresh,18518,1705340,5,0,1,0,1790722800,2026-09-29T23:00:00Z
2026-09-28T18:28:42.094035Z,refresh,18519,1705341,80,5,1,0,1790722800,2026-09-29T23:00:00Z
2026-09-28T18:28:42.094035Z,refresh,18520,1705342,25,6,1,0,1790722800,2026-09-29T23:00:00Z
2026-09-28T18:28:42.094035Z,refresh,18521,1705343,5,1,1,0,1790722800,2026-09-29T23:00:00Z
2026-09-28T18:28:42.094035Z,refresh,18522,1705344,30,6,1,0,1790722800,2026-09-29T23:00:00Z
2026-09-28T18:28:42.094035Z,refresh,18523,1705345,10,2,1,0,1790722800,2026-09-29T23:00:00Z
2026-09-28T18:28:42.094035Z,refresh,18524,1705346,50,5,1,0,1790722800,2026-09-29T23:00:00Z
2026-09-28T18:28:42.094035Z,refresh,18525,1705347,25,6,1,0,1790722800,2026-09-29T23:00:00Z
2026-09-28T18:28:42.094035Z,refresh,18526,1705348,5,1,1,0,1790722800,2026-09-29T23:00:00Z
2026-09-28T18:28:42.094035Z,refresh,18527,1705349,15,3,1,0,1790722800,2026-09-29T23:00:00Z
2026-09-28T18:28:42.094035Z,refresh,18528,1705350,20,5,1,0,1790722800,2026-09-29T23:00:00Z
2026-09-28T18:28:42.094035Z,refresh,18529,1705351,35,8,1,0,1790722800,2026-09-29T23:00:00Z
2026-09-28T18:28:42.094035Z,refresh,18530,1705352,5,1,1,0,1790722800,2026-09-29T23:00:00Z
2026-09-28T18:28:42.094035Z,refresh,18531,1705353,5,0,1,0,1790722800,2026-09-29T23:00:00Z
2026-09-28T18:28:42.094035Z,refresh,18532,1705354,35,7,1,0,1790722800,2026-09-29T23:00:00Z
2026-09-28T18:28:42.094035Z,refresh,18533,1705355,20,4,1,0,1790722800,2026-09-29T23:00:00Z
2026-09-28T18:28:42.094035Z,refresh,18534,1705356,10,2,1,0,1790722800,2026-09-29T23:00:00Z
2026-09-28T18:28:42.094035Z,refresh,18535,1705357,20,4,1,0,1790722800,2026-09-29T23:00:00Z
2026-09-28T18:28:42.094035Z,refresh,18536,1705358,5,1,1,0,1790722800,2026-09-29T23:00:00Z
2026-09-28T18:28:42.094035Z,refresh,18537,1705359,5,1,1,0,1790722800,2026-09-29T23:00:00Z
2026-09-28T18:28:42.094035Z,refresh,18538,1705360,5,1,1,0,1790722800,2026-09-29T23:00:00Z
2026-09-28T18:28:42.094035Z,refresh,18539,1705361,5,0,1,0,1790722800,2026-09-29T23:00:00Z
2026-09-28T18:28:42.094035Z,refresh,18540,1705362,5,0,1,0,1790722800,2026-09-29T23:00:00Z
2026-09-28T18:28:42.094035Z,refresh,18541,1705363,245,36,1,0,1790722800,2026-09-29T23:00:00Z
2026-09-28T18:28:42.094035Z,refresh,18542,1705364,5,1,1,0,1790722800,2026-09-29T23:00:00Z
2026-09-28T18:28:42.094035Z,refresh,18543,1705365,55,4,1,0,1790722800,2026-09-29T23:00:00Z
2026-09-28T18:28:42.094035Z,refresh,18544,1705366,10,2,1,0,1790722800,2026-09-29T23:00:00Z
2026-09-28T18:28:42.094035Z,refresh,18545,1705367,35,4,1,0,1790722800,2026-09-29T23:00:00Z
2026-09-28T18:28:42.094035Z,refresh,18546,1705368,5,0,1,0,1790722800,2026-09-29T23:00:00Z
2026-09-28T18:28:42.094035Z,refresh,18547,1705369,5,1,1,0,1790722800,2026-09-29T23:00:00Z
2026-09-28T18:28:42.094035Z,refresh,18548,1705370,5,1,1,0,1790722800,2026-09-29T23:00:00Z
2026-09-28T18:28:42.094035Z,refresh,18549,1705371,5,0,1,0,1790722800,2026-09-29T23:00:00Z
2026-09-28T18:28:42.094035Z,refresh,18550,1705372,55,3,1,0,1790722800,2026-09-29T23:00:00Z
2026-09-28T18:28:42.094035Z,refresh,18551,1705373,30,3,1,0,1790722800,2026-09-29T23:00:00Z
2026-09-28T18:28:42.094035Z,refresh,18552,1705374,5,1,1,0,1790722800,2026-09-29T23:00:00Z
2026-09-28T18:28:42.094035Z,refresh,18553,1705375,5,0,1,0,1790722800,2026-09-29T23:00:00Z
2026-09-28T18:28:42.094035Z,refresh,18554,1705376,310,30,1,0,1790722800,2026-09-29T23:00:00Z
2026-09-28T18:28:42.094035Z,refresh,18555,1705377,70,11,1,0,1790722800,2026-09-29T23:00:00Z
2026-09-28T18:28:42.094035Z,refresh,18556,1705378,5,1,1,0,1790722800,2026-09-29T23:00:00Z
2026-09-28T18:28:42.094035Z,refresh,18557,1705379,10,2,1,0,1790722800,2026-09-29T23:00:00Z
2026-09-28T18:28:42.094035Z,refresh,18558,1705380,5,1,1,0,1790722800,2026-09-29T23:00:00Z
2026-09-28T18:28:42.094035Z,refresh,18559,1705381,5,1,1,0,1790722800,2026-09-29T23:00:00Z
2026-09-28T18:28:42.094035Z,refresh,18560,1705382,30,4,1,0,1790722800,2026-09-29T23:00:00Z
2026-09-28T18:28:42.094035Z,refresh,18561,1705383,5,1,1,0,1790722800,2026-09-29T23:00:00Z
2026-09-28T18:28:42.094035Z,refresh,30-1333,1799925,5,1,1,0,1790724600,2026-09-29T23:30:00Z
2026-09-28T18:28:42.094035Z,refresh,18223,1705434,10,2,1,0,1790724600,2026-09-29T23:30:00Z
2026-09-28T18:28:42.094035Z,refresh,18224,1705435,5,1,1,0,1790724600,2026-09-29T23:30:00Z
2026-09-28T18:28:42.094035Z,refresh,18225,1705436,5,0,1,0,1790724600,2026-09-29T23:30:00Z
2026-09-28T18:28:42.094035Z,refresh,18226,1705437,80,7,1,0,1790724600,2026-09-29T23:30:00Z
2026-09-28T18:28:42.094035Z,refresh,18250,1705438,115,15,1,0,1790724600,2026-09-29T23:30:00Z
2026-09-28T18:28:42.094035Z,refresh,18251,1705439,5,1,1,0,1790724600,2026-09-29T23:30:00Z
2026-09-28T18:28:42.094035Z,refresh,18252,1705440,5,1,1,0,1790724600,2026-09-29T23:30:00Z
2026-09-28T18:28:42.094035Z,refresh,18253,1705441,5,1,1,0,1790724600,2026-09-29T23:30:00Z
2026-09-28T18:28:42.094035Z,refresh,18254,1705442,5,0,1,0,1790724600,2026-09-29T23:30:00Z
2026-09-28T18:28:42.094035Z,refresh,18255,1705443,5,0,1,0,1790724600,2026-09-29T23:30:00Z
2026-09-28T18:28:42.094035Z,refresh,18256,1705444,5,0,1,0,1790724600,2026-09-29T23:30:00Z
2026-09-28T18:28:42.094035Z,refresh,18257,1705445,10,2,1,0,1790724600,2026-09-29T23:30:00Z
2026-09-28T18:28:42.094035Z,refresh,18258,1705446,5,1,1,0,1790724600,2026-09-29T23:30:00Z
2026-09-28T18:28:42.094035Z,refresh,18259,1705447,10,2,1,0,1790724600,2026-09-29T23:30:00Z
2026-09-28T18:28:42.094035Z,refresh,18260,1705448,255,10,1,0,1790724600,2026-09-29T23:30:00Z
2026-09-28T18:28:42.094035Z,refresh,18261,1705449,15,3,1,0,1790724600,2026-09-29T23:30:00Z
2026-09-28T18:28:42.094035Z,refresh,18262,1705450,55,4,1,0,1790724600,2026-09-29T23:30:00Z
2026-09-28T18:28:42.094035Z,refresh,18263,1705451,5,0,1,0,1790724600,2026-09-29T23:30:00Z
2026-09-28T18:28:42.094035Z,refresh,18264,1705452,5,1,1,0,1790724600,2026-09-29T23:30:00Z
2026-09-28T18:28:42.094035Z,refresh,18265,1705453,5,1,1,0,1790724600,2026-09-29T23:30:00Z
2026-09-28T18:28:42.094035Z,refresh,18266,1705454,10,2,1,0,1790724600,2026-09-29T23:30:00Z
2026-09-28T18:28:42.094035Z,refresh,18267,1705455,5,1,1,0,1790724600,2026-09-29T23:30:00Z
2026-09-28T18:28:42.094035Z,refresh,18268,1705456,5,0,1,0,1790724600,2026-09-29T23:30:00Z
2026-09-28T18:28:42.094035Z,refresh,18269,1705457,20,4,1,0,1790724600,2026-09-29T23:30:00Z
2026-09-28T18:28:42.094035Z,refresh,18270,1705458,5,1,1,0,1790724600,2026-09-29T23:30:00Z
2026-09-28T18:28:42.094035Z,refresh,18271,1705459,10,2,1,0,1790724600,2026-09-29T23:30:00Z
2026-09-28T18:28:42.094035Z,refresh,18272,1705460,5,1,1,0,1790724600,2026-09-29T23:30:00Z
2026-09-28T18:28:42.094035Z,refresh,18273,1705461,5,1,1,0,1790724600,2026-09-29T23:30:00Z
2026-09-28T18:28:42.094035Z,refresh,18274,1705462,5,0,1,0,1790724600,2026-09-29T23:30:00Z
2026-09-28T18:28:42.094035Z,refresh,18275,1705463,5,1,1,0,1790724600,2026-09-29T23:30:00Z
2026-09-28T18:28:42.094035Z,refresh,18276,1705464,5,1,1,0,1790724600,2026-09-29T23:30:00Z
2026-09-28T18:28:42.094035Z,refresh,18277,1705465,5,0,1,0,1790724600,2026-09-29T23:30:00Z
2026-09-28T18:28:42.094035Z,refresh,18278,1705466,5,0,1,0,1790724600,2026-09-29T23:30:00Z
2026-09-28T18:28:42.094035Z,refresh,18279,1705467,5,0,1,0,1790724600,2026-09-29T23:30:00Z
2026-09-28T18:28:42.094035Z,refresh,18280,1705468,5,1,1,0,1790724600,2026-09-29T23:30:00Z
2026-09-28T18:28:42.094035Z,refresh,18281,1705469,5,0,1,0,1790724600,2026-09-29T23:30:00Z
2026-09-28T18:28:42.094035Z,refresh,18282,1705470,175,17,1,0,1790724600,2026-09-29T23:30:00Z
2026-09-28T18:28:42.094035Z,refresh,18283,1705471,5,1,1,0,1790724600,2026-09-29T23:30:00Z
2026-09-28T18:28:42.094035Z,refresh,18284,1705472,5,0,1,0,1790724600,2026-09-29T23:30:00Z
2026-09-28T18:28:42.094035Z,refresh,18285,1705473,5,1,1,0,1790724600,2026-09-29T23:30:00Z
2026-09-28T18:28:42.094035Z,refresh,18286,1705474,5,1,1,0,1790724600,2026-09-29T23:30:00Z
2026-09-28T18:28:42.094035Z,refresh,18287,1705475,5,0,1,0,1790724600,2026-09-29T23:30:00Z
2026-09-28T18:28:42.094035Z,refresh,18288,1705476,5,0,1,0,1790724600,2026-09-29T23:30:00Z
2026-09-28T18:28:42.094035Z,refresh,18289,1705477,10,2,1,0,1790724600,2026-09-29T23:30:00Z
2026-09-28T18:28:42.094035Z,refresh,18290,1705478,100,20,1,0,1790724600,2026-09-29T23:30:00Z
2026-09-28T18:28:42.094035Z,refresh,18562,1705384,5,1,1,0,1790724600,2026-09-29T23:30:00Z
2026-09-28T18:28:42.094035Z,refresh,18563,1705385,5,1,1,0,1790724600,2026-09-29T23:30:00Z
2026-09-28T18:28:42.094035Z,refresh,18564,1705386,15,3,1,0,1790724600,2026-09-29T23:30:00Z
2026-09-28T18:28:42.094035Z,refresh,18565,1705387,15,3,1,0,1790724600,2026-09-29T23:30:00Z
2026-09-28T18:28:42.094035Z,refresh,18566,1705388,10,2,1,0,1790724600,2026-09-29T23:30:00Z
2026-09-28T18:28:42.094035Z,refresh,18567,1705389,5,1,1,0,1790724600,2026-09-29T23:30:00Z
2026-09-28T18:28:42.094035Z,refresh,18568,1705390,5,1,1,0,1790724600,2026-09-29T23:30:00Z
2026-09-28T18:28:42.094035Z,refresh,18569,1705391,5,1,1,0,1790724600,2026-09-29T23:30:00Z
2026-09-28T18:28:42.094035Z,refresh,18570,1705392,15,3,1,0,1790724600,2026-09-29T23:30:00Z
2026-09-28T18:28:42.094035Z,refresh,18571,1705393,5,1,1,0,1790724600,2026-09-29T23:30:00Z
2026-09-28T18:28:42.094035Z,refresh,18572,1705394,55,4,1,0,1790724600,2026-09-29T23:30:00Z
2026-09-28T18:28:42.094035Z,refresh,18573,1705395,10,2,1,0,1790724600,2026-09-29T23:30:00Z
2026-09-28T18:28:42.094035Z,refresh,18574,1705396,5,1,1,0,1790724600,2026-09-29T23:30:00Z
2026-09-28T18:28:42.094035Z,refresh,18575,1705397,10,2,1,0,1790724600,2026-09-29T23:30:00Z
2026-09-28T18:28:42.094035Z,refresh,18576,1705398,35,6,1,0,1790724600,2026-09-29T23:30:00Z
2026-09-28T18:28:42.094035Z,refresh,18577,1705399,5,1,1,0,1790724600,2026-09-29T23:30:00Z
2026-09-28T18:28:42.094035Z,refresh,18578,1705400,5,0,1,0,1790724600,2026-09-29T23:30:00Z
2026-09-28T18:28:42.094035Z,refresh,18579,1705401,10,2,1,0,1790724600,2026-09-29T23:30:00Z
2026-09-28T18:28:42.094035Z,refresh,18580,1705402,460,8,1,0,1790724600,2026-09-29T23:30:00Z
2026-09-28T18:28:42.094035Z,refresh,18581,1705403,10,2,1,0,1790724600,2026-09-29T23:30:00Z
2026-09-28T18:28:42.094035Z,refresh,18582,1705404,5,1,1,0,1790724600,2026-09-29T23:30:00Z
2026-09-28T18:28:42.094035Z,refresh,18583,1705405,5,1,1,0,1790724600,2026-09-29T23:30:00Z
2026-09-28T18:28:42.094035Z,refresh,18584,1705406,25,5,1,0,1790724600,2026-09-29T23:30:00Z
2026-09-28T18:28:42.094035Z,refresh,18585,1705407,5,1,1,0,1790724600,2026-09-29T23:30:00Z
2026-09-28T18:28:42.094035Z,refresh,18586,1705408,5,1,1,0,1790724600,2026-09-29T23:30:00Z
2026-09-28T18:28:42.094035Z,refresh,18587,1705409,55,5,1,0,1790724600,2026-09-29T23:30:00Z
2026-09-28T18:28:42.094035Z,refresh,18588,1705410,55,5,1,0,1790724600,2026-09-29T23:30:00Z
2026-09-28T18:28:42.094035Z,refresh,18589,1705411,5,1,1,0,1790724600,2026-09-29T23:30:00Z
2026-09-28T18:28:42.094035Z,refresh,18590,1705412,5,1,1,0,1790724600,2026-09-29T23:30:00Z
2026-09-28T18:28:42.094035Z,refresh,18591,1705413,5,1,1,0,1790724600,2026-09-29T23:30:00Z
2026-09-28T18:28:42.094035Z,refresh,18592,1705414,5,1,1,0,1790724600,2026-09-29T23:30:00Z
2026-09-28T18:28:42.094035Z,refresh,18593,1705415,10,2,1,0,1790724600,2026-09-29T23:30:00Z
2026-09-28T18:28:42.094035Z,refresh,18594,1705416,10,2,1,0,1790724600,2026-09-29T23:30:00Z
2026-09-28T18:28:42.094035Z,refresh,18595,1705417,5,1,1,0,1790724600,2026-09-29T23:30:00Z
2026-09-28T18:28:42.094035Z,refresh,18596,1705418,5,0,1,0,1790724600,2026-09-29T23:30:00Z
2026-09-28T18:28:42.094035Z,refresh,18597,1705419,105,16,1,0,1790724600,2026-09-29T23:30:00Z
2026-09-28T18:28:42.094035Z,refresh,18598,1705420,10,2,1,0,1790724600,2026-09-29T23:30:00Z
2026-09-28T18:28:42.094035Z,refresh,18599,1705421,30,6,1,0,1790724600,2026-09-29T23:30:00Z
2026-09-28T18:28:42.094035Z,refresh,18600,1705422,5,1,1,0,1790724600,2026-09-29T23:30:00Z
2026-09-28T18:28:42.094035Z,refresh,18601,1705423,30,3,1,0,1790724600,2026-09-29T23:30:00Z
2026-09-28T18:28:42.094035Z,refresh,18602,1705424,5,0,1,0,1790724600,2026-09-29T23:30:00Z
2026-09-28T18:28:42.094035Z,refresh,18603,1705425,5,1,1,0,1790724600,2026-09-29T23:30:00Z
2026-09-28T18:28:42.094035Z,refresh,18604,1705426,10,2,1,0,1790724600,2026-09-29T23:30:00Z
2026-09-28T18:28:42.094035Z,refresh,18605,1705427,20,3,1,0,1790724600,2026-09-29T23:30:00Z
2026-09-28T18:28:42.094035Z,refresh,18606,1705428,10,2,1,0,1790724600,2026-09-29T23:30:00Z
2026-09-28T18:28:42.094035Z,refresh,18607,1705429,5,0,1,0,1790724600,2026-09-29T23:30:00Z
2026-09-28T18:28:42.094035Z,refresh,18608,1705430,5,0,1,0,1790724600,2026-09-29T23:30:00Z
2026-09-28T18:28:42.094035Z,refresh,18609,1705431,10,2,1,0,1790724600,2026-09-29T23:30:00Z
2026-09-28T18:28:42.094035Z,refresh,18610,1705432,5,1,1,0,1790724600,2026-09-29T23:30:00Z
2026-09-28T18:28:42.094035Z,refresh,18611,1705433,5,1,1,0,1790724600,2026-09-29T23:30:00Z
2026-09-28T18:28:42.094035Z,refresh,18612,1723322,125,10,1,0,1790724600,2026-09-29T23:30:00Z
2026-09-28T18:28:42.094035Z,refresh,18291,1705479,10,2,1,0,1790726400,2026-09-30T00:00:00Z
2026-09-28T18:28:42.094035Z,refresh,18292,1705480,5,1,1,0,1790726400,2026-09-30T00:00:00Z
2026-09-28T18:28:42.094035Z,refresh,18293,1705481,35,7,1,0,1790726400,2026-09-30T00:00:00Z
2026-09-28T18:28:42.094035Z,refresh,18294,1705482,5,1,1,0,1790726400,2026-09-30T00:00:00Z
2026-09-28T18:28:42.094035Z,refresh,18295,1705483,105,6,1,0,1790726400,2026-09-30T00:00:00Z
2026-09-28T18:28:42.094035Z,refresh,18296,1705484,5,1,1,0,1790726400,2026-09-30T00:00:00Z
2026-09-28T18:28:42.094035Z,refresh,18297,1705485,5,1,1,0,1790726400,2026-09-30T00:00:00Z
2026-09-28T18:28:42.094035Z,refresh,18298,1705486,5,1,1,0,1790726400,2026-09-30T00:00:00Z
2026-09-28T18:28:42.094035Z,refresh,18299,1705487,5,1,1,0,1790726400,2026-09-30T00:00:00Z
2026-09-28T18:28:42.094035Z,refresh,18300,1705488,10,2,1,0,1790726400,2026-09-30T00:00:00Z
2026-09-28T18:28:42.094035Z,refresh,18301,1705489,30,6,1,0,1790726400,2026-09-30T00:00:00Z
2026-09-28T18:28:42.094035Z,refresh,18302,1705490,10,2,1,0,1790726400,2026-09-30T00:00:00Z
2026-09-28T18:28:42.094035Z,refresh,18303,1705491,5,1,1,0,1790726400,2026-09-30T00:00:00Z
2026-09-28T18:28:42.094035Z,refresh,18304,1705492,15,4,1,0,1790726400,2026-09-30T00:00:00Z
2026-09-28T18:28:42.094035Z,refresh,18305,1705493,10,2,1,0,1790726400,2026-09-30T00:00:00Z
2026-09-28T18:28:42.094035Z,refresh,18306,1705494,15,3,1,0,1790726400,2026-09-30T00:00:00Z
2026-09-28T18:28:42.094035Z,refresh,18307,1705495,10,2,1,0,1790726400,2026-09-30T00:00:00Z
2026-09-28T18:28:42.094035Z,refresh,18308,1705496,5,1,1,0,1790726400,2026-09-30T00:00:00Z
2026-09-28T18:28:42.094035Z,refresh,18309,1705497,10,2,1,0,1790726400,2026-09-30T00:00:00Z
2026-09-28T18:28:42.094035Z,refresh,18310,1705498,15,3,1,0,1790726400,2026-09-30T00:00:00Z
2026-09-28T18:28:42.094035Z,refresh,18311,1705499,10,2,1,0,1790726400,2026-09-30T00:00:00Z
2026-09-28T18:28:42.094035Z,refresh,18312,1705500,1705,23,1,0,1790726400,2026-09-30T00:00:00Z
2026-09-28T18:28:42.094035Z,refresh,18313,1705501,15,4,1,0,1790726400,2026-09-30T00:00:00Z
2026-09-28T18:28:42.094035Z,refresh,18314,1705502,5,1,1,0,1790726400,2026-09-30T00:00:00Z
2026-09-28T18:28:42.094035Z,refresh,18315,1705503,40,5,1,0,1790726400,2026-09-30T00:00:00Z
2026-09-28T18:28:42.094035Z,refresh,18316,1705504,15,3,1,0,1790726400,2026-09-30T00:00:00Z
2026-09-28T18:28:42.094035Z,refresh,18317,1705505,5,0,1,0,1790726400,2026-09-30T00:00:00Z
2026-09-28T18:28:42.094035Z,refresh,18318,1705506,5,1,1,0,1790726400,2026-09-30T00:00:00Z
2026-09-28T18:28:42.094035Z,refresh,18319,1705507,10,2,1,0,1790726400,2026-09-30T00:00:00Z
2026-09-28T18:28:42.094035Z,refresh,18320,1705508,5,1,1,0,1790726400,2026-09-30T00:00:00Z
2026-09-28T18:28:42.094035Z,refresh,18321,1705509,5,1,1,0,1790726400,2026-09-30T00:00:00Z
2026-09-28T18:28:42.094035Z,refresh,18322,1705510,5,1,1,0,1790726400,2026-09-30T00:00:00Z
2026-09-28T18:28:42.094035Z,refresh,18323,1705511,15,3,1,0,1790726400,2026-09-30T00:00:00Z
2026-09-28T18:28:42.094035Z,refresh,18324,1705512,10,2,1,0,1790726400,2026-09-30T00:00:00Z
2026-09-28T18:28:42.094035Z,refresh,18325,1705513,50,9,1,0,1790726400,2026-09-30T00:00:00Z
2026-09-28T18:28:42.094035Z,refresh,18326,1705514,50,10,1,0,1790726400,2026-09-30T00:00:00Z
2026-09-28T18:28:42.094035Z,refresh,18327,1705515,15,3,1,0,1790726400,2026-09-30T00:00:00Z
2026-09-28T18:28:42.094035Z,refresh,18328,1705516,655,12,1,0,1790726400,2026-09-30T00:00:00Z
2026-09-28T18:28:42.094035Z,refresh,18329,1705517,1600,23,1,0,1790726400,2026-09-30T00:00:00Z
2026-09-28T18:28:42.094035Z,refresh,18330,1705518,5,1,1,0,1790726400,2026-09-30T00:00:00Z
2026-09-28T18:28:42.094035Z,refresh,18331,1705519,5,1,1,0,1790726400,2026-09-30T00:00:00Z
2026-09-28T18:28:42.094035Z,refresh,18332,1705520,5,1,1,0,1790726400,2026-09-30T00:00:00Z
2026-09-28T18:28:42.094035Z,refresh,18333,1705521,5,1,1,0,1790726400,2026-09-30T00:00:00Z
2026-09-28T18:28:42.094035Z,refresh,18334,1705522,200,30,1,0,1790726400,2026-09-30T00:00:00Z
2026-09-28T18:28:42.094035Z,refresh,18335,1705523,20,4,1,0,1790726400,2026-09-30T00:00:00Z
2026-09-28T18:28:42.094035Z,refresh,18336,1705524,15,3,1,0,1790726400,2026-09-30T00:00:00Z
2026-09-28T18:28:42.094035Z,refresh,18337,1705525,10,2,1,0,1790726400,2026-09-30T00:00:00Z
2026-09-28T18:28:42.094035Z,refresh,18338,1705526,10,2,1,0,1790726400,2026-09-30T00:00:00Z
2026-09-28T18:28:42.094035Z,refresh,18339,1705527,20,4,1,0,1790726400,2026-09-30T00:00:00Z
2026-09-28T18:28:42.094035Z,refresh,18340,1705528,15,3,1,0,1790726400,2026-09-30T00:00:00Z
2026-09-28T18:28:42.094035Z,refresh,18341,1705529,10,2,1,0,1790726400,2026-09-30T00:00:00Z
2026-09-28T18:28:42.094035Z,refresh,18342,1705530,210,37,1,0,1790726400,2026-09-30T00:00:00Z
2026-09-28T18:28:42.094035Z,refresh,18343,1705531,5,1,1,0,1790726400,2026-09-30T00:00:00Z
2026-09-28T18:28:42.094035Z,refresh,18344,1705532,56,4,1,0,1790726400,2026-09-30T00:00:00Z
2026-09-28T18:28:42.094035Z,refresh,18345,1705533,10,2,1,0,1790726400,2026-09-30T00:00:00Z
2026-09-28T18:28:42.094035Z,refresh,18346,1705534,30,6,1,0,1790726400,2026-09-30T00:00:00Z
2026-09-28T18:28:42.094035Z,refresh,18347,1705535,5,1,1,0,1790726400,2026-09-30T00:00:00Z
2026-09-28T18:28:42.094035Z,refresh,18348,1705536,205,6,1,0,1790726400,2026-09-30T00:00:00Z
2026-09-28T18:28:42.094035Z,refresh,18349,1705537,5,1,1,0,1790726400,2026-09-30T00:00:00Z
2026-09-28T18:28:42.094035Z,refresh,18350,1705538,5,1,1,0,1790726400,2026-09-30T00:00:00Z
2026-09-28T18:28:42.094035Z,refresh,18351,1705539,5,1,1,0,1790726400,2026-09-30T00:00:00Z
2026-09-28T18:28:42.094035Z,refresh,18352,1705540,85,17,1,0,1790726400,2026-09-30T00:00:00Z
2026-09-28T18:28:42.094035Z,refresh,18353,1705541,75,15,1,0,1790726400,2026-09-30T00:00:00Z
2026-09-28T18:28:42.094035Z,refresh,18354,1705542,105,4,1,0,1790726400,2026-09-30T00:00:00Z
2026-09-28T18:28:42.094035Z,refresh,18355,1705543,800,13,1,0,1790726400,2026-09-30T00:00:00Z
2026-09-28T18:28:42.094035Z,refresh,18356,1705544,410,8,1,0,1790726400,2026-09-30T00:00:00Z
2026-09-28T18:28:42.094035Z,refresh,18357,1705545,725,25,1,0,1790726400,2026-09-30T00:00:00Z
2026-09-28T18:28:42.094035Z,refresh,18358,1705546,2150,27,1,0,1790726400,2026-09-30T00:00:00Z
2026-09-28T18:28:42.094035Z,refresh,18359,1705547,225,8,1,0,1790726400,2026-09-30T00:00:00Z
2026-09-28T18:28:42.094035Z,refresh,18360,1705548,2250,87,1,0,1790726400,2026-09-30T00:00:00Z
2026-09-28T18:28:42.094035Z,refresh,18361,1705549,3325,74,1,0,1790726400,2026-09-30T00:00:00Z
2026-09-28T18:28:42.094035Z,refresh,18362,1705550,675,11,1,0,1790726400,2026-09-30T00:00:00Z
2026-09-28T18:28:42.094035Z,refresh,18364,1705551,2350,11,1,0,1790726400,2026-09-30T00:00:00Z
2026-09-28T18:28:42.094035Z,refresh,18365,1705552,7550,18,1,0,1790726400,2026-09-30T00:00:00Z
2026-09-28T18:28:42.094035Z,refresh,18366,1705553,760,4,1,0,1790726400,2026-09-30T00:00:00Z
2026-09-28T18:28:42.094035Z,refresh,18367,1705554,1950,20,1,0,1790726400,2026-09-30T00:00:00Z
2026-09-28T18:28:42.094035Z,refresh,18368,1705555,345,9,1,0,1790726400,2026-09-30T00:00:00Z
2026-09-28T18:28:42.094035Z,refresh,18369,1705556,305,10,1,0,1790726400,2026-09-30T00:00:00Z
2026-09-28T18:28:42.094035Z,refresh,18370,1705557,1175,10,1,0,1790726400,2026-09-30T00:00:00Z
2026-09-28T18:28:42.094035Z,refresh,18371,1705558,1136,11,1,0,1790726400,2026-09-30T00:00:00Z
2026-09-28T18:28:42.094035Z,refresh,18372,1705559,8305,5,1,0,1790726400,2026-09-30T00:00:00Z
2026-09-28T18:28:42.094035Z,refresh,18373,1705560,4150,35,1,0,1790726400,2026-09-30T00:00:00Z
2026-09-28T18:28:42.094035Z,refresh,18374,1705561,1550,14,1,0,1790726400,2026-09-30T00:00:00Z
2026-09-28T18:28:42.094035Z,refresh,18375,1705562,1525,13,1,0,1790726400,2026-09-30T00:00:00Z
2026-09-28T18:28:42.094035Z,refresh,18376,1705563,800,36,1,0,1790726400,2026-09-30T00:00:00Z
2026-09-28T18:28:42.094035Z,refresh,18377,1705564,705,18,1,0,1790726400,2026-09-30T00:00:00Z
2026-09-28T18:28:42.094035Z,refresh,18378,1705565,1425,67,1,0,1790726400,2026-09-30T00:00:00Z
2026-09-28T18:28:42.094035Z,refresh,18379,1705566,1025,79,1,0,1790726400,2026-09-30T00:00:00Z
2026-09-28T18:28:42.094035Z,refresh,18380,1705567,40250,22,1,0,1790726400,2026-09-30T00:00:00Z
2026-09-28T18:28:42.094035Z,refresh,18381,1705568,8200,53,1,0,1790726400,2026-09-30T00:00:00Z
2026-09-28T18:28:42.094035Z,refresh,18382,1705569,20100,44,1,0,1790726400,2026-09-30T00:00:00Z
2026-09-28T18:28:42.094035Z,refresh,18383,1705570,185,18,1,0,1790726400,2026-09-30T00:00:00Z
2026-09-28T18:28:42.094035Z,refresh,18384,1705571,3550,19,1,0,1790726400,2026-09-30T00:00:00Z
2026-09-28T18:28:42.094035Z,refresh,18385,1705572,115,12,1,0,1790726400,2026-09-30T00:00:00Z
2026-09-28T18:28:42.094035Z,refresh,18386,1705573,110,14,1,0,1790726400,2026-09-30T00:00:00Z
2026-09-28T18:28:42.094035Z,refresh,18387,1705574,100,8,1,0,1790726400,2026-09-30T00:00:00Z
2026-09-28T18:28:42.094035Z,refresh,18388,1705575,10,2,1,0,1790726400,2026-09-30T00:00:00Z
2026-09-28T18:28:42.094035Z,refresh,18613,1723323,5,1,1,0,1790726400,2026-09-30T00:00:00Z
2026-09-28T18:28:42.094035Z,refresh,18614,1723324,560,3,1,0,1790726400,2026-09-30T00:00:00Z
2026-09-28T18:28:42.094035Z,refresh,18615,1722853,505,3,1,0,1790726400,2026-09-30T00:00:00Z
2026-09-28T18:28:42.094035Z,refresh,18616,1723069,810,31,1,0,1790726400,2026-09-30T00:00:00Z
2026-09-28T18:28:42.094035Z,refresh,19094,1717855,4050,16,1,0,1790726400,2026-09-30T00:00:00Z
2026-09-28T19:25:11.873606Z,refresh,30-1332,1799881,5,0,1,0,1790719200,2026-09-29T22:00:00Z
2026-09-28T19:25:11.873606Z,refresh,18100,1705100,175,17,1,0,1790719200,2026-09-29T22:00:00Z
2026-09-28T19:25:11.873606Z,refresh,18101,1705101,55,6,1,0,1790719200,2026-09-29T22:00:00Z
2026-09-28T19:25:11.873606Z,refresh,18102,1705102,60,6,1,0,1790719200,2026-09-29T22:00:00Z
2026-09-28T19:25:11.873606Z,refresh,18103,1705103,25,3,1,0,1790719200,2026-09-29T22:00:00Z
2026-09-28T19:25:11.873606Z,refresh,18104,1705104,100,1,1,0,1790719200,2026-09-29T22:00:00Z
2026-09-28T19:25:11.873606Z,refresh,18105,1705105,20,4,1,0,1790719200,2026-09-29T22:00:00Z
2026-09-28T19:25:11.873606Z,refresh,18106,1705106,10,2,1,0,1790719200,2026-09-29T22:00:00Z
2026-09-28T19:25:11.873606Z,refresh,18107,1705107,5,1,1,0,1790719200,2026-09-29T22:00:00Z
2026-09-28T19:25:11.873606Z,refresh,18108,1705108,15,3,1,0,1790719200,2026-09-29T22:00:00Z
2026-09-28T19:25:11.873606Z,refresh,18109,1705109,5,1,1,0,1790719200,2026-09-29T22:00:00Z
2026-09-28T19:25:11.873606Z,refresh,18110,1705110,25,5,1,0,1790719200,2026-09-29T22:00:00Z
2026-09-28T19:25:11.873606Z,refresh,18111,1705111,5,1,1,0,1790719200,2026-09-29T22:00:00Z
2026-09-28T19:25:11.873606Z,refresh,18112,1705112,5,1,1,0,1790719200,2026-09-29T22:00:00Z
2026-09-28T19:25:11.873606Z,refresh,18113,1705113,5,1,1,0,1790719200,2026-09-29T22:00:00Z
2026-09-28T19:25:11.873606Z,refresh,18114,1705114,170,31,1,0,1790719200,2026-09-29T22:00:00Z
2026-09-28T19:25:11.873606Z,refresh,18115,1705115,10,2,1,0,1790719200,2026-09-29T22:00:00Z
2026-09-28T19:25:11.873606Z,refresh,18116,1705116,60,13,1,0,1790719200,2026-09-29T22:00:00Z
2026-09-28T19:25:11.873606Z,refresh,18117,1705117,55,11,1,0,1790719200,2026-09-29T22:00:00Z
2026-09-28T19:25:11.873606Z,refresh,18118,1705118,15,3,1,0,1790719200,2026-09-29T22:00:00Z
2026-09-28T19:25:11.873606Z,refresh,18119,1705119,105,8,1,0,1790719200,2026-09-29T22:00:00Z
2026-09-28T19:25:11.873606Z,refresh,18120,1705120,30,7,1,0,1790719200,2026-09-29T22:00:00Z
2026-09-28T19:25:11.873606Z,refresh,18121,1705121,5,0,1,0,1790719200,2026-09-29T22:00:00Z
2026-09-28T19:25:11.873606Z,refresh,18122,1705122,5,1,1,0,1790719200,2026-09-29T22:00:00Z
2026-09-28T19:25:11.873606Z,refresh,18123,1705123,165,35,1,0,1790719200,2026-09-29T22:00:00Z
2026-09-28T19:25:11.873606Z,refresh,18124,1705124,205,18,1,0,1790719200,2026-09-29T22:00:00Z
2026-09-28T19:25:11.873606Z,refresh,18125,1705125,115,25,1,0,1790719200,2026-09-29T22:00:00Z
2026-09-28T19:25:11.873606Z,refresh,18126,1705126,30,6,1,0,1790719200,2026-09-29T22:00:00Z
2026-09-28T19:25:11.873606Z,refresh,18127,1705127,85,9,1,0,1790719200,2026-09-29T22:00:00Z
2026-09-28T19:25:11.873606Z,refresh,18128,1705128,150,12,1,0,1790719200,2026-09-29T22:00:00Z
2026-09-28T19:25:11.873606Z,refresh,18129,1705129,5,1,1,0,1790719200,2026-09-29T22:00:00Z
2026-09-28T19:25:11.873606Z,refresh,18130,1705130,55,12,1,0,1790719200,2026-09-29T22:00:00Z
2026-09-28T19:25:11.873606Z,refresh,18131,1705131,5,0,1,0,1790719200,2026-09-29T22:00:00Z
2026-09-28T19:25:11.873606Z,refresh,18132,1705132,5,0,1,0,1790719200,2026-09-29T22:00:00Z
2026-09-28T19:25:11.873606Z,refresh,18133,1705133,30,6,1,0,1790719200,2026-09-29T22:00:00Z
2026-09-28T19:25:11.873606Z,refresh,18134,1705134,176,10,1,0,1790719200,2026-09-29T22:00:00Z
2026-09-28T19:25:11.873606Z,refresh,18135,1705135,105,6,1,0,1790719200,2026-09-29T22:00:00Z
2026-09-28T19:25:11.873606Z,refresh,18136,1705136,5,0,1,0,1790719200,2026-09-29T22:00:00Z
2026-09-28T19:25:11.873606Z,refresh,18137,1705137,10,2,1,0,1790719200,2026-09-29T22:00:00Z
2026-09-28T19:25:11.873606Z,refresh,18138,1705138,20,4,1,0,1790719200,2026-09-29T22:00:00Z
2026-09-28T19:25:11.873606Z,refresh,18139,1705139,100,4,1,0,1790719200,2026-09-29T22:00:00Z
2026-09-28T19:25:11.873606Z,refresh,18140,1705140,25,6,1,0,1790719200,2026-09-29T22:00:00Z
2026-09-28T19:25:11.873606Z,refresh,18141,1705141,5,1,1,0,1790719200,2026-09-29T22:00:00Z
2026-09-28T19:25:11.873606Z,refresh,18142,1705142,5,1,1,0,1790719200,2026-09-29T22:00:00Z
2026-09-28T19:25:11.873606Z,refresh,18143,1705143,5,1,1,0,1790719200,2026-09-29T22:00:00Z
2026-09-28T19:25:11.873606Z,refresh,18144,1705144,5,1,1,0,1790719200,2026-09-29T22:00:00Z
2026-09-28T19:25:11.873606Z,refresh,18145,1705145,5,1,1,0,1790719200,2026-09-29T22:00:00Z
2026-09-28T19:25:11.873606Z,refresh,18146,1705146,5,0,1,0,1790719200,2026-09-29T22:00:00Z
2026-09-28T19:25:11.873606Z,refresh,18147,1705147,60,10,1,0,1790719200,2026-09-29T22:00:00Z
2026-09-28T19:25:11.873606Z,refresh,18148,1705148,105,5,1,0,1790719200,2026-09-29T22:00:00Z
2026-09-28T19:25:11.873606Z,refresh,18149,1705149,30,6,1,0,1790719200,2026-09-29T22:00:00Z
2026-09-28T19:25:11.873606Z,refresh,18150,1705150,45,7,1,0,1790719200,2026-09-29T22:00:00Z
2026-09-28T19:25:11.873606Z,refresh,18151,1705151,20,4,1,0,1790719200,2026-09-29T22:00:00Z
2026-09-28T19:25:11.873606Z,refresh,18152,1705152,5,1,1,0,1790719200,2026-09-29T22:00:00Z
2026-09-28T19:25:11.873606Z,refresh,18153,1705153,5,1,1,0,1790719200,2026-09-29T22:00:00Z
2026-09-28T19:25:11.873606Z,refresh,18154,1705154,5,1,1,0,1790719200,2026-09-29T22:00:00Z
2026-09-28T19:25:11.873606Z,refresh,18156,1705155,5,1,1,0,1790719200,2026-09-29T22:00:00Z
2026-09-28T19:25:11.873606Z,refresh,18157,1705156,20,4,1,0,1790719200,2026-09-29T22:00:00Z
2026-09-28T19:25:11.873606Z,refresh,18158,1705157,5,0,1,0,1790719200,2026-09-29T22:00:00Z
2026-09-28T19:25:11.873606Z,refresh,18159,1705158,20,5,1,0,1790719200,2026-09-29T22:00:00Z
2026-09-28T19:25:11.873606Z,refresh,18160,1705159,5,0,1,0,1790719200,2026-09-29T22:00:00Z
2026-09-28T19:25:11.873606Z,refresh,18161,1705160,5,1,1,0,1790719200,2026-09-29T22:00:00Z
2026-09-28T19:25:11.873606Z,refresh,18162,1705161,5,0,1,0,1790719200,2026-09-29T22:00:00Z
2026-09-28T19:25:11.873606Z,refresh,18163,1705162,10,2,1,0,1790719200,2026-09-29T22:00:00Z
2026-09-28T19:25:11.873606Z,refresh,18164,1705163,40,8,1,0,1790719200,2026-09-29T22:00:00Z
2026-09-28T19:25:11.873606Z,refresh,18165,1705164,5,1,1,0,1790719200,2026-09-29T22:00:00Z
2026-09-28T19:25:11.873606Z,refresh,18166,1705165,105,16,1,0,1790719200,2026-09-29T22:00:00Z
2026-09-28T19:25:11.873606Z,refresh,18167,1705166,15,3,1,0,1790719200,2026-09-29T22:00:00Z
2026-09-28T19:25:11.873606Z,refresh,18168,1705167,60,11,1,0,1790719200,2026-09-29T22:00:00Z
2026-09-28T19:25:11.873606Z,refresh,18169,1705168,35,8,1,0,1790719200,2026-09-29T22:00:00Z
2026-09-28T19:25:11.873606Z,refresh,18170,1705169,36,9,1,0,1790719200,2026-09-29T22:00:00Z
2026-09-28T19:25:11.873606Z,refresh,18171,1705170,35,8,1,0,1790719200,2026-09-29T22:00:00Z
2026-09-28T19:25:11.873606Z,refresh,18172,1705171,35,9,1,0,1790719200,2026-09-29T22:00:00Z
2026-09-28T19:25:11.873606Z,refresh,18173,1705172,60,8,1,0,1790719200,2026-09-29T22:00:00Z
2026-09-28T19:25:11.873606Z,refresh,18174,1705173,5,1,1,0,1790719200,2026-09-29T22:00:00Z
2026-09-28T19:25:11.873606Z,refresh,18175,1705174,20,4,1,0,1790719200,2026-09-29T22:00:00Z
2026-09-28T19:25:11.873606Z,refresh,18176,1705175,70,10,1,0,1790719200,2026-09-29T22:00:00Z
2026-09-28T19:25:11.873606Z,refresh,18177,1705176,5,1,1,0,1790719200,2026-09-29T22:00:00Z
2026-09-28T19:25:11.873606Z,refresh,18178,1705177,5,1,1,0,1790719200,2026-09-29T22:00:00Z
2026-09-28T19:25:11.873606Z,refresh,18179,1705178,5,1,1,0,1790719200,2026-09-29T22:00:00Z
2026-09-28T19:25:11.873606Z,refresh,18180,1705179,460,14,1,0,1790719200,2026-09-29T22:00:00Z
2026-09-28T19:25:11.873606Z,refresh,18181,1705180,5,1,1,0,1790719200,2026-09-29T22:00:00Z
2026-09-28T19:25:11.873606Z,refresh,18182,1705181,10,2,1,0,1790719200,2026-09-29T22:00:00Z
2026-09-28T19:25:11.873606Z,refresh,18183,1705182,5,0,1,0,1790719200,2026-09-29T22:00:00Z
2026-09-28T19:25:11.873606Z,refresh,18184,1705183,5,0,1,0,1790719200,2026-09-29T22:00:00Z
2026-09-28T19:25:11.873606Z,refresh,18185,1705184,5,0,1,0,1790719200,2026-09-29T22:00:00Z
2026-09-28T19:25:11.873606Z,refresh,18186,1705185,5,1,1,0,1790719200,2026-09-29T22:00:00Z
2026-09-28T19:25:11.873606Z,refresh,18187,1705186,5,1,1,0,1790719200,2026-09-29T22:00:00Z
2026-09-28T19:25:11.873606Z,refresh,18188,1705187,10,2,1,0,1790719200,2026-09-29T22:00:00Z
2026-09-28T19:25:11.873606Z,refresh,18189,1705188,10,2,1,0,1790719200,2026-09-29T22:00:00Z
2026-09-28T19:25:11.873606Z,refresh,18190,1705189,5,1,1,0,1790719200,2026-09-29T22:00:00Z
2026-09-28T19:25:11.873606Z,refresh,18191,1705190,5,1,1,0,1790719200,2026-09-29T22:00:00Z
2026-09-28T19:25:11.873606Z,refresh,18192,1705191,10,2,1,0,1790719200,2026-09-29T22:00:00Z
2026-09-28T19:25:11.873606Z,refresh,18193,1705192,20,4,1,0,1790719200,2026-09-29T22:00:00Z
2026-09-28T19:25:11.873606Z,refresh,18194,1705193,5,0,1,0,1790719200,2026-09-29T22:00:00Z
2026-09-28T19:25:11.873606Z,refresh,18195,1705194,5,0,1,0,1790721000,2026-09-29T22:30:00Z
2026-09-28T19:25:11.873606Z,refresh,18196,1705195,5,1,1,0,1790721000,2026-09-29T22:30:00Z
2026-09-28T19:25:11.873606Z,refresh,18197,1705196,20,4,1,0,1790721000,2026-09-29T22:30:00Z
2026-09-28T19:25:11.873606Z,refresh,18198,1705197,5,1,1,0,1790721000,2026-09-29T22:30:00Z
2026-09-28T19:25:11.873606Z,refresh,18199,1705198,5,1,1,0,1790721000,2026-09-29T22:30:00Z
2026-09-28T19:25:11.873606Z,refresh,18200,1705199,5,0,1,0,1790721000,2026-09-29T22:30:00Z
2026-09-28T19:25:11.873606Z,refresh,18201,1705200,5,1,1,0,1790721000,2026-09-29T22:30:00Z
2026-09-28T19:25:11.873606Z,refresh,18202,1705201,10,2,1,0,1790721000,2026-09-29T22:30:00Z
2026-09-28T19:25:11.873606Z,refresh,18203,1705202,5,1,1,0,1790721000,2026-09-29T22:30:00Z
2026-09-28T19:25:11.873606Z,refresh,18204,1705203,5,1,1,0,1790721000,2026-09-29T22:30:00Z
2026-09-28T19:25:11.873606Z,refresh,18205,1705204,30,4,1,0,1790721000,2026-09-29T22:30:00Z
2026-09-28T19:25:11.873606Z,refresh,18206,1705205,5,0,1,0,1790721000,2026-09-29T22:30:00Z
2026-09-28T19:25:11.873606Z,refresh,18207,1705206,5,1,1,0,1790721000,2026-09-29T22:30:00Z
2026-09-28T19:25:11.873606Z,refresh,18208,1705207,15,3,1,0,1790721000,2026-09-29T22:30:00Z
2026-09-28T19:25:11.873606Z,refresh,18209,1705208,30,3,1,0,1790721000,2026-09-29T22:30:00Z
2026-09-28T19:25:11.873606Z,refresh,18210,1705209,30,6,1,0,1790721000,2026-09-29T22:30:00Z
2026-09-28T19:25:11.873606Z,refresh,18211,1705210,65,9,1,0,1790721000,2026-09-29T22:30:00Z
2026-09-28T19:25:11.873606Z,refresh,18212,1705211,5,0,1,0,1790721000,2026-09-29T22:30:00Z
2026-09-28T19:25:11.873606Z,refresh,18213,1705212,5,1,1,0,1790721000,2026-09-29T22:30:00Z
2026-09-28T19:25:11.873606Z,refresh,18214,1705213,15,3,1,0,1790721000,2026-09-29T22:30:00Z
2026-09-28T19:25:11.873606Z,refresh,18215,1705214,5,1,1,0,1790721000,2026-09-29T22:30:00Z
2026-09-28T19:25:11.873606Z,refresh,18216,1705215,30,5,1,0,1790721000,2026-09-29T22:30:00Z
2026-09-28T19:25:11.873606Z,refresh,18217,1705216,10,2,1,0,1790721000,2026-09-29T22:30:00Z
2026-09-28T19:25:11.873606Z,refresh,18218,1705217,10,2,1,0,1790721000,2026-09-29T22:30:00Z
2026-09-28T19:25:11.873606Z,refresh,18219,1705218,5,1,1,0,1790721000,2026-09-29T22:30:00Z
2026-09-28T19:25:11.873606Z,refresh,18220,1705219,5,1,1,0,1790721000,2026-09-29T22:30:00Z
2026-09-28T19:25:11.873606Z,refresh,18221,1705220,60,12,1,0,1790721000,2026-09-29T22:30:00Z
2026-09-28T19:25:11.873606Z,refresh,18222,1705221,15,3,1,0,1790721000,2026-09-29T22:30:00Z
2026-09-28T19:25:11.873606Z,refresh,18400,1705222,1265,42,1,0,1790721000,2026-09-29T22:30:00Z
2026-09-28T19:25:11.873606Z,refresh,18401,1705223,105,10,1,0,1790721000,2026-09-29T22:30:00Z
2026-09-28T19:25:11.873606Z,refresh,18402,1705224,25,5,1,0,1790721000,2026-09-29T22:30:00Z
2026-09-28T19:25:11.873606Z,refresh,18403,1705225,5,1,1,0,1790721000,2026-09-29T22:30:00Z
2026-09-28T19:25:11.873606Z,refresh,18404,1705226,105,15,1,0,1790721000,2026-09-29T22:30:00Z
2026-09-28T19:25:11.873606Z,refresh,18405,1705227,40,8,1,0,1790721000,2026-09-29T22:30:00Z
2026-09-28T19:25:11.873606Z,refresh,18406,1705228,25,4,1,0,1790721000,2026-09-29T22:30:00Z
2026-09-28T19:25:11.873606Z,refresh,18407,1705229,5,1,1,0,1790721000,2026-09-29T22:30:00Z
2026-09-28T19:25:11.873606Z,refresh,18408,1705230,55,9,1,0,1790721000,2026-09-29T22:30:00Z
2026-09-28T19:25:11.873606Z,refresh,18409,1705231,55,7,1,0,1790721000,2026-09-29T22:30:00Z
2026-09-28T19:25:11.873606Z,refresh,18410,1705232,40,5,1,0,1790721000,2026-09-29T22:30:00Z
2026-09-28T19:25:11.873606Z,refresh,18411,1705233,105,7,1,0,1790721000,2026-09-29T22:30:00Z
2026-09-28T19:25:11.873606Z,refresh,18412,1705234,55,4,1,0,1790721000,2026-09-29T22:30:00Z
2026-09-28T19:25:11.873606Z,refresh,18413,1705235,10,2,1,0,1790721000,2026-09-29T22:30:00Z
2026-09-28T19:25:11.873606Z,refresh,18414,1705236,205,13,1,0,1790721000,2026-09-29T22:30:00Z
2026-09-28T19:25:11.873606Z,refresh,18415,1705237,55,11,1,0,1790721000,2026-09-29T22:30:00Z
2026-09-28T19:25:11.873606Z,refresh,18416,1705238,15,3,1,0,1790721000,2026-09-29T22:30:00Z
2026-09-28T19:25:11.873606Z,refresh,18417,1705239,155,4,1,0,1790721000,2026-09-29T22:30:00Z
2026-09-28T19:25:11.873606Z,refresh,18418,1705240,100,7,1,0,1790721000,2026-09-29T22:30:00Z
2026-09-28T19:25:11.873606Z,refresh,18419,1705241,10,2,1,0,1790721000,2026-09-29T22:30:00Z
2026-09-28T19:25:11.873606Z,refresh,18420,1705242,5,1,1,0,1790721000,2026-09-29T22:30:00Z
2026-09-28T19:25:11.873606Z,refresh,18421,1705243,55,11,1,0,1790721000,2026-09-29T22:30:00Z
2026-09-28T19:25:11.873606Z,refresh,18422,1705244,5,1,1,0,1790721000,2026-09-29T22:30:00Z
2026-09-28T19:25:11.873606Z,refresh,18423,1705245,10,2,1,0,1790721000,2026-09-29T22:30:00Z
2026-09-28T19:25:11.873606Z,refresh,18424,1705246,200,12,1,0,1790721000,2026-09-29T22:30:00Z
2026-09-28T19:25:11.873606Z,refresh,18425,1705247,5,1,1,0,1790721000,2026-09-29T22:30:00Z
2026-09-28T19:25:11.873606Z,refresh,18426,1705248,60,7,1,0,1790721000,2026-09-29T22:30:00Z
2026-09-28T19:25:11.873606Z,refresh,18427,1705249,5,1,1,0,1790721000,2026-09-29T22:30:00Z
2026-09-28T19:25:11.873606Z,refresh,18428,1705250,5,1,1,0,1790721000,2026-09-29T22:30:00Z
2026-09-28T19:25:11.873606Z,refresh,18429,1705251,10,2,1,0,1790721000,2026-09-29T22:30:00Z
2026-09-28T19:25:11.873606Z,refresh,18430,1705252,90,19,1,0,1790721000,2026-09-29T22:30:00Z
2026-09-28T19:25:11.873606Z,refresh,18431,1705253,10,2,1,0,1790721000,2026-09-29T22:30:00Z
2026-09-28T19:25:11.873606Z,refresh,18432,1705254,30,7,1,0,1790721000,2026-09-29T22:30:00Z
2026-09-28T19:25:11.873606Z,refresh,18433,1705255,10,2,1,0,1790721000,2026-09-29T22:30:00Z
2026-09-28T19:25:11.873606Z,refresh,18434,1705256,30,6,1,0,1790721000,2026-09-29T22:30:00Z
2026-09-28T19:25:11.873606Z,refresh,18435,1705257,25,5,1,0,1790721000,2026-09-29T22:30:00Z
2026-09-28T19:25:11.873606Z,refresh,18436,1705258,15,3,1,0,1790721000,2026-09-29T22:30:00Z
2026-09-28T19:25:11.873606Z,refresh,18437,1705259,5,1,1,0,1790721000,2026-09-29T22:30:00Z
2026-09-28T19:25:11.873606Z,refresh,18438,1705260,5,1,1,0,1790721000,2026-09-29T22:30:00Z
2026-09-28T19:25:11.873606Z,refresh,18439,1705261,25,5,1,0,1790721000,2026-09-29T22:30:00Z
2026-09-28T19:25:11.873606Z,refresh,18440,1705262,25,4,1,0,1790721000,2026-09-29T22:30:00Z
2026-09-28T19:25:11.873606Z,refresh,18441,1705263,100,6,1,0,1790721000,2026-09-29T22:30:00Z
2026-09-28T19:25:11.873606Z,refresh,18442,1705264,5,1,1,0,1790721000,2026-09-29T22:30:00Z
2026-09-28T19:25:11.873606Z,refresh,18443,1705265,25,5,1,0,1790721000,2026-09-29T22:30:00Z
2026-09-28T19:25:11.873606Z,refresh,18444,1705266,10,2,1,0,1790721000,2026-09-29T22:30:00Z
2026-09-28T19:25:11.873606Z,refresh,18445,1705267,5,1,1,0,1790721000,2026-09-29T22:30:00Z
2026-09-28T19:25:11.873606Z,refresh,18446,1705268,30,6,1,0,1790721000,2026-09-29T22:30:00Z
2026-09-28T19:25:11.873606Z,refresh,18447,1705269,10,2,1,0,1790721000,2026-09-29T22:30:00Z
2026-09-28T19:25:11.873606Z,refresh,18448,1705270,10,2,1,0,1790721000,2026-09-29T22:30:00Z
2026-09-28T19:25:11.873606Z,refresh,18449,1705271,10,2,1,0,1790721000,2026-09-29T22:30:00Z
2026-09-28T19:25:11.873606Z,refresh,18450,1705272,5,1,1,0,1790721000,2026-09-29T22:30:00Z
2026-09-28T19:25:11.873606Z,refresh,18451,1705273,106,14,1,0,1790721000,2026-09-29T22:30:00Z
2026-09-28T19:25:11.873606Z,refresh,18452,1705274,5,1,1,0,1790721000,2026-09-29T22:30:00Z
2026-09-28T19:25:11.873606Z,refresh,18453,1705275,105,4,1,0,1790721000,2026-09-29T22:30:00Z
2026-09-28T19:25:11.873606Z,refresh,18454,1705276,15,4,1,0,1790721000,2026-09-29T22:30:00Z
2026-09-28T19:25:11.873606Z,refresh,18455,1705277,10,2,1,0,1790721000,2026-09-29T22:30:00Z
2026-09-28T19:25:11.873606Z,refresh,18456,1705278,10,2,1,0,1790721000,2026-09-29T22:30:00Z
2026-09-28T19:25:11.873606Z,refresh,18457,1705279,5,1,1,0,1790721000,2026-09-29T22:30:00Z
2026-09-28T19:25:11.873606Z,refresh,18458,1705280,25,5,1,0,1790721000,2026-09-29T22:30:00Z
2026-09-28T19:25:11.873606Z,refresh,18459,1705281,10,2,1,0,1790721000,2026-09-29T22:30:00Z
2026-09-28T19:25:11.873606Z,refresh,18460,1705282,5,1,1,0,1790721000,2026-09-29T22:30:00Z
2026-09-28T19:25:11.873606Z,refresh,18461,1705283,5,1,1,0,1790721000,2026-09-29T22:30:00Z
2026-09-28T19:25:11.873606Z,refresh,18462,1705284,20,4,1,0,1790721000,2026-09-29T22:30:00Z
2026-09-28T19:25:11.873606Z,refresh,18463,1705285,105,13,1,0,1790721000,2026-09-29T22:30:00Z
2026-09-28T19:25:11.873606Z,refresh,18464,1705286,5,1,1,0,1790721000,2026-09-29T22:30:00Z
2026-09-28T19:25:11.873606Z,refresh,18465,1705287,40,7,1,0,1790721000,2026-09-29T22:30:00Z
2026-09-28T19:25:11.873606Z,refresh,18466,1705288,10,2,1,0,1790721000,2026-09-29T22:30:00Z
2026-09-28T19:25:11.873606Z,refresh,30-1329,1799843,5,1,1,0,1790722800,2026-09-29T23:00:00Z
2026-09-28T19:25:11.873606Z,refresh,30-1330,1799850,5,1,1,0,1790722800,2026-09-29T23:00:00Z
2026-09-28T19:25:11.873606Z,refresh,30-1331,1799864,15,4,1,0,1790722800,2026-09-29T23:00:00Z
2026-09-28T19:25:11.873606Z,refresh,18467,1705289,5,1,1,0,1790722800,2026-09-29T23:00:00Z
2026-09-28T19:25:11.873606Z,refresh,18468,1705290,5,0,1,0,1790722800,2026-09-29T23:00:00Z
2026-09-28T19:25:11.873606Z,refresh,18469,1705291,5,1,1,0,1790722800,2026-09-29T23:00:00Z
2026-09-28T19:25:11.873606Z,refresh,18470,1705292,5,0,1,0,1790722800,2026-09-29T23:00:00Z
2026-09-28T19:25:11.873606Z,refresh,18471,1705293,5,1,1,0,1790722800,2026-09-29T23:00:00Z
2026-09-28T19:25:11.873606Z,refresh,18472,1705294,5,1,1,0,1790722800,2026-09-29T23:00:00Z
2026-09-28T19:25:11.873606Z,refresh,18473,1705295,20,4,1,0,1790722800,2026-09-29T23:00:00Z
2026-09-28T19:25:11.873606Z,refresh,18474,1705296,10,2,1,0,1790722800,2026-09-29T23:00:00Z
2026-09-28T19:25:11.873606Z,refresh,18475,1705297,10,2,1,0,1790722800,2026-09-29T23:00:00Z
2026-09-28T19:25:11.873606Z,refresh,18476,1705298,5,1,1,0,1790722800,2026-09-29T23:00:00Z
2026-09-28T19:25:11.873606Z,refresh,18477,1705299,5,1,1,0,1790722800,2026-09-29T23:00:00Z
2026-09-28T19:25:11.873606Z,refresh,18478,1705300,5,1,1,0,1790722800,2026-09-29T23:00:00Z
2026-09-28T19:25:11.873606Z,refresh,18479,1705301,5,1,1,0,1790722800,2026-09-29T23:00:00Z
2026-09-28T19:25:11.873606Z,refresh,18480,1705302,15,3,1,0,1790722800,2026-09-29T23:00:00Z
2026-09-28T19:25:11.873606Z,refresh,18481,1705303,10,2,1,0,1790722800,2026-09-29T23:00:00Z
2026-09-28T19:25:11.873606Z,refresh,18482,1705304,15,3,1,0,1790722800,2026-09-29T23:00:00Z
2026-09-28T19:25:11.873606Z,refresh,18483,1705305,15,4,1,0,1790722800,2026-09-29T23:00:00Z
2026-09-28T19:25:11.873606Z,refresh,18484,1705306,5,1,1,0,1790722800,2026-09-29T23:00:00Z
2026-09-28T19:25:11.873606Z,refresh,18485,1705307,10,2,1,0,1790722800,2026-09-29T23:00:00Z
2026-09-28T19:25:11.873606Z,refresh,18486,1705308,5,1,1,0,1790722800,2026-09-29T23:00:00Z
2026-09-28T19:25:11.873606Z,refresh,18487,1705309,25,4,1,0,1790722800,2026-09-29T23:00:00Z
2026-09-28T19:25:11.873606Z,refresh,18488,1705310,5,1,1,0,1790722800,2026-09-29T23:00:00Z
2026-09-28T19:25:11.873606Z,refresh,18489,1705311,25,4,1,0,1790722800,2026-09-29T23:00:00Z
2026-09-28T19:25:11.873606Z,refresh,18490,1705312,20,4,1,0,1790722800,2026-09-29T23:00:00Z
2026-09-28T19:25:11.873606Z,refresh,18491,1705313,55,9,1,0,1790722800,2026-09-29T23:00:00Z
2026-09-28T19:25:11.873606Z,refresh,18492,1705314,5,1,1,0,1790722800,2026-09-29T23:00:00Z
2026-09-28T19:25:11.873606Z,refresh,18493,1705315,10,2,1,0,1790722800,2026-09-29T23:00:00Z
2026-09-28T19:25:11.873606Z,refresh,18494,1705316,10,2,1,0,1790722800,2026-09-29T23:00:00Z
2026-09-28T19:25:11.873606Z,refresh,18495,1705317,5,1,1,0,1790722800,2026-09-29T23:00:00Z
2026-09-28T19:25:11.873606Z,refresh,18496,1705318,50,10,1,0,1790722800,2026-09-29T23:00:00Z
2026-09-28T19:25:11.873606Z,refresh,18497,1705319,10,2,1,0,1790722800,2026-09-29T23:00:00Z
2026-09-28T19:25:11.873606Z,refresh,18498,1705320,10,2,1,0,1790722800,2026-09-29T23:00:00Z
2026-09-28T19:25:11.873606Z,refresh,18499,1705321,10,2,1,0,1790722800,2026-09-29T23:00:00Z
2026-09-28T19:25:11.873606Z,refresh,18500,1705322,10,2,1,0,1790722800,2026-09-29T23:00:00Z
2026-09-28T19:25:11.873606Z,refresh,18501,1705323,5,0,1,0,1790722800,2026-09-29T23:00:00Z
2026-09-28T19:25:11.873606Z,refresh,18502,1705324,10,2,1,0,1790722800,2026-09-29T23:00:00Z
2026-09-28T19:25:11.873606Z,refresh,18503,1705325,15,3,1,0,1790722800,2026-09-29T23:00:00Z
2026-09-28T19:25:11.873606Z,refresh,18504,1705326,10,2,1,0,1790722800,2026-09-29T23:00:00Z
2026-09-28T19:25:11.873606Z,refresh,18505,1705327,15,3,1,0,1790722800,2026-09-29T23:00:00Z
2026-09-28T19:25:11.873606Z,refresh,18506,1705328,10,2,1,0,1790722800,2026-09-29T23:00:00Z
2026-09-28T19:25:11.873606Z,refresh,18507,1705329,10,2,1,0,1790722800,2026-09-29T23:00:00Z
2026-09-28T19:25:11.873606Z,refresh,18508,1705330,5,1,1,0,1790722800,2026-09-29T23:00:00Z
2026-09-28T19:25:11.873606Z,refresh,18509,1705331,5,1,1,0,1790722800,2026-09-29T23:00:00Z
2026-09-28T19:25:11.873606Z,refresh,18510,1705332,5,1,1,0,1790722800,2026-09-29T23:00:00Z
2026-09-28T19:25:11.873606Z,refresh,18511,1705333,10,2,1,0,1790722800,2026-09-29T23:00:00Z
2026-09-28T19:25:11.873606Z,refresh,18512,1705334,30,7,1,0,1790722800,2026-09-29T23:00:00Z
2026-09-28T19:25:11.873606Z,refresh,18513,1705335,10,2,1,0,1790722800,2026-09-29T23:00:00Z
2026-09-28T19:25:11.873606Z,refresh,18514,1705336,35,8,1,0,1790722800,2026-09-29T23:00:00Z
2026-09-28T19:25:11.873606Z,refresh,18515,1705337,20,5,1,0,1790722800,2026-09-29T23:00:00Z
2026-09-28T19:25:11.873606Z,refresh,18516,1705338,5,1,1,0,1790722800,2026-09-29T23:00:00Z
2026-09-28T19:25:11.873606Z,refresh,18517,1705339,20,3,1,0,1790722800,2026-09-29T23:00:00Z
2026-09-28T19:25:11.873606Z,refresh,18518,1705340,5,0,1,0,1790722800,2026-09-29T23:00:00Z
2026-09-28T19:25:11.873606Z,refresh,18519,1705341,80,5,1,0,1790722800,2026-09-29T23:00:00Z
2026-09-28T19:25:11.873606Z,refresh,18520,1705342,25,6,1,0,1790722800,2026-09-29T23:00:00Z
2026-09-28T19:25:11.873606Z,refresh,18521,1705343,5,1,1,0,1790722800,2026-09-29T23:00:00Z
2026-09-28T19:25:11.873606Z,refresh,18522,1705344,30,6,1,0,1790722800,2026-09-29T23:00:00Z
2026-09-28T19:25:11.873606Z,refresh,18523,1705345,10,2,1,0,1790722800,2026-09-29T23:00:00Z
2026-09-28T19:25:11.873606Z,refresh,18524,1705346,50,5,1,0,1790722800,2026-09-29T23:00:00Z
2026-09-28T19:25:11.873606Z,refresh,18525,1705347,25,6,1,0,1790722800,2026-09-29T23:00:00Z
2026-09-28T19:25:11.873606Z,refresh,18526,1705348,5,1,1,0,1790722800,2026-09-29T23:00:00Z
2026-09-28T19:25:11.873606Z,refresh,18527,1705349,15,3,1,0,1790722800,2026-09-29T23:00:00Z
2026-09-28T19:25:11.873606Z,refresh,18528,1705350,20,5,1,0,1790722800,2026-09-29T23:00:00Z
2026-09-28T19:25:11.873606Z,refresh,18529,1705351,40,9,1,0,1790722800,2026-09-29T23:00:00Z
2026-09-28T19:25:11.873606Z,refresh,18530,1705352,5,1,1,0,1790722800,2026-09-29T23:00:00Z
2026-09-28T19:25:11.873606Z,refresh,18531,1705353,5,0,1,0,1790722800,2026-09-29T23:00:00Z
2026-09-28T19:25:11.873606Z,refresh,18532,1705354,35,7,1,0,1790722800,2026-09-29T23:00:00Z
2026-09-28T19:25:11.873606Z,refresh,18533,1705355,20,4,1,0,1790722800,2026-09-29T23:00:00Z
2026-09-28T19:25:11.873606Z,refresh,18534,1705356,10,2,1,0,1790722800,2026-09-29T23:00:00Z
2026-09-28T19:25:11.873606Z,refresh,18535,1705357,20,4,1,0,1790722800,2026-09-29T23:00:00Z
2026-09-28T19:25:11.873606Z,refresh,18536,1705358,5,1,1,0,1790722800,2026-09-29T23:00:00Z
2026-09-28T19:25:11.873606Z,refresh,18537,1705359,5,1,1,0,1790722800,2026-09-29T23:00:00Z
2026-09-28T19:25:11.873606Z,refresh,18538,1705360,5,1,1,0,1790722800,2026-09-29T23:00:00Z
2026-09-28T19:25:11.873606Z,refresh,18539,1705361,5,0,1,0,1790722800,2026-09-29T23:00:00Z
2026-09-28T19:25:11.873606Z,refresh,18540,1705362,5,0,1,0,1790722800,2026-09-29T23:00:00Z
2026-09-28T19:25:11.873606Z,refresh,18541,1705363,245,36,1,0,1790722800,2026-09-29T23:00:00Z
2026-09-28T19:25:11.873606Z,refresh,18542,1705364,5,1,1,0,1790722800,2026-09-29T23:00:00Z
2026-09-28T19:25:11.873606Z,refresh,18543,1705365,55,4,1,0,1790722800,2026-09-29T23:00:00Z
2026-09-28T19:25:11.873606Z,refresh,18544,1705366,10,2,1,0,1790722800,2026-09-29T23:00:00Z
2026-09-28T19:25:11.873606Z,refresh,18545,1705367,35,4,1,0,1790722800,2026-09-29T23:00:00Z
2026-09-28T19:25:11.873606Z,refresh,18546,1705368,5,0,1,0,1790722800,2026-09-29T23:00:00Z
2026-09-28T19:25:11.873606Z,refresh,18547,1705369,5,1,1,0,1790722800,2026-09-29T23:00:00Z
2026-09-28T19:25:11.873606Z,refresh,18548,1705370,5,1,1,0,1790722800,2026-09-29T23:00:00Z
2026-09-28T19:25:11.873606Z,refresh,18549,1705371,5,0,1,0,1790722800,2026-09-29T23:00:00Z
2026-09-28T19:25:11.873606Z,refresh,18550,1705372,55,3,1,0,1790722800,2026-09-29T23:00:00Z
2026-09-28T19:25:11.873606Z,refresh,18551,1705373,30,3,1,0,1790722800,2026-09-29T23:00:00Z
2026-09-28T19:25:11.873606Z,refresh,18552,1705374,5,1,1,0,1790722800,2026-09-29T23:00:00Z
2026-09-28T19:25:11.873606Z,refresh,18553,1705375,5,0,1,0,1790722800,2026-09-29T23:00:00Z
2026-09-28T19:25:11.873606Z,refresh,18554,1705376,310,30,1,0,1790722800,2026-09-29T23:00:00Z
2026-09-28T19:25:11.873606Z,refresh,18555,1705377,70,11,1,0,1790722800,2026-09-29T23:00:00Z
2026-09-28T19:25:11.873606Z,refresh,18556,1705378,5,1,1,0,1790722800,2026-09-29T23:00:00Z
2026-09-28T19:25:11.873606Z,refresh,18557,1705379,10,2,1,0,1790722800,2026-09-29T23:00:00Z
2026-09-28T19:25:11.873606Z,refresh,18558,1705380,5,1,1,0,1790722800,2026-09-29T23:00:00Z
2026-09-28T19:25:11.873606Z,refresh,18559,1705381,5,1,1,0,1790722800,2026-09-29T23:00:00Z
2026-09-28T19:25:11.873606Z,refresh,18560,1705382,30,4,1,0,1790722800,2026-09-29T23:00:00Z
2026-09-28T19:25:11.873606Z,refresh,18561,1705383,5,1,1,0,1790722800,2026-09-29T23:00:00Z
2026-09-28T19:25:11.873606Z,refresh,30-1333,1799925,5,1,1,0,1790724600,2026-09-29T23:30:00Z
2026-09-28T19:25:11.873606Z,refresh,18223,1705434,10,2,1,0,1790724600,2026-09-29T23:30:00Z
2026-09-28T19:25:11.873606Z,refresh,18224,1705435,5,1,1,0,1790724600,2026-09-29T23:30:00Z
2026-09-28T19:25:11.873606Z,refresh,18225,1705436,5,0,1,0,1790724600,2026-09-29T23:30:00Z
2026-09-28T19:25:11.873606Z,refresh,18226,1705437,80,7,1,0,1790724600,2026-09-29T23:30:00Z
2026-09-28T19:25:11.873606Z,refresh,18250,1705438,115,15,1,0,1790724600,2026-09-29T23:30:00Z
2026-09-28T19:25:11.873606Z,refresh,18251,1705439,5,1,1,0,1790724600,2026-09-29T23:30:00Z
2026-09-28T19:25:11.873606Z,refresh,18252,1705440,5,1,1,0,1790724600,2026-09-29T23:30:00Z
2026-09-28T19:25:11.873606Z,refresh,18253,1705441,5,1,1,0,1790724600,2026-09-29T23:30:00Z
2026-09-28T19:25:11.873606Z,refresh,18254,1705442,5,0,1,0,1790724600,2026-09-29T23:30:00Z
2026-09-28T19:25:11.873606Z,refresh,18255,1705443,5,0,1,0,1790724600,2026-09-29T23:30:00Z
2026-09-28T19:25:11.873606Z,refresh,18256,1705444,5,0,1,0,1790724600,2026-09-29T23:30:00Z
2026-09-28T19:25:11.873606Z,refresh,18257,1705445,10,2,1,0,1790724600,2026-09-29T23:30:00Z
2026-09-28T19:25:11.873606Z,refresh,18258,1705446,5,1,1,0,1790724600,2026-09-29T23:30:00Z
2026-09-28T19:25:11.873606Z,refresh,18259,1705447,10,2,1,0,1790724600,2026-09-29T23:30:00Z
2026-09-28T19:25:11.873606Z,refresh,18260,1705448,255,10,1,0,1790724600,2026-09-29T23:30:00Z
2026-09-28T19:25:11.873606Z,refresh,18261,1705449,15,3,1,0,1790724600,2026-09-29T23:30:00Z
2026-09-28T19:25:11.873606Z,refresh,18262,1705450,55,4,1,0,1790724600,2026-09-29T23:30:00Z
2026-09-28T19:25:11.873606Z,refresh,18263,1705451,5,0,1,0,1790724600,2026-09-29T23:30:00Z
2026-09-28T19:25:11.873606Z,refresh,18264,1705452,5,1,1,0,1790724600,2026-09-29T23:30:00Z
2026-09-28T19:25:11.873606Z,refresh,18265,1705453,5,1,1,0,1790724600,2026-09-29T23:30:00Z
2026-09-28T19:25:11.873606Z,refresh,18266,1705454,10,2,1,0,1790724600,2026-09-29T23:30:00Z
2026-09-28T19:25:11.873606Z,refresh,18267,1705455,5,1,1,0,1790724600,2026-09-29T23:30:00Z
2026-09-28T19:25:11.873606Z,refresh,18268,1705456,5,0,1,0,1790724600,2026-09-29T23:30:00Z
2026-09-28T19:25:11.873606Z,refresh,18269,1705457,20,4,1,0,1790724600,2026-09-29T23:30:00Z
2026-09-28T19:25:11.873606Z,refresh,18270,1705458,5,1,1,0,1790724600,2026-09-29T23:30:00Z
2026-09-28T19:25:11.873606Z,refresh,18271,1705459,10,2,1,0,1790724600,2026-09-29T23:30:00Z
2026-09-28T19:25:11.873606Z,refresh,18272,1705460,5,1,1,0,1790724600,2026-09-29T23:30:00Z
2026-09-28T19:25:11.873606Z,refresh,18273,1705461,5,1,1,0,1790724600,2026-09-29T23:30:00Z
2026-09-28T19:25:11.873606Z,refresh,18274,1705462,5,0,1,0,1790724600,2026-09-29T23:30:00Z
2026-09-28T19:25:11.873606Z,refresh,18275,1705463,5,1,1,0,1790724600,2026-09-29T23:30:00Z
2026-09-28T19:25:11.873606Z,refresh,18276,1705464,5,1,1,0,1790724600,2026-09-29T23:30:00Z
2026-09-28T19:25:11.873606Z,refresh,18277,1705465,5,0,1,0,1790724600,2026-09-29T23:30:00Z
2026-09-28T19:25:11.873606Z,refresh,18278,1705466,5,0,1,0,1790724600,2026-09-29T23:30:00Z
2026-09-28T19:25:11.873606Z,refresh,18279,1705467,5,0,1,0,1790724600,2026-09-29T23:30:00Z
2026-09-28T19:25:11.873606Z,refresh,18280,1705468,5,1,1,0,1790724600,2026-09-29T23:30:00Z
2026-09-28T19:25:11.873606Z,refresh,18281,1705469,5,0,1,0,1790724600,2026-09-29T23:30:00Z
2026-09-28T19:25:11.873606Z,refresh,18282,1705470,175,17,1,0,1790724600,2026-09-29T23:30:00Z
2026-09-28T19:25:11.873606Z,refresh,18283,1705471,5,1,1,0,1790724600,2026-09-29T23:30:00Z
2026-09-28T19:25:11.873606Z,refresh,18284,1705472,5,0,1,0,1790724600,2026-09-29T23:30:00Z
2026-09-28T19:25:11.873606Z,refresh,18285,1705473,5,1,1,0,1790724600,2026-09-29T23:30:00Z
2026-09-28T19:25:11.873606Z,refresh,18286,1705474,5,1,1,0,1790724600,2026-09-29T23:30:00Z
2026-09-28T19:25:11.873606Z,refresh,18287,1705475,5,0,1,0,1790724600,2026-09-29T23:30:00Z
2026-09-28T19:25:11.873606Z,refresh,18288,1705476,5,0,1,0,1790724600,2026-09-29T23:30:00Z
2026-09-28T19:25:11.873606Z,refresh,18289,1705477,10,2,1,0,1790724600,2026-09-29T23:30:00Z
2026-09-28T19:25:11.873606Z,refresh,18290,1705478,100,20,1,0,1790724600,2026-09-29T23:30:00Z
2026-09-28T19:25:11.873606Z,refresh,18562,1705384,5,1,1,0,1790724600,2026-09-29T23:30:00Z
2026-09-28T19:25:11.873606Z,refresh,18563,1705385,5,1,1,0,1790724600,2026-09-29T23:30:00Z
2026-09-28T19:25:11.873606Z,refresh,18564,1705386,15,3,1,0,1790724600,2026-09-29T23:30:00Z
2026-09-28T19:25:11.873606Z,refresh,18565,1705387,15,3,1,0,1790724600,2026-09-29T23:30:00Z
2026-09-28T19:25:11.873606Z,refresh,18566,1705388,10,2,1,0,1790724600,2026-09-29T23:30:00Z
2026-09-28T19:25:11.873606Z,refresh,18567,1705389,5,1,1,0,1790724600,2026-09-29T23:30:00Z
2026-09-28T19:25:11.873606Z,refresh,18568,1705390,5,1,1,0,1790724600,2026-09-29T23:30:00Z
2026-09-28T19:25:11.873606Z,refresh,18569,1705391,5,1,1,0,1790724600,2026-09-29T23:30:00Z
2026-09-28T19:25:11.873606Z,refresh,18570,1705392,15,3,1,0,1790724600,2026-09-29T23:30:00Z
2026-09-28T19:25:11.873606Z,refresh,18571,1705393,5,1,1,0,1790724600,2026-09-29T23:30:00Z
2026-09-28T19:25:11.873606Z,refresh,18572,1705394,55,4,1,0,1790724600,2026-09-29T23:30:00Z
2026-09-28T19:25:11.873606Z,refresh,18573,1705395,10,2,1,0,1790724600,2026-09-29T23:30:00Z
2026-09-28T19:25:11.873606Z,refresh,18574,1705396,5,1,1,0,1790724600,2026-09-29T23:30:00Z
2026-09-28T19:25:11.873606Z,refresh,18575,1705397,105,5,1,0,1790724600,2026-09-29T23:30:00Z
2026-09-28T19:25:11.873606Z,refresh,18576,1705398,35,6,1,0,1790724600,2026-09-29T23:30:00Z
2026-09-28T19:25:11.873606Z,refresh,18577,1705399,5,1,1,0,1790724600,2026-09-29T23:30:00Z
2026-09-28T19:25:11.873606Z,refresh,18578,1705400,5,0,1,0,1790724600,2026-09-29T23:30:00Z
2026-09-28T19:25:11.873606Z,refresh,18579,1705401,10,2,1,0,1790724600,2026-09-29T23:30:00Z
2026-09-28T19:25:11.873606Z,refresh,18580,1705402,460,8,1,0,1790724600,2026-09-29T23:30:00Z
2026-09-28T19:25:11.873606Z,refresh,18581,1705403,10,2,1,0,1790724600,2026-09-29T23:30:00Z
2026-09-28T19:25:11.873606Z,refresh,18582,1705404,5,1,1,0,1790724600,2026-09-29T23:30:00Z
2026-09-28T19:25:11.873606Z,refresh,18583,1705405,5,1,1,0,1790724600,2026-09-29T23:30:00Z
2026-09-28T19:25:11.873606Z,refresh,18584,1705406,25,5,1,0,1790724600,2026-09-29T23:30:00Z
2026-09-28T19:25:11.873606Z,refresh,18585,1705407,5,1,1,0,1790724600,2026-09-29T23:30:00Z
2026-09-28T19:25:11.873606Z,refresh,18586,1705408,5,1,1,0,1790724600,2026-09-29T23:30:00Z
2026-09-28T19:25:11.873606Z,refresh,18587,1705409,55,5,1,0,1790724600,2026-09-29T23:30:00Z
2026-09-28T19:25:11.873606Z,refresh,18588,1705410,55,5,1,0,1790724600,2026-09-29T23:30:00Z
2026-09-28T19:25:11.873606Z,refresh,18589,1705411,5,1,1,0,1790724600,2026-09-29T23:30:00Z
2026-09-28T19:25:11.873606Z,refresh,18590,1705412,5,1,1,0,1790724600,2026-09-29T23:30:00Z
2026-09-28T19:25:11.873606Z,refresh,18591,1705413,5,1,1,0,1790724600,2026-09-29T23:30:00Z
2026-09-28T19:25:11.873606Z,refresh,18592,1705414,5,1,1,0,1790724600,2026-09-29T23:30:00Z
2026-09-28T19:25:11.873606Z,refresh,18593,1705415,10,2,1,0,1790724600,2026-09-29T23:30:00Z
2026-09-28T19:25:11.873606Z,refresh,18594,1705416,10,2,1,0,1790724600,2026-09-29T23:30:00Z
2026-09-28T19:25:11.873606Z,refresh,18595,1705417,5,1,1,0,1790724600,2026-09-29T23:30:00Z
2026-09-28T19:25:11.873606Z,refresh,18596,1705418,5,0,1,0,1790724600,2026-09-29T23:30:00Z
2026-09-28T19:25:11.873606Z,refresh,18597,1705419,105,16,1,0,1790724600,2026-09-29T23:30:00Z
2026-09-28T19:25:11.873606Z,refresh,18598,1705420,10,2,1,0,1790724600,2026-09-29T23:30:00Z
2026-09-28T19:25:11.873606Z,refresh,18599,1705421,30,6,1,0,1790724600,2026-09-29T23:30:00Z
2026-09-28T19:25:11.873606Z,refresh,18600,1705422,5,1,1,0,1790724600,2026-09-29T23:30:00Z
2026-09-28T19:25:11.873606Z,refresh,18601,1705423,30,3,1,0,1790724600,2026-09-29T23:30:00Z
2026-09-28T19:25:11.873606Z,refresh,18602,1705424,5,0,1,0,1790724600,2026-09-29T23:30:00Z
2026-09-28T19:25:11.873606Z,refresh,18603,1705425,5,1,1,0,1790724600,2026-09-29T23:30:00Z
2026-09-28T19:25:11.873606Z,refresh,18604,1705426,10,2,1,0,1790724600,2026-09-29T23:30:00Z
2026-09-28T19:25:11.873606Z,refresh,18605,1705427,20,3,1,0,1790724600,2026-09-29T23:30:00Z
2026-09-28T19:25:11.873606Z,refresh,18606,1705428,10,2,1,0,1790724600,2026-09-29T23:30:00Z
2026-09-28T19:25:11.873606Z,refresh,18607,1705429,5,0,1,0,1790724600,2026-09-29T23:30:00Z
2026-09-28T19:25:11.873606Z,refresh,18608,1705430,5,0,1,0,1790724600,2026-09-29T23:30:00Z
2026-09-28T19:25:11.873606Z,refresh,18609,1705431,10,2,1,0,1790724600,2026-09-29T23:30:00Z
2026-09-28T19:25:11.873606Z,refresh,18610,1705432,5,1,1,0,1790724600,2026-09-29T23:30:00Z
2026-09-28T19:25:11.873606Z,refresh,18611,1705433,5,1,1,0,1790724600,2026-09-29T23:30:00Z
2026-09-28T19:25:11.873606Z,refresh,18612,1723322,125,10,1,0,1790724600,2026-09-29T23:30:00Z
2026-09-28T19:25:11.873606Z,refresh,18291,1705479,10,2,1,0,1790726400,2026-09-30T00:00:00Z
2026-09-28T19:25:11.873606Z,refresh,18292,1705480,5,1,1,0,1790726400,2026-09-30T00:00:00Z
2026-09-28T19:25:11.873606Z,refresh,18293,1705481,35,7,1,0,1790726400,2026-09-30T00:00:00Z
2026-09-28T19:25:11.873606Z,refresh,18294,1705482,5,1,1,0,1790726400,2026-09-30T00:00:00Z
2026-09-28T19:25:11.873606Z,refresh,18295,1705483,105,6,1,0,1790726400,2026-09-30T00:00:00Z
2026-09-28T19:25:11.873606Z,refresh,18296,1705484,5,1,1,0,1790726400,2026-09-30T00:00:00Z
2026-09-28T19:25:11.873606Z,refresh,18297,1705485,5,1,1,0,1790726400,2026-09-30T00:00:00Z
2026-09-28T19:25:11.873606Z,refresh,18298,1705486,5,1,1,0,1790726400,2026-09-30T00:00:00Z
2026-09-28T19:25:11.873606Z,refresh,18299,1705487,5,1,1,0,1790726400,2026-09-30T00:00:00Z
2026-09-28T19:25:11.873606Z,refresh,18300,1705488,10,2,1,0,1790726400,2026-09-30T00:00:00Z
2026-09-28T19:25:11.873606Z,refresh,18301,1705489,30,6,1,0,1790726400,2026-09-30T00:00:00Z
2026-09-28T19:25:11.873606Z,refresh,18302,1705490,10,2,1,0,1790726400,2026-09-30T00:00:00Z
2026-09-28T19:25:11.873606Z,refresh,18303,1705491,5,1,1,0,1790726400,2026-09-30T00:00:00Z
2026-09-28T19:25:11.873606Z,refresh,18304,1705492,15,4,1,0,1790726400,2026-09-30T00:00:00Z
2026-09-28T19:25:11.873606Z,refresh,18305,1705493,10,2,1,0,1790726400,2026-09-30T00:00:00Z
2026-09-28T19:25:11.873606Z,refresh,18306,1705494,15,3,1,0,1790726400,2026-09-30T00:00:00Z
2026-09-28T19:25:11.873606Z,refresh,18307,1705495,10,2,1,0,1790726400,2026-09-30T00:00:00Z
2026-09-28T19:25:11.873606Z,refresh,18308,1705496,5,1,1,0,1790726400,2026-09-30T00:00:00Z
2026-09-28T19:25:11.873606Z,refresh,18309,1705497,10,2,1,0,1790726400,2026-09-30T00:00:00Z
2026-09-28T19:25:11.873606Z,refresh,18310,1705498,15,3,1,0,1790726400,2026-09-30T00:00:00Z
2026-09-28T19:25:11.873606Z,refresh,18311,1705499,10,2,1,0,1790726400,2026-09-30T00:00:00Z
2026-09-28T19:25:11.873606Z,refresh,18312,1705500,1705,23,1,0,1790726400,2026-09-30T00:00:00Z
2026-09-28T19:25:11.873606Z,refresh,18313,1705501,15,4,1,0,1790726400,2026-09-30T00:00:00Z
2026-09-28T19:25:11.873606Z,refresh,18314,1705502,5,1,1,0,1790726400,2026-09-30T00:00:00Z
2026-09-28T19:25:11.873606Z,refresh,18315,1705503,40,5,1,0,1790726400,2026-09-30T00:00:00Z
2026-09-28T19:25:11.873606Z,refresh,18316,1705504,15,3,1,0,1790726400,2026-09-30T00:00:00Z
2026-09-28T19:25:11.873606Z,refresh,18317,1705505,5,0,1,0,1790726400,2026-09-30T00:00:00Z
2026-09-28T19:25:11.873606Z,refresh,18318,1705506,5,1,1,0,1790726400,2026-09-30T00:00:00Z
2026-09-28T19:25:11.873606Z,refresh,18319,1705507,10,2,1,0,1790726400,2026-09-30T00:00:00Z
2026-09-28T19:25:11.873606Z,refresh,18320,1705508,5,1,1,0,1790726400,2026-09-30T00:00:00Z
2026-09-28T19:25:11.873606Z,refresh,18321,1705509,5,1,1,0,1790726400,2026-09-30T00:00:00Z
2026-09-28T19:25:11.873606Z,refresh,18322,1705510,5,1,1,0,1790726400,2026-09-30T00:00:00Z
2026-09-28T19:25:11.873606Z,refresh,18323,1705511,15,3,1,0,1790726400,2026-09-30T00:00:00Z
2026-09-28T19:25:11.873606Z,refresh,18324,1705512,10,2,1,0,1790726400,2026-09-30T00:00:00Z
2026-09-28T19:25:11.873606Z,refresh,18325,1705513,50,9,1,0,1790726400,2026-09-30T00:00:00Z
2026-09-28T19:25:11.873606Z,refresh,18326,1705514,50,10,1,0,1790726400,2026-09-30T00:00:00Z
2026-09-28T19:25:11.873606Z,refresh,18327,1705515,15,3,1,0,1790726400,2026-09-30T00:00:00Z
2026-09-28T19:25:11.873606Z,refresh,18328,1705516,655,12,1,0,1790726400,2026-09-30T00:00:00Z
2026-09-28T19:25:11.873606Z,refresh,18329,1705517,1950,29,1,0,1790726400,2026-09-30T00:00:00Z
2026-09-28T19:25:11.873606Z,refresh,18330,1705518,5,1,1,0,1790726400,2026-09-30T00:00:00Z
2026-09-28T19:25:11.873606Z,refresh,18331,1705519,5,1,1,0,1790726400,2026-09-30T00:00:00Z
2026-09-28T19:25:11.873606Z,refresh,18332,1705520,5,1,1,0,1790726400,2026-09-30T00:00:00Z
2026-09-28T19:25:11.873606Z,refresh,18333,1705521,5,1,1,0,1790726400,2026-09-30T00:00:00Z
2026-09-28T19:25:11.873606Z,refresh,18334,1705522,200,30,1,0,1790726400,2026-09-30T00:00:00Z
2026-09-28T19:25:11.873606Z,refresh,18335,1705523,20,4,1,0,1790726400,2026-09-30T00:00:00Z
2026-09-28T19:25:11.873606Z,refresh,18336,1705524,15,3,1,0,1790726400,2026-09-30T00:00:00Z
2026-09-28T19:25:11.873606Z,refresh,18337,1705525,10,2,1,0,1790726400,2026-09-30T00:00:00Z
2026-09-28T19:25:11.873606Z,refresh,18338,1705526,10,2,1,0,1790726400,2026-09-30T00:00:00Z
2026-09-28T19:25:11.873606Z,refresh,18339,1705527,20,4,1,0,1790726400,2026-09-30T00:00:00Z
2026-09-28T19:25:11.873606Z,refresh,18340,1705528,15,3,1,0,1790726400,2026-09-30T00:00:00Z
2026-09-28T19:25:11.873606Z,refresh,18341,1705529,10,2,1,0,1790726400,2026-09-30T00:00:00Z
2026-09-28T19:25:11.873606Z,refresh,18342,1705530,210,37,1,0,1790726400,2026-09-30T00:00:00Z
2026-09-28T19:25:11.873606Z,refresh,18343,1705531,5,1,1,0,1790726400,2026-09-30T00:00:00Z
2026-09-28T19:25:11.873606Z,refresh,18344,1705532,56,4,1,0,1790726400,2026-09-30T00:00:00Z
2026-09-28T19:25:11.873606Z,refresh,18345,1705533,10,2,1,0,1790726400,2026-09-30T00:00:00Z
2026-09-28T19:25:11.873606Z,refresh,18346,1705534,30,6,1,0,1790726400,2026-09-30T00:00:00Z
2026-09-28T19:25:11.873606Z,refresh,18347,1705535,5,1,1,0,1790726400,2026-09-30T00:00:00Z
2026-09-28T19:25:11.873606Z,refresh,18348,1705536,205,6,1,0,1790726400,2026-09-30T00:00:00Z
2026-09-28T19:25:11.873606Z,refresh,18349,1705537,5,1,1,0,1790726400,2026-09-30T00:00:00Z
2026-09-28T19:25:11.873606Z,refresh,18350,1705538,5,1,1,0,1790726400,2026-09-30T00:00:00Z
2026-09-28T19:25:11.873606Z,refresh,18351,1705539,5,1,1,0,1790726400,2026-09-30T00:00:00Z
2026-09-28T19:25:11.873606Z,refresh,18352,1705540,85,17,1,0,1790726400,2026-09-30T00:00:00Z
2026-09-28T19:25:11.873606Z,refresh,18353,1705541,75,15,1,0,1790726400,2026-09-30T00:00:00Z
2026-09-28T19:25:11.873606Z,refresh,18354,1705542,105,4,1,0,1790726400,2026-09-30T00:00:00Z
2026-09-28T19:25:11.873606Z,refresh,18355,1705543,825,14,1,0,1790726400,2026-09-30T00:00:00Z
2026-09-28T19:25:11.873606Z,refresh,18356,1705544,410,8,1,0,1790726400,2026-09-30T00:00:00Z
2026-09-28T19:25:11.873606Z,refresh,18357,1705545,725,25,1,0,1790726400,2026-09-30T00:00:00Z
2026-09-28T19:25:11.873606Z,refresh,18358,1705546,2150,27,1,0,1790726400,2026-09-30T00:00:00Z
2026-09-28T19:25:11.873606Z,refresh,18359,1705547,225,8,1,0,1790726400,2026-09-30T00:00:00Z
2026-09-28T19:25:11.873606Z,refresh,18360,1705548,2250,87,1,0,1790726400,2026-09-30T00:00:00Z
2026-09-28T19:25:11.873606Z,refresh,18361,1705549,3325,74,1,0,1790726400,2026-09-30T00:00:00Z
2026-09-28T19:25:11.873606Z,refresh,18362,1705550,675,11,1,0,1790726400,2026-09-30T00:00:00Z
2026-09-28T19:25:11.873606Z,refresh,18364,1705551,2350,11,1,0,1790726400,2026-09-30T00:00:00Z
2026-09-28T19:25:11.873606Z,refresh,18365,1705552,7550,18,1,0,1790726400,2026-09-30T00:00:00Z
2026-09-28T19:25:11.873606Z,refresh,18366,1705553,760,4,1,0,1790726400,2026-09-30T00:00:00Z
2026-09-28T19:25:11.873606Z,refresh,18367,1705554,1950,20,1,0,1790726400,2026-09-30T00:00:00Z
2026-09-28T19:25:11.873606Z,refresh,18368,1705555,345,9,1,0,1790726400,2026-09-30T00:00:00Z
2026-09-28T19:25:11.873606Z,refresh,18369,1705556,305,10,1,0,1790726400,2026-09-30T00:00:00Z
2026-09-28T19:25:11.873606Z,refresh,18370,1705557,1275,12,1,0,1790726400,2026-09-30T00:00:00Z
2026-09-28T19:25:11.873606Z,refresh,18371,1705558,1136,11,1,0,1790726400,2026-09-30T00:00:00Z
2026-09-28T19:25:11.873606Z,refresh,18372,1705559,8305,5,1,0,1790726400,2026-09-30T00:00:00Z
2026-09-28T19:25:11.873606Z,refresh,18373,1705560,4150,35,1,0,1790726400,2026-09-30T00:00:00Z
2026-09-28T19:25:11.873606Z,refresh,18374,1705561,1550,14,1,0,1790726400,2026-09-30T00:00:00Z
2026-09-28T19:25:11.873606Z,refresh,18375,1705562,1525,13,1,0,1790726400,2026-09-30T00:00:00Z
2026-09-28T19:25:11.873606Z,refresh,18376,1705563,825,37,1,0,1790726400,2026-09-30T00:00:00Z
2026-09-28T19:25:11.873606Z,refresh,18377,1705564,850,24,1,0,1790726400,2026-09-30T00:00:00Z
2026-09-28T19:25:11.873606Z,refresh,18378,1705565,1425,67,1,0,1790726400,2026-09-30T00:00:00Z
2026-09-28T19:25:11.873606Z,refresh,18379,1705566,1025,79,1,0,1790726400,2026-09-30T00:00:00Z
2026-09-28T19:25:11.873606Z,refresh,18380,1705567,40250,22,1,0,1790726400,2026-09-30T00:00:00Z
2026-09-28T19:25:11.873606Z,refresh,18381,1705568,8200,53,1,0,1790726400,2026-09-30T00:00:00Z
2026-09-28T19:25:11.873606Z,refresh,18382,1705569,20100,44,1,0,1790726400,2026-09-30T00:00:00Z
2026-09-28T19:25:11.873606Z,refresh,18383,1705570,185,18,1,0,1790726400,2026-09-30T00:00:00Z
2026-09-28T19:25:11.873606Z,refresh,18384,1705571,3550,19,1,0,1790726400,2026-09-30T00:00:00Z
2026-09-28T19:25:11.873606Z,refresh,18385,1705572,115,12,1,0,1790726400,2026-09-30T00:00:00Z
2026-09-28T19:25:11.873606Z,refresh,18386,1705573,110,14,1,0,1790726400,2026-09-30T00:00:00Z
2026-09-28T19:25:11.873606Z,refresh,18387,1705574,100,8,1,0,1790726400,2026-09-30T00:00:00Z
2026-09-28T19:25:11.873606Z,refresh,18388,1705575,10,2,1,0,1790726400,2026-09-30T00:00:00Z
2026-09-28T19:25:11.873606Z,refresh,18613,1723323,5,1,1,0,1790726400,2026-09-30T00:00:00Z
2026-09-28T19:25:11.873606Z,refresh,18614,1723324,560,3,1,0,1790726400,2026-09-30T00:00:00Z
2026-09-28T19:25:11.873606Z,refresh,18615,1722853,505,3,1,0,1790726400,2026-09-30T00:00:00Z
2026-09-28T19:25:11.873606Z,refresh,18616,1723069,810,31,1,0,1790726400,2026-09-30T00:00:00Z
2026-09-28T19:25:11.873606Z,refresh,19094,1717855,4050,16,1,0,1790726400,2026-09-30T00:00:00Z
2026-09-28T20:24:21.030166Z,refresh,30-1332,1799881,5,0,1,0,1790719200,2026-09-29T22:00:00Z
2026-09-28T20:24:21.030166Z,refresh,18100,1705100,175,17,1,0,1790719200,2026-09-29T22:00:00Z
2026-09-28T20:24:21.030166Z,refresh,18101,1705101,55,6,1,0,1790719200,2026-09-29T22:00:00Z
2026-09-28T20:24:21.030166Z,refresh,18102,1705102,60,6,1,0,1790719200,2026-09-29T22:00:00Z
2026-09-28T20:24:21.030166Z,refresh,18103,1705103,25,3,1,0,1790719200,2026-09-29T22:00:00Z
2026-09-28T20:24:21.030166Z,refresh,18104,1705104,100,1,1,0,1790719200,2026-09-29T22:00:00Z
2026-09-28T20:24:21.030166Z,refresh,18105,1705105,20,4,1,0,1790719200,2026-09-29T22:00:00Z
2026-09-28T20:24:21.030166Z,refresh,18106,1705106,10,2,1,0,1790719200,2026-09-29T22:00:00Z
2026-09-28T20:24:21.030166Z,refresh,18107,1705107,5,1,1,0,1790719200,2026-09-29T22:00:00Z
2026-09-28T20:24:21.030166Z,refresh,18108,1705108,15,3,1,0,1790719200,2026-09-29T22:00:00Z
2026-09-28T20:24:21.030166Z,refresh,18109,1705109,5,1,1,0,1790719200,2026-09-29T22:00:00Z
2026-09-28T20:24:21.030166Z,refresh,18110,1705110,30,6,1,0,1790719200,2026-09-29T22:00:00Z
2026-09-28T20:24:21.030166Z,refresh,18111,1705111,5,1,1,0,1790719200,2026-09-29T22:00:00Z
2026-09-28T20:24:21.030166Z,refresh,18112,1705112,5,1,1,0,1790719200,2026-09-29T22:00:00Z
2026-09-28T20:24:21.030166Z,refresh,18113,1705113,5,1,1,0,1790719200,2026-09-29T22:00:00Z
2026-09-28T20:24:21.030166Z,refresh,18114,1705114,170,31,1,0,1790719200,2026-09-29T22:00:00Z
2026-09-28T20:24:21.030166Z,refresh,18115,1705115,10,2,1,0,1790719200,2026-09-29T22:00:00Z
2026-09-28T20:24:21.030166Z,refresh,18116,1705116,65,14,1,0,1790719200,2026-09-29T22:00:00Z
2026-09-28T20:24:21.030166Z,refresh,18117,1705117,55,11,1,0,1790719200,2026-09-29T22:00:00Z
2026-09-28T20:24:21.030166Z,refresh,18118,1705118,15,3,1,0,1790719200,2026-09-29T22:00:00Z
2026-09-28T20:24:21.030166Z,refresh,18119,1705119,205,23,1,0,1790719200,2026-09-29T22:00:00Z
2026-09-28T20:24:21.030166Z,refresh,18120,1705120,30,7,1,0,1790719200,2026-09-29T22:00:00Z
2026-09-28T20:24:21.030166Z,refresh,18121,1705121,5,0,1,0,1790719200,2026-09-29T22:00:00Z
2026-09-28T20:24:21.030166Z,refresh,18122,1705122,5,1,1,0,1790719200,2026-09-29T22:00:00Z
2026-09-28T20:24:21.030166Z,refresh,18123,1705123,165,35,1,0,1790719200,2026-09-29T22:00:00Z
2026-09-28T20:24:21.030166Z,refresh,18124,1705124,205,18,1,0,1790719200,2026-09-29T22:00:00Z
2026-09-28T20:24:21.030166Z,refresh,18125,1705125,115,25,1,0,1790719200,2026-09-29T22:00:00Z
2026-09-28T20:24:21.030166Z,refresh,18126,1705126,30,6,1,0,1790719200,2026-09-29T22:00:00Z
2026-09-28T20:24:21.030166Z,refresh,18127,1705127,85,9,1,0,1790719200,2026-09-29T22:00:00Z
2026-09-28T20:24:21.030166Z,refresh,18128,1705128,150,12,1,0,1790719200,2026-09-29T22:00:00Z
2026-09-28T20:24:21.030166Z,refresh,18129,1705129,5,1,1,0,1790719200,2026-09-29T22:00:00Z
2026-09-28T20:24:21.030166Z,refresh,18130,1705130,55,12,1,0,1790719200,2026-09-29T22:00:00Z
2026-09-28T20:24:21.030166Z,refresh,18131,1705131,5,0,1,0,1790719200,2026-09-29T22:00:00Z
2026-09-28T20:24:21.030166Z,refresh,18132,1705132,5,0,1,0,1790719200,2026-09-29T22:00:00Z
2026-09-28T20:24:21.030166Z,refresh,18133,1705133,30,6,1,0,1790719200,2026-09-29T22:00:00Z
2026-09-28T20:24:21.030166Z,refresh,18134,1705134,205,12,1,0,1790719200,2026-09-29T22:00:00Z
2026-09-28T20:24:21.030166Z,refresh,18135,1705135,105,6,1,0,1790719200,2026-09-29T22:00:00Z
2026-09-28T20:24:21.030166Z,refresh,18136,1705136,5,0,1,0,1790719200,2026-09-29T22:00:00Z
2026-09-28T20:24:21.030166Z,refresh,18137,1705137,10,2,1,0,1790719200,2026-09-29T22:00:00Z
2026-09-28T20:24:21.030166Z,refresh,18138,1705138,20,4,1,0,1790719200,2026-09-29T22:00:00Z
2026-09-28T20:24:21.030166Z,refresh,18139,1705139,100,4,1,0,1790719200,2026-09-29T22:00:00Z
2026-09-28T20:24:21.030166Z,refresh,18140,1705140,25,6,1,0,1790719200,2026-09-29T22:00:00Z
2026-09-28T20:24:21.030166Z,refresh,18141,1705141,5,1,1,0,1790719200,2026-09-29T22:00:00Z
2026-09-28T20:24:21.030166Z,refresh,18142,1705142,5,1,1,0,1790719200,2026-09-29T22:00:00Z
2026-09-28T20:24:21.030166Z,refresh,18143,1705143,5,1,1,0,1790719200,2026-09-29T22:00:00Z
2026-09-28T20:24:21.030166Z,refresh,18144,1705144,5,1,1,0,1790719200,2026-09-29T22:00:00Z
2026-09-28T20:24:21.030166Z,refresh,18145,1705145,5,1,1,0,1790719200,2026-09-29T22:00:00Z
2026-09-28T20:24:21.030166Z,refresh,18146,1705146,5,0,1,0,1790719200,2026-09-29T22:00:00Z
2026-09-28T20:24:21.030166Z,refresh,18147,1705147,130,14,1,0,1790719200,2026-09-29T22:00:00Z
2026-09-28T20:24:21.030166Z,refresh,18148,1705148,105,5,1,0,1790719200,2026-09-29T22:00:00Z
2026-09-28T20:24:21.030166Z,refresh,18149,1705149,30,6,1,0,1790719200,2026-09-29T22:00:00Z
2026-09-28T20:24:21.030166Z,refresh,18150,1705150,45,7,1,0,1790719200,2026-09-29T22:00:00Z
2026-09-28T20:24:21.030166Z,refresh,18151,1705151,20,4,1,0,1790719200,2026-09-29T22:00:00Z
2026-09-28T20:24:21.030166Z,refresh,18152,1705152,5,1,1,0,1790719200,2026-09-29T22:00:00Z
2026-09-28T20:24:21.030166Z,refresh,18153,1705153,5,1,1,0,1790719200,2026-09-29T22:00:00Z
2026-09-28T20:24:21.030166Z,refresh,18154,1705154,10,2,1,0,1790719200,2026-09-29T22:00:00Z
2026-09-28T20:24:21.030166Z,refresh,18156,1705155,5,1,1,0,1790719200,2026-09-29T22:00:00Z
2026-09-28T20:24:21.030166Z,refresh,18157,1705156,55,6,1,0,1790719200,2026-09-29T22:00:00Z
2026-09-28T20:24:21.030166Z,refresh,18158,1705157,5,0,1,0,1790719200,2026-09-29T22:00:00Z
2026-09-28T20:24:21.030166Z,refresh,18159,1705158,20,5,1,0,1790719200,2026-09-29T22:00:00Z
2026-09-28T20:24:21.030166Z,refresh,18160,1705159,5,0,1,0,1790719200,2026-09-29T22:00:00Z
2026-09-28T20:24:21.030166Z,refresh,18161,1705160,5,1,1,0,1790719200,2026-09-29T22:00:00Z
2026-09-28T20:24:21.030166Z,refresh,18162,1705161,5,1,1,0,1790719200,2026-09-29T22:00:00Z
2026-09-28T20:24:21.030166Z,refresh,18163,1705162,10,2,1,0,1790719200,2026-09-29T22:00:00Z
2026-09-28T20:24:21.030166Z,refresh,18164,1705163,40,8,1,0,1790719200,2026-09-29T22:00:00Z
2026-09-28T20:24:21.030166Z,refresh,18165,1705164,5,1,1,0,1790719200,2026-09-29T22:00:00Z
2026-09-28T20:24:21.030166Z,refresh,18166,1705165,105,16,1,0,1790719200,2026-09-29T22:00:00Z
2026-09-28T20:24:21.030166Z,refresh,18167,1705166,15,3,1,0,1790719200,2026-09-29T22:00:00Z
2026-09-28T20:24:21.030166Z,refresh,18168,1705167,60,11,1,0,1790719200,2026-09-29T22:00:00Z
2026-09-28T20:24:21.030166Z,refresh,18169,1705168,35,8,1,0,1790719200,2026-09-29T22:00:00Z
2026-09-28T20:24:21.030166Z,refresh,18170,1705169,36,9,1,0,1790719200,2026-09-29T22:00:00Z
2026-09-28T20:24:21.030166Z,refresh,18171,1705170,35,8,1,0,1790719200,2026-09-29T22:00:00Z
2026-09-28T20:24:21.030166Z,refresh,18172,1705171,35,9,1,0,1790719200,2026-09-29T22:00:00Z
2026-09-28T20:24:21.030166Z,refresh,18173,1705172,60,8,1,0,1790719200,2026-09-29T22:00:00Z
2026-09-28T20:24:21.030166Z,refresh,18174,1705173,5,1,1,0,1790719200,2026-09-29T22:00:00Z
2026-09-28T20:24:21.030166Z,refresh,18175,1705174,20,4,1,0,1790719200,2026-09-29T22:00:00Z
2026-09-28T20:24:21.030166Z,refresh,18176,1705175,70,10,1,0,1790719200,2026-09-29T22:00:00Z
2026-09-28T20:24:21.030166Z,refresh,18177,1705176,5,1,1,0,1790719200,2026-09-29T22:00:00Z
2026-09-28T20:24:21.030166Z,refresh,18178,1705177,5,1,1,0,1790719200,2026-09-29T22:00:00Z
2026-09-28T20:24:21.030166Z,refresh,18179,1705178,5,1,1,0,1790719200,2026-09-29T22:00:00Z
2026-09-28T20:24:21.030166Z,refresh,18180,1705179,460,14,1,0,1790719200,2026-09-29T22:00:00Z
2026-09-28T20:24:21.030166Z,refresh,18181,1705180,5,1,1,0,1790719200,2026-09-29T22:00:00Z
2026-09-28T20:24:21.030166Z,refresh,18182,1705181,10,2,1,0,1790719200,2026-09-29T22:00:00Z
2026-09-28T20:24:21.030166Z,refresh,18183,1705182,5,0,1,0,1790719200,2026-09-29T22:00:00Z
2026-09-28T20:24:21.030166Z,refresh,18184,1705183,5,0,1,0,1790719200,2026-09-29T22:00:00Z
2026-09-28T20:24:21.030166Z,refresh,18185,1705184,5,0,1,0,1790719200,2026-09-29T22:00:00Z
2026-09-28T20:24:21.030166Z,refresh,18186,1705185,5,1,1,0,1790719200,2026-09-29T22:00:00Z
2026-09-28T20:24:21.030166Z,refresh,18187,1705186,5,1,1,0,1790719200,2026-09-29T22:00:00Z
2026-09-28T20:24:21.030166Z,refresh,18188,1705187,10,2,1,0,1790719200,2026-09-29T22:00:00Z
2026-09-28T20:24:21.030166Z,refresh,18189,1705188,10,2,1,0,1790719200,2026-09-29T22:00:00Z
2026-09-28T20:24:21.030166Z,refresh,18190,1705189,5,1,1,0,1790719200,2026-09-29T22:00:00Z
2026-09-28T20:24:21.030166Z,refresh,18191,1705190,5,1,1,0,1790719200,2026-09-29T22:00:00Z
2026-09-28T20:24:21.030166Z,refresh,18192,1705191,10,2,1,0,1790719200,2026-09-29T22:00:00Z
2026-09-28T20:24:21.030166Z,refresh,18193,1705192,20,4,1,0,1790719200,2026-09-29T22:00:00Z
2026-09-28T20:24:21.030166Z,refresh,18194,1705193,5,0,1,0,1790719200,2026-09-29T22:00:00Z
2026-09-28T20:24:21.030166Z,refresh,18195,1705194,5,0,1,0,1790721000,2026-09-29T22:30:00Z
2026-09-28T20:24:21.030166Z,refresh,18196,1705195,5,1,1,0,1790721000,2026-09-29T22:30:00Z
2026-09-28T20:24:21.030166Z,refresh,18197,1705196,20,4,1,0,1790721000,2026-09-29T22:30:00Z
2026-09-28T20:24:21.030166Z,refresh,18198,1705197,5,1,1,0,1790721000,2026-09-29T22:30:00Z
2026-09-28T20:24:21.030166Z,refresh,18199,1705198,5,1,1,0,1790721000,2026-09-29T22:30:00Z
2026-09-28T20:24:21.030166Z,refresh,18200,1705199,5,0,1,0,1790721000,2026-09-29T22:30:00Z
2026-09-28T20:24:21.030166Z,refresh,18201,1705200,5,1,1,0,1790721000,2026-09-29T22:30:00Z
2026-09-28T20:24:21.030166Z,refresh,18202,1705201,10,2,1,0,1790721000,2026-09-29T22:30:00Z
2026-09-28T20:24:21.030166Z,refresh,18203,1705202,5,1,1,0,1790721000,2026-09-29T22:30:00Z
2026-09-28T20:24:21.030166Z,refresh,18204,1705203,5,1,1,0,1790721000,2026-09-29T22:30:00Z
2026-09-28T20:24:21.030166Z,refresh,18205,1705204,30,4,1,0,1790721000,2026-09-29T22:30:00Z
2026-09-28T20:24:21.030166Z,refresh,18206,1705205,5,0,1,0,1790721000,2026-09-29T22:30:00Z
2026-09-28T20:24:21.030166Z,refresh,18207,1705206,5,1,1,0,1790721000,2026-09-29T22:30:00Z
2026-09-28T20:24:21.030166Z,refresh,18208,1705207,15,3,1,0,1790721000,2026-09-29T22:30:00Z
2026-09-28T20:24:21.030166Z,refresh,18209,1705208,30,3,1,0,1790721000,2026-09-29T22:30:00Z
2026-09-28T20:24:21.030166Z,refresh,18210,1705209,30,6,1,0,1790721000,2026-09-29T22:30:00Z
2026-09-28T20:24:21.030166Z,refresh,18211,1705210,65,9,1,0,1790721000,2026-09-29T22:30:00Z
2026-09-28T20:24:21.030166Z,refresh,18212,1705211,5,0,1,0,1790721000,2026-09-29T22:30:00Z
2026-09-28T20:24:21.030166Z,refresh,18213,1705212,5,1,1,0,1790721000,2026-09-29T22:30:00Z
2026-09-28T20:24:21.030166Z,refresh,18214,1705213,15,3,1,0,1790721000,2026-09-29T22:30:00Z
2026-09-28T20:24:21.030166Z,refresh,18215,1705214,5,1,1,0,1790721000,2026-09-29T22:30:00Z
2026-09-28T20:24:21.030166Z,refresh,18216,1705215,30,5,1,0,1790721000,2026-09-29T22:30:00Z
2026-09-28T20:24:21.030166Z,refresh,18217,1705216,10,2,1,0,1790721000,2026-09-29T22:30:00Z
2026-09-28T20:24:21.030166Z,refresh,18218,1705217,10,2,1,0,1790721000,2026-09-29T22:30:00Z
2026-09-28T20:24:21.030166Z,refresh,18219,1705218,5,1,1,0,1790721000,2026-09-29T22:30:00Z
2026-09-28T20:24:21.030166Z,refresh,18220,1705219,5,1,1,0,1790721000,2026-09-29T22:30:00Z
2026-09-28T20:24:21.030166Z,refresh,18221,1705220,60,12,1,0,1790721000,2026-09-29T22:30:00Z
2026-09-28T20:24:21.030166Z,refresh,18222,1705221,15,3,1,0,1790721000,2026-09-29T22:30:00Z
2026-09-28T20:24:21.030166Z,refresh,18400,1705222,1265,42,1,0,1790721000,2026-09-29T22:30:00Z
2026-09-28T20:24:21.030166Z,refresh,18401,1705223,105,10,1,0,1790721000,2026-09-29T22:30:00Z
2026-09-28T20:24:21.030166Z,refresh,18402,1705224,25,5,1,0,1790721000,2026-09-29T22:30:00Z
2026-09-28T20:24:21.030166Z,refresh,18403,1705225,5,1,1,0,1790721000,2026-09-29T22:30:00Z
2026-09-28T20:24:21.030166Z,refresh,18404,1705226,105,15,1,0,1790721000,2026-09-29T22:30:00Z
2026-09-28T20:24:21.030166Z,refresh,18405,1705227,45,9,1,0,1790721000,2026-09-29T22:30:00Z
2026-09-28T20:24:21.030166Z,refresh,18406,1705228,55,6,1,0,1790721000,2026-09-29T22:30:00Z
2026-09-28T20:24:21.030166Z,refresh,18407,1705229,5,1,1,0,1790721000,2026-09-29T22:30:00Z
2026-09-28T20:24:21.030166Z,refresh,18408,1705230,55,9,1,0,1790721000,2026-09-29T22:30:00Z
2026-09-28T20:24:21.030166Z,refresh,18409,1705231,55,7,1,0,1790721000,2026-09-29T22:30:00Z
2026-09-28T20:24:21.030166Z,refresh,18410,1705232,40,5,1,0,1790721000,2026-09-29T22:30:00Z
2026-09-28T20:24:21.030166Z,refresh,18411,1705233,105,7,1,0,1790721000,2026-09-29T22:30:00Z
2026-09-28T20:24:21.030166Z,refresh,18412,1705234,55,4,1,0,1790721000,2026-09-29T22:30:00Z
2026-09-28T20:24:21.030166Z,refresh,18413,1705235,10,2,1,0,1790721000,2026-09-29T22:30:00Z
2026-09-28T20:24:21.030166Z,refresh,18414,1705236,205,13,1,0,1790721000,2026-09-29T22:30:00Z
2026-09-28T20:24:21.030166Z,refresh,18415,1705237,55,11,1,0,1790721000,2026-09-29T22:30:00Z
2026-09-28T20:24:21.030166Z,refresh,18416,1705238,15,3,1,0,1790721000,2026-09-29T22:30:00Z
2026-09-28T20:24:21.030166Z,refresh,18417,1705239,155,4,1,0,1790721000,2026-09-29T22:30:00Z
2026-09-28T20:24:21.030166Z,refresh,18418,1705240,100,7,1,0,1790721000,2026-09-29T22:30:00Z
2026-09-28T20:24:21.030166Z,refresh,18419,1705241,10,2,1,0,1790721000,2026-09-29T22:30:00Z
2026-09-28T20:24:21.030166Z,refresh,18420,1705242,5,1,1,0,1790721000,2026-09-29T22:30:00Z
2026-09-28T20:24:21.030166Z,refresh,18421,1705243,55,11,1,0,1790721000,2026-09-29T22:30:00Z
2026-09-28T20:24:21.030166Z,refresh,18422,1705244,5,1,1,0,1790721000,2026-09-29T22:30:00Z
2026-09-28T20:24:21.030166Z,refresh,18423,1705245,10,2,1,0,1790721000,2026-09-29T22:30:00Z
2026-09-28T20:24:21.030166Z,refresh,18424,1705246,200,12,1,0,1790721000,2026-09-29T22:30:00Z
2026-09-28T20:24:21.030166Z,refresh,18425,1705247,5,1,1,0,1790721000,2026-09-29T22:30:00Z
2026-09-28T20:24:21.030166Z,refresh,18426,1705248,60,7,1,0,1790721000,2026-09-29T22:30:00Z
2026-09-28T20:24:21.030166Z,refresh,18427,1705249,5,1,1,0,1790721000,2026-09-29T22:30:00Z
2026-09-28T20:24:21.030166Z,refresh,18428,1705250,5,1,1,0,1790721000,2026-09-29T22:30:00Z
2026-09-28T20:24:21.030166Z,refresh,18429,1705251,10,2,1,0,1790721000,2026-09-29T22:30:00Z
2026-09-28T20:24:21.030166Z,refresh,18430,1705252,90,19,1,0,1790721000,2026-09-29T22:30:00Z
2026-09-28T20:24:21.030166Z,refresh,18431,1705253,10,2,1,0,1790721000,2026-09-29T22:30:00Z
2026-09-28T20:24:21.030166Z,refresh,18432,1705254,30,7,1,0,1790721000,2026-09-29T22:30:00Z
2026-09-28T20:24:21.030166Z,refresh,18433,1705255,10,2,1,0,1790721000,2026-09-29T22:30:00Z
2026-09-28T20:24:21.030166Z,refresh,18434,1705256,30,6,1,0,1790721000,2026-09-29T22:30:00Z
2026-09-28T20:24:21.030166Z,refresh,18435,1705257,25,5,1,0,1790721000,2026-09-29T22:30:00Z
2026-09-28T20:24:21.030166Z,refresh,18436,1705258,15,3,1,0,1790721000,2026-09-29T22:30:00Z
2026-09-28T20:24:21.030166Z,refresh,18437,1705259,5,1,1,0,1790721000,2026-09-29T22:30:00Z
2026-09-28T20:24:21.030166Z,refresh,18438,1705260,5,1,1,0,1790721000,2026-09-29T22:30:00Z
2026-09-28T20:24:21.030166Z,refresh,18439,1705261,25,5,1,0,1790721000,2026-09-29T22:30:00Z
2026-09-28T20:24:21.030166Z,refresh,18440,1705262,25,4,1,0,1790721000,2026-09-29T22:30:00Z
2026-09-28T20:24:21.030166Z,refresh,18441,1705263,100,6,1,0,1790721000,2026-09-29T22:30:00Z
2026-09-28T20:24:21.030166Z,refresh,18442,1705264,5,1,1,0,1790721000,2026-09-29T22:30:00Z
2026-09-28T20:24:21.030166Z,refresh,18443,1705265,25,5,1,0,1790721000,2026-09-29T22:30:00Z
2026-09-28T20:24:21.030166Z,refresh,18444,1705266,10,2,1,0,1790721000,2026-09-29T22:30:00Z
2026-09-28T20:24:21.030166Z,refresh,18445,1705267,5,1,1,0,1790721000,2026-09-29T22:30:00Z
2026-09-28T20:24:21.030166Z,refresh,18446,1705268,30,6,1,0,1790721000,2026-09-29T22:30:00Z
2026-09-28T20:24:21.030166Z,refresh,18447,1705269,10,2,1,0,1790721000,2026-09-29T22:30:00Z
2026-09-28T20:24:21.030166Z,refresh,18448,1705270,10,2,1,0,1790721000,2026-09-29T22:30:00Z
2026-09-28T20:24:21.030166Z,refresh,18449,1705271,10,2,1,0,1790721000,2026-09-29T22:30:00Z
2026-09-28T20:24:21.030166Z,refresh,18450,1705272,5,1,1,0,1790721000,2026-09-29T22:30:00Z
2026-09-28T20:24:21.030166Z,refresh,18451,1705273,106,14,1,0,1790721000,2026-09-29T22:30:00Z
2026-09-28T20:24:21.030166Z,refresh,18452,1705274,5,1,1,0,1790721000,2026-09-29T22:30:00Z
2026-09-28T20:24:21.030166Z,refresh,18453,1705275,105,4,1,0,1790721000,2026-09-29T22:30:00Z
2026-09-28T20:24:21.030166Z,refresh,18454,1705276,15,4,1,0,1790721000,2026-09-29T22:30:00Z
2026-09-28T20:24:21.030166Z,refresh,18455,1705277,10,2,1,0,1790721000,2026-09-29T22:30:00Z
2026-09-28T20:24:21.030166Z,refresh,18456,1705278,10,2,1,0,1790721000,2026-09-29T22:30:00Z
2026-09-28T20:24:21.030166Z,refresh,18457,1705279,5,1,1,0,1790721000,2026-09-29T22:30:00Z
2026-09-28T20:24:21.030166Z,refresh,18458,1705280,25,5,1,0,1790721000,2026-09-29T22:30:00Z
2026-09-28T20:24:21.030166Z,refresh,18459,1705281,10,2,1,0,1790721000,2026-09-29T22:30:00Z
2026-09-28T20:24:21.030166Z,refresh,18460,1705282,5,1,1,0,1790721000,2026-09-29T22:30:00Z
2026-09-28T20:24:21.030166Z,refresh,18461,1705283,5,1,1,0,1790721000,2026-09-29T22:30:00Z
2026-09-28T20:24:21.030166Z,refresh,18462,1705284,20,4,1,0,1790721000,2026-09-29T22:30:00Z
2026-09-28T20:24:21.030166Z,refresh,18463,1705285,110,14,1,0,1790721000,2026-09-29T22:30:00Z
2026-09-28T20:24:21.030166Z,refresh,18464,1705286,5,1,1,0,1790721000,2026-09-29T22:30:00Z
2026-09-28T20:24:21.030166Z,refresh,18465,1705287,40,7,1,0,1790721000,2026-09-29T22:30:00Z
2026-09-28T20:24:21.030166Z,refresh,18466,1705288,10,2,1,0,1790721000,2026-09-29T22:30:00Z
2026-09-28T20:24:21.030166Z,refresh,30-1329,1799843,5,1,1,0,1790722800,2026-09-29T23:00:00Z
2026-09-28T20:24:21.030166Z,refresh,30-1330,1799850,5,1,1,0,1790722800,2026-09-29T23:00:00Z
2026-09-28T20:24:21.030166Z,refresh,30-1331,1799864,15,4,1,0,1790722800,2026-09-29T23:00:00Z
2026-09-28T20:24:21.030166Z,refresh,18467,1705289,5,1,1,0,1790722800,2026-09-29T23:00:00Z
2026-09-28T20:24:21.030166Z,refresh,18468,1705290,5,0,1,0,1790722800,2026-09-29T23:00:00Z
2026-09-28T20:24:21.030166Z,refresh,18469,1705291,5,1,1,0,1790722800,2026-09-29T23:00:00Z
2026-09-28T20:24:21.030166Z,refresh,18470,1705292,5,0,1,0,1790722800,2026-09-29T23:00:00Z
2026-09-28T20:24:21.030166Z,refresh,18471,1705293,5,1,1,0,1790722800,2026-09-29T23:00:00Z
2026-09-28T20:24:21.030166Z,refresh,18472,1705294,5,1,1,0,1790722800,2026-09-29T23:00:00Z
2026-09-28T20:24:21.030166Z,refresh,18473,1705295,20,4,1,0,1790722800,2026-09-29T23:00:00Z
2026-09-28T20:24:21.030166Z,refresh,18474,1705296,10,2,1,0,1790722800,2026-09-29T23:00:00Z
2026-09-28T20:24:21.030166Z,refresh,18475,1705297,10,2,1,0,1790722800,2026-09-29T23:00:00Z
2026-09-28T20:24:21.030166Z,refresh,18476,1705298,5,1,1,0,1790722800,2026-09-29T23:00:00Z
2026-09-28T20:24:21.030166Z,refresh,18477,1705299,5,1,1,0,1790722800,2026-09-29T23:00:00Z
2026-09-28T20:24:21.030166Z,refresh,18478,1705300,5,1,1,0,1790722800,2026-09-29T23:00:00Z
2026-09-28T20:24:21.030166Z,refresh,18479,1705301,5,1,1,0,1790722800,2026-09-29T23:00:00Z
2026-09-28T20:24:21.030166Z,refresh,18480,1705302,15,3,1,0,1790722800,2026-09-29T23:00:00Z
2026-09-28T20:24:21.030166Z,refresh,18481,1705303,10,2,1,0,1790722800,2026-09-29T23:00:00Z
2026-09-28T20:24:21.030166Z,refresh,18482,1705304,15,3,1,0,1790722800,2026-09-29T23:00:00Z
2026-09-28T20:24:21.030166Z,refresh,18483,1705305,15,4,1,0,1790722800,2026-09-29T23:00:00Z
2026-09-28T20:24:21.030166Z,refresh,18484,1705306,5,1,1,0,1790722800,2026-09-29T23:00:00Z
2026-09-28T20:24:21.030166Z,refresh,18485,1705307,10,2,1,0,1790722800,2026-09-29T23:00:00Z
2026-09-28T20:24:21.030166Z,refresh,18486,1705308,5,1,1,0,1790722800,2026-09-29T23:00:00Z
2026-09-28T20:24:21.030166Z,refresh,18487,1705309,25,4,1,0,1790722800,2026-09-29T23:00:00Z
2026-09-28T20:24:21.030166Z,refresh,18488,1705310,5,1,1,0,1790722800,2026-09-29T23:00:00Z
2026-09-28T20:24:21.030166Z,refresh,18489,1705311,25,4,1,0,1790722800,2026-09-29T23:00:00Z
2026-09-28T20:24:21.030166Z,refresh,18490,1705312,20,4,1,0,1790722800,2026-09-29T23:00:00Z
2026-09-28T20:24:21.030166Z,refresh,18491,1705313,55,9,1,0,1790722800,2026-09-29T23:00:00Z
2026-09-28T20:24:21.030166Z,refresh,18492,1705314,5,1,1,0,1790722800,2026-09-29T23:00:00Z
2026-09-28T20:24:21.030166Z,refresh,18493,1705315,10,2,1,0,1790722800,2026-09-29T23:00:00Z
2026-09-28T20:24:21.030166Z,refresh,18494,1705316,10,2,1,0,1790722800,2026-09-29T23:00:00Z
2026-09-28T20:24:21.030166Z,refresh,18495,1705317,5,1,1,0,1790722800,2026-09-29T23:00:00Z
2026-09-28T20:24:21.030166Z,refresh,18496,1705318,50,10,1,0,1790722800,2026-09-29T23:00:00Z
2026-09-28T20:24:21.030166Z,refresh,18497,1705319,10,2,1,0,1790722800,2026-09-29T23:00:00Z
2026-09-28T20:24:21.030166Z,refresh,18498,1705320,10,2,1,0,1790722800,2026-09-29T23:00:00Z
2026-09-28T20:24:21.030166Z,refresh,18499,1705321,10,2,1,0,1790722800,2026-09-29T23:00:00Z
2026-09-28T20:24:21.030166Z,refresh,18500,1705322,10,2,1,0,1790722800,2026-09-29T23:00:00Z
2026-09-28T20:24:21.030166Z,refresh,18501,1705323,5,0,1,0,1790722800,2026-09-29T23:00:00Z
2026-09-28T20:24:21.030166Z,refresh,18502,1705324,10,2,1,0,1790722800,2026-09-29T23:00:00Z
2026-09-28T20:24:21.030166Z,refresh,18503,1705325,15,3,1,0,1790722800,2026-09-29T23:00:00Z
2026-09-28T20:24:21.030166Z,refresh,18504,1705326,10,2,1,0,1790722800,2026-09-29T23:00:00Z
2026-09-28T20:24:21.030166Z,refresh,18505,1705327,15,3,1,0,1790722800,2026-09-29T23:00:00Z
2026-09-28T20:24:21.030166Z,refresh,18506,1705328,10,2,1,0,1790722800,2026-09-29T23:00:00Z
2026-09-28T20:24:21.030166Z,refresh,18507,1705329,10,2,1,0,1790722800,2026-09-29T23:00:00Z
2026-09-28T20:24:21.030166Z,refresh,18508,1705330,5,1,1,0,1790722800,2026-09-29T23:00:00Z
2026-09-28T20:24:21.030166Z,refresh,18509,1705331,5,1,1,0,1790722800,2026-09-29T23:00:00Z
2026-09-28T20:24:21.030166Z,refresh,18510,1705332,10,2,1,0,1790722800,2026-09-29T23:00:00Z
2026-09-28T20:24:21.030166Z,refresh,18511,1705333,10,2,1,0,1790722800,2026-09-29T23:00:00Z
2026-09-28T20:24:21.030166Z,refresh,18512,1705334,30,7,1,0,1790722800,2026-09-29T23:00:00Z
2026-09-28T20:24:21.030166Z,refresh,18513,1705335,10,2,1,0,1790722800,2026-09-29T23:00:00Z
2026-09-28T20:24:21.030166Z,refresh,18514,1705336,35,8,1,0,1790722800,2026-09-29T23:00:00Z
2026-09-28T20:24:21.030166Z,refresh,18515,1705337,20,5,1,0,1790722800,2026-09-29T23:00:00Z
2026-09-28T20:24:21.030166Z,refresh,18516,1705338,5,1,1,0,1790722800,2026-09-29T23:00:00Z
2026-09-28T20:24:21.030166Z,refresh,18517,1705339,20,3,1,0,1790722800,2026-09-29T23:00:00Z
2026-09-28T20:24:21.030166Z,refresh,18518,1705340,5,1,1,0,1790722800,2026-09-29T23:00:00Z
2026-09-28T20:24:21.030166Z,refresh,18519,1705341,80,5,1,0,1790722800,2026-09-29T23:00:00Z
2026-09-28T20:24:21.030166Z,refresh,18520,1705342,25,6,1,0,1790722800,2026-09-29T23:00:00Z
2026-09-28T20:24:21.030166Z,refresh,18521,1705343,5,1,1,0,1790722800,2026-09-29T23:00:00Z
2026-09-28T20:24:21.030166Z,refresh,18522,1705344,30,6,1,0,1790722800,2026-09-29T23:00:00Z
2026-09-28T20:24:21.030166Z,refresh,18523,1705345,10,2,1,0,1790722800,2026-09-29T23:00:00Z
2026-09-28T20:24:21.030166Z,refresh,18524,1705346,50,5,1,0,1790722800,2026-09-29T23:00:00Z
2026-09-28T20:24:21.030166Z,refresh,18525,1705347,25,6,1,0,1790722800,2026-09-29T23:00:00Z
2026-09-28T20:24:21.030166Z,refresh,18526,1705348,5,1,1,0,1790722800,2026-09-29T23:00:00Z
2026-09-28T20:24:21.030166Z,refresh,18527,1705349,15,3,1,0,1790722800,2026-09-29T23:00:00Z
2026-09-28T20:24:21.030166Z,refresh,18528,1705350,20,5,1,0,1790722800,2026-09-29T23:00:00Z
2026-09-28T20:24:21.030166Z,refresh,18529,1705351,40,9,1,0,1790722800,2026-09-29T23:00:00Z
2026-09-28T20:24:21.030166Z,refresh,18530,1705352,5,1,1,0,1790722800,2026-09-29T23:00:00Z
2026-09-28T20:24:21.030166Z,refresh,18531,1705353,5,0,1,0,1790722800,2026-09-29T23:00:00Z
2026-09-28T20:24:21.030166Z,refresh,18532,1705354,35,7,1,0,1790722800,2026-09-29T23:00:00Z
2026-09-28T20:24:21.030166Z,refresh,18533,1705355,25,5,1,0,1790722800,2026-09-29T23:00:00Z
2026-09-28T20:24:21.030166Z,refresh,18534,1705356,10,2,1,0,1790722800,2026-09-29T23:00:00Z
2026-09-28T20:24:21.030166Z,refresh,18535,1705357,20,4,1,0,1790722800,2026-09-29T23:00:00Z
2026-09-28T20:24:21.030166Z,refresh,18536,1705358,5,1,1,0,1790722800,2026-09-29T23:00:00Z
2026-09-28T20:24:21.030166Z,refresh,18537,1705359,5,1,1,0,1790722800,2026-09-29T23:00:00Z
2026-09-28T20:24:21.030166Z,refresh,18538,1705360,5,1,1,0,1790722800,2026-09-29T23:00:00Z
2026-09-28T20:24:21.030166Z,refresh,18539,1705361,5,0,1,0,1790722800,2026-09-29T23:00:00Z
2026-09-28T20:24:21.030166Z,refresh,18540,1705362,5,0,1,0,1790722800,2026-09-29T23:00:00Z
2026-09-28T20:24:21.030166Z,refresh,18541,1705363,245,36,1,0,1790722800,2026-09-29T23:00:00Z
2026-09-28T20:24:21.030166Z,refresh,18542,1705364,5,1,1,0,1790722800,2026-09-29T23:00:00Z
2026-09-28T20:24:21.030166Z,refresh,18543,1705365,55,4,1,0,1790722800,2026-09-29T23:00:00Z
2026-09-28T20:24:21.030166Z,refresh,18544,1705366,10,2,1,0,1790722800,2026-09-29T23:00:00Z
2026-09-28T20:24:21.030166Z,refresh,18545,1705367,35,4,1,0,1790722800,2026-09-29T23:00:00Z
2026-09-28T20:24:21.030166Z,refresh,18546,1705368,5,0,1,0,1790722800,2026-09-29T23:00:00Z
2026-09-28T20:24:21.030166Z,refresh,18547,1705369,5,1,1,0,1790722800,2026-09-29T23:00:00Z
2026-09-28T20:24:21.030166Z,refresh,18548,1705370,5,1,1,0,1790722800,2026-09-29T23:00:00Z
2026-09-28T20:24:21.030166Z,refresh,18549,1705371,5,0,1,0,1790722800,2026-09-29T23:00:00Z
2026-09-28T20:24:21.030166Z,refresh,18550,1705372,55,3,1,0,1790722800,2026-09-29T23:00:00Z
2026-09-28T20:24:21.030166Z,refresh,18551,1705373,30,3,1,0,1790722800,2026-09-29T23:00:00Z
2026-09-28T20:24:21.030166Z,refresh,18552,1705374,5,1,1,0,1790722800,2026-09-29T23:00:00Z
2026-09-28T20:24:21.030166Z,refresh,18553,1705375,5,0,1,0,1790722800,2026-09-29T23:00:00Z
2026-09-28T20:24:21.030166Z,refresh,18554,1705376,310,30,1,0,1790722800,2026-09-29T23:00:00Z
2026-09-28T20:24:21.030166Z,refresh,18555,1705377,70,11,1,0,1790722800,2026-09-29T23:00:00Z
2026-09-28T20:24:21.030166Z,refresh,18556,1705378,5,1,1,0,1790722800,2026-09-29T23:00:00Z
2026-09-28T20:24:21.030166Z,refresh,18557,1705379,10,2,1,0,1790722800,2026-09-29T23:00:00Z
2026-09-28T20:24:21.030166Z,refresh,18558,1705380,5,1,1,0,1790722800,2026-09-29T23:00:00Z
2026-09-28T20:24:21.030166Z,refresh,18559,1705381,10,2,1,0,1790722800,2026-09-29T23:00:00Z
2026-09-28T20:24:21.030166Z,refresh,18560,1705382,30,4,1,0,1790722800,2026-09-29T23:00:00Z
2026-09-28T20:24:21.030166Z,refresh,18561,1705383,5,1,1,0,1790722800,2026-09-29T23:00:00Z
2026-09-28T20:24:21.030166Z,refresh,30-1333,1799925,5,1,1,0,1790724600,2026-09-29T23:30:00Z
2026-09-28T20:24:21.030166Z,refresh,18223,1705434,10,2,1,0,1790724600,2026-09-29T23:30:00Z
2026-09-28T20:24:21.030166Z,refresh,18224,1705435,5,1,1,0,1790724600,2026-09-29T23:30:00Z
2026-09-28T20:24:21.030166Z,refresh,18225,1705436,5,0,1,0,1790724600,2026-09-29T23:30:00Z
2026-09-28T20:24:21.030166Z,refresh,18226,1705437,80,7,1,0,1790724600,2026-09-29T23:30:00Z
2026-09-28T20:24:21.030166Z,refresh,18250,1705438,115,15,1,0,1790724600,2026-09-29T23:30:00Z
2026-09-28T20:24:21.030166Z,refresh,18251,1705439,5,1,1,0,1790724600,2026-09-29T23:30:00Z
2026-09-28T20:24:21.030166Z,refresh,18252,1705440,10,2,1,0,1790724600,2026-09-29T23:30:00Z
2026-09-28T20:24:21.030166Z,refresh,18253,1705441,5,1,1,0,1790724600,2026-09-29T23:30:00Z
2026-09-28T20:24:21.030166Z,refresh,18254,1705442,5,0,1,0,1790724600,2026-09-29T23:30:00Z
2026-09-28T20:24:21.030166Z,refresh,18255,1705443,5,0,1,0,1790724600,2026-09-29T23:30:00Z
2026-09-28T20:24:21.030166Z,refresh,18256,1705444,5,0,1,0,1790724600,2026-09-29T23:30:00Z
2026-09-28T20:24:21.030166Z,refresh,18257,1705445,10,2,1,0,1790724600,2026-09-29T23:30:00Z
2026-09-28T20:24:21.030166Z,refresh,18258,1705446,5,1,1,0,1790724600,2026-09-29T23:30:00Z
2026-09-28T20:24:21.030166Z,refresh,18259,1705447,10,2,1,0,1790724600,2026-09-29T23:30:00Z
2026-09-28T20:24:21.030166Z,refresh,18260,1705448,255,10,1,0,1790724600,2026-09-29T23:30:00Z
2026-09-28T20:24:21.030166Z,refresh,18261,1705449,15,3,1,0,1790724600,2026-09-29T23:30:00Z
2026-09-28T20:24:21.030166Z,refresh,18262,1705450,55,4,1,0,1790724600,2026-09-29T23:30:00Z
2026-09-28T20:24:21.030166Z,refresh,18263,1705451,5,0,1,0,1790724600,2026-09-29T23:30:00Z
2026-09-28T20:24:21.030166Z,refresh,18264,1705452,5,1,1,0,1790724600,2026-09-29T23:30:00Z
2026-09-28T20:24:21.030166Z,refresh,18265,1705453,5,1,1,0,1790724600,2026-09-29T23:30:00Z
2026-09-28T20:24:21.030166Z,refresh,18266,1705454,10,2,1,0,1790724600,2026-09-29T23:30:00Z
2026-09-28T20:24:21.030166Z,refresh,18267,1705455,10,2,1,0,1790724600,2026-09-29T23:30:00Z
2026-09-28T20:24:21.030166Z,refresh,18268,1705456,5,0,1,0,1790724600,2026-09-29T23:30:00Z
2026-09-28T20:24:21.030166Z,refresh,18269,1705457,20,4,1,0,1790724600,2026-09-29T23:30:00Z
2026-09-28T20:24:21.030166Z,refresh,18270,1705458,5,1,1,0,1790724600,2026-09-29T23:30:00Z
2026-09-28T20:24:21.030166Z,refresh,18271,1705459,10,2,1,0,1790724600,2026-09-29T23:30:00Z
2026-09-28T20:24:21.030166Z,refresh,18272,1705460,5,1,1,0,1790724600,2026-09-29T23:30:00Z
2026-09-28T20:24:21.030166Z,refresh,18273,1705461,5,1,1,0,1790724600,2026-09-29T23:30:00Z
2026-09-28T20:24:21.030166Z,refresh,18274,1705462,5,0,1,0,1790724600,2026-09-29T23:30:00Z
2026-09-28T20:24:21.030166Z,refresh,18275,1705463,5,1,1,0,1790724600,2026-09-29T23:30:00Z
2026-09-28T20:24:21.030166Z,refresh,18276,1705464,5,1,1,0,1790724600,2026-09-29T23:30:00Z
2026-09-28T20:24:21.030166Z,refresh,18277,1705465,5,0,1,0,1790724600,2026-09-29T23:30:00Z
2026-09-28T20:24:21.030166Z,refresh,18278,1705466,5,0,1,0,1790724600,2026-09-29T23:30:00Z
2026-09-28T20:24:21.030166Z,refresh,18279,1705467,5,0,1,0,1790724600,2026-09-29T23:30:00Z
2026-09-28T20:24:21.030166Z,refresh,18280,1705468,5,1,1,0,1790724600,2026-09-29T23:30:00Z
2026-09-28T20:24:21.030166Z,refresh,18281,1705469,5,0,1,0,1790724600,2026-09-29T23:30:00Z
2026-09-28T20:24:21.030166Z,refresh,18282,1705470,175,17,1,0,1790724600,2026-09-29T23:30:00Z
2026-09-28T20:24:21.030166Z,refresh,18283,1705471,5,1,1,0,1790724600,2026-09-29T23:30:00Z
2026-09-28T20:24:21.030166Z,refresh,18284,1705472,5,0,1,0,1790724600,2026-09-29T23:30:00Z
2026-09-28T20:24:21.030166Z,refresh,18285,1705473,5,1,1,0,1790724600,2026-09-29T23:30:00Z
2026-09-28T20:24:21.030166Z,refresh,18286,1705474,5,1,1,0,1790724600,2026-09-29T23:30:00Z
2026-09-28T20:24:21.030166Z,refresh,18287,1705475,5,0,1,0,1790724600,2026-09-29T23:30:00Z
2026-09-28T20:24:21.030166Z,refresh,18288,1705476,5,0,1,0,1790724600,2026-09-29T23:30:00Z
2026-09-28T20:24:21.030166Z,refresh,18289,1705477,10,2,1,0,1790724600,2026-09-29T23:30:00Z
2026-09-28T20:24:21.030166Z,refresh,18290,1705478,200,24,1,0,1790724600,2026-09-29T23:30:00Z
2026-09-28T20:24:21.030166Z,refresh,18562,1705384,5,1,1,0,1790724600,2026-09-29T23:30:00Z
2026-09-28T20:24:21.030166Z,refresh,18563,1705385,5,1,1,0,1790724600,2026-09-29T23:30:00Z
2026-09-28T20:24:21.030166Z,refresh,18564,1705386,15,3,1,0,1790724600,2026-09-29T23:30:00Z
2026-09-28T20:24:21.030166Z,refresh,18565,1705387,15,3,1,0,1790724600,2026-09-29T23:30:00Z
2026-09-28T20:24:21.030166Z,refresh,18566,1705388,10,2,1,0,1790724600,2026-09-29T23:30:00Z
2026-09-28T20:24:21.030166Z,refresh,18567,1705389,5,1,1,0,1790724600,2026-09-29T23:30:00Z
2026-09-28T20:24:21.030166Z,refresh,18568,1705390,5,1,1,0,1790724600,2026-09-29T23:30:00Z
2026-09-28T20:24:21.030166Z,refresh,18569,1705391,5,1,1,0,1790724600,2026-09-29T23:30:00Z
2026-09-28T20:24:21.030166Z,refresh,18570,1705392,15,3,1,0,1790724600,2026-09-29T23:30:00Z
2026-09-28T20:24:21.030166Z,refresh,18571,1705393,5,1,1,0,1790724600,2026-09-29T23:30:00Z
2026-09-28T20:24:21.030166Z,refresh,18572,1705394,55,4,1,0,1790724600,2026-09-29T23:30:00Z
2026-09-28T20:24:21.030166Z,refresh,18573,1705395,10,2,1,0,1790724600,2026-09-29T23:30:00Z
2026-09-28T20:24:21.030166Z,refresh,18574,1705396,5,1,1,0,1790724600,2026-09-29T23:30:00Z
2026-09-28T20:24:21.030166Z,refresh,18575,1705397,105,5,1,0,1790724600,2026-09-29T23:30:00Z
2026-09-28T20:24:21.030166Z,refresh,18576,1705398,35,6,1,0,1790724600,2026-09-29T23:30:00Z
2026-09-28T20:24:21.030166Z,refresh,18577,1705399,5,1,1,0,1790724600,2026-09-29T23:30:00Z
2026-09-28T20:24:21.030166Z,refresh,18578,1705400,5,0,1,0,1790724600,2026-09-29T23:30:00Z
2026-09-28T20:24:21.030166Z,refresh,18579,1705401,10,2,1,0,1790724600,2026-09-29T23:30:00Z
2026-09-28T20:24:21.030166Z,refresh,18580,1705402,460,8,1,0,1790724600,2026-09-29T23:30:00Z
2026-09-28T20:24:21.030166Z,refresh,18581,1705403,10,2,1,0,1790724600,2026-09-29T23:30:00Z
2026-09-28T20:24:21.030166Z,refresh,18582,1705404,5,1,1,0,1790724600,2026-09-29T23:30:00Z
2026-09-28T20:24:21.030166Z,refresh,18583,1705405,5,1,1,0,1790724600,2026-09-29T23:30:00Z
2026-09-28T20:24:21.030166Z,refresh,18584,1705406,25,5,1,0,1790724600,2026-09-29T23:30:00Z
2026-09-28T20:24:21.030166Z,refresh,18585,1705407,5,1,1,0,1790724600,2026-09-29T23:30:00Z
2026-09-28T20:24:21.030166Z,refresh,18586,1705408,5,1,1,0,1790724600,2026-09-29T23:30:00Z
2026-09-28T20:24:21.030166Z,refresh,18587,1705409,55,5,1,0,1790724600,2026-09-29T23:30:00Z
2026-09-28T20:24:21.030166Z,refresh,18588,1705410,55,5,1,0,1790724600,2026-09-29T23:30:00Z
2026-09-28T20:24:21.030166Z,refresh,18589,1705411,5,1,1,0,1790724600,2026-09-29T23:30:00Z
2026-09-28T20:24:21.030166Z,refresh,18590,1705412,5,1,1,0,1790724600,2026-09-29T23:30:00Z
2026-09-28T20:24:21.030166Z,refresh,18591,1705413,5,1,1,0,1790724600,2026-09-29T23:30:00Z
2026-09-28T20:24:21.030166Z,refresh,18592,1705414,5,1,1,0,1790724600,2026-09-29T23:30:00Z
2026-09-28T20:24:21.030166Z,refresh,18593,1705415,10,2,1,0,1790724600,2026-09-29T23:30:00Z
2026-09-28T20:24:21.030166Z,refresh,18594,1705416,10,2,1,0,1790724600,2026-09-29T23:30:00Z
2026-09-28T20:24:21.030166Z,refresh,18595,1705417,5,1,1,0,1790724600,2026-09-29T23:30:00Z
2026-09-28T20:24:21.030166Z,refresh,18596,1705418,5,0,1,0,1790724600,2026-09-29T23:30:00Z
2026-09-28T20:24:21.030166Z,refresh,18597,1705419,105,16,1,0,1790724600,2026-09-29T23:30:00Z
2026-09-28T20:24:21.030166Z,refresh,18598,1705420,10,2,1,0,1790724600,2026-09-29T23:30:00Z
2026-09-28T20:24:21.030166Z,refresh,18599,1705421,30,6,1,0,1790724600,2026-09-29T23:30:00Z
2026-09-28T20:24:21.030166Z,refresh,18600,1705422,5,1,1,0,1790724600,2026-09-29T23:30:00Z
2026-09-28T20:24:21.030166Z,refresh,18601,1705423,30,3,1,0,1790724600,2026-09-29T23:30:00Z
2026-09-28T20:24:21.030166Z,refresh,18602,1705424,5,0,1,0,1790724600,2026-09-29T23:30:00Z
2026-09-28T20:24:21.030166Z,refresh,18603,1705425,5,1,1,0,1790724600,2026-09-29T23:30:00Z
2026-09-28T20:24:21.030166Z,refresh,18604,1705426,10,2,1,0,1790724600,2026-09-29T23:30:00Z
2026-09-28T20:24:21.030166Z,refresh,18605,1705427,20,3,1,0,1790724600,2026-09-29T23:30:00Z
2026-09-28T20:24:21.030166Z,refresh,18606,1705428,10,2,1,0,1790724600,2026-09-29T23:30:00Z
2026-09-28T20:24:21.030166Z,refresh,18607,1705429,5,0,1,0,1790724600,2026-09-29T23:30:00Z
2026-09-28T20:24:21.030166Z,refresh,18608,1705430,5,0,1,0,1790724600,2026-09-29T23:30:00Z
2026-09-28T20:24:21.030166Z,refresh,18609,1705431,10,2,1,0,1790724600,2026-09-29T23:30:00Z
2026-09-28T20:24:21.030166Z,refresh,18610,1705432,5,1,1,0,1790724600,2026-09-29T23:30:00Z
2026-09-28T20:24:21.030166Z,refresh,18611,1705433,5,1,1,0,1790724600,2026-09-29T23:30:00Z
2026-09-28T20:24:21.030166Z,refresh,18612,1723322,155,17,1,0,1790724600,2026-09-29T23:30:00Z
2026-09-28T20:24:21.030166Z,refresh,18291,1705479,10,2,1,0,1790726400,2026-09-30T00:00:00Z
2026-09-28T20:24:21.030166Z,refresh,18292,1705480,5,1,1,0,1790726400,2026-09-30T00:00:00Z
2026-09-28T20:24:21.030166Z,refresh,18293,1705481,35,7,1,0,1790726400,2026-09-30T00:00:00Z
2026-09-28T20:24:21.030166Z,refresh,18294,1705482,5,1,1,0,1790726400,2026-09-30T00:00:00Z
2026-09-28T20:24:21.030166Z,refresh,18295,1705483,105,6,1,0,1790726400,2026-09-30T00:00:00Z
2026-09-28T20:24:21.030166Z,refresh,18296,1705484,5,1,1,0,1790726400,2026-09-30T00:00:00Z
2026-09-28T20:24:21.030166Z,refresh,18297,1705485,5,1,1,0,1790726400,2026-09-30T00:00:00Z
2026-09-28T20:24:21.030166Z,refresh,18298,1705486,5,1,1,0,1790726400,2026-09-30T00:00:00Z
2026-09-28T20:24:21.030166Z,refresh,18299,1705487,5,1,1,0,1790726400,2026-09-30T00:00:00Z
2026-09-28T20:24:21.030166Z,refresh,18300,1705488,10,2,1,0,1790726400,2026-09-30T00:00:00Z
2026-09-28T20:24:21.030166Z,refresh,18301,1705489,30,6,1,0,1790726400,2026-09-30T00:00:00Z
2026-09-28T20:24:21.030166Z,refresh,18302,1705490,10,2,1,0,1790726400,2026-09-30T00:00:00Z
2026-09-28T20:24:21.030166Z,refresh,18303,1705491,5,1,1,0,1790726400,2026-09-30T00:00:00Z
2026-09-28T20:24:21.030166Z,refresh,18304,1705492,15,4,1,0,1790726400,2026-09-30T00:00:00Z
2026-09-28T20:24:21.030166Z,refresh,18305,1705493,10,2,1,0,1790726400,2026-09-30T00:00:00Z
2026-09-28T20:24:21.030166Z,refresh,18306,1705494,15,3,1,0,1790726400,2026-09-30T00:00:00Z
2026-09-28T20:24:21.030166Z,refresh,18307,1705495,10,2,1,0,1790726400,2026-09-30T00:00:00Z
2026-09-28T20:24:21.030166Z,refresh,18308,1705496,5,1,1,0,1790726400,2026-09-30T00:00:00Z
2026-09-28T20:24:21.030166Z,refresh,18309,1705497,10,2,1,0,1790726400,2026-09-30T00:00:00Z
2026-09-28T20:24:21.030166Z,refresh,18310,1705498,15,3,1,0,1790726400,2026-09-30T00:00:00Z
2026-09-28T20:24:21.030166Z,refresh,18311,1705499,10,2,1,0,1790726400,2026-09-30T00:00:00Z
2026-09-28T20:24:21.030166Z,refresh,18312,1705500,1705,23,1,0,1790726400,2026-09-30T00:00:00Z
2026-09-28T20:24:21.030166Z,refresh,18313,1705501,15,4,1,0,1790726400,2026-09-30T00:00:00Z
2026-09-28T20:24:21.030166Z,refresh,18314,1705502,5,1,1,0,1790726400,2026-09-30T00:00:00Z
2026-09-28T20:24:21.030166Z,refresh,18315,1705503,40,5,1,0,1790726400,2026-09-30T00:00:00Z
2026-09-28T20:24:21.030166Z,refresh,18316,1705504,15,3,1,0,1790726400,2026-09-30T00:00:00Z
2026-09-28T20:24:21.030166Z,refresh,18317,1705505,5,0,1,0,1790726400,2026-09-30T00:00:00Z
2026-09-28T20:24:21.030166Z,refresh,18318,1705506,5,1,1,0,1790726400,2026-09-30T00:00:00Z
2026-09-28T20:24:21.030166Z,refresh,18319,1705507,10,2,1,0,1790726400,2026-09-30T00:00:00Z
2026-09-28T20:24:21.030166Z,refresh,18320,1705508,5,1,1,0,1790726400,2026-09-30T00:00:00Z
2026-09-28T20:24:21.030166Z,refresh,18321,1705509,5,1,1,0,1790726400,2026-09-30T00:00:00Z
2026-09-28T20:24:21.030166Z,refresh,18322,1705510,5,1,1,0,1790726400,2026-09-30T00:00:00Z
2026-09-28T20:24:21.030166Z,refresh,18323,1705511,15,3,1,0,1790726400,2026-09-30T00:00:00Z
2026-09-28T20:24:21.030166Z,refresh,18324,1705512,10,2,1,0,1790726400,2026-09-30T00:00:00Z
2026-09-28T20:24:21.030166Z,refresh,18325,1705513,50,9,1,0,1790726400,2026-09-30T00:00:00Z
2026-09-28T20:24:21.030166Z,refresh,18326,1705514,50,10,1,0,1790726400,2026-09-30T00:00:00Z
2026-09-28T20:24:21.030166Z,refresh,18327,1705515,15,3,1,0,1790726400,2026-09-30T00:00:00Z
2026-09-28T20:24:21.030166Z,refresh,18328,1705516,775,17,1,0,1790726400,2026-09-30T00:00:00Z
2026-09-28T20:24:21.030166Z,refresh,18329,1705517,1950,29,1,0,1790726400,2026-09-30T00:00:00Z
2026-09-28T20:24:21.030166Z,refresh,18330,1705518,5,1,1,0,1790726400,2026-09-30T00:00:00Z
2026-09-28T20:24:21.030166Z,refresh,18331,1705519,5,1,1,0,1790726400,2026-09-30T00:00:00Z
2026-09-28T20:24:21.030166Z,refresh,18332,1705520,5,1,1,0,1790726400,2026-09-30T00:00:00Z
2026-09-28T20:24:21.030166Z,refresh,18333,1705521,5,1,1,0,1790726400,2026-09-30T00:00:00Z
2026-09-28T20:24:21.030166Z,refresh,18334,1705522,200,30,1,0,1790726400,2026-09-30T00:00:00Z
2026-09-28T20:24:21.030166Z,refresh,18335,1705523,20,4,1,0,1790726400,2026-09-30T00:00:00Z
2026-09-28T20:24:21.030166Z,refresh,18336,1705524,15,3,1,0,1790726400,2026-09-30T00:00:00Z
2026-09-28T20:24:21.030166Z,refresh,18337,1705525,10,2,1,0,1790726400,2026-09-30T00:00:00Z
2026-09-28T20:24:21.030166Z,refresh,18338,1705526,10,2,1,0,1790726400,2026-09-30T00:00:00Z
2026-09-28T20:24:21.030166Z,refresh,18339,1705527,20,4,1,0,1790726400,2026-09-30T00:00:00Z
2026-09-28T20:24:21.030166Z,refresh,18340,1705528,15,3,1,0,1790726400,2026-09-30T00:00:00Z
2026-09-28T20:24:21.030166Z,refresh,18341,1705529,10,2,1,0,1790726400,2026-09-30T00:00:00Z
2026-09-28T20:24:21.030166Z,refresh,18342,1705530,210,37,1,0,1790726400,2026-09-30T00:00:00Z
2026-09-28T20:24:21.030166Z,refresh,18343,1705531,5,1,1,0,1790726400,2026-09-30T00:00:00Z
2026-09-28T20:24:21.030166Z,refresh,18344,1705532,56,4,1,0,1790726400,2026-09-30T00:00:00Z
2026-09-28T20:24:21.030166Z,refresh,18345,1705533,10,2,1,0,1790726400,2026-09-30T00:00:00Z
2026-09-28T20:24:21.030166Z,refresh,18346,1705534,30,6,1,0,1790726400,2026-09-30T00:00:00Z
2026-09-28T20:24:21.030166Z,refresh,18347,1705535,5,1,1,0,1790726400,2026-09-30T00:00:00Z
2026-09-28T20:24:21.030166Z,refresh,18348,1705536,205,6,1,0,1790726400,2026-09-30T00:00:00Z
2026-09-28T20:24:21.030166Z,refresh,18349,1705537,5,1,1,0,1790726400,2026-09-30T00:00:00Z
2026-09-28T20:24:21.030166Z,refresh,18350,1705538,5,1,1,0,1790726400,2026-09-30T00:00:00Z
2026-09-28T20:24:21.030166Z,refresh,18351,1705539,5,1,1,0,1790726400,2026-09-30T00:00:00Z
2026-09-28T20:24:21.030166Z,refresh,18352,1705540,85,17,1,0,1790726400,2026-09-30T00:00:00Z
2026-09-28T20:24:21.030166Z,refresh,18353,1705541,75,15,1,0,1790726400,2026-09-30T00:00:00Z
2026-09-28T20:24:21.030166Z,refresh,18354,1705542,105,4,1,0,1790726400,2026-09-30T00:00:00Z
2026-09-28T20:24:21.030166Z,refresh,18355,1705543,825,14,1,0,1790726400,2026-09-30T00:00:00Z
2026-09-28T20:24:21.030166Z,refresh,18356,1705544,410,8,1,0,1790726400,2026-09-30T00:00:00Z
2026-09-28T20:24:21.030166Z,refresh,18357,1705545,725,25,1,0,1790726400,2026-09-30T00:00:00Z
2026-09-28T20:24:21.030166Z,refresh,18358,1705546,2150,27,1,0,1790726400,2026-09-30T00:00:00Z
2026-09-28T20:24:21.030166Z,refresh,18359,1705547,225,8,1,0,1790726400,2026-09-30T00:00:00Z
2026-09-28T20:24:21.030166Z,refresh,18360,1705548,2250,87,1,0,1790726400,2026-09-30T00:00:00Z
2026-09-28T20:24:21.030166Z,refresh,18361,1705549,3325,74,1,0,1790726400,2026-09-30T00:00:00Z
2026-09-28T20:24:21.030166Z,refresh,18362,1705550,675,11,1,0,1790726400,2026-09-30T00:00:00Z
2026-09-28T20:24:21.030166Z,refresh,18364,1705551,2350,11,1,0,1790726400,2026-09-30T00:00:00Z
2026-09-28T20:24:21.030166Z,refresh,18365,1705552,7550,18,1,0,1790726400,2026-09-30T00:00:00Z
2026-09-28T20:24:21.030166Z,refresh,18366,1705553,760,4,1,0,1790726400,2026-09-30T00:00:00Z
2026-09-28T20:24:21.030166Z,refresh,18367,1705554,1950,20,1,0,1790726400,2026-09-30T00:00:00Z
2026-09-28T20:24:21.030166Z,refresh,18368,1705555,345,9,1,0,1790726400,2026-09-30T00:00:00Z
2026-09-28T20:24:21.030166Z,refresh,18369,1705556,315,11,1,0,1790726400,2026-09-30T00:00:00Z
2026-09-28T20:24:21.030166Z,refresh,18370,1705557,1275,12,1,0,1790726400,2026-09-30T00:00:00Z
2026-09-28T20:24:21.030166Z,refresh,18371,1705558,1136,11,1,0,1790726400,2026-09-30T00:00:00Z
2026-09-28T20:24:21.030166Z,refresh,18372,1705559,8305,5,1,0,1790726400,2026-09-30T00:00:00Z
2026-09-28T20:24:21.030166Z,refresh,18373,1705560,4150,35,1,0,1790726400,2026-09-30T00:00:00Z
2026-09-28T20:24:21.030166Z,refresh,18374,1705561,1550,14,1,0,1790726400,2026-09-30T00:00:00Z
2026-09-28T20:24:21.030166Z,refresh,18375,1705562,1525,13,1,0,1790726400,2026-09-30T00:00:00Z
2026-09-28T20:24:21.030166Z,refresh,18376,1705563,825,37,1,0,1790726400,2026-09-30T00:00:00Z
2026-09-28T20:24:21.030166Z,refresh,18377,1705564,850,24,1,0,1790726400,2026-09-30T00:00:00Z
2026-09-28T20:24:21.030166Z,refresh,18378,1705565,1425,67,1,0,1790726400,2026-09-30T00:00:00Z
2026-09-28T20:24:21.030166Z,refresh,18379,1705566,1025,79,1,0,1790726400,2026-09-30T00:00:00Z
2026-09-28T20:24:21.030166Z,refresh,18380,1705567,40250,22,1,0,1790726400,2026-09-30T00:00:00Z
2026-09-28T20:24:21.030166Z,refresh,18381,1705568,8200,53,1,0,1790726400,2026-09-30T00:00:00Z
2026-09-28T20:24:21.030166Z,refresh,18382,1705569,20100,44,1,0,1790726400,2026-09-30T00:00:00Z
2026-09-28T20:24:21.030166Z,refresh,18383,1705570,185,18,1,0,1790726400,2026-09-30T00:00:00Z
2026-09-28T20:24:21.030166Z,refresh,18384,1705571,3550,19,1,0,1790726400,2026-09-30T00:00:00Z
2026-09-28T20:24:21.030166Z,refresh,18385,1705572,115,12,1,0,1790726400,2026-09-30T00:00:00Z
2026-09-28T20:24:21.030166Z,refresh,18386,1705573,110,14,1,0,1790726400,2026-09-30T00:00:00Z
2026-09-28T20:24:21.030166Z,refresh,18387,1705574,100,8,1,0,1790726400,2026-09-30T00:00:00Z
2026-09-28T20:24:21.030166Z,refresh,18388,1705575,10,2,1,0,1790726400,2026-09-30T00:00:00Z
2026-09-28T20:24:21.030166Z,refresh,18613,1723323,5,1,1,0,1790726400,2026-09-30T00:00:00Z
2026-09-28T20:24:21.030166Z,refresh,18614,1723324,560,3,1,0,1790726400,2026-09-30T00:00:00Z
2026-09-28T20:24:21.030166Z,refresh,18615,1722853,505,3,1,0,1790726400,2026-09-30T00:00:00Z
2026-09-28T20:24:21.030166Z,refresh,18616,1723069,810,31,1,0,1790726400,2026-09-30T00:00:00Z
2026-09-28T20:24:21.030166Z,refresh,19094,1717855,4050,16,1,0,1790726400,2026-09-30T00:00:00Z
2026-09-28T21:24:58.137962Z,refresh,30-1332,1799881,5,1,1,0,1790719200,2026-09-29T22:00:00Z
2026-09-28T21:24:58.137962Z,refresh,18100,1705100,175,17,1,0,1790719200,2026-09-29T22:00:00Z
2026-09-28T21:24:58.137962Z,refresh,18101,1705101,55,6,1,0,1790719200,2026-09-29T22:00:00Z
2026-09-28T21:24:58.137962Z,refresh,18102,1705102,60,6,1,0,1790719200,2026-09-29T22:00:00Z
2026-09-28T21:24:58.137962Z,refresh,18103,1705103,25,3,1,0,1790719200,2026-09-29T22:00:00Z
2026-09-28T21:24:58.137962Z,refresh,18104,1705104,100,1,1,0,1790719200,2026-09-29T22:00:00Z
2026-09-28T21:24:58.137962Z,refresh,18105,1705105,30,6,1,0,1790719200,2026-09-29T22:00:00Z
2026-09-28T21:24:58.137962Z,refresh,18106,1705106,10,2,1,0,1790719200,2026-09-29T22:00:00Z
2026-09-28T21:24:58.137962Z,refresh,18107,1705107,5,1,1,0,1790719200,2026-09-29T22:00:00Z
2026-09-28T21:24:58.137962Z,refresh,18108,1705108,15,3,1,0,1790719200,2026-09-29T22:00:00Z
2026-09-28T21:24:58.137962Z,refresh,18109,1705109,5,1,1,0,1790719200,2026-09-29T22:00:00Z
2026-09-28T21:24:58.137962Z,refresh,18110,1705110,30,6,1,0,1790719200,2026-09-29T22:00:00Z
2026-09-28T21:24:58.137962Z,refresh,18111,1705111,5,1,1,0,1790719200,2026-09-29T22:00:00Z
2026-09-28T21:24:58.137962Z,refresh,18112,1705112,5,1,1,0,1790719200,2026-09-29T22:00:00Z
2026-09-28T21:24:58.137962Z,refresh,18113,1705113,5,1,1,0,1790719200,2026-09-29T22:00:00Z
2026-09-28T21:24:58.137962Z,refresh,18114,1705114,170,31,1,0,1790719200,2026-09-29T22:00:00Z
2026-09-28T21:24:58.137962Z,refresh,18115,1705115,10,2,1,0,1790719200,2026-09-29T22:00:00Z
2026-09-28T21:24:58.137962Z,refresh,18116,1705116,65,14,1,0,1790719200,2026-09-29T22:00:00Z
2026-09-28T21:24:58.137962Z,refresh,18117,1705117,55,11,1,0,1790719200,2026-09-29T22:00:00Z
2026-09-28T21:24:58.137962Z,refresh,18118,1705118,30,7,1,0,1790719200,2026-09-29T22:00:00Z
2026-09-28T21:24:58.137962Z,refresh,18119,1705119,205,23,1,0,1790719200,2026-09-29T22:00:00Z
2026-09-28T21:24:58.137962Z,refresh,18120,1705120,30,7,1,0,1790719200,2026-09-29T22:00:00Z
2026-09-28T21:24:58.137962Z,refresh,18121,1705121,5,0,1,0,1790719200,2026-09-29T22:00:00Z
2026-09-28T21:24:58.137962Z,refresh,18122,1705122,5,1,1,0,1790719200,2026-09-29T22:00:00Z
2026-09-28T21:24:58.137962Z,refresh,18123,1705123,165,35,1,0,1790719200,2026-09-29T22:00:00Z
2026-09-28T21:24:58.137962Z,refresh,18124,1705124,205,18,1,0,1790719200,2026-09-29T22:00:00Z
2026-09-28T21:24:58.137962Z,refresh,18125,1705125,115,25,1,0,1790719200,2026-09-29T22:00:00Z
2026-09-28T21:24:58.137962Z,refresh,18126,1705126,30,6,1,0,1790719200,2026-09-29T22:00:00Z
2026-09-28T21:24:58.137962Z,refresh,18127,1705127,85,9,1,0,1790719200,2026-09-29T22:00:00Z
2026-09-28T21:24:58.137962Z,refresh,18128,1705128,150,12,1,0,1790719200,2026-09-29T22:00:00Z
2026-09-28T21:24:58.137962Z,refresh,18129,1705129,5,1,1,0,1790719200,2026-09-29T22:00:00Z
2026-09-28T21:24:58.137962Z,refresh,18130,1705130,55,12,1,0,1790719200,2026-09-29T22:00:00Z
2026-09-28T21:24:58.137962Z,refresh,18131,1705131,5,0,1,0,1790719200,2026-09-29T22:00:00Z
2026-09-28T21:24:58.137962Z,refresh,18132,1705132,5,0,1,0,1790719200,2026-09-29T22:00:00Z
2026-09-28T21:24:58.137962Z,refresh,18133,1705133,35,7,1,0,1790719200,2026-09-29T22:00:00Z
2026-09-28T21:24:58.137962Z,refresh,18134,1705134,205,12,1,0,1790719200,2026-09-29T22:00:00Z
2026-09-28T21:24:58.137962Z,refresh,18135,1705135,105,6,1,0,1790719200,2026-09-29T22:00:00Z
2026-09-28T21:24:58.137962Z,refresh,18136,1705136,5,0,1,0,1790719200,2026-09-29T22:00:00Z
2026-09-28T21:24:58.137962Z,refresh,18137,1705137,10,2,1,0,1790719200,2026-09-29T22:00:00Z
2026-09-28T21:24:58.137962Z,refresh,18138,1705138,30,6,1,0,1790719200,2026-09-29T22:00:00Z
2026-09-28T21:24:58.137962Z,refresh,18139,1705139,100,4,1,0,1790719200,2026-09-29T22:00:00Z
2026-09-28T21:24:58.137962Z,refresh,18140,1705140,25,6,1,0,1790719200,2026-09-29T22:00:00Z
2026-09-28T21:24:58.137962Z,refresh,18141,1705141,5,1,1,0,1790719200,2026-09-29T22:00:00Z
2026-09-28T21:24:58.137962Z,refresh,18142,1705142,5,1,1,0,1790719200,2026-09-29T22:00:00Z
2026-09-28T21:24:58.137962Z,refresh,18143,1705143,5,1,1,0,1790719200,2026-09-29T22:00:00Z
2026-09-28T21:24:58.137962Z,refresh,18144,1705144,5,1,1,0,1790719200,2026-09-29T22:00:00Z
2026-09-28T21:24:58.137962Z,refresh,18145,1705145,5,1,1,0,1790719200,2026-09-29T22:00:00Z
2026-09-28T21:24:58.137962Z,refresh,18146,1705146,5,0,1,0,1790719200,2026-09-29T22:00:00Z
2026-09-28T21:24:58.137962Z,refresh,18147,1705147,130,14,1,0,1790719200,2026-09-29T22:00:00Z
2026-09-28T21:24:58.137962Z,refresh,18148,1705148,105,5,1,0,1790719200,2026-09-29T22:00:00Z
2026-09-28T21:24:58.137962Z,refresh,18149,1705149,30,6,1,0,1790719200,2026-09-29T22:00:00Z
2026-09-28T21:24:58.137962Z,refresh,18150,1705150,45,7,1,0,1790719200,2026-09-29T22:00:00Z
2026-09-28T21:24:58.137962Z,refresh,18151,1705151,20,4,1,0,1790719200,2026-09-29T22:00:00Z
2026-09-28T21:24:58.137962Z,refresh,18152,1705152,5,1,1,0,1790719200,2026-09-29T22:00:00Z
2026-09-28T21:24:58.137962Z,refresh,18153,1705153,5,1,1,0,1790719200,2026-09-29T22:00:00Z
2026-09-28T21:24:58.137962Z,refresh,18154,1705154,36,6,1,0,1790719200,2026-09-29T22:00:00Z
2026-09-28T21:24:58.137962Z,refresh,18156,1705155,5,1,1,0,1790719200,2026-09-29T22:00:00Z
2026-09-28T21:24:58.137962Z,refresh,18157,1705156,55,6,1,0,1790719200,2026-09-29T22:00:00Z
2026-09-28T21:24:58.137962Z,refresh,18158,1705157,5,0,1,0,1790719200,2026-09-29T22:00:00Z
2026-09-28T21:24:58.137962Z,refresh,18159,1705158,20,5,1,0,1790719200,2026-09-29T22:00:00Z
2026-09-28T21:24:58.137962Z,refresh,18160,1705159,5,0,1,0,1790719200,2026-09-29T22:00:00Z
2026-09-28T21:24:58.137962Z,refresh,18161,1705160,5,1,1,0,1790719200,2026-09-29T22:00:00Z
2026-09-28T21:24:58.137962Z,refresh,18162,1705161,5,1,1,0,1790719200,2026-09-29T22:00:00Z
2026-09-28T21:24:58.137962Z,refresh,18163,1705162,10,2,1,0,1790719200,2026-09-29T22:00:00Z
2026-09-28T21:24:58.137962Z,refresh,18164,1705163,40,8,1,0,1790719200,2026-09-29T22:00:00Z
2026-09-28T21:24:58.137962Z,refresh,18165,1705164,5,1,1,0,1790719200,2026-09-29T22:00:00Z
2026-09-28T21:24:58.137962Z,refresh,18166,1705165,105,16,1,0,1790719200,2026-09-29T22:00:00Z
2026-09-28T21:24:58.137962Z,refresh,18167,1705166,15,3,1,0,1790719200,2026-09-29T22:00:00Z
2026-09-28T21:24:58.137962Z,refresh,18168,1705167,60,11,1,0,1790719200,2026-09-29T22:00:00Z
2026-09-28T21:24:58.137962Z,refresh,18169,1705168,35,8,1,0,1790719200,2026-09-29T22:00:00Z
2026-09-28T21:24:58.137962Z,refresh,18170,1705169,36,9,1,0,1790719200,2026-09-29T22:00:00Z
2026-09-28T21:24:58.137962Z,refresh,18171,1705170,35,8,1,0,1790719200,2026-09-29T22:00:00Z
2026-09-28T21:24:58.137962Z,refresh,18172,1705171,35,9,1,0,1790719200,2026-09-29T22:00:00Z
2026-09-28T21:24:58.137962Z,refresh,18173,1705172,60,8,1,0,1790719200,2026-09-29T22:00:00Z
2026-09-28T21:24:58.137962Z,refresh,18174,1705173,5,1,1,0,1790719200,2026-09-29T22:00:00Z
2026-09-28T21:24:58.137962Z,refresh,18175,1705174,20,4,1,0,1790719200,2026-09-29T22:00:00Z
2026-09-28T21:24:58.137962Z,refresh,18176,1705175,70,10,1,0,1790719200,2026-09-29T22:00:00Z
2026-09-28T21:24:58.137962Z,refresh,18177,1705176,5,1,1,0,1790719200,2026-09-29T22:00:00Z
2026-09-28T21:24:58.137962Z,refresh,18178,1705177,5,1,1,0,1790719200,2026-09-29T22:00:00Z
2026-09-28T21:24:58.137962Z,refresh,18179,1705178,5,1,1,0,1790719200,2026-09-29T22:00:00Z
2026-09-28T21:24:58.137962Z,refresh,18180,1705179,460,14,1,0,1790719200,2026-09-29T22:00:00Z
2026-09-28T21:24:58.137962Z,refresh,18181,1705180,5,1,1,0,1790719200,2026-09-29T22:00:00Z
2026-09-28T21:24:58.137962Z,refresh,18182,1705181,10,2,1,0,1790719200,2026-09-29T22:00:00Z
2026-09-28T21:24:58.137962Z,refresh,18183,1705182,5,0,1,0,1790719200,2026-09-29T22:00:00Z
2026-09-28T21:24:58.137962Z,refresh,18184,1705183,5,0,1,0,1790719200,2026-09-29T22:00:00Z
2026-09-28T21:24:58.137962Z,refresh,18185,1705184,5,0,1,0,1790719200,2026-09-29T22:00:00Z
2026-09-28T21:24:58.137962Z,refresh,18186,1705185,5,1,1,0,1790719200,2026-09-29T22:00:00Z
2026-09-28T21:24:58.137962Z,refresh,18187,1705186,5,1,1,0,1790719200,2026-09-29T22:00:00Z
2026-09-28T21:24:58.137962Z,refresh,18188,1705187,10,2,1,0,1790719200,2026-09-29T22:00:00Z
2026-09-28T21:24:58.137962Z,refresh,18189,1705188,10,2,1,0,1790719200,2026-09-29T22:00:00Z
2026-09-28T21:24:58.137962Z,refresh,18190,1705189,5,1,1,0,1790719200,2026-09-29T22:00:00Z
2026-09-28T21:24:58.137962Z,refresh,18191,1705190,5,1,1,0,1790719200,2026-09-29T22:00:00Z
2026-09-28T21:24:58.137962Z,refresh,18192,1705191,10,2,1,0,1790719200,2026-09-29T22:00:00Z
2026-09-28T21:24:58.137962Z,refresh,18193,1705192,20,4,1,0,1790719200,2026-09-29T22:00:00Z
2026-09-28T21:24:58.137962Z,refresh,18194,1705193,5,0,1,0,1790719200,2026-09-29T22:00:00Z
2026-09-28T21:24:58.137962Z,refresh,18195,1705194,5,0,1,0,1790721000,2026-09-29T22:30:00Z
2026-09-28T21:24:58.137962Z,refresh,18196,1705195,10,2,1,0,1790721000,2026-09-29T22:30:00Z
2026-09-28T21:24:58.137962Z,refresh,18197,1705196,20,4,1,0,1790721000,2026-09-29T22:30:00Z
2026-09-28T21:24:58.137962Z,refresh,18198,1705197,10,2,1,0,1790721000,2026-09-29T22:30:00Z
2026-09-28T21:24:58.137962Z,refresh,18199,1705198,5,1,1,0,1790721000,2026-09-29T22:30:00Z
2026-09-28T21:24:58.137962Z,refresh,18200,1705199,5,0,1,0,1790721000,2026-09-29T22:30:00Z
2026-09-28T21:24:58.137962Z,refresh,18201,1705200,5,1,1,0,1790721000,2026-09-29T22:30:00Z
2026-09-28T21:24:58.137962Z,refresh,18202,1705201,10,2,1,0,1790721000,2026-09-29T22:30:00Z
2026-09-28T21:24:58.137962Z,refresh,18203,1705202,10,2,1,0,1790721000,2026-09-29T22:30:00Z
2026-09-28T21:24:58.137962Z,refresh,18204,1705203,5,1,1,0,1790721000,2026-09-29T22:30:00Z
2026-09-28T21:24:58.137962Z,refresh,18205,1705204,30,4,1,0,1790721000,2026-09-29T22:30:00Z
2026-09-28T21:24:58.137962Z,refresh,18206,1705205,5,0,1,0,1790721000,2026-09-29T22:30:00Z
2026-09-28T21:24:58.137962Z,refresh,18207,1705206,5,1,1,0,1790721000,2026-09-29T22:30:00Z
2026-09-28T21:24:58.137962Z,refresh,18208,1705207,20,4,1,0,1790721000,2026-09-29T22:30:00Z
2026-09-28T21:24:58.137962Z,refresh,18209,1705208,30,3,1,0,1790721000,2026-09-29T22:30:00Z
2026-09-28T21:24:58.137962Z,refresh,18210,1705209,30,6,1,0,1790721000,2026-09-29T22:30:00Z
2026-09-28T21:24:58.137962Z,refresh,18211,1705210,65,9,1,0,1790721000,2026-09-29T22:30:00Z
2026-09-28T21:24:58.137962Z,refresh,18212,1705211,5,0,1,0,1790721000,2026-09-29T22:30:00Z
2026-09-28T21:24:58.137962Z,refresh,18213,1705212,5,1,1,0,1790721000,2026-09-29T22:30:00Z
2026-09-28T21:24:58.137962Z,refresh,18214,1705213,15,3,1,0,1790721000,2026-09-29T22:30:00Z
2026-09-28T21:24:58.137962Z,refresh,18215,1705214,5,1,1,0,1790721000,2026-09-29T22:30:00Z
2026-09-28T21:24:58.137962Z,refresh,18216,1705215,30,5,1,0,1790721000,2026-09-29T22:30:00Z
2026-09-28T21:24:58.137962Z,refresh,18217,1705216,10,2,1,0,1790721000,2026-09-29T22:30:00Z
2026-09-28T21:24:58.137962Z,refresh,18218,1705217,10,2,1,0,1790721000,2026-09-29T22:30:00Z
2026-09-28T21:24:58.137962Z,refresh,18219,1705218,10,2,1,0,1790721000,2026-09-29T22:30:00Z
2026-09-28T21:24:58.137962Z,refresh,18220,1705219,5,1,1,0,1790721000,2026-09-29T22:30:00Z
2026-09-28T21:24:58.137962Z,refresh,18221,1705220,60,12,1,0,1790721000,2026-09-29T22:30:00Z
2026-09-28T21:24:58.137962Z,refresh,18222,1705221,15,3,1,0,1790721000,2026-09-29T22:30:00Z
2026-09-28T21:24:58.137962Z,refresh,18400,1705222,1265,42,1,0,1790721000,2026-09-29T22:30:00Z
2026-09-28T21:24:58.137962Z,refresh,18401,1705223,105,10,1,0,1790721000,2026-09-29T22:30:00Z
2026-09-28T21:24:58.137962Z,refresh,18402,1705224,25,5,1,0,1790721000,2026-09-29T22:30:00Z
2026-09-28T21:24:58.137962Z,refresh,18403,1705225,10,2,1,0,1790721000,2026-09-29T22:30:00Z
2026-09-28T21:24:58.137962Z,refresh,18404,1705226,105,15,1,0,1790721000,2026-09-29T22:30:00Z
2026-09-28T21:24:58.137962Z,refresh,18405,1705227,45,9,1,0,1790721000,2026-09-29T22:30:00Z
2026-09-28T21:24:58.137962Z,refresh,18406,1705228,55,6,1,0,1790721000,2026-09-29T22:30:00Z
2026-09-28T21:24:58.137962Z,refresh,18407,1705229,5,1,1,0,1790721000,2026-09-29T22:30:00Z
2026-09-28T21:24:58.137962Z,refresh,18408,1705230,55,9,1,0,1790721000,2026-09-29T22:30:00Z
2026-09-28T21:24:58.137962Z,refresh,18409,1705231,55,7,1,0,1790721000,2026-09-29T22:30:00Z
2026-09-28T21:24:58.137962Z,refresh,18410,1705232,40,5,1,0,1790721000,2026-09-29T22:30:00Z
2026-09-28T21:24:58.137962Z,refresh,18411,1705233,105,7,1,0,1790721000,2026-09-29T22:30:00Z
2026-09-28T21:24:58.137962Z,refresh,18412,1705234,55,4,1,0,1790721000,2026-09-29T22:30:00Z
2026-09-28T21:24:58.137962Z,refresh,18413,1705235,10,2,1,0,1790721000,2026-09-29T22:30:00Z
2026-09-28T21:24:58.137962Z,refresh,18414,1705236,205,13,1,0,1790721000,2026-09-29T22:30:00Z
2026-09-28T21:24:58.137962Z,refresh,18415,1705237,55,11,1,0,1790721000,2026-09-29T22:30:00Z
2026-09-28T21:24:58.137962Z,refresh,18416,1705238,15,3,1,0,1790721000,2026-09-29T22:30:00Z
2026-09-28T21:24:58.137962Z,refresh,18417,1705239,155,4,1,0,1790721000,2026-09-29T22:30:00Z
2026-09-28T21:24:58.137962Z,refresh,18418,1705240,100,7,1,0,1790721000,2026-09-29T22:30:00Z
2026-09-28T21:24:58.137962Z,refresh,18419,1705241,10,2,1,0,1790721000,2026-09-29T22:30:00Z
2026-09-28T21:24:58.137962Z,refresh,18420,1705242,5,1,1,0,1790721000,2026-09-29T22:30:00Z
2026-09-28T21:24:58.137962Z,refresh,18421,1705243,55,11,1,0,1790721000,2026-09-29T22:30:00Z
2026-09-28T21:24:58.137962Z,refresh,18422,1705244,5,1,1,0,1790721000,2026-09-29T22:30:00Z
2026-09-28T21:24:58.137962Z,refresh,18423,1705245,10,2,1,0,1790721000,2026-09-29T22:30:00Z
2026-09-28T21:24:58.137962Z,refresh,18424,1705246,200,12,1,0,1790721000,2026-09-29T22:30:00Z
2026-09-28T21:24:58.137962Z,refresh,18425,1705247,5,1,1,0,1790721000,2026-09-29T22:30:00Z
2026-09-28T21:24:58.137962Z,refresh,18426,1705248,60,7,1,0,1790721000,2026-09-29T22:30:00Z
2026-09-28T21:24:58.137962Z,refresh,18427,1705249,5,1,1,0,1790721000,2026-09-29T22:30:00Z
2026-09-28T21:24:58.137962Z,refresh,18428,1705250,10,2,1,0,1790721000,2026-09-29T22:30:00Z
2026-09-28T21:24:58.137962Z,refresh,18429,1705251,10,2,1,0,1790721000,2026-09-29T22:30:00Z
2026-09-28T21:24:58.137962Z,refresh,18430,1705252,90,19,1,0,1790721000,2026-09-29T22:30:00Z
2026-09-28T21:24:58.137962Z,refresh,18431,1705253,10,2,1,0,1790721000,2026-09-29T22:30:00Z
2026-09-28T21:24:58.137962Z,refresh,18432,1705254,30,7,1,0,1790721000,2026-09-29T22:30:00Z
2026-09-28T21:24:58.137962Z,refresh,18433,1705255,10,2,1,0,1790721000,2026-09-29T22:30:00Z
2026-09-28T21:24:58.137962Z,refresh,18434,1705256,30,6,1,0,1790721000,2026-09-29T22:30:00Z
2026-09-28T21:24:58.137962Z,refresh,18435,1705257,25,5,1,0,1790721000,2026-09-29T22:30:00Z
2026-09-28T21:24:58.137962Z,refresh,18436,1705258,15,3,1,0,1790721000,2026-09-29T22:30:00Z
2026-09-28T21:24:58.137962Z,refresh,18437,1705259,5,1,1,0,1790721000,2026-09-29T22:30:00Z
2026-09-28T21:24:58.137962Z,refresh,18438,1705260,5,1,1,0,1790721000,2026-09-29T22:30:00Z
2026-09-28T21:24:58.137962Z,refresh,18439,1705261,105,22,1,0,1790721000,2026-09-29T22:30:00Z
2026-09-28T21:24:58.137962Z,refresh,18440,1705262,25,4,1,0,1790721000,2026-09-29T22:30:00Z
2026-09-28T21:24:58.137962Z,refresh,18441,1705263,100,6,1,0,1790721000,2026-09-29T22:30:00Z
2026-09-28T21:24:58.137962Z,refresh,18442,1705264,5,1,1,0,1790721000,2026-09-29T22:30:00Z
2026-09-28T21:24:58.137962Z,refresh,18443,1705265,25,5,1,0,1790721000,2026-09-29T22:30:00Z
2026-09-28T21:24:58.137962Z,refresh,18444,1705266,10,2,1,0,1790721000,2026-09-29T22:30:00Z
2026-09-28T21:24:58.137962Z,refresh,18445,1705267,5,1,1,0,1790721000,2026-09-29T22:30:00Z
2026-09-28T21:24:58.137962Z,refresh,18446,1705268,30,6,1,0,1790721000,2026-09-29T22:30:00Z
2026-09-28T21:24:58.137962Z,refresh,18447,1705269,10,2,1,0,1790721000,2026-09-29T22:30:00Z
2026-09-28T21:24:58.137962Z,refresh,18448,1705270,10,2,1,0,1790721000,2026-09-29T22:30:00Z
2026-09-28T21:24:58.137962Z,refresh,18449,1705271,10,2,1,0,1790721000,2026-09-29T22:30:00Z
2026-09-28T21:24:58.137962Z,refresh,18450,1705272,5,1,1,0,1790721000,2026-09-29T22:30:00Z
2026-09-28T21:24:58.137962Z,refresh,18451,1705273,106,14,1,0,1790721000,2026-09-29T22:30:00Z
2026-09-28T21:24:58.137962Z,refresh,18452,1705274,10,2,1,0,1790721000,2026-09-29T22:30:00Z
2026-09-28T21:24:58.137962Z,refresh,18453,1705275,105,4,1,0,1790721000,2026-09-29T22:30:00Z
2026-09-28T21:24:58.137962Z,refresh,18454,1705276,15,4,1,0,1790721000,2026-09-29T22:30:00Z
2026-09-28T21:24:58.137962Z,refresh,18455,1705277,30,7,1,0,1790721000,2026-09-29T22:30:00Z
2026-09-28T21:24:58.137962Z,refresh,18456,1705278,10,2,1,0,1790721000,2026-09-29T22:30:00Z
2026-09-28T21:24:58.137962Z,refresh,18457,1705279,5,1,1,0,1790721000,2026-09-29T22:30:00Z
2026-09-28T21:24:58.137962Z,refresh,18458,1705280,25,5,1,0,1790721000,2026-09-29T22:30:00Z
2026-09-28T21:24:58.137962Z,refresh,18459,1705281,10,2,1,0,1790721000,2026-09-29T22:30:00Z
2026-09-28T21:24:58.137962Z,refresh,18460,1705282,5,1,1,0,1790721000,2026-09-29T22:30:00Z
2026-09-28T21:24:58.137962Z,refresh,18461,1705283,5,1,1,0,1790721000,2026-09-29T22:30:00Z
2026-09-28T21:24:58.137962Z,refresh,18462,1705284,20,4,1,0,1790721000,2026-09-29T22:30:00Z
2026-09-28T21:24:58.137962Z,refresh,18463,1705285,110,14,1,0,1790721000,2026-09-29T22:30:00Z
2026-09-28T21:24:58.137962Z,refresh,18464,1705286,5,1,1,0,1790721000,2026-09-29T22:30:00Z
2026-09-28T21:24:58.137962Z,refresh,18465,1705287,40,7,1,0,1790721000,2026-09-29T22:30:00Z
2026-09-28T21:24:58.137962Z,refresh,18466,1705288,10,2,1,0,1790721000,2026-09-29T22:30:00Z
2026-09-28T21:24:58.137962Z,refresh,30-1329,1799843,5,1,1,0,1790722800,2026-09-29T23:00:00Z
2026-09-28T21:24:58.137962Z,refresh,30-1330,1799850,5,1,1,0,1790722800,2026-09-29T23:00:00Z
2026-09-28T21:24:58.137962Z,refresh,30-1331,1799864,15,4,1,0,1790722800,2026-09-29T23:00:00Z
2026-09-28T21:24:58.137962Z,refresh,18467,1705289,5,1,1,0,1790722800,2026-09-29T23:00:00Z
2026-09-28T21:24:58.137962Z,refresh,18468,1705290,5,0,1,0,1790722800,2026-09-29T23:00:00Z
2026-09-28T21:24:58.137962Z,refresh,18469,1705291,5,1,1,0,1790722800,2026-09-29T23:00:00Z
2026-09-28T21:24:58.137962Z,refresh,18470,1705292,5,0,1,0,1790722800,2026-09-29T23:00:00Z
2026-09-28T21:24:58.137962Z,refresh,18471,1705293,5,1,1,0,1790722800,2026-09-29T23:00:00Z
2026-09-28T21:24:58.137962Z,refresh,18472,1705294,5,1,1,0,1790722800,2026-09-29T23:00:00Z
2026-09-28T21:24:58.137962Z,refresh,18473,1705295,20,4,1,0,1790722800,2026-09-29T23:00:00Z
2026-09-28T21:24:58.137962Z,refresh,18474,1705296,10,2,1,0,1790722800,2026-09-29T23:00:00Z
2026-09-28T21:24:58.137962Z,refresh,18475,1705297,10,2,1,0,1790722800,2026-09-29T23:00:00Z
2026-09-28T21:24:58.137962Z,refresh,18476,1705298,5,1,1,0,1790722800,2026-09-29T23:00:00Z
2026-09-28T21:24:58.137962Z,refresh,18477,1705299,5,1,1,0,1790722800,2026-09-29T23:00:00Z
2026-09-28T21:24:58.137962Z,refresh,18478,1705300,5,1,1,0,1790722800,2026-09-29T23:00:00Z
2026-09-28T21:24:58.137962Z,refresh,18479,1705301,5,1,1,0,1790722800,2026-09-29T23:00:00Z
2026-09-28T21:24:58.137962Z,refresh,18480,1705302,15,3,1,0,1790722800,2026-09-29T23:00:00Z
2026-09-28T21:24:58.137962Z,refresh,18481,1705303,10,2,1,0,1790722800,2026-09-29T23:00:00Z
2026-09-28T21:24:58.137962Z,refresh,18482,1705304,15,3,1,0,1790722800,2026-09-29T23:00:00Z
2026-09-28T21:24:58.137962Z,refresh,18483,1705305,15,4,1,0,1790722800,2026-09-29T23:00:00Z
2026-09-28T21:24:58.137962Z,refresh,18484,1705306,5,1,1,0,1790722800,2026-09-29T23:00:00Z
2026-09-28T21:24:58.137962Z,refresh,18485,1705307,10,2,1,0,1790722800,2026-09-29T23:00:00Z
2026-09-28T21:24:58.137962Z,refresh,18486,1705308,5,1,1,0,1790722800,2026-09-29T23:00:00Z
2026-09-28T21:24:58.137962Z,refresh,18487,1705309,25,4,1,0,1790722800,2026-09-29T23:00:00Z
2026-09-28T21:24:58.137962Z,refresh,18488,1705310,5,1,1,0,1790722800,2026-09-29T23:00:00Z
2026-09-28T21:24:58.137962Z,refresh,18489,1705311,25,4,1,0,1790722800,2026-09-29T23:00:00Z
2026-09-28T21:24:58.137962Z,refresh,18490,1705312,20,4,1,0,1790722800,2026-09-29T23:00:00Z
2026-09-28T21:24:58.137962Z,refresh,18491,1705313,55,9,1,0,1790722800,2026-09-29T23:00:00Z
2026-09-28T21:24:58.137962Z,refresh,18492,1705314,5,1,1,0,1790722800,2026-09-29T23:00:00Z
2026-09-28T21:24:58.137962Z,refresh,18493,1705315,10,2,1,0,1790722800,2026-09-29T23:00:00Z
2026-09-28T21:24:58.137962Z,refresh,18494,1705316,10,2,1,0,1790722800,2026-09-29T23:00:00Z
2026-09-28T21:24:58.137962Z,refresh,18495,1705317,5,1,1,0,1790722800,2026-09-29T23:00:00Z
2026-09-28T21:24:58.137962Z,refresh,18496,1705318,50,10,1,0,1790722800,2026-09-29T23:00:00Z
2026-09-28T21:24:58.137962Z,refresh,18497,1705319,10,2,1,0,1790722800,2026-09-29T23:00:00Z
2026-09-28T21:24:58.137962Z,refresh,18498,1705320,10,2,1,0,1790722800,2026-09-29T23:00:00Z
2026-09-28T21:24:58.137962Z,refresh,18499,1705321,10,2,1,0,1790722800,2026-09-29T23:00:00Z
2026-09-28T21:24:58.137962Z,refresh,18500,1705322,10,2,1,0,1790722800,2026-09-29T23:00:00Z
2026-09-28T21:24:58.137962Z,refresh,18501,1705323,5,1,1,0,1790722800,2026-09-29T23:00:00Z
2026-09-28T21:24:58.137962Z,refresh,18502,1705324,10,2,1,0,1790722800,2026-09-29T23:00:00Z
2026-09-28T21:24:58.137962Z,refresh,18503,1705325,15,3,1,0,1790722800,2026-09-29T23:00:00Z
2026-09-28T21:24:58.137962Z,refresh,18504,1705326,10,2,1,0,1790722800,2026-09-29T23:00:00Z
2026-09-28T21:24:58.137962Z,refresh,18505,1705327,15,3,1,0,1790722800,2026-09-29T23:00:00Z
2026-09-28T21:24:58.137962Z,refresh,18506,1705328,10,2,1,0,1790722800,2026-09-29T23:00:00Z
2026-09-28T21:24:58.137962Z,refresh,18507,1705329,10,2,1,0,1790722800,2026-09-29T23:00:00Z
2026-09-28T21:24:58.137962Z,refresh,18508,1705330,5,1,1,0,1790722800,2026-09-29T23:00:00Z
2026-09-28T21:24:58.137962Z,refresh,18509,1705331,10,2,1,0,1790722800,2026-09-29T23:00:00Z
2026-09-28T21:24:58.137962Z,refresh,18510,1705332,10,2,1,0,1790722800,2026-09-29T23:00:00Z
2026-09-28T21:24:58.137962Z,refresh,18511,1705333,10,2,1,0,1790722800,2026-09-29T23:00:00Z
2026-09-28T21:24:58.137962Z,refresh,18512,1705334,30,7,1,0,1790722800,2026-09-29T23:00:00Z
2026-09-28T21:24:58.137962Z,refresh,18513,1705335,10,2,1,0,1790722800,2026-09-29T23:00:00Z
2026-09-28T21:24:58.137962Z,refresh,18514,1705336,35,8,1,0,1790722800,2026-09-29T23:00:00Z
2026-09-28T21:24:58.137962Z,refresh,18515,1705337,20,5,1,0,1790722800,2026-09-29T23:00:00Z
2026-09-28T21:24:58.137962Z,refresh,18516,1705338,5,1,1,0,1790722800,2026-09-29T23:00:00Z
2026-09-28T21:24:58.137962Z,refresh,18517,1705339,20,3,1,0,1790722800,2026-09-29T23:00:00Z
2026-09-28T21:24:58.137962Z,refresh,18518,1705340,5,1,1,0,1790722800,2026-09-29T23:00:00Z
2026-09-28T21:24:58.137962Z,refresh,18519,1705341,80,5,1,0,1790722800,2026-09-29T23:00:00Z
2026-09-28T21:24:58.137962Z,refresh,18520,1705342,25,6,1,0,1790722800,2026-09-29T23:00:00Z
2026-09-28T21:24:58.137962Z,refresh,18521,1705343,5,1,1,0,1790722800,2026-09-29T23:00:00Z
2026-09-28T21:24:58.137962Z,refresh,18522,1705344,30,6,1,0,1790722800,2026-09-29T23:00:00Z
2026-09-28T21:24:58.137962Z,refresh,18523,1705345,10,2,1,0,1790722800,2026-09-29T23:00:00Z
2026-09-28T21:24:58.137962Z,refresh,18524,1705346,50,5,1,0,1790722800,2026-09-29T23:00:00Z
2026-09-28T21:24:58.137962Z,refresh,18525,1705347,25,6,1,0,1790722800,2026-09-29T23:00:00Z
2026-09-28T21:24:58.137962Z,refresh,18526,1705348,5,1,1,0,1790722800,2026-09-29T23:00:00Z
2026-09-28T21:24:58.137962Z,refresh,18527,1705349,15,3,1,0,1790722800,2026-09-29T23:00:00Z
2026-09-28T21:24:58.137962Z,refresh,18528,1705350,20,5,1,0,1790722800,2026-09-29T23:00:00Z
2026-09-28T21:24:58.137962Z,refresh,18529,1705351,40,9,1,0,1790722800,2026-09-29T23:00:00Z
2026-09-28T21:24:58.137962Z,refresh,18530,1705352,5,1,1,0,1790722800,2026-09-29T23:00:00Z
2026-09-28T21:24:58.137962Z,refresh,18531,1705353,5,0,1,0,1790722800,2026-09-29T23:00:00Z
2026-09-28T21:24:58.137962Z,refresh,18532,1705354,35,7,1,0,1790722800,2026-09-29T23:00:00Z
2026-09-28T21:24:58.137962Z,refresh,18533,1705355,25,5,1,0,1790722800,2026-09-29T23:00:00Z
2026-09-28T21:24:58.137962Z,refresh,18534,1705356,10,2,1,0,1790722800,2026-09-29T23:00:00Z
2026-09-28T21:24:58.137962Z,refresh,18535,1705357,20,4,1,0,1790722800,2026-09-29T23:00:00Z
2026-09-28T21:24:58.137962Z,refresh,18536,1705358,5,1,1,0,1790722800,2026-09-29T23:00:00Z
2026-09-28T21:24:58.137962Z,refresh,18537,1705359,5,1,1,0,1790722800,2026-09-29T23:00:00Z
2026-09-28T21:24:58.137962Z,refresh,18538,1705360,5,1,1,0,1790722800,2026-09-29T23:00:00Z
2026-09-28T21:24:58.137962Z,refresh,18539,1705361,5,0,1,0,1790722800,2026-09-29T23:00:00Z
2026-09-28T21:24:58.137962Z,refresh,18540,1705362,5,0,1,0,1790722800,2026-09-29T23:00:00Z
2026-09-28T21:24:58.137962Z,refresh,18541,1705363,245,36,1,0,1790722800,2026-09-29T23:00:00Z
2026-09-28T21:24:58.137962Z,refresh,18542,1705364,10,2,1,0,1790722800,2026-09-29T23:00:00Z
2026-09-28T21:24:58.137962Z,refresh,18543,1705365,55,4,1,0,1790722800,2026-09-29T23:00:00Z
2026-09-28T21:24:58.137962Z,refresh,18544,1705366,10,2,1,0,1790722800,2026-09-29T23:00:00Z
2026-09-28T21:24:58.137962Z,refresh,18545,1705367,35,4,1,0,1790722800,2026-09-29T23:00:00Z
2026-09-28T21:24:58.137962Z,refresh,18546,1705368,5,0,1,0,1790722800,2026-09-29T23:00:00Z
2026-09-28T21:24:58.137962Z,refresh,18547,1705369,5,1,1,0,1790722800,2026-09-29T23:00:00Z
2026-09-28T21:24:58.137962Z,refresh,18548,1705370,5,1,1,0,1790722800,2026-09-29T23:00:00Z
2026-09-28T21:24:58.137962Z,refresh,18549,1705371,5,0,1,0,1790722800,2026-09-29T23:00:00Z
2026-09-28T21:24:58.137962Z,refresh,18550,1705372,55,3,1,0,1790722800,2026-09-29T23:00:00Z
2026-09-28T21:24:58.137962Z,refresh,18551,1705373,30,3,1,0,1790722800,2026-09-29T23:00:00Z
2026-09-28T21:24:58.137962Z,refresh,18552,1705374,5,1,1,0,1790722800,2026-09-29T23:00:00Z
2026-09-28T21:24:58.137962Z,refresh,18553,1705375,5,0,1,0,1790722800,2026-09-29T23:00:00Z
2026-09-28T21:24:58.137962Z,refresh,18554,1705376,310,30,1,0,1790722800,2026-09-29T23:00:00Z
2026-09-28T21:24:58.137962Z,refresh,18555,1705377,70,11,1,0,1790722800,2026-09-29T23:00:00Z
2026-09-28T21:24:58.137962Z,refresh,18556,1705378,5,1,1,0,1790722800,2026-09-29T23:00:00Z
2026-09-28T21:24:58.137962Z,refresh,18557,1705379,10,2,1,0,1790722800,2026-09-29T23:00:00Z
2026-09-28T21:24:58.137962Z,refresh,18558,1705380,5,1,1,0,1790722800,2026-09-29T23:00:00Z
2026-09-28T21:24:58.137962Z,refresh,18559,1705381,10,2,1,0,1790722800,2026-09-29T23:00:00Z
2026-09-28T21:24:58.137962Z,refresh,18560,1705382,30,4,1,0,1790722800,2026-09-29T23:00:00Z
2026-09-28T21:24:58.137962Z,refresh,18561,1705383,5,1,1,0,1790722800,2026-09-29T23:00:00Z
2026-09-28T21:24:58.137962Z,refresh,30-1333,1799925,5,1,1,0,1790724600,2026-09-29T23:30:00Z
2026-09-28T21:24:58.137962Z,refresh,18223,1705434,10,2,1,0,1790724600,2026-09-29T23:30:00Z
2026-09-28T21:24:58.137962Z,refresh,18224,1705435,5,1,1,0,1790724600,2026-09-29T23:30:00Z
2026-09-28T21:24:58.137962Z,refresh,18225,1705436,5,1,1,0,1790724600,2026-09-29T23:30:00Z
2026-09-28T21:24:58.137962Z,refresh,18226,1705437,205,12,1,0,1790724600,2026-09-29T23:30:00Z
2026-09-28T21:24:58.137962Z,refresh,18250,1705438,115,15,1,0,1790724600,2026-09-29T23:30:00Z
2026-09-28T21:24:58.137962Z,refresh,18251,1705439,5,1,1,0,1790724600,2026-09-29T23:30:00Z
2026-09-28T21:24:58.137962Z,refresh,18252,1705440,10,2,1,0,1790724600,2026-09-29T23:30:00Z
2026-09-28T21:24:58.137962Z,refresh,18253,1705441,5,1,1,0,1790724600,2026-09-29T23:30:00Z
2026-09-28T21:24:58.137962Z,refresh,18254,1705442,5,0,1,0,1790724600,2026-09-29T23:30:00Z
2026-09-28T21:24:58.137962Z,refresh,18255,1705443,5,0,1,0,1790724600,2026-09-29T23:30:00Z
2026-09-28T21:24:58.137962Z,refresh,18256,1705444,5,0,1,0,1790724600,2026-09-29T23:30:00Z
2026-09-28T21:24:58.137962Z,refresh,18257,1705445,10,2,1,0,1790724600,2026-09-29T23:30:00Z
2026-09-28T21:24:58.137962Z,refresh,18258,1705446,5,1,1,0,1790724600,2026-09-29T23:30:00Z
2026-09-28T21:24:58.137962Z,refresh,18259,1705447,10,2,1,0,1790724600,2026-09-29T23:30:00Z
2026-09-28T21:24:58.137962Z,refresh,18260,1705448,255,10,1,0,1790724600,2026-09-29T23:30:00Z
2026-09-28T21:24:58.137962Z,refresh,18261,1705449,15,3,1,0,1790724600,2026-09-29T23:30:00Z
2026-09-28T21:24:58.137962Z,refresh,18262,1705450,55,4,1,0,1790724600,2026-09-29T23:30:00Z
2026-09-28T21:24:58.137962Z,refresh,18263,1705451,5,0,1,0,1790724600,2026-09-29T23:30:00Z
2026-09-28T21:24:58.137962Z,refresh,18264,1705452,5,1,1,0,1790724600,2026-09-29T23:30:00Z
2026-09-28T21:24:58.137962Z,refresh,18265,1705453,5,1,1,0,1790724600,2026-09-29T23:30:00Z
2026-09-28T21:24:58.137962Z,refresh,18266,1705454,10,2,1,0,1790724600,2026-09-29T23:30:00Z
2026-09-28T21:24:58.137962Z,refresh,18267,1705455,10,2,1,0,1790724600,2026-09-29T23:30:00Z
2026-09-28T21:24:58.137962Z,refresh,18268,1705456,5,1,1,0,1790724600,2026-09-29T23:30:00Z
2026-09-28T21:24:58.137962Z,refresh,18269,1705457,20,4,1,0,1790724600,2026-09-29T23:30:00Z
2026-09-28T21:24:58.137962Z,refresh,18270,1705458,5,1,1,0,1790724600,2026-09-29T23:30:00Z
2026-09-28T21:24:58.137962Z,refresh,18271,1705459,10,2,1,0,1790724600,2026-09-29T23:30:00Z
2026-09-28T21:24:58.137962Z,refresh,18272,1705460,5,1,1,0,1790724600,2026-09-29T23:30:00Z
2026-09-28T21:24:58.137962Z,refresh,18273,1705461,5,1,1,0,1790724600,2026-09-29T23:30:00Z
2026-09-28T21:24:58.137962Z,refresh,18274,1705462,5,0,1,0,1790724600,2026-09-29T23:30:00Z
2026-09-28T21:24:58.137962Z,refresh,18275,1705463,5,1,1,0,1790724600,2026-09-29T23:30:00Z
2026-09-28T21:24:58.137962Z,refresh,18276,1705464,5,1,1,0,1790724600,2026-09-29T23:30:00Z
2026-09-28T21:24:58.137962Z,refresh,18277,1705465,5,0,1,0,1790724600,2026-09-29T23:30:00Z
2026-09-28T21:24:58.137962Z,refresh,18278,1705466,5,0,1,0,1790724600,2026-09-29T23:30:00Z
2026-09-28T21:24:58.137962Z,refresh,18279,1705467,5,0,1,0,1790724600,2026-09-29T23:30:00Z
2026-09-28T21:24:58.137962Z,refresh,18280,1705468,5,1,1,0,1790724600,2026-09-29T23:30:00Z
2026-09-28T21:24:58.137962Z,refresh,18281,1705469,5,0,1,0,1790724600,2026-09-29T23:30:00Z
2026-09-28T21:24:58.137962Z,refresh,18282,1705470,175,17,1,0,1790724600,2026-09-29T23:30:00Z
2026-09-28T21:24:58.137962Z,refresh,18283,1705471,5,1,1,0,1790724600,2026-09-29T23:30:00Z
2026-09-28T21:24:58.137962Z,refresh,18284,1705472,5,0,1,0,1790724600,2026-09-29T23:30:00Z
2026-09-28T21:24:58.137962Z,refresh,18285,1705473,5,1,1,0,1790724600,2026-09-29T23:30:00Z
2026-09-28T21:24:58.137962Z,refresh,18286,1705474,5,1,1,0,1790724600,2026-09-29T23:30:00Z
2026-09-28T21:24:58.137962Z,refresh,18287,1705475,5,0,1,0,1790724600,2026-09-29T23:30:00Z
2026-09-28T21:24:58.137962Z,refresh,18288,1705476,5,0,1,0,1790724600,2026-09-29T23:30:00Z
2026-09-28T21:24:58.137962Z,refresh,18289,1705477,10,2,1,0,1790724600,2026-09-29T23:30:00Z
2026-09-28T21:24:58.137962Z,refresh,18290,1705478,200,24,1,0,1790724600,2026-09-29T23:30:00Z
2026-09-28T21:24:58.137962Z,refresh,18562,1705384,5,1,1,0,1790724600,2026-09-29T23:30:00Z
2026-09-28T21:24:58.137962Z,refresh,18563,1705385,5,1,1,0,1790724600,2026-09-29T23:30:00Z
2026-09-28T21:24:58.137962Z,refresh,18564,1705386,15,3,1,0,1790724600,2026-09-29T23:30:00Z
2026-09-28T21:24:58.137962Z,refresh,18565,1705387,15,3,1,0,1790724600,2026-09-29T23:30:00Z
2026-09-28T21:24:58.137962Z,refresh,18566,1705388,10,2,1,0,1790724600,2026-09-29T23:30:00Z
2026-09-28T21:24:58.137962Z,refresh,18567,1705389,5,1,1,0,1790724600,2026-09-29T23:30:00Z
2026-09-28T21:24:58.137962Z,refresh,18568,1705390,5,1,1,0,1790724600,2026-09-29T23:30:00Z
2026-09-28T21:24:58.137962Z,refresh,18569,1705391,10,2,1,0,1790724600,2026-09-29T23:30:00Z
2026-09-28T21:24:58.137962Z,refresh,18570,1705392,15,3,1,0,1790724600,2026-09-29T23:30:00Z
2026-09-28T21:24:58.137962Z,refresh,18571,1705393,5,1,1,0,1790724600,2026-09-29T23:30:00Z
2026-09-28T21:24:58.137962Z,refresh,18572,1705394,55,4,1,0,1790724600,2026-09-29T23:30:00Z
2026-09-28T21:24:58.137962Z,refresh,18573,1705395,10,2,1,0,1790724600,2026-09-29T23:30:00Z
2026-09-28T21:24:58.137962Z,refresh,18574,1705396,5,1,1,0,1790724600,2026-09-29T23:30:00Z
2026-09-28T21:24:58.137962Z,refresh,18575,1705397,105,5,1,0,1790724600,2026-09-29T23:30:00Z
2026-09-28T21:24:58.137962Z,refresh,18576,1705398,35,6,1,0,1790724600,2026-09-29T23:30:00Z
2026-09-28T21:24:58.137962Z,refresh,18577,1705399,5,1,1,0,1790724600,2026-09-29T23:30:00Z
2026-09-28T21:24:58.137962Z,refresh,18578,1705400,5,0,1,0,1790724600,2026-09-29T23:30:00Z
2026-09-28T21:24:58.137962Z,refresh,18579,1705401,20,4,1,0,1790724600,2026-09-29T23:30:00Z
2026-09-28T21:24:58.137962Z,refresh,18580,1705402,460,8,1,0,1790724600,2026-09-29T23:30:00Z
2026-09-28T21:24:58.137962Z,refresh,18581,1705403,10,2,1,0,1790724600,2026-09-29T23:30:00Z
2026-09-28T21:24:58.137962Z,refresh,18582,1705404,5,1,1,0,1790724600,2026-09-29T23:30:00Z
2026-09-28T21:24:58.137962Z,refresh,18583,1705405,5,1,1,0,1790724600,2026-09-29T23:30:00Z
2026-09-28T21:24:58.137962Z,refresh,18584,1705406,25,5,1,0,1790724600,2026-09-29T23:30:00Z
2026-09-28T21:24:58.137962Z,refresh,18585,1705407,5,1,1,0,1790724600,2026-09-29T23:30:00Z
2026-09-28T21:24:58.137962Z,refresh,18586,1705408,5,1,1,0,1790724600,2026-09-29T23:30:00Z
2026-09-28T21:24:58.137962Z,refresh,18587,1705409,55,5,1,0,1790724600,2026-09-29T23:30:00Z
2026-09-28T21:24:58.137962Z,refresh,18588,1705410,55,5,1,0,1790724600,2026-09-29T23:30:00Z
2026-09-28T21:24:58.137962Z,refresh,18589,1705411,5,1,1,0,1790724600,2026-09-29T23:30:00Z
2026-09-28T21:24:58.137962Z,refresh,18590,1705412,5,1,1,0,1790724600,2026-09-29T23:30:00Z
2026-09-28T21:24:58.137962Z,refresh,18591,1705413,5,1,1,0,1790724600,2026-09-29T23:30:00Z
2026-09-28T21:24:58.137962Z,refresh,18592,1705414,5,1,1,0,1790724600,2026-09-29T23:30:00Z
2026-09-28T21:24:58.137962Z,refresh,18593,1705415,10,2,1,0,1790724600,2026-09-29T23:30:00Z
2026-09-28T21:24:58.137962Z,refresh,18594,1705416,10,2,1,0,1790724600,2026-09-29T23:30:00Z
2026-09-28T21:24:58.137962Z,refresh,18595,1705417,5,1,1,0,1790724600,2026-09-29T23:30:00Z
2026-09-28T21:24:58.137962Z,refresh,18596,1705418,5,0,1,0,1790724600,2026-09-29T23:30:00Z
2026-09-28T21:24:58.137962Z,refresh,18597,1705419,105,16,1,0,1790724600,2026-09-29T23:30:00Z
2026-09-28T21:24:58.137962Z,refresh,18598,1705420,10,2,1,0,1790724600,2026-09-29T23:30:00Z
2026-09-28T21:24:58.137962Z,refresh,18599,1705421,30,6,1,0,1790724600,2026-09-29T23:30:00Z
2026-09-28T21:24:58.137962Z,refresh,18600,1705422,30,6,1,0,1790724600,2026-09-29T23:30:00Z
2026-09-28T21:24:58.137962Z,refresh,18601,1705423,30,3,1,0,1790724600,2026-09-29T23:30:00Z
2026-09-28T21:24:58.137962Z,refresh,18602,1705424,5,0,1,0,1790724600,2026-09-29T23:30:00Z
2026-09-28T21:24:58.137962Z,refresh,18603,1705425,5,1,1,0,1790724600,2026-09-29T23:30:00Z
2026-09-28T21:24:58.137962Z,refresh,18604,1705426,10,2,1,0,1790724600,2026-09-29T23:30:00Z
2026-09-28T21:24:58.137962Z,refresh,18605,1705427,20,3,1,0,1790724600,2026-09-29T23:30:00Z
2026-09-28T21:24:58.137962Z,refresh,18606,1705428,10,2,1,0,1790724600,2026-09-29T23:30:00Z
2026-09-28T21:24:58.137962Z,refresh,18607,1705429,5,0,1,0,1790724600,2026-09-29T23:30:00Z
2026-09-28T21:24:58.137962Z,refresh,18608,1705430,5,0,1,0,1790724600,2026-09-29T23:30:00Z
2026-09-28T21:24:58.137962Z,refresh,18609,1705431,10,2,1,0,1790724600,2026-09-29T23:30:00Z
2026-09-28T21:24:58.137962Z,refresh,18610,1705432,5,1,1,0,1790724600,2026-09-29T23:30:00Z
2026-09-28T21:24:58.137962Z,refresh,18611,1705433,5,1,1,0,1790724600,2026-09-29T23:30:00Z
2026-09-28T21:24:58.137962Z,refresh,18612,1723322,155,17,1,0,1790724600,2026-09-29T23:30:00Z
2026-09-28T21:24:58.137962Z,refresh,18291,1705479,10,2,1,0,1790726400,2026-09-30T00:00:00Z
2026-09-28T21:24:58.137962Z,refresh,18292,1705480,5,1,1,0,1790726400,2026-09-30T00:00:00Z
2026-09-28T21:24:58.137962Z,refresh,18293,1705481,35,7,1,0,1790726400,2026-09-30T00:00:00Z
2026-09-28T21:24:58.137962Z,refresh,18294,1705482,5,1,1,0,1790726400,2026-09-30T00:00:00Z
2026-09-28T21:24:58.137962Z,refresh,18295,1705483,165,19,1,0,1790726400,2026-09-30T00:00:00Z
2026-09-28T21:24:58.137962Z,refresh,18296,1705484,5,1,1,0,1790726400,2026-09-30T00:00:00Z
2026-09-28T21:24:58.137962Z,refresh,18297,1705485,5,1,1,0,1790726400,2026-09-30T00:00:00Z
2026-09-28T21:24:58.137962Z,refresh,18298,1705486,5,1,1,0,1790726400,2026-09-30T00:00:00Z
2026-09-28T21:24:58.137962Z,refresh,18299,1705487,5,1,1,0,1790726400,2026-09-30T00:00:00Z
2026-09-28T21:24:58.137962Z,refresh,18300,1705488,10,2,1,0,1790726400,2026-09-30T00:00:00Z
2026-09-28T21:24:58.137962Z,refresh,18301,1705489,30,6,1,0,1790726400,2026-09-30T00:00:00Z
2026-09-28T21:24:58.137962Z,refresh,18302,1705490,10,2,1,0,1790726400,2026-09-30T00:00:00Z
2026-09-28T21:24:58.137962Z,refresh,18303,1705491,5,1,1,0,1790726400,2026-09-30T00:00:00Z
2026-09-28T21:24:58.137962Z,refresh,18304,1705492,15,4,1,0,1790726400,2026-09-30T00:00:00Z
2026-09-28T21:24:58.137962Z,refresh,18305,1705493,10,2,1,0,1790726400,2026-09-30T00:00:00Z
2026-09-28T21:24:58.137962Z,refresh,18306,1705494,15,3,1,0,1790726400,2026-09-30T00:00:00Z
2026-09-28T21:24:58.137962Z,refresh,18307,1705495,10,2,1,0,1790726400,2026-09-30T00:00:00Z
2026-09-28T21:24:58.137962Z,refresh,18308,1705496,5,1,1,0,1790726400,2026-09-30T00:00:00Z
2026-09-28T21:24:58.137962Z,refresh,18309,1705497,10,2,1,0,1790726400,2026-09-30T00:00:00Z
2026-09-28T21:24:58.137962Z,refresh,18310,1705498,15,3,1,0,1790726400,2026-09-30T00:00:00Z
2026-09-28T21:24:58.137962Z,refresh,18311,1705499,10,2,1,0,1790726400,2026-09-30T00:00:00Z
2026-09-28T21:24:58.137962Z,refresh,18312,1705500,1705,23,1,0,1790726400,2026-09-30T00:00:00Z
2026-09-28T21:24:58.137962Z,refresh,18313,1705501,15,4,1,0,1790726400,2026-09-30T00:00:00Z
2026-09-28T21:24:58.137962Z,refresh,18314,1705502,5,1,1,0,1790726400,2026-09-30T00:00:00Z
2026-09-28T21:24:58.137962Z,refresh,18315,1705503,40,5,1,0,1790726400,2026-09-30T00:00:00Z
2026-09-28T21:24:58.137962Z,refresh,18316,1705504,15,3,1,0,1790726400,2026-09-30T00:00:00Z
2026-09-28T21:24:58.137962Z,refresh,18317,1705505,5,0,1,0,1790726400,2026-09-30T00:00:00Z
2026-09-28T21:24:58.137962Z,refresh,18318,1705506,5,1,1,0,1790726400,2026-09-30T00:00:00Z
2026-09-28T21:24:58.137962Z,refresh,18319,1705507,10,2,1,0,1790726400,2026-09-30T00:00:00Z
2026-09-28T21:24:58.137962Z,refresh,18320,1705508,5,1,1,0,1790726400,2026-09-30T00:00:00Z
2026-09-28T21:24:58.137962Z,refresh,18321,1705509,5,1,1,0,1790726400,2026-09-30T00:00:00Z
2026-09-28T21:24:58.137962Z,refresh,18322,1705510,5,1,1,0,1790726400,2026-09-30T00:00:00Z
2026-09-28T21:24:58.137962Z,refresh,18323,1705511,15,3,1,0,1790726400,2026-09-30T00:00:00Z
2026-09-28T21:24:58.137962Z,refresh,18324,1705512,10,2,1,0,1790726400,2026-09-30T00:00:00Z
2026-09-28T21:24:58.137962Z,refresh,18325,1705513,50,9,1,0,1790726400,2026-09-30T00:00:00Z
2026-09-28T21:24:58.137962Z,refresh,18326,1705514,50,10,1,0,1790726400,2026-09-30T00:00:00Z
2026-09-28T21:24:58.137962Z,refresh,18327,1705515,15,3,1,0,1790726400,2026-09-30T00:00:00Z
2026-09-28T21:24:58.137962Z,refresh,18328,1705516,775,17,1,0,1790726400,2026-09-30T00:00:00Z
2026-09-28T21:24:58.137962Z,refresh,18329,1705517,1950,29,1,0,1790726400,2026-09-30T00:00:00Z
2026-09-28T21:24:58.137962Z,refresh,18330,1705518,5,1,1,0,1790726400,2026-09-30T00:00:00Z
2026-09-28T21:24:58.137962Z,refresh,18331,1705519,5,1,1,0,1790726400,2026-09-30T00:00:00Z
2026-09-28T21:24:58.137962Z,refresh,18332,1705520,5,1,1,0,1790726400,2026-09-30T00:00:00Z
2026-09-28T21:24:58.137962Z,refresh,18333,1705521,5,1,1,0,1790726400,2026-09-30T00:00:00Z
2026-09-28T21:24:58.137962Z,refresh,18334,1705522,200,30,1,0,1790726400,2026-09-30T00:00:00Z
2026-09-28T21:24:58.137962Z,refresh,18335,1705523,20,4,1,0,1790726400,2026-09-30T00:00:00Z
2026-09-28T21:24:58.137962Z,refresh,18336,1705524,15,3,1,0,1790726400,2026-09-30T00:00:00Z
2026-09-28T21:24:58.137962Z,refresh,18337,1705525,10,2,1,0,1790726400,2026-09-30T00:00:00Z
2026-09-28T21:24:58.137962Z,refresh,18338,1705526,10,2,1,0,1790726400,2026-09-30T00:00:00Z
2026-09-28T21:24:58.137962Z,refresh,18339,1705527,20,4,1,0,1790726400,2026-09-30T00:00:00Z
2026-09-28T21:24:58.137962Z,refresh,18340,1705528,15,3,1,0,1790726400,2026-09-30T00:00:00Z
2026-09-28T21:24:58.137962Z,refresh,18341,1705529,10,2,1,0,1790726400,2026-09-30T00:00:00Z
2026-09-28T21:24:58.137962Z,refresh,18342,1705530,210,37,1,0,1790726400,2026-09-30T00:00:00Z
2026-09-28T21:24:58.137962Z,refresh,18343,1705531,5,1,1,0,1790726400,2026-09-30T00:00:00Z
2026-09-28T21:24:58.137962Z,refresh,18344,1705532,56,4,1,0,1790726400,2026-09-30T00:00:00Z
2026-09-28T21:24:58.137962Z,refresh,18345,1705533,10,2,1,0,1790726400,2026-09-30T00:00:00Z
2026-09-28T21:24:58.137962Z,refresh,18346,1705534,30,6,1,0,1790726400,2026-09-30T00:00:00Z
2026-09-28T21:24:58.137962Z,refresh,18347,1705535,5,1,1,0,1790726400,2026-09-30T00:00:00Z
2026-09-28T21:24:58.137962Z,refresh,18348,1705536,205,6,1,0,1790726400,2026-09-30T00:00:00Z
2026-09-28T21:24:58.137962Z,refresh,18349,1705537,5,1,1,0,1790726400,2026-09-30T00:00:00Z
2026-09-28T21:24:58.137962Z,refresh,18350,1705538,5,1,1,0,1790726400,2026-09-30T00:00:00Z
2026-09-28T21:24:58.137962Z,refresh,18351,1705539,5,1,1,0,1790726400,2026-09-30T00:00:00Z
2026-09-28T21:24:58.137962Z,refresh,18352,1705540,85,17,1,0,1790726400,2026-09-30T00:00:00Z
2026-09-28T21:24:58.137962Z,refresh,18353,1705541,75,15,1,0,1790726400,2026-09-30T00:00:00Z
2026-09-28T21:24:58.137962Z,refresh,18354,1705542,105,4,1,0,1790726400,2026-09-30T00:00:00Z
2026-09-28T21:24:58.137962Z,refresh,18355,1705543,825,14,1,0,1790726400,2026-09-30T00:00:00Z
2026-09-28T21:24:58.137962Z,refresh,18356,1705544,410,8,1,0,1790726400,2026-09-30T00:00:00Z
2026-09-28T21:24:58.137962Z,refresh,18357,1705545,925,33,1,0,1790726400,2026-09-30T00:00:00Z
2026-09-28T21:24:58.137962Z,refresh,18358,1705546,2150,27,1,0,1790726400,2026-09-30T00:00:00Z
2026-09-28T21:24:58.137962Z,refresh,18359,1705547,225,8,1,0,1790726400,2026-09-30T00:00:00Z
2026-09-28T21:24:58.137962Z,refresh,18360,1705548,2250,87,1,0,1790726400,2026-09-30T00:00:00Z
2026-09-28T21:24:58.137962Z,refresh,18361,1705549,3325,74,1,0,1790726400,2026-09-30T00:00:00Z
2026-09-28T21:24:58.137962Z,refresh,18362,1705550,675,11,1,0,1790726400,2026-09-30T00:00:00Z
2026-09-28T21:24:58.137962Z,refresh,18364,1705551,2350,11,1,0,1790726400,2026-09-30T00:00:00Z
2026-09-28T21:24:58.137962Z,refresh,18365,1705552,7550,18,1,0,1790726400,2026-09-30T00:00:00Z
2026-09-28T21:24:58.137962Z,refresh,18366,1705553,760,4,1,0,1790726400,2026-09-30T00:00:00Z
2026-09-28T21:24:58.137962Z,refresh,18367,1705554,1950,20,1,0,1790726400,2026-09-30T00:00:00Z
2026-09-28T21:24:58.137962Z,refresh,18368,1705555,345,9,1,0,1790726400,2026-09-30T00:00:00Z
2026-09-28T21:24:58.137962Z,refresh,18369,1705556,315,11,1,0,1790726400,2026-09-30T00:00:00Z
2026-09-28T21:24:58.137962Z,refresh,18370,1705557,1275,12,1,0,1790726400,2026-09-30T00:00:00Z
2026-09-28T21:24:58.137962Z,refresh,18371,1705558,1136,11,1,0,1790726400,2026-09-30T00:00:00Z
2026-09-28T21:24:58.137962Z,refresh,18372,1705559,8305,5,1,0,1790726400,2026-09-30T00:00:00Z
2026-09-28T21:24:58.137962Z,refresh,18373,1705560,4150,35,1,0,1790726400,2026-09-30T00:00:00Z
2026-09-28T21:24:58.137962Z,refresh,18374,1705561,1550,14,1,0,1790726400,2026-09-30T00:00:00Z
2026-09-28T21:24:58.137962Z,refresh,18375,1705562,1825,19,1,0,1790726400,2026-09-30T00:00:00Z
2026-09-28T21:24:58.137962Z,refresh,18376,1705563,825,37,1,0,1790726400,2026-09-30T00:00:00Z
2026-09-28T21:24:58.137962Z,refresh,18377,1705564,850,24,1,0,1790726400,2026-09-30T00:00:00Z
2026-09-28T21:24:58.137962Z,refresh,18378,1705565,1550,70,1,0,1790726400,2026-09-30T00:00:00Z
2026-09-28T21:24:58.137962Z,refresh,18379,1705566,1025,79,1,0,1790726400,2026-09-30T00:00:00Z
2026-09-28T21:24:58.137962Z,refresh,18380,1705567,40250,22,1,0,1790726400,2026-09-30T00:00:00Z
2026-09-28T21:24:58.137962Z,refresh,18381,1705568,8200,53,1,0,1790726400,2026-09-30T00:00:00Z
2026-09-28T21:24:58.137962Z,refresh,18382,1705569,20100,44,1,0,1790726400,2026-09-30T00:00:00Z
2026-09-28T21:24:58.137962Z,refresh,18383,1705570,1025,22,1,0,1790726400,2026-09-30T00:00:00Z
2026-09-28T21:24:58.137962Z,refresh,18384,1705571,3550,19,1,0,1790726400,2026-09-30T00:00:00Z
2026-09-28T21:24:58.137962Z,refresh,18385,1705572,115,12,1,0,1790726400,2026-09-30T00:00:00Z
2026-09-28T21:24:58.137962Z,refresh,18386,1705573,110,14,1,0,1790726400,2026-09-30T00:00:00Z
2026-09-28T21:24:58.137962Z,refresh,18387,1705574,100,8,1,0,1790726400,2026-09-30T00:00:00Z
2026-09-28T21:24:58.137962Z,refresh,18388,1705575,10,2,1,0,1790726400,2026-09-30T00:00:00Z
2026-09-28T21:24:58.137962Z,refresh,18613,1723323,5,1,1,0,1790726400,2026-09-30T00:00:00Z
2026-09-28T21:24:58.137962Z,refresh,18614,1723324,560,3,1,0,1790726400,2026-09-30T00:00:00Z
2026-09-28T21:24:58.137962Z,refresh,18615,1722853,505,3,1,0,1790726400,2026-09-30T00:00:00Z
2026-09-28T21:24:58.137962Z,refresh,18616,1723069,810,31,1,0,1790726400,2026-09-30T00:00:00Z
2026-09-28T21:24:58.137962Z,refresh,19094,1717855,4050,16,1,0,1790726400,2026-09-30T00:00:00Z
2026-09-28T22:24:09.068695Z,refresh,30-1332,1799881,5,1,1,0,1790719200,2026-09-29T22:00:00Z
2026-09-28T22:24:09.068695Z,refresh,18100,1705100,175,17,1,0,1790719200,2026-09-29T22:00:00Z
2026-09-28T22:24:09.068695Z,refresh,18101,1705101,150,10,1,0,1790719200,2026-09-29T22:00:00Z
2026-09-28T22:24:09.068695Z,refresh,18102,1705102,155,8,1,0,1790719200,2026-09-29T22:00:00Z
2026-09-28T22:24:09.068695Z,refresh,18103,1705103,25,3,1,0,1790719200,2026-09-29T22:00:00Z
2026-09-28T22:24:09.068695Z,refresh,18104,1705104,100,1,1,0,1790719200,2026-09-29T22:00:00Z
2026-09-28T22:24:09.068695Z,refresh,18105,1705105,30,6,1,0,1790719200,2026-09-29T22:00:00Z
2026-09-28T22:24:09.068695Z,refresh,18106,1705106,10,2,1,0,1790719200,2026-09-29T22:00:00Z
2026-09-28T22:24:09.068695Z,refresh,18107,1705107,5,1,1,0,1790719200,2026-09-29T22:00:00Z
2026-09-28T22:24:09.068695Z,refresh,18108,1705108,15,3,1,0,1790719200,2026-09-29T22:00:00Z
2026-09-28T22:24:09.068695Z,refresh,18109,1705109,5,1,1,0,1790719200,2026-09-29T22:00:00Z
2026-09-28T22:24:09.068695Z,refresh,18110,1705110,30,6,1,0,1790719200,2026-09-29T22:00:00Z
2026-09-28T22:24:09.068695Z,refresh,18111,1705111,5,1,1,0,1790719200,2026-09-29T22:00:00Z
2026-09-28T22:24:09.068695Z,refresh,18112,1705112,5,1,1,0,1790719200,2026-09-29T22:00:00Z
2026-09-28T22:24:09.068695Z,refresh,18113,1705113,5,1,1,0,1790719200,2026-09-29T22:00:00Z
2026-09-28T22:24:09.068695Z,refresh,18114,1705114,170,31,1,0,1790719200,2026-09-29T22:00:00Z
2026-09-28T22:24:09.068695Z,refresh,18115,1705115,10,2,1,0,1790719200,2026-09-29T22:00:00Z
2026-09-28T22:24:09.068695Z,refresh,18116,1705116,65,14,1,0,1790719200,2026-09-29T22:00:00Z
2026-09-28T22:24:09.068695Z,refresh,18117,1705117,55,11,1,0,1790719200,2026-09-29T22:00:00Z
2026-09-28T22:24:09.068695Z,refresh,18118,1705118,30,7,1,0,1790719200,2026-09-29T22:00:00Z
2026-09-28T22:24:09.068695Z,refresh,18119,1705119,205,23,1,0,1790719200,2026-09-29T22:00:00Z
2026-09-28T22:24:09.068695Z,refresh,18120,1705120,30,7,1,0,1790719200,2026-09-29T22:00:00Z
2026-09-28T22:24:09.068695Z,refresh,18121,1705121,5,0,1,0,1790719200,2026-09-29T22:00:00Z
2026-09-28T22:24:09.068695Z,refresh,18122,1705122,5,1,1,0,1790719200,2026-09-29T22:00:00Z
2026-09-28T22:24:09.068695Z,refresh,18123,1705123,165,35,1,0,1790719200,2026-09-29T22:00:00Z
2026-09-28T22:24:09.068695Z,refresh,18124,1705124,205,18,1,0,1790719200,2026-09-29T22:00:00Z
2026-09-28T22:24:09.068695Z,refresh,18125,1705125,115,25,1,0,1790719200,2026-09-29T22:00:00Z
2026-09-28T22:24:09.068695Z,refresh,18126,1705126,30,6,1,0,1790719200,2026-09-29T22:00:00Z
2026-09-28T22:24:09.068695Z,refresh,18127,1705127,155,14,1,0,1790719200,2026-09-29T22:00:00Z
2026-09-28T22:24:09.068695Z,refresh,18128,1705128,150,12,1,0,1790719200,2026-09-29T22:00:00Z
2026-09-28T22:24:09.068695Z,refresh,18129,1705129,5,1,1,0,1790719200,2026-09-29T22:00:00Z
2026-09-28T22:24:09.068695Z,refresh,18130,1705130,55,12,1,0,1790719200,2026-09-29T22:00:00Z
2026-09-28T22:24:09.068695Z,refresh,18131,1705131,5,0,1,0,1790719200,2026-09-29T22:00:00Z
2026-09-28T22:24:09.068695Z,refresh,18132,1705132,5,0,1,0,1790719200,2026-09-29T22:00:00Z
2026-09-28T22:24:09.068695Z,refresh,18133,1705133,35,7,1,0,1790719200,2026-09-29T22:00:00Z
2026-09-28T22:24:09.068695Z,refresh,18134,1705134,205,12,1,0,1790719200,2026-09-29T22:00:00Z
2026-09-28T22:24:09.068695Z,refresh,18135,1705135,105,6,1,0,1790719200,2026-09-29T22:00:00Z
2026-09-28T22:24:09.068695Z,refresh,18136,1705136,5,0,1,0,1790719200,2026-09-29T22:00:00Z
2026-09-28T22:24:09.068695Z,refresh,18137,1705137,10,2,1,0,1790719200,2026-09-29T22:00:00Z
2026-09-28T22:24:09.068695Z,refresh,18138,1705138,30,6,1,0,1790719200,2026-09-29T22:00:00Z
2026-09-28T22:24:09.068695Z,refresh,18139,1705139,100,4,1,0,1790719200,2026-09-29T22:00:00Z
2026-09-28T22:24:09.068695Z,refresh,18140,1705140,25,6,1,0,1790719200,2026-09-29T22:00:00Z
2026-09-28T22:24:09.068695Z,refresh,18141,1705141,5,1,1,0,1790719200,2026-09-29T22:00:00Z
2026-09-28T22:24:09.068695Z,refresh,18142,1705142,5,1,1,0,1790719200,2026-09-29T22:00:00Z
2026-09-28T22:24:09.068695Z,refresh,18143,1705143,5,1,1,0,1790719200,2026-09-29T22:00:00Z
2026-09-28T22:24:09.068695Z,refresh,18144,1705144,5,1,1,0,1790719200,2026-09-29T22:00:00Z
2026-09-28T22:24:09.068695Z,refresh,18145,1705145,5,1,1,0,1790719200,2026-09-29T22:00:00Z
2026-09-28T22:24:09.068695Z,refresh,18146,1705146,5,0,1,0,1790719200,2026-09-29T22:00:00Z
2026-09-28T22:24:09.068695Z,refresh,18147,1705147,200,18,1,0,1790719200,2026-09-29T22:00:00Z
2026-09-28T22:24:09.068695Z,refresh,18148,1705148,105,5,1,0,1790719200,2026-09-29T22:00:00Z
2026-09-28T22:24:09.068695Z,refresh,18149,1705149,30,6,1,0,1790719200,2026-09-29T22:00:00Z
2026-09-28T22:24:09.068695Z,refresh,18150,1705150,45,7,1,0,1790719200,2026-09-29T22:00:00Z
2026-09-28T22:24:09.068695Z,refresh,18151,1705151,33,7,1,0,1790719200,2026-09-29T22:00:00Z
2026-09-28T22:24:09.068695Z,refresh,18152,1705152,5,1,1,0,1790719200,2026-09-29T22:00:00Z
2026-09-28T22:24:09.068695Z,refresh,18153,1705153,5,1,1,0,1790719200,2026-09-29T22:00:00Z
2026-09-28T22:24:09.068695Z,refresh,18154,1705154,36,6,1,0,1790719200,2026-09-29T22:00:00Z
2026-09-28T22:24:09.068695Z,refresh,18156,1705155,5,1,1,0,1790719200,2026-09-29T22:00:00Z
2026-09-28T22:24:09.068695Z,refresh,18157,1705156,55,6,1,0,1790719200,2026-09-29T22:00:00Z
2026-09-28T22:24:09.068695Z,refresh,18158,1705157,5,0,1,0,1790719200,2026-09-29T22:00:00Z
2026-09-28T22:24:09.068695Z,refresh,18159,1705158,20,5,1,0,1790719200,2026-09-29T22:00:00Z
2026-09-28T22:24:09.068695Z,refresh,18160,1705159,5,0,1,0,1790719200,2026-09-29T22:00:00Z
2026-09-28T22:24:09.068695Z,refresh,18161,1705160,5,1,1,0,1790719200,2026-09-29T22:00:00Z
2026-09-28T22:24:09.068695Z,refresh,18162,1705161,5,1,1,0,1790719200,2026-09-29T22:00:00Z
2026-09-28T22:24:09.068695Z,refresh,18163,1705162,10,2,1,0,1790719200,2026-09-29T22:00:00Z
2026-09-28T22:24:09.068695Z,refresh,18164,1705163,40,8,1,0,1790719200,2026-09-29T22:00:00Z
2026-09-28T22:24:09.068695Z,refresh,18165,1705164,5,1,1,0,1790719200,2026-09-29T22:00:00Z
2026-09-28T22:24:09.068695Z,refresh,18166,1705165,105,16,1,0,1790719200,2026-09-29T22:00:00Z
2026-09-28T22:24:09.068695Z,refresh,18167,1705166,15,3,1,0,1790719200,2026-09-29T22:00:00Z
2026-09-28T22:24:09.068695Z,refresh,18168,1705167,60,11,1,0,1790719200,2026-09-29T22:00:00Z
2026-09-28T22:24:09.068695Z,refresh,18169,1705168,35,8,1,0,1790719200,2026-09-29T22:00:00Z
2026-09-28T22:24:09.068695Z,refresh,18170,1705169,36,9,1,0,1790719200,2026-09-29T22:00:00Z
2026-09-28T22:24:09.068695Z,refresh,18171,1705170,35,8,1,0,1790719200,2026-09-29T22:00:00Z
2026-09-28T22:24:09.068695Z,refresh,18172,1705171,35,9,1,0,1790719200,2026-09-29T22:00:00Z
2026-09-28T22:24:09.068695Z,refresh,18173,1705172,65,9,1,0,1790719200,2026-09-29T22:00:00Z
2026-09-28T22:24:09.068695Z,refresh,18174,1705173,5,1,1,0,1790719200,2026-09-29T22:00:00Z
2026-09-28T22:24:09.068695Z,refresh,18175,1705174,20,4,1,0,1790719200,2026-09-29T22:00:00Z
2026-09-28T22:24:09.068695Z,refresh,18176,1705175,155,13,1,0,1790719200,2026-09-29T22:00:00Z
2026-09-28T22:24:09.068695Z,refresh,18177,1705176,10,2,1,0,1790719200,2026-09-29T22:00:00Z
2026-09-28T22:24:09.068695Z,refresh,18178,1705177,5,1,1,0,1790719200,2026-09-29T22:00:00Z
2026-09-28T22:24:09.068695Z,refresh,18179,1705178,5,1,1,0,1790719200,2026-09-29T22:00:00Z
2026-09-28T22:24:09.068695Z,refresh,18180,1705179,460,14,1,0,1790719200,2026-09-29T22:00:00Z
2026-09-28T22:24:09.068695Z,refresh,18181,1705180,5,1,1,0,1790719200,2026-09-29T22:00:00Z
2026-09-28T22:24:09.068695Z,refresh,18182,1705181,10,2,1,0,1790719200,2026-09-29T22:00:00Z
2026-09-28T22:24:09.068695Z,refresh,18183,1705182,5,0,1,0,1790719200,2026-09-29T22:00:00Z
2026-09-28T22:24:09.068695Z,refresh,18184,1705183,5,0,1,0,1790719200,2026-09-29T22:00:00Z
2026-09-28T22:24:09.068695Z,refresh,18185,1705184,5,0,1,0,1790719200,2026-09-29T22:00:00Z
2026-09-28T22:24:09.068695Z,refresh,18186,1705185,5,1,1,0,1790719200,2026-09-29T22:00:00Z
2026-09-28T22:24:09.068695Z,refresh,18187,1705186,5,1,1,0,1790719200,2026-09-29T22:00:00Z
2026-09-28T22:24:09.068695Z,refresh,18188,1705187,10,2,1,0,1790719200,2026-09-29T22:00:00Z
2026-09-28T22:24:09.068695Z,refresh,18189,1705188,10,2,1,0,1790719200,2026-09-29T22:00:00Z
2026-09-28T22:24:09.068695Z,refresh,18190,1705189,5,1,1,0,1790719200,2026-09-29T22:00:00Z
2026-09-28T22:24:09.068695Z,refresh,18191,1705190,5,1,1,0,1790719200,2026-09-29T22:00:00Z
2026-09-28T22:24:09.068695Z,refresh,18192,1705191,10,2,1,0,1790719200,2026-09-29T22:00:00Z
2026-09-28T22:24:09.068695Z,refresh,18193,1705192,20,4,1,0,1790719200,2026-09-29T22:00:00Z
2026-09-28T22:24:09.068695Z,refresh,18194,1705193,5,0,1,0,1790719200,2026-09-29T22:00:00Z
2026-09-28T22:24:09.068695Z,refresh,18195,1705194,5,0,1,0,1790721000,2026-09-29T22:30:00Z
2026-09-28T22:24:09.068695Z,refresh,18196,1705195,10,2,1,0,1790721000,2026-09-29T22:30:00Z
2026-09-28T22:24:09.068695Z,refresh,18197,1705196,20,4,1,0,1790721000,2026-09-29T22:30:00Z
2026-09-28T22:24:09.068695Z,refresh,18198,1705197,10,2,1,0,1790721000,2026-09-29T22:30:00Z
2026-09-28T22:24:09.068695Z,refresh,18199,1705198,5,1,1,0,1790721000,2026-09-29T22:30:00Z
2026-09-28T22:24:09.068695Z,refresh,18200,1705199,5,0,1,0,1790721000,2026-09-29T22:30:00Z
2026-09-28T22:24:09.068695Z,refresh,18201,1705200,5,1,1,0,1790721000,2026-09-29T22:30:00Z
2026-09-28T22:24:09.068695Z,refresh,18202,1705201,10,2,1,0,1790721000,2026-09-29T22:30:00Z
2026-09-28T22:24:09.068695Z,refresh,18203,1705202,10,2,1,0,1790721000,2026-09-29T22:30:00Z
2026-09-28T22:24:09.068695Z,refresh,18204,1705203,5,1,1,0,1790721000,2026-09-29T22:30:00Z
2026-09-28T22:24:09.068695Z,refresh,18205,1705204,30,4,1,0,1790721000,2026-09-29T22:30:00Z
2026-09-28T22:24:09.068695Z,refresh,18206,1705205,5,0,1,0,1790721000,2026-09-29T22:30:00Z
2026-09-28T22:24:09.068695Z,refresh,18207,1705206,5,1,1,0,1790721000,2026-09-29T22:30:00Z
2026-09-28T22:24:09.068695Z,refresh,18208,1705207,20,4,1,0,1790721000,2026-09-29T22:30:00Z
2026-09-28T22:24:09.068695Z,refresh,18209,1705208,30,3,1,0,1790721000,2026-09-29T22:30:00Z
2026-09-28T22:24:09.068695Z,refresh,18210,1705209,40,8,1,0,1790721000,2026-09-29T22:30:00Z
2026-09-28T22:24:09.068695Z,refresh,18211,1705210,65,9,1,0,1790721000,2026-09-29T22:30:00Z
2026-09-28T22:24:09.068695Z,refresh,18212,1705211,5,0,1,0,1790721000,2026-09-29T22:30:00Z
2026-09-28T22:24:09.068695Z,refresh,18213,1705212,5,1,1,0,1790721000,2026-09-29T22:30:00Z
2026-09-28T22:24:09.068695Z,refresh,18214,1705213,15,3,1,0,1790721000,2026-09-29T22:30:00Z
2026-09-28T22:24:09.068695Z,refresh,18215,1705214,5,1,1,0,1790721000,2026-09-29T22:30:00Z
2026-09-28T22:24:09.068695Z,refresh,18216,1705215,30,5,1,0,1790721000,2026-09-29T22:30:00Z
2026-09-28T22:24:09.068695Z,refresh,18217,1705216,10,2,1,0,1790721000,2026-09-29T22:30:00Z
2026-09-28T22:24:09.068695Z,refresh,18218,1705217,10,2,1,0,1790721000,2026-09-29T22:30:00Z
2026-09-28T22:24:09.068695Z,refresh,18219,1705218,10,2,1,0,1790721000,2026-09-29T22:30:00Z
2026-09-28T22:24:09.068695Z,refresh,18220,1705219,5,1,1,0,1790721000,2026-09-29T22:30:00Z
2026-09-28T22:24:09.068695Z,refresh,18221,1705220,60,12,1,0,1790721000,2026-09-29T22:30:00Z
2026-09-28T22:24:09.068695Z,refresh,18222,1705221,15,3,1,0,1790721000,2026-09-29T22:30:00Z
2026-09-28T22:24:09.068695Z,refresh,18400,1705222,1265,42,1,0,1790721000,2026-09-29T22:30:00Z
2026-09-28T22:24:09.068695Z,refresh,18401,1705223,105,10,1,0,1790721000,2026-09-29T22:30:00Z
2026-09-28T22:24:09.068695Z,refresh,18402,1705224,25,5,1,0,1790721000,2026-09-29T22:30:00Z
2026-09-28T22:24:09.068695Z,refresh,18403,1705225,10,2,1,0,1790721000,2026-09-29T22:30:00Z
2026-09-28T22:24:09.068695Z,refresh,18404,1705226,105,15,1,0,1790721000,2026-09-29T22:30:00Z
2026-09-28T22:24:09.068695Z,refresh,18405,1705227,45,9,1,0,1790721000,2026-09-29T22:30:00Z
2026-09-28T22:24:09.068695Z,refresh,18406,1705228,55,6,1,0,1790721000,2026-09-29T22:30:00Z
2026-09-28T22:24:09.068695Z,refresh,18407,1705229,5,1,1,0,1790721000,2026-09-29T22:30:00Z
2026-09-28T22:24:09.068695Z,refresh,18408,1705230,55,9,1,0,1790721000,2026-09-29T22:30:00Z
2026-09-28T22:24:09.068695Z,refresh,18409,1705231,55,7,1,0,1790721000,2026-09-29T22:30:00Z
2026-09-28T22:24:09.068695Z,refresh,18410,1705232,40,5,1,0,1790721000,2026-09-29T22:30:00Z
2026-09-28T22:24:09.068695Z,refresh,18411,1705233,105,7,1,0,1790721000,2026-09-29T22:30:00Z
2026-09-28T22:24:09.068695Z,refresh,18412,1705234,55,4,1,0,1790721000,2026-09-29T22:30:00Z
2026-09-28T22:24:09.068695Z,refresh,18413,1705235,10,2,1,0,1790721000,2026-09-29T22:30:00Z
2026-09-28T22:24:09.068695Z,refresh,18414,1705236,205,13,1,0,1790721000,2026-09-29T22:30:00Z
2026-09-28T22:24:09.068695Z,refresh,18415,1705237,55,11,1,0,1790721000,2026-09-29T22:30:00Z
2026-09-28T22:24:09.068695Z,refresh,18416,1705238,15,3,1,0,1790721000,2026-09-29T22:30:00Z
2026-09-28T22:24:09.068695Z,refresh,18417,1705239,155,4,1,0,1790721000,2026-09-29T22:30:00Z
2026-09-28T22:24:09.068695Z,refresh,18418,1705240,100,7,1,0,1790721000,2026-09-29T22:30:00Z
2026-09-28T22:24:09.068695Z,refresh,18419,1705241,10,2,1,0,1790721000,2026-09-29T22:30:00Z
2026-09-28T22:24:09.068695Z,refresh,18420,1705242,5,1,1,0,1790721000,2026-09-29T22:30:00Z
2026-09-28T22:24:09.068695Z,refresh,18421,1705243,55,11,1,0,1790721000,2026-09-29T22:30:00Z
2026-09-28T22:24:09.068695Z,refresh,18422,1705244,5,1,1,0,1790721000,2026-09-29T22:30:00Z
2026-09-28T22:24:09.068695Z,refresh,18423,1705245,10,2,1,0,1790721000,2026-09-29T22:30:00Z
2026-09-28T22:24:09.068695Z,refresh,18424,1705246,200,12,1,0,1790721000,2026-09-29T22:30:00Z
2026-09-28T22:24:09.068695Z,refresh,18425,1705247,5,1,1,0,1790721000,2026-09-29T22:30:00Z
2026-09-28T22:24:09.068695Z,refresh,18426,1705248,60,7,1,0,1790721000,2026-09-29T22:30:00Z
2026-09-28T22:24:09.068695Z,refresh,18427,1705249,5,1,1,0,1790721000,2026-09-29T22:30:00Z
2026-09-28T22:24:09.068695Z,refresh,18428,1705250,10,2,1,0,1790721000,2026-09-29T22:30:00Z
2026-09-28T22:24:09.068695Z,refresh,18429,1705251,10,2,1,0,1790721000,2026-09-29T22:30:00Z
2026-09-28T22:24:09.068695Z,refresh,18430,1705252,90,19,1,0,1790721000,2026-09-29T22:30:00Z
2026-09-28T22:24:09.068695Z,refresh,18431,1705253,10,2,1,0,1790721000,2026-09-29T22:30:00Z
2026-09-28T22:24:09.068695Z,refresh,18432,1705254,30,7,1,0,1790721000,2026-09-29T22:30:00Z
2026-09-28T22:24:09.068695Z,refresh,18433,1705255,10,2,1,0,1790721000,2026-09-29T22:30:00Z
2026-09-28T22:24:09.068695Z,refresh,18434,1705256,30,6,1,0,1790721000,2026-09-29T22:30:00Z
2026-09-28T22:24:09.068695Z,refresh,18435,1705257,25,5,1,0,1790721000,2026-09-29T22:30:00Z
2026-09-28T22:24:09.068695Z,refresh,18436,1705258,15,3,1,0,1790721000,2026-09-29T22:30:00Z
2026-09-28T22:24:09.068695Z,refresh,18437,1705259,5,1,1,0,1790721000,2026-09-29T22:30:00Z
2026-09-28T22:24:09.068695Z,refresh,18438,1705260,5,1,1,0,1790721000,2026-09-29T22:30:00Z
2026-09-28T22:24:09.068695Z,refresh,18439,1705261,105,22,1,0,1790721000,2026-09-29T22:30:00Z
2026-09-28T22:24:09.068695Z,refresh,18440,1705262,25,4,1,0,1790721000,2026-09-29T22:30:00Z
2026-09-28T22:24:09.068695Z,refresh,18441,1705263,100,6,1,0,1790721000,2026-09-29T22:30:00Z
2026-09-28T22:24:09.068695Z,refresh,18442,1705264,5,1,1,0,1790721000,2026-09-29T22:30:00Z
2026-09-28T22:24:09.068695Z,refresh,18443,1705265,25,5,1,0,1790721000,2026-09-29T22:30:00Z
2026-09-28T22:24:09.068695Z,refresh,18444,1705266,10,2,1,0,1790721000,2026-09-29T22:30:00Z
2026-09-28T22:24:09.068695Z,refresh,18445,1705267,5,1,1,0,1790721000,2026-09-29T22:30:00Z
2026-09-28T22:24:09.068695Z,refresh,18446,1705268,30,6,1,0,1790721000,2026-09-29T22:30:00Z
2026-09-28T22:24:09.068695Z,refresh,18447,1705269,10,2,1,0,1790721000,2026-09-29T22:30:00Z
2026-09-28T22:24:09.068695Z,refresh,18448,1705270,10,2,1,0,1790721000,2026-09-29T22:30:00Z
2026-09-28T22:24:09.068695Z,refresh,18449,1705271,10,2,1,0,1790721000,2026-09-29T22:30:00Z
2026-09-28T22:24:09.068695Z,refresh,18450,1705272,5,1,1,0,1790721000,2026-09-29T22:30:00Z
2026-09-28T22:24:09.068695Z,refresh,18451,1705273,106,14,1,0,1790721000,2026-09-29T22:30:00Z
2026-09-28T22:24:09.068695Z,refresh,18452,1705274,10,2,1,0,1790721000,2026-09-29T22:30:00Z
2026-09-28T22:24:09.068695Z,refresh,18453,1705275,105,4,1,0,1790721000,2026-09-29T22:30:00Z
2026-09-28T22:24:09.068695Z,refresh,18454,1705276,15,4,1,0,1790721000,2026-09-29T22:30:00Z
2026-09-28T22:24:09.068695Z,refresh,18455,1705277,30,7,1,0,1790721000,2026-09-29T22:30:00Z
2026-09-28T22:24:09.068695Z,refresh,18456,1705278,10,2,1,0,1790721000,2026-09-29T22:30:00Z
2026-09-28T22:24:09.068695Z,refresh,18457,1705279,5,1,1,0,1790721000,2026-09-29T22:30:00Z
2026-09-28T22:24:09.068695Z,refresh,18458,1705280,25,5,1,0,1790721000,2026-09-29T22:30:00Z
2026-09-28T22:24:09.068695Z,refresh,18459,1705281,10,2,1,0,1790721000,2026-09-29T22:30:00Z
2026-09-28T22:24:09.068695Z,refresh,18460,1705282,5,1,1,0,1790721000,2026-09-29T22:30:00Z
2026-09-28T22:24:09.068695Z,refresh,18461,1705283,5,1,1,0,1790721000,2026-09-29T22:30:00Z
2026-09-28T22:24:09.068695Z,refresh,18462,1705284,20,4,1,0,1790721000,2026-09-29T22:30:00Z
2026-09-28T22:24:09.068695Z,refresh,18463,1705285,110,14,1,0,1790721000,2026-09-29T22:30:00Z
2026-09-28T22:24:09.068695Z,refresh,18464,1705286,5,1,1,0,1790721000,2026-09-29T22:30:00Z
2026-09-28T22:24:09.068695Z,refresh,18465,1705287,55,9,1,0,1790721000,2026-09-29T22:30:00Z
2026-09-28T22:24:09.068695Z,refresh,18466,1705288,10,2,1,0,1790721000,2026-09-29T22:30:00Z
2026-09-28T22:24:09.068695Z,refresh,30-1329,1799843,5,1,1,0,1790722800,2026-09-29T23:00:00Z
2026-09-28T22:24:09.068695Z,refresh,30-1330,1799850,5,1,1,0,1790722800,2026-09-29T23:00:00Z
2026-09-28T22:24:09.068695Z,refresh,30-1331,1799864,15,4,1,0,1790722800,2026-09-29T23:00:00Z
2026-09-28T22:24:09.068695Z,refresh,18467,1705289,5,1,1,0,1790722800,2026-09-29T23:00:00Z
2026-09-28T22:24:09.068695Z,refresh,18468,1705290,5,0,1,0,1790722800,2026-09-29T23:00:00Z
2026-09-28T22:24:09.068695Z,refresh,18469,1705291,5,1,1,0,1790722800,2026-09-29T23:00:00Z
2026-09-28T22:24:09.068695Z,refresh,18470,1705292,5,0,1,0,1790722800,2026-09-29T23:00:00Z
2026-09-28T22:24:09.068695Z,refresh,18471,1705293,5,1,1,0,1790722800,2026-09-29T23:00:00Z
2026-09-28T22:24:09.068695Z,refresh,18472,1705294,5,1,1,0,1790722800,2026-09-29T23:00:00Z
2026-09-28T22:24:09.068695Z,refresh,18473,1705295,20,4,1,0,1790722800,2026-09-29T23:00:00Z
2026-09-28T22:24:09.068695Z,refresh,18474,1705296,10,2,1,0,1790722800,2026-09-29T23:00:00Z
2026-09-28T22:24:09.068695Z,refresh,18475,1705297,10,2,1,0,1790722800,2026-09-29T23:00:00Z
2026-09-28T22:24:09.068695Z,refresh,18476,1705298,5,1,1,0,1790722800,2026-09-29T23:00:00Z
2026-09-28T22:24:09.068695Z,refresh,18477,1705299,5,1,1,0,1790722800,2026-09-29T23:00:00Z
2026-09-28T22:24:09.068695Z,refresh,18478,1705300,5,1,1,0,1790722800,2026-09-29T23:00:00Z
2026-09-28T22:24:09.068695Z,refresh,18479,1705301,5,1,1,0,1790722800,2026-09-29T23:00:00Z
2026-09-28T22:24:09.068695Z,refresh,18480,1705302,15,3,1,0,1790722800,2026-09-29T23:00:00Z
2026-09-28T22:24:09.068695Z,refresh,18481,1705303,10,2,1,0,1790722800,2026-09-29T23:00:00Z
2026-09-28T22:24:09.068695Z,refresh,18482,1705304,15,3,1,0,1790722800,2026-09-29T23:00:00Z
2026-09-28T22:24:09.068695Z,refresh,18483,1705305,15,4,1,0,1790722800,2026-09-29T23:00:00Z
2026-09-28T22:24:09.068695Z,refresh,18484,1705306,5,1,1,0,1790722800,2026-09-29T23:00:00Z
2026-09-28T22:24:09.068695Z,refresh,18485,1705307,10,2,1,0,1790722800,2026-09-29T23:00:00Z
2026-09-28T22:24:09.068695Z,refresh,18486,1705308,5,1,1,0,1790722800,2026-09-29T23:00:00Z
2026-09-28T22:24:09.068695Z,refresh,18487,1705309,25,4,1,0,1790722800,2026-09-29T23:00:00Z
2026-09-28T22:24:09.068695Z,refresh,18488,1705310,5,1,1,0,1790722800,2026-09-29T23:00:00Z
2026-09-28T22:24:09.068695Z,refresh,18489,1705311,25,4,1,0,1790722800,2026-09-29T23:00:00Z
2026-09-28T22:24:09.068695Z,refresh,18490,1705312,55,6,1,0,1790722800,2026-09-29T23:00:00Z
2026-09-28T22:24:09.068695Z,refresh,18491,1705313,55,9,1,0,1790722800,2026-09-29T23:00:00Z
2026-09-28T22:24:09.068695Z,refresh,18492,1705314,5,1,1,0,1790722800,2026-09-29T23:00:00Z
2026-09-28T22:24:09.068695Z,refresh,18493,1705315,10,2,1,0,1790722800,2026-09-29T23:00:00Z
2026-09-28T22:24:09.068695Z,refresh,18494,1705316,10,2,1,0,1790722800,2026-09-29T23:00:00Z
2026-09-28T22:24:09.068695Z,refresh,18495,1705317,5,1,1,0,1790722800,2026-09-29T23:00:00Z
2026-09-28T22:24:09.068695Z,refresh,18496,1705318,50,10,1,0,1790722800,2026-09-29T23:00:00Z
2026-09-28T22:24:09.068695Z,refresh,18497,1705319,10,2,1,0,1790722800,2026-09-29T23:00:00Z
2026-09-28T22:24:09.068695Z,refresh,18498,1705320,10,2,1,0,1790722800,2026-09-29T23:00:00Z
2026-09-28T22:24:09.068695Z,refresh,18499,1705321,10,2,1,0,1790722800,2026-09-29T23:00:00Z
2026-09-28T22:24:09.068695Z,refresh,18500,1705322,10,2,1,0,1790722800,2026-09-29T23:00:00Z
2026-09-28T22:24:09.068695Z,refresh,18501,1705323,5,1,1,0,1790722800,2026-09-29T23:00:00Z
2026-09-28T22:24:09.068695Z,refresh,18502,1705324,10,2,1,0,1790722800,2026-09-29T23:00:00Z
2026-09-28T22:24:09.068695Z,refresh,18503,1705325,25,5,1,0,1790722800,2026-09-29T23:00:00Z
2026-09-28T22:24:09.068695Z,refresh,18504,1705326,10,2,1,0,1790722800,2026-09-29T23:00:00Z
2026-09-28T22:24:09.068695Z,refresh,18505,1705327,15,3,1,0,1790722800,2026-09-29T23:00:00Z
2026-09-28T22:24:09.068695Z,refresh,18506,1705328,10,2,1,0,1790722800,2026-09-29T23:00:00Z
2026-09-28T22:24:09.068695Z,refresh,18507,1705329,10,2,1,0,1790722800,2026-09-29T23:00:00Z
2026-09-28T22:24:09.068695Z,refresh,18508,1705330,5,1,1,0,1790722800,2026-09-29T23:00:00Z
2026-09-28T22:24:09.068695Z,refresh,18509,1705331,10,2,1,0,1790722800,2026-09-29T23:00:00Z
2026-09-28T22:24:09.068695Z,refresh,18510,1705332,10,2,1,0,1790722800,2026-09-29T23:00:00Z
2026-09-28T22:24:09.068695Z,refresh,18511,1705333,10,2,1,0,1790722800,2026-09-29T23:00:00Z
2026-09-28T22:24:09.068695Z,refresh,18512,1705334,40,9,1,0,1790722800,2026-09-29T23:00:00Z
2026-09-28T22:24:09.068695Z,refresh,18513,1705335,10,2,1,0,1790722800,2026-09-29T23:00:00Z
2026-09-28T22:24:09.068695Z,refresh,18514,1705336,35,8,1,0,1790722800,2026-09-29T23:00:00Z
2026-09-28T22:24:09.068695Z,refresh,18515,1705337,20,5,1,0,1790722800,2026-09-29T23:00:00Z
2026-09-28T22:24:09.068695Z,refresh,18516,1705338,5,1,1,0,1790722800,2026-09-29T23:00:00Z
2026-09-28T22:24:09.068695Z,refresh,18517,1705339,20,3,1,0,1790722800,2026-09-29T23:00:00Z
2026-09-28T22:24:09.068695Z,refresh,18518,1705340,5,1,1,0,1790722800,2026-09-29T23:00:00Z
2026-09-28T22:24:09.068695Z,refresh,18519,1705341,80,5,1,0,1790722800,2026-09-29T23:00:00Z
2026-09-28T22:24:09.068695Z,refresh,18520,1705342,25,6,1,0,1790722800,2026-09-29T23:00:00Z
2026-09-28T22:24:09.068695Z,refresh,18521,1705343,5,1,1,0,1790722800,2026-09-29T23:00:00Z
2026-09-28T22:24:09.068695Z,refresh,18522,1705344,30,6,1,0,1790722800,2026-09-29T23:00:00Z
2026-09-28T22:24:09.068695Z,refresh,18523,1705345,10,2,1,0,1790722800,2026-09-29T23:00:00Z
2026-09-28T22:24:09.068695Z,refresh,18524,1705346,50,5,1,0,1790722800,2026-09-29T23:00:00Z
2026-09-28T22:24:09.068695Z,refresh,18525,1705347,25,6,1,0,1790722800,2026-09-29T23:00:00Z
2026-09-28T22:24:09.068695Z,refresh,18526,1705348,5,1,1,0,1790722800,2026-09-29T23:00:00Z
2026-09-28T22:24:09.068695Z,refresh,18527,1705349,15,3,1,0,1790722800,2026-09-29T23:00:00Z
2026-09-28T22:24:09.068695Z,refresh,18528,1705350,20,5,1,0,1790722800,2026-09-29T23:00:00Z
2026-09-28T22:24:09.068695Z,refresh,18529,1705351,40,9,1,0,1790722800,2026-09-29T23:00:00Z
2026-09-28T22:24:09.068695Z,refresh,18530,1705352,5,1,1,0,1790722800,2026-09-29T23:00:00Z
2026-09-28T22:24:09.068695Z,refresh,18531,1705353,5,0,1,0,1790722800,2026-09-29T23:00:00Z
2026-09-28T22:24:09.068695Z,refresh,18532,1705354,35,7,1,0,1790722800,2026-09-29T23:00:00Z
2026-09-28T22:24:09.068695Z,refresh,18533,1705355,25,5,1,0,1790722800,2026-09-29T23:00:00Z
2026-09-28T22:24:09.068695Z,refresh,18534,1705356,10,2,1,0,1790722800,2026-09-29T23:00:00Z
2026-09-28T22:24:09.068695Z,refresh,18535,1705357,20,4,1,0,1790722800,2026-09-29T23:00:00Z
2026-09-28T22:24:09.068695Z,refresh,18536,1705358,5,1,1,0,1790722800,2026-09-29T23:00:00Z
2026-09-28T22:24:09.068695Z,refresh,18537,1705359,5,1,1,0,1790722800,2026-09-29T23:00:00Z
2026-09-28T22:24:09.068695Z,refresh,18538,1705360,5,1,1,0,1790722800,2026-09-29T23:00:00Z
2026-09-28T22:24:09.068695Z,refresh,18539,1705361,5,0,1,0,1790722800,2026-09-29T23:00:00Z
2026-09-28T22:24:09.068695Z,refresh,18540,1705362,5,0,1,0,1790722800,2026-09-29T23:00:00Z
2026-09-28T22:24:09.068695Z,refresh,18541,1705363,245,36,1,0,1790722800,2026-09-29T23:00:00Z
2026-09-28T22:24:09.068695Z,refresh,18542,1705364,10,2,1,0,1790722800,2026-09-29T23:00:00Z
2026-09-28T22:24:09.068695Z,refresh,18543,1705365,55,4,1,0,1790722800,2026-09-29T23:00:00Z
2026-09-28T22:24:09.068695Z,refresh,18544,1705366,10,2,1,0,1790722800,2026-09-29T23:00:00Z
2026-09-28T22:24:09.068695Z,refresh,18545,1705367,35,4,1,0,1790722800,2026-09-29T23:00:00Z
2026-09-28T22:24:09.068695Z,refresh,18546,1705368,5,0,1,0,1790722800,2026-09-29T23:00:00Z
2026-09-28T22:24:09.068695Z,refresh,18547,1705369,5,1,1,0,1790722800,2026-09-29T23:00:00Z
2026-09-28T22:24:09.068695Z,refresh,18548,1705370,5,1,1,0,1790722800,2026-09-29T23:00:00Z
2026-09-28T22:24:09.068695Z,refresh,18549,1705371,5,0,1,0,1790722800,2026-09-29T23:00:00Z
2026-09-28T22:24:09.068695Z,refresh,18550,1705372,355,53,1,0,1790722800,2026-09-29T23:00:00Z
2026-09-28T22:24:09.068695Z,refresh,18551,1705373,30,3,1,0,1790722800,2026-09-29T23:00:00Z
2026-09-28T22:24:09.068695Z,refresh,18552,1705374,5,1,1,0,1790722800,2026-09-29T23:00:00Z
2026-09-28T22:24:09.068695Z,refresh,18553,1705375,5,0,1,0,1790722800,2026-09-29T23:00:00Z
2026-09-28T22:24:09.068695Z,refresh,18554,1705376,310,30,1,0,1790722800,2026-09-29T23:00:00Z
2026-09-28T22:24:09.068695Z,refresh,18555,1705377,70,11,1,0,1790722800,2026-09-29T23:00:00Z
2026-09-28T22:24:09.068695Z,refresh,18556,1705378,5,1,1,0,1790722800,2026-09-29T23:00:00Z
2026-09-28T22:24:09.068695Z,refresh,18557,1705379,10,2,1,0,1790722800,2026-09-29T23:00:00Z
2026-09-28T22:24:09.068695Z,refresh,18558,1705380,5,1,1,0,1790722800,2026-09-29T23:00:00Z
2026-09-28T22:24:09.068695Z,refresh,18559,1705381,10,2,1,0,1790722800,2026-09-29T23:00:00Z
2026-09-28T22:24:09.068695Z,refresh,18560,1705382,30,4,1,0,1790722800,2026-09-29T23:00:00Z
2026-09-28T22:24:09.068695Z,refresh,18561,1705383,5,1,1,0,1790722800,2026-09-29T23:00:00Z
2026-09-28T22:24:09.068695Z,refresh,30-1333,1799925,5,1,1,0,1790724600,2026-09-29T23:30:00Z
2026-09-28T22:24:09.068695Z,refresh,18223,1705434,10,2,1,0,1790724600,2026-09-29T23:30:00Z
2026-09-28T22:24:09.068695Z,refresh,18224,1705435,5,1,1,0,1790724600,2026-09-29T23:30:00Z
2026-09-28T22:24:09.068695Z,refresh,18225,1705436,5,1,1,0,1790724600,2026-09-29T23:30:00Z
2026-09-28T22:24:09.068695Z,refresh,18226,1705437,205,12,1,0,1790724600,2026-09-29T23:30:00Z
2026-09-28T22:24:09.068695Z,refresh,18250,1705438,115,15,1,0,1790724600,2026-09-29T23:30:00Z
2026-09-28T22:24:09.068695Z,refresh,18251,1705439,5,1,1,0,1790724600,2026-09-29T23:30:00Z
2026-09-28T22:24:09.068695Z,refresh,18252,1705440,10,2,1,0,1790724600,2026-09-29T23:30:00Z
2026-09-28T22:24:09.068695Z,refresh,18253,1705441,5,1,1,0,1790724600,2026-09-29T23:30:00Z
2026-09-28T22:24:09.068695Z,refresh,18254,1705442,5,0,1,0,1790724600,2026-09-29T23:30:00Z
2026-09-28T22:24:09.068695Z,refresh,18255,1705443,5,0,1,0,1790724600,2026-09-29T23:30:00Z
2026-09-28T22:24:09.068695Z,refresh,18256,1705444,5,0,1,0,1790724600,2026-09-29T23:30:00Z
2026-09-28T22:24:09.068695Z,refresh,18257,1705445,10,2,1,0,1790724600,2026-09-29T23:30:00Z
2026-09-28T22:24:09.068695Z,refresh,18258,1705446,5,1,1,0,1790724600,2026-09-29T23:30:00Z
2026-09-28T22:24:09.068695Z,refresh,18259,1705447,10,2,1,0,1790724600,2026-09-29T23:30:00Z
2026-09-28T22:24:09.068695Z,refresh,18260,1705448,255,10,1,0,1790724600,2026-09-29T23:30:00Z
2026-09-28T22:24:09.068695Z,refresh,18261,1705449,15,3,1,0,1790724600,2026-09-29T23:30:00Z
2026-09-28T22:24:09.068695Z,refresh,18262,1705450,55,4,1,0,1790724600,2026-09-29T23:30:00Z
2026-09-28T22:24:09.068695Z,refresh,18263,1705451,5,0,1,0,1790724600,2026-09-29T23:30:00Z
2026-09-28T22:24:09.068695Z,refresh,18264,1705452,5,1,1,0,1790724600,2026-09-29T23:30:00Z
2026-09-28T22:24:09.068695Z,refresh,18265,1705453,5,1,1,0,1790724600,2026-09-29T23:30:00Z
2026-09-28T22:24:09.068695Z,refresh,18266,1705454,10,2,1,0,1790724600,2026-09-29T23:30:00Z
2026-09-28T22:24:09.068695Z,refresh,18267,1705455,10,2,1,0,1790724600,2026-09-29T23:30:00Z
2026-09-28T22:24:09.068695Z,refresh,18268,1705456,5,1,1,0,1790724600,2026-09-29T23:30:00Z
2026-09-28T22:24:09.068695Z,refresh,18269,1705457,20,4,1,0,1790724600,2026-09-29T23:30:00Z
2026-09-28T22:24:09.068695Z,refresh,18270,1705458,5,1,1,0,1790724600,2026-09-29T23:30:00Z
2026-09-28T22:24:09.068695Z,refresh,18271,1705459,10,2,1,0,1790724600,2026-09-29T23:30:00Z
2026-09-28T22:24:09.068695Z,refresh,18272,1705460,5,1,1,0,1790724600,2026-09-29T23:30:00Z
2026-09-28T22:24:09.068695Z,refresh,18273,1705461,5,1,1,0,1790724600,2026-09-29T23:30:00Z
2026-09-28T22:24:09.068695Z,refresh,18274,1705462,5,0,1,0,1790724600,2026-09-29T23:30:00Z
2026-09-28T22:24:09.068695Z,refresh,18275,1705463,5,1,1,0,1790724600,2026-09-29T23:30:00Z
2026-09-28T22:24:09.068695Z,refresh,18276,1705464,5,1,1,0,1790724600,2026-09-29T23:30:00Z
2026-09-28T22:24:09.068695Z,refresh,18277,1705465,5,0,1,0,1790724600,2026-09-29T23:30:00Z
2026-09-28T22:24:09.068695Z,refresh,18278,1705466,5,0,1,0,1790724600,2026-09-29T23:30:00Z
2026-09-28T22:24:09.068695Z,refresh,18279,1705467,5,0,1,0,1790724600,2026-09-29T23:30:00Z
2026-09-28T22:24:09.068695Z,refresh,18280,1705468,5,1,1,0,1790724600,2026-09-29T23:30:00Z
2026-09-28T22:24:09.068695Z,refresh,18281,1705469,5,0,1,0,1790724600,2026-09-29T23:30:00Z
2026-09-28T22:24:09.068695Z,refresh,18282,1705470,180,18,1,0,1790724600,2026-09-29T23:30:00Z
2026-09-28T22:24:09.068695Z,refresh,18283,1705471,5,1,1,0,1790724600,2026-09-29T23:30:00Z
2026-09-28T22:24:09.068695Z,refresh,18284,1705472,5,0,1,0,1790724600,2026-09-29T23:30:00Z
2026-09-28T22:24:09.068695Z,refresh,18285,1705473,5,1,1,0,1790724600,2026-09-29T23:30:00Z
2026-09-28T22:24:09.068695Z,refresh,18286,1705474,5,1,1,0,1790724600,2026-09-29T23:30:00Z
2026-09-28T22:24:09.068695Z,refresh,18287,1705475,5,0,1,0,1790724600,2026-09-29T23:30:00Z
2026-09-28T22:24:09.068695Z,refresh,18288,1705476,5,0,1,0,1790724600,2026-09-29T23:30:00Z
2026-09-28T22:24:09.068695Z,refresh,18289,1705477,10,2,1,0,1790724600,2026-09-29T23:30:00Z
2026-09-28T22:24:09.068695Z,refresh,18290,1705478,200,24,1,0,1790724600,2026-09-29T23:30:00Z
2026-09-28T22:24:09.068695Z,refresh,18562,1705384,5,1,1,0,1790724600,2026-09-29T23:30:00Z
2026-09-28T22:24:09.068695Z,refresh,18563,1705385,5,1,1,0,1790724600,2026-09-29T23:30:00Z
2026-09-28T22:24:09.068695Z,refresh,18564,1705386,15,3,1,0,1790724600,2026-09-29T23:30:00Z
2026-09-28T22:24:09.068695Z,refresh,18565,1705387,15,3,1,0,1790724600,2026-09-29T23:30:00Z
2026-09-28T22:24:09.068695Z,refresh,18566,1705388,10,2,1,0,1790724600,2026-09-29T23:30:00Z
2026-09-28T22:24:09.068695Z,refresh,18567,1705389,5,1,1,0,1790724600,2026-09-29T23:30:00Z
2026-09-28T22:24:09.068695Z,refresh,18568,1705390,5,1,1,0,1790724600,2026-09-29T23:30:00Z
2026-09-28T22:24:09.068695Z,refresh,18569,1705391,10,2,1,0,1790724600,2026-09-29T23:30:00Z
2026-09-28T22:24:09.068695Z,refresh,18570,1705392,15,3,1,0,1790724600,2026-09-29T23:30:00Z
2026-09-28T22:24:09.068695Z,refresh,18571,1705393,5,1,1,0,1790724600,2026-09-29T23:30:00Z
2026-09-28T22:24:09.068695Z,refresh,18572,1705394,55,4,1,0,1790724600,2026-09-29T23:30:00Z
2026-09-28T22:24:09.068695Z,refresh,18573,1705395,10,2,1,0,1790724600,2026-09-29T23:30:00Z
2026-09-28T22:24:09.068695Z,refresh,18574,1705396,5,1,1,0,1790724600,2026-09-29T23:30:00Z
2026-09-28T22:24:09.068695Z,refresh,18575,1705397,105,5,1,0,1790724600,2026-09-29T23:30:00Z
2026-09-28T22:24:09.068695Z,refresh,18576,1705398,35,6,1,0,1790724600,2026-09-29T23:30:00Z
2026-09-28T22:24:09.068695Z,refresh,18577,1705399,20,4,1,0,1790724600,2026-09-29T23:30:00Z
2026-09-28T22:24:09.068695Z,refresh,18578,1705400,5,1,1,0,1790724600,2026-09-29T23:30:00Z
2026-09-28T22:24:09.068695Z,refresh,18579,1705401,25,6,1,0,1790724600,2026-09-29T23:30:00Z
2026-09-28T22:24:09.068695Z,refresh,18580,1705402,460,8,1,0,1790724600,2026-09-29T23:30:00Z
2026-09-28T22:24:09.068695Z,refresh,18581,1705403,10,2,1,0,1790724600,2026-09-29T23:30:00Z
2026-09-28T22:24:09.068695Z,refresh,18582,1705404,5,1,1,0,1790724600,2026-09-29T23:30:00Z
2026-09-28T22:24:09.068695Z,refresh,18583,1705405,5,1,1,0,1790724600,2026-09-29T23:30:00Z
2026-09-28T22:24:09.068695Z,refresh,18584,1705406,25,5,1,0,1790724600,2026-09-29T23:30:00Z
2026-09-28T22:24:09.068695Z,refresh,18585,1705407,5,1,1,0,1790724600,2026-09-29T23:30:00Z
2026-09-28T22:24:09.068695Z,refresh,18586,1705408,5,1,1,0,1790724600,2026-09-29T23:30:00Z
2026-09-28T22:24:09.068695Z,refresh,18587,1705409,55,5,1,0,1790724600,2026-09-29T23:30:00Z
2026-09-28T22:24:09.068695Z,refresh,18588,1705410,55,5,1,0,1790724600,2026-09-29T23:30:00Z
2026-09-28T22:24:09.068695Z,refresh,18589,1705411,5,1,1,0,1790724600,2026-09-29T23:30:00Z
2026-09-28T22:24:09.068695Z,refresh,18590,1705412,5,1,1,0,1790724600,2026-09-29T23:30:00Z
2026-09-28T22:24:09.068695Z,refresh,18591,1705413,5,1,1,0,1790724600,2026-09-29T23:30:00Z
2026-09-28T22:24:09.068695Z,refresh,18592,1705414,5,1,1,0,1790724600,2026-09-29T23:30:00Z
2026-09-28T22:24:09.068695Z,refresh,18593,1705415,10,2,1,0,1790724600,2026-09-29T23:30:00Z
2026-09-28T22:24:09.068695Z,refresh,18594,1705416,10,2,1,0,1790724600,2026-09-29T23:30:00Z
2026-09-28T22:24:09.068695Z,refresh,18595,1705417,5,1,1,0,1790724600,2026-09-29T23:30:00Z
2026-09-28T22:24:09.068695Z,refresh,18596,1705418,5,0,1,0,1790724600,2026-09-29T23:30:00Z
2026-09-28T22:24:09.068695Z,refresh,18597,1705419,105,16,1,0,1790724600,2026-09-29T23:30:00Z
2026-09-28T22:24:09.068695Z,refresh,18598,1705420,10,2,1,0,1790724600,2026-09-29T23:30:00Z
2026-09-28T22:24:09.068695Z,refresh,18599,1705421,30,6,1,0,1790724600,2026-09-29T23:30:00Z
2026-09-28T22:24:09.068695Z,refresh,18600,1705422,30,6,1,0,1790724600,2026-09-29T23:30:00Z
2026-09-28T22:24:09.068695Z,refresh,18601,1705423,40,5,1,0,1790724600,2026-09-29T23:30:00Z
2026-09-28T22:24:09.068695Z,refresh,18602,1705424,5,1,1,0,1790724600,2026-09-29T23:30:00Z
2026-09-28T22:24:09.068695Z,refresh,18603,1705425,5,1,1,0,1790724600,2026-09-29T23:30:00Z
2026-09-28T22:24:09.068695Z,refresh,18604,1705426,10,2,1,0,1790724600,2026-09-29T23:30:00Z
2026-09-28T22:24:09.068695Z,refresh,18605,1705427,30,5,1,0,1790724600,2026-09-29T23:30:00Z
2026-09-28T22:24:09.068695Z,refresh,18606,1705428,10,2,1,0,1790724600,2026-09-29T23:30:00Z
2026-09-28T22:24:09.068695Z,refresh,18607,1705429,5,0,1,0,1790724600,2026-09-29T23:30:00Z
2026-09-28T22:24:09.068695Z,refresh,18608,1705430,5,1,1,0,1790724600,2026-09-29T23:30:00Z
2026-09-28T22:24:09.068695Z,refresh,18609,1705431,15,3,1,0,1790724600,2026-09-29T23:30:00Z
2026-09-28T22:24:09.068695Z,refresh,18610,1705432,5,1,1,0,1790724600,2026-09-29T23:30:00Z
2026-09-28T22:24:09.068695Z,refresh,18611,1705433,5,1,1,0,1790724600,2026-09-29T23:30:00Z
2026-09-28T22:24:09.068695Z,refresh,18612,1723322,155,17,1,0,1790724600,2026-09-29T23:30:00Z
2026-09-28T22:24:09.068695Z,refresh,18291,1705479,10,2,1,0,1790726400,2026-09-30T00:00:00Z
2026-09-28T22:24:09.068695Z,refresh,18292,1705480,5,1,1,0,1790726400,2026-09-30T00:00:00Z
2026-09-28T22:24:09.068695Z,refresh,18293,1705481,35,7,1,0,1790726400,2026-09-30T00:00:00Z
2026-09-28T22:24:09.068695Z,refresh,18294,1705482,5,1,1,0,1790726400,2026-09-30T00:00:00Z
2026-09-28T22:24:09.068695Z,refresh,18295,1705483,170,20,1,0,1790726400,2026-09-30T00:00:00Z
2026-09-28T22:24:09.068695Z,refresh,18296,1705484,5,1,1,0,1790726400,2026-09-30T00:00:00Z
2026-09-28T22:24:09.068695Z,refresh,18297,1705485,5,1,1,0,1790726400,2026-09-30T00:00:00Z
2026-09-28T22:24:09.068695Z,refresh,18298,1705486,5,1,1,0,1790726400,2026-09-30T00:00:00Z
2026-09-28T22:24:09.068695Z,refresh,18299,1705487,5,1,1,0,1790726400,2026-09-30T00:00:00Z
2026-09-28T22:24:09.068695Z,refresh,18300,1705488,10,2,1,0,1790726400,2026-09-30T00:00:00Z
2026-09-28T22:24:09.068695Z,refresh,18301,1705489,30,6,1,0,1790726400,2026-09-30T00:00:00Z
2026-09-28T22:24:09.068695Z,refresh,18302,1705490,10,2,1,0,1790726400,2026-09-30T00:00:00Z
2026-09-28T22:24:09.068695Z,refresh,18303,1705491,5,1,1,0,1790726400,2026-09-30T00:00:00Z
2026-09-28T22:24:09.068695Z,refresh,18304,1705492,15,4,1,0,1790726400,2026-09-30T00:00:00Z
2026-09-28T22:24:09.068695Z,refresh,18305,1705493,10,2,1,0,1790726400,2026-09-30T00:00:00Z
2026-09-28T22:24:09.068695Z,refresh,18306,1705494,15,3,1,0,1790726400,2026-09-30T00:00:00Z
2026-09-28T22:24:09.068695Z,refresh,18307,1705495,10,2,1,0,1790726400,2026-09-30T00:00:00Z
2026-09-28T22:24:09.068695Z,refresh,18308,1705496,5,1,1,0,1790726400,2026-09-30T00:00:00Z
2026-09-28T22:24:09.068695Z,refresh,18309,1705497,10,2,1,0,1790726400,2026-09-30T00:00:00Z
2026-09-28T22:24:09.068695Z,refresh,18310,1705498,15,3,1,0,1790726400,2026-09-30T00:00:00Z
2026-09-28T22:24:09.068695Z,refresh,18311,1705499,10,2,1,0,1790726400,2026-09-30T00:00:00Z
2026-09-28T22:24:09.068695Z,refresh,18312,1705500,1705,23,1,0,1790726400,2026-09-30T00:00:00Z
2026-09-28T22:24:09.068695Z,refresh,18313,1705501,15,4,1,0,1790726400,2026-09-30T00:00:00Z
2026-09-28T22:24:09.068695Z,refresh,18314,1705502,5,1,1,0,1790726400,2026-09-30T00:00:00Z
2026-09-28T22:24:09.068695Z,refresh,18315,1705503,40,5,1,0,1790726400,2026-09-30T00:00:00Z
2026-09-28T22:24:09.068695Z,refresh,18316,1705504,15,3,1,0,1790726400,2026-09-30T00:00:00Z
2026-09-28T22:24:09.068695Z,refresh,18317,1705505,5,0,1,0,1790726400,2026-09-30T00:00:00Z
2026-09-28T22:24:09.068695Z,refresh,18318,1705506,5,1,1,0,1790726400,2026-09-30T00:00:00Z
2026-09-28T22:24:09.068695Z,refresh,18319,1705507,10,2,1,0,1790726400,2026-09-30T00:00:00Z
2026-09-28T22:24:09.068695Z,refresh,18320,1705508,5,1,1,0,1790726400,2026-09-30T00:00:00Z
2026-09-28T22:24:09.068695Z,refresh,18321,1705509,5,1,1,0,1790726400,2026-09-30T00:00:00Z
2026-09-28T22:24:09.068695Z,refresh,18322,1705510,5,1,1,0,1790726400,2026-09-30T00:00:00Z
2026-09-28T22:24:09.068695Z,refresh,18323,1705511,15,3,1,0,1790726400,2026-09-30T00:00:00Z
2026-09-28T22:24:09.068695Z,refresh,18324,1705512,10,2,1,0,1790726400,2026-09-30T00:00:00Z
2026-09-28T22:24:09.068695Z,refresh,18325,1705513,50,9,1,0,1790726400,2026-09-30T00:00:00Z
2026-09-28T22:24:09.068695Z,refresh,18326,1705514,50,10,1,0,1790726400,2026-09-30T00:00:00Z
2026-09-28T22:24:09.068695Z,refresh,18327,1705515,15,3,1,0,1790726400,2026-09-30T00:00:00Z
2026-09-28T22:24:09.068695Z,refresh,18328,1705516,775,17,1,0,1790726400,2026-09-30T00:00:00Z
2026-09-28T22:24:09.068695Z,refresh,18329,1705517,1950,29,1,0,1790726400,2026-09-30T00:00:00Z
2026-09-28T22:24:09.068695Z,refresh,18330,1705518,5,1,1,0,1790726400,2026-09-30T00:00:00Z
2026-09-28T22:24:09.068695Z,refresh,18331,1705519,5,1,1,0,1790726400,2026-09-30T00:00:00Z
2026-09-28T22:24:09.068695Z,refresh,18332,1705520,5,1,1,0,1790726400,2026-09-30T00:00:00Z
2026-09-28T22:24:09.068695Z,refresh,18333,1705521,5,1,1,0,1790726400,2026-09-30T00:00:00Z
2026-09-28T22:24:09.068695Z,refresh,18334,1705522,200,30,1,0,1790726400,2026-09-30T00:00:00Z
2026-09-28T22:24:09.068695Z,refresh,18335,1705523,20,4,1,0,1790726400,2026-09-30T00:00:00Z
2026-09-28T22:24:09.068695Z,refresh,18336,1705524,15,3,1,0,1790726400,2026-09-30T00:00:00Z
2026-09-28T22:24:09.068695Z,refresh,18337,1705525,10,2,1,0,1790726400,2026-09-30T00:00:00Z
2026-09-28T22:24:09.068695Z,refresh,18338,1705526,10,2,1,0,1790726400,2026-09-30T00:00:00Z
2026-09-28T22:24:09.068695Z,refresh,18339,1705527,20,4,1,0,1790726400,2026-09-30T00:00:00Z
2026-09-28T22:24:09.068695Z,refresh,18340,1705528,15,3,1,0,1790726400,2026-09-30T00:00:00Z
2026-09-28T22:24:09.068695Z,refresh,18341,1705529,10,2,1,0,1790726400,2026-09-30T00:00:00Z
2026-09-28T22:24:09.068695Z,refresh,18342,1705530,210,37,1,0,1790726400,2026-09-30T00:00:00Z
2026-09-28T22:24:09.068695Z,refresh,18343,1705531,5,1,1,0,1790726400,2026-09-30T00:00:00Z
2026-09-28T22:24:09.068695Z,refresh,18344,1705532,56,4,1,0,1790726400,2026-09-30T00:00:00Z
2026-09-28T22:24:09.068695Z,refresh,18345,1705533,10,2,1,0,1790726400,2026-09-30T00:00:00Z
2026-09-28T22:24:09.068695Z,refresh,18346,1705534,30,6,1,0,1790726400,2026-09-30T00:00:00Z
2026-09-28T22:24:09.068695Z,refresh,18347,1705535,5,1,1,0,1790726400,2026-09-30T00:00:00Z
2026-09-28T22:24:09.068695Z,refresh,18348,1705536,205,6,1,0,1790726400,2026-09-30T00:00:00Z
2026-09-28T22:24:09.068695Z,refresh,18349,1705537,5,1,1,0,1790726400,2026-09-30T00:00:00Z
2026-09-28T22:24:09.068695Z,refresh,18350,1705538,5,1,1,0,1790726400,2026-09-30T00:00:00Z
2026-09-28T22:24:09.068695Z,refresh,18351,1705539,5,1,1,0,1790726400,2026-09-30T00:00:00Z
2026-09-28T22:24:09.068695Z,refresh,18352,1705540,85,17,1,0,1790726400,2026-09-30T00:00:00Z
2026-09-28T22:24:09.068695Z,refresh,18353,1705541,75,15,1,0,1790726400,2026-09-30T00:00:00Z
2026-09-28T22:24:09.068695Z,refresh,18354,1705542,105,4,1,0,1790726400,2026-09-30T00:00:00Z
2026-09-28T22:24:09.068695Z,refresh,18355,1705543,825,14,1,0,1790726400,2026-09-30T00:00:00Z
2026-09-28T22:24:09.068695Z,refresh,18356,1705544,410,8,1,0,1790726400,2026-09-30T00:00:00Z
2026-09-28T22:24:09.068695Z,refresh,18357,1705545,925,33,1,0,1790726400,2026-09-30T00:00:00Z
2026-09-28T22:24:09.068695Z,refresh,18358,1705546,2150,27,1,0,1790726400,2026-09-30T00:00:00Z
2026-09-28T22:24:09.068695Z,refresh,18359,1705547,225,8,1,0,1790726400,2026-09-30T00:00:00Z
2026-09-28T22:24:09.068695Z,refresh,18360,1705548,2250,87,1,0,1790726400,2026-09-30T00:00:00Z
2026-09-28T22:24:09.068695Z,refresh,18361,1705549,3325,74,1,0,1790726400,2026-09-30T00:00:00Z
2026-09-28T22:24:09.068695Z,refresh,18362,1705550,675,11,1,0,1790726400,2026-09-30T00:00:00Z
2026-09-28T22:24:09.068695Z,refresh,18364,1705551,2550,16,1,0,1790726400,2026-09-30T00:00:00Z
2026-09-28T22:24:09.068695Z,refresh,18365,1705552,8050,20,1,0,1790726400,2026-09-30T00:00:00Z
2026-09-28T22:24:09.068695Z,refresh,18366,1705553,760,4,1,0,1790726400,2026-09-30T00:00:00Z
2026-09-28T22:24:09.068695Z,refresh,18367,1705554,2150,24,1,0,1790726400,2026-09-30T00:00:00Z
2026-09-28T22:24:09.068695Z,refresh,18368,1705555,345,9,1,0,1790726400,2026-09-30T00:00:00Z
2026-09-28T22:24:09.068695Z,refresh,18369,1705556,315,11,1,0,1790726400,2026-09-30T00:00:00Z
2026-09-28T22:24:09.068695Z,refresh,18370,1705557,1275,12,1,0,1790726400,2026-09-30T00:00:00Z
2026-09-28T22:24:09.068695Z,refresh,18371,1705558,1136,11,1,0,1790726400,2026-09-30T00:00:00Z
2026-09-28T22:24:09.068695Z,refresh,18372,1705559,8305,5,1,0,1790726400,2026-09-30T00:00:00Z
2026-09-28T22:24:09.068695Z,refresh,18373,1705560,4150,35,1,0,1790726400,2026-09-30T00:00:00Z
2026-09-28T22:24:09.068695Z,refresh,18374,1705561,1550,14,1,0,1790726400,2026-09-30T00:00:00Z
2026-09-28T22:24:09.068695Z,refresh,18375,1705562,2050,21,1,0,1790726400,2026-09-30T00:00:00Z
2026-09-28T22:24:09.068695Z,refresh,18376,1705563,1000,44,1,0,1790726400,2026-09-30T00:00:00Z
2026-09-28T22:24:09.068695Z,refresh,18377,1705564,875,25,1,0,1790726400,2026-09-30T00:00:00Z
2026-09-28T22:24:09.068695Z,refresh,18378,1705565,1650,73,1,0,1790726400,2026-09-30T00:00:00Z
2026-09-28T22:24:09.068695Z,refresh,18379,1705566,1075,80,1,0,1790726400,2026-09-30T00:00:00Z
2026-09-28T22:24:09.068695Z,refresh,18380,1705567,40250,22,1,0,1790726400,2026-09-30T00:00:00Z
2026-09-28T22:24:09.068695Z,refresh,18381,1705568,12100,61,1,0,1790726400,2026-09-30T00:00:00Z
2026-09-28T22:24:09.068695Z,refresh,18382,1705569,20100,44,1,0,1790726400,2026-09-30T00:00:00Z
2026-09-28T22:24:09.068695Z,refresh,18383,1705570,1025,22,1,0,1790726400,2026-09-30T00:00:00Z
2026-09-28T22:24:09.068695Z,refresh,18384,1705571,3550,19,1,0,1790726400,2026-09-30T00:00:00Z
2026-09-28T22:24:09.068695Z,refresh,18385,1705572,115,12,1,0,1790726400,2026-09-30T00:00:00Z
2026-09-28T22:24:09.068695Z,refresh,18386,1705573,110,14,1,0,1790726400,2026-09-30T00:00:00Z
2026-09-28T22:24:09.068695Z,refresh,18387,1705574,100,8,1,0,1790726400,2026-09-30T00:00:00Z
2026-09-28T22:24:09.068695Z,refresh,18388,1705575,10,2,1,0,1790726400,2026-09-30T00:00:00Z
2026-09-28T22:24:09.068695Z,refresh,18613,1723323,5,1,1,0,1790726400,2026-09-30T00:00:00Z
2026-09-28T22:24:09.068695Z,refresh,18614,1723324,560,3,1,0,1790726400,2026-09-30T00:00:00Z
2026-09-28T22:24:09.068695Z,refresh,18615,1722853,505,3,1,0,1790726400,2026-09-30T00:00:00Z
2026-09-28T22:24:09.068695Z,refresh,18616,1723069,810,31,1,0,1790726400,2026-09-30T00:00:00Z
2026-09-28T22:24:09.068695Z,refresh,19094,1717855,4050,16,1,0,1790726400,2026-09-30T00:00:00Z
2026-09-28T23:27:26.582109Z,refresh,30-1332,1799881,5,1,1,0,1790719200,2026-09-29T22:00:00Z
2026-09-28T23:27:26.582109Z,refresh,18100,1705100,175,17,1,0,1790719200,2026-09-29T22:00:00Z
2026-09-28T23:27:26.582109Z,refresh,18101,1705101,150,10,1,0,1790719200,2026-09-29T22:00:00Z
2026-09-28T23:27:26.582109Z,refresh,18102,1705102,155,8,1,0,1790719200,2026-09-29T22:00:00Z
2026-09-28T23:27:26.582109Z,refresh,18103,1705103,25,3,1,0,1790719200,2026-09-29T22:00:00Z
2026-09-28T23:27:26.582109Z,refresh,18104,1705104,100,1,1,0,1790719200,2026-09-29T22:00:00Z
2026-09-28T23:27:26.582109Z,refresh,18105,1705105,30,6,1,0,1790719200,2026-09-29T22:00:00Z
2026-09-28T23:27:26.582109Z,refresh,18106,1705106,10,2,1,0,1790719200,2026-09-29T22:00:00Z
2026-09-28T23:27:26.582109Z,refresh,18107,1705107,5,1,1,0,1790719200,2026-09-29T22:00:00Z
2026-09-28T23:27:26.582109Z,refresh,18108,1705108,15,3,1,0,1790719200,2026-09-29T22:00:00Z
2026-09-28T23:27:26.582109Z,refresh,18109,1705109,5,1,1,0,1790719200,2026-09-29T22:00:00Z
2026-09-28T23:27:26.582109Z,refresh,18110,1705110,30,6,1,0,1790719200,2026-09-29T22:00:00Z
2026-09-28T23:27:26.582109Z,refresh,18111,1705111,5,1,1,0,1790719200,2026-09-29T22:00:00Z
2026-09-28T23:27:26.582109Z,refresh,18112,1705112,5,1,1,0,1790719200,2026-09-29T22:00:00Z
2026-09-28T23:27:26.582109Z,refresh,18113,1705113,5,1,1,0,1790719200,2026-09-29T22:00:00Z
2026-09-28T23:27:26.582109Z,refresh,18114,1705114,170,31,1,0,1790719200,2026-09-29T22:00:00Z
2026-09-28T23:27:26.582109Z,refresh,18115,1705115,10,2,1,0,1790719200,2026-09-29T22:00:00Z
2026-09-28T23:27:26.582109Z,refresh,18116,1705116,65,14,1,0,1790719200,2026-09-29T22:00:00Z
2026-09-28T23:27:26.582109Z,refresh,18117,1705117,55,11,1,0,1790719200,2026-09-29T22:00:00Z
2026-09-28T23:27:26.582109Z,refresh,18118,1705118,35,8,1,0,1790719200,2026-09-29T22:00:00Z
2026-09-28T23:27:26.582109Z,refresh,18119,1705119,205,23,1,0,1790719200,2026-09-29T22:00:00Z
2026-09-28T23:27:26.582109Z,refresh,18120,1705120,30,7,1,0,1790719200,2026-09-29T22:00:00Z
2026-09-28T23:27:26.582109Z,refresh,18121,1705121,5,0,1,0,1790719200,2026-09-29T22:00:00Z
2026-09-28T23:27:26.582109Z,refresh,18122,1705122,5,1,1,0,1790719200,2026-09-29T22:00:00Z
2026-09-28T23:27:26.582109Z,refresh,18123,1705123,165,35,1,0,1790719200,2026-09-29T22:00:00Z
2026-09-28T23:27:26.582109Z,refresh,18124,1705124,205,18,1,0,1790719200,2026-09-29T22:00:00Z
2026-09-28T23:27:26.582109Z,refresh,18125,1705125,115,25,1,0,1790719200,2026-09-29T22:00:00Z
2026-09-28T23:27:26.582109Z,refresh,18126,1705126,30,6,1,0,1790719200,2026-09-29T22:00:00Z
2026-09-28T23:27:26.582109Z,refresh,18127,1705127,155,14,1,0,1790719200,2026-09-29T22:00:00Z
2026-09-28T23:27:26.582109Z,refresh,18128,1705128,150,12,1,0,1790719200,2026-09-29T22:00:00Z
2026-09-28T23:27:26.582109Z,refresh,18129,1705129,10,2,1,0,1790719200,2026-09-29T22:00:00Z
2026-09-28T23:27:26.582109Z,refresh,18130,1705130,55,12,1,0,1790719200,2026-09-29T22:00:00Z
2026-09-28T23:27:26.582109Z,refresh,18131,1705131,5,1,1,0,1790719200,2026-09-29T22:00:00Z
2026-09-28T23:27:26.582109Z,refresh,18132,1705132,5,0,1,0,1790719200,2026-09-29T22:00:00Z
2026-09-28T23:27:26.582109Z,refresh,18133,1705133,35,7,1,0,1790719200,2026-09-29T22:00:00Z
2026-09-28T23:27:26.582109Z,refresh,18134,1705134,205,12,1,0,1790719200,2026-09-29T22:00:00Z
2026-09-28T23:27:26.582109Z,refresh,18135,1705135,105,6,1,0,1790719200,2026-09-29T22:00:00Z
2026-09-28T23:27:26.582109Z,refresh,18136,1705136,5,0,1,0,1790719200,2026-09-29T22:00:00Z
2026-09-28T23:27:26.582109Z,refresh,18137,1705137,10,2,1,0,1790719200,2026-09-29T22:00:00Z
2026-09-28T23:27:26.582109Z,refresh,18138,1705138,30,6,1,0,1790719200,2026-09-29T22:00:00Z
2026-09-28T23:27:26.582109Z,refresh,18139,1705139,100,4,1,0,1790719200,2026-09-29T22:00:00Z
2026-09-28T23:27:26.582109Z,refresh,18140,1705140,30,7,1,0,1790719200,2026-09-29T22:00:00Z
2026-09-28T23:27:26.582109Z,refresh,18141,1705141,5,1,1,0,1790719200,2026-09-29T22:00:00Z
2026-09-28T23:27:26.582109Z,refresh,18142,1705142,5,1,1,0,1790719200,2026-09-29T22:00:00Z
2026-09-28T23:27:26.582109Z,refresh,18143,1705143,5,1,1,0,1790719200,2026-09-29T22:00:00Z
2026-09-28T23:27:26.582109Z,refresh,18144,1705144,5,1,1,0,1790719200,2026-09-29T22:00:00Z
2026-09-28T23:27:26.582109Z,refresh,18145,1705145,5,1,1,0,1790719200,2026-09-29T22:00:00Z
2026-09-28T23:27:26.582109Z,refresh,18146,1705146,5,0,1,0,1790719200,2026-09-29T22:00:00Z
2026-09-28T23:27:26.582109Z,refresh,18147,1705147,205,19,1,0,1790719200,2026-09-29T22:00:00Z
2026-09-28T23:27:26.582109Z,refresh,18148,1705148,155,10,1,0,1790719200,2026-09-29T22:00:00Z
2026-09-28T23:27:26.582109Z,refresh,18149,1705149,30,6,1,0,1790719200,2026-09-29T22:00:00Z
2026-09-28T23:27:26.582109Z,refresh,18150,1705150,45,7,1,0,1790719200,2026-09-29T22:00:00Z
2026-09-28T23:27:26.582109Z,refresh,18151,1705151,33,7,1,0,1790719200,2026-09-29T22:00:00Z
2026-09-28T23:27:26.582109Z,refresh,18152,1705152,5,1,1,0,1790719200,2026-09-29T22:00:00Z
2026-09-28T23:27:26.582109Z,refresh,18153,1705153,5,1,1,0,1790719200,2026-09-29T22:00:00Z
2026-09-28T23:27:26.582109Z,refresh,18154,1705154,36,6,1,0,1790719200,2026-09-29T22:00:00Z
2026-09-28T23:27:26.582109Z,refresh,18156,1705155,5,1,1,0,1790719200,2026-09-29T22:00:00Z
2026-09-28T23:27:26.582109Z,refresh,18157,1705156,55,6,1,0,1790719200,2026-09-29T22:00:00Z
2026-09-28T23:27:26.582109Z,refresh,18158,1705157,5,0,1,0,1790719200,2026-09-29T22:00:00Z
2026-09-28T23:27:26.582109Z,refresh,18159,1705158,20,5,1,0,1790719200,2026-09-29T22:00:00Z
2026-09-28T23:27:26.582109Z,refresh,18160,1705159,5,0,1,0,1790719200,2026-09-29T22:00:00Z
2026-09-28T23:27:26.582109Z,refresh,18161,1705160,5,1,1,0,1790719200,2026-09-29T22:00:00Z
2026-09-28T23:27:26.582109Z,refresh,18162,1705161,5,1,1,0,1790719200,2026-09-29T22:00:00Z
2026-09-28T23:27:26.582109Z,refresh,18163,1705162,10,2,1,0,1790719200,2026-09-29T22:00:00Z
2026-09-28T23:27:26.582109Z,refresh,18164,1705163,40,8,1,0,1790719200,2026-09-29T22:00:00Z
2026-09-28T23:27:26.582109Z,refresh,18165,1705164,5,1,1,0,1790719200,2026-09-29T22:00:00Z
2026-09-28T23:27:26.582109Z,refresh,18166,1705165,105,16,1,0,1790719200,2026-09-29T22:00:00Z
2026-09-28T23:27:26.582109Z,refresh,18167,1705166,15,3,1,0,1790719200,2026-09-29T22:00:00Z
2026-09-28T23:27:26.582109Z,refresh,18168,1705167,60,11,1,0,1790719200,2026-09-29T22:00:00Z
2026-09-28T23:27:26.582109Z,refresh,18169,1705168,35,8,1,0,1790719200,2026-09-29T22:00:00Z
2026-09-28T23:27:26.582109Z,refresh,18170,1705169,36,9,1,0,1790719200,2026-09-29T22:00:00Z
2026-09-28T23:27:26.582109Z,refresh,18171,1705170,35,8,1,0,1790719200,2026-09-29T22:00:00Z
2026-09-28T23:27:26.582109Z,refresh,18172,1705171,35,9,1,0,1790719200,2026-09-29T22:00:00Z
2026-09-28T23:27:26.582109Z,refresh,18173,1705172,65,9,1,0,1790719200,2026-09-29T22:00:00Z
2026-09-28T23:27:26.582109Z,refresh,18174,1705173,5,1,1,0,1790719200,2026-09-29T22:00:00Z
2026-09-28T23:27:26.582109Z,refresh,18175,1705174,25,5,1,0,1790719200,2026-09-29T22:00:00Z
2026-09-28T23:27:26.582109Z,refresh,18176,1705175,155,13,1,0,1790719200,2026-09-29T22:00:00Z
2026-09-28T23:27:26.582109Z,refresh,18177,1705176,10,2,1,0,1790719200,2026-09-29T22:00:00Z
2026-09-28T23:27:26.582109Z,refresh,18178,1705177,5,1,1,0,1790719200,2026-09-29T22:00:00Z
2026-09-28T23:27:26.582109Z,refresh,18179,1705178,5,1,1,0,1790719200,2026-09-29T22:00:00Z
2026-09-28T23:27:26.582109Z,refresh,18180,1705179,460,14,1,0,1790719200,2026-09-29T22:00:00Z
2026-09-28T23:27:26.582109Z,refresh,18181,1705180,5,1,1,0,1790719200,2026-09-29T22:00:00Z
2026-09-28T23:27:26.582109Z,refresh,18182,1705181,10,2,1,0,1790719200,2026-09-29T22:00:00Z
2026-09-28T23:27:26.582109Z,refresh,18183,1705182,5,0,1,0,1790719200,2026-09-29T22:00:00Z
2026-09-28T23:27:26.582109Z,refresh,18184,1705183,5,0,1,0,1790719200,2026-09-29T22:00:00Z
2026-09-28T23:27:26.582109Z,refresh,18185,1705184,5,0,1,0,1790719200,2026-09-29T22:00:00Z
2026-09-28T23:27:26.582109Z,refresh,18186,1705185,5,1,1,0,1790719200,2026-09-29T22:00:00Z
2026-09-28T23:27:26.582109Z,refresh,18187,1705186,5,1,1,0,1790719200,2026-09-29T22:00:00Z
2026-09-28T23:27:26.582109Z,refresh,18188,1705187,10,2,1,0,1790719200,2026-09-29T22:00:00Z
2026-09-28T23:27:26.582109Z,refresh,18189,1705188,10,2,1,0,1790719200,2026-09-29T22:00:00Z
2026-09-28T23:27:26.582109Z,refresh,18190,1705189,5,1,1,0,1790719200,2026-09-29T22:00:00Z
2026-09-28T23:27:26.582109Z,refresh,18191,1705190,5,1,1,0,1790719200,2026-09-29T22:00:00Z
2026-09-28T23:27:26.582109Z,refresh,18192,1705191,10,2,1,0,1790719200,2026-09-29T22:00:00Z
2026-09-28T23:27:26.582109Z,refresh,18193,1705192,20,4,1,0,1790719200,2026-09-29T22:00:00Z
2026-09-28T23:27:26.582109Z,refresh,18194,1705193,5,0,1,0,1790719200,2026-09-29T22:00:00Z
2026-09-28T23:27:26.582109Z,refresh,18195,1705194,5,0,1,0,1790721000,2026-09-29T22:30:00Z
2026-09-28T23:27:26.582109Z,refresh,18196,1705195,10,2,1,0,1790721000,2026-09-29T22:30:00Z
2026-09-28T23:27:26.582109Z,refresh,18197,1705196,20,4,1,0,1790721000,2026-09-29T22:30:00Z
2026-09-28T23:27:26.582109Z,refresh,18198,1705197,10,2,1,0,1790721000,2026-09-29T22:30:00Z
2026-09-28T23:27:26.582109Z,refresh,18199,1705198,10,2,1,0,1790721000,2026-09-29T22:30:00Z
2026-09-28T23:27:26.582109Z,refresh,18200,1705199,5,0,1,0,1790721000,2026-09-29T22:30:00Z
2026-09-28T23:27:26.582109Z,refresh,18201,1705200,5,1,1,0,1790721000,2026-09-29T22:30:00Z
2026-09-28T23:27:26.582109Z,refresh,18202,1705201,15,3,1,0,1790721000,2026-09-29T22:30:00Z
2026-09-28T23:27:26.582109Z,refresh,18203,1705202,10,2,1,0,1790721000,2026-09-29T22:30:00Z
2026-09-28T23:27:26.582109Z,refresh,18204,1705203,10,2,1,0,1790721000,2026-09-29T22:30:00Z
2026-09-28T23:27:26.582109Z,refresh,18205,1705204,30,4,1,0,1790721000,2026-09-29T22:30:00Z
2026-09-28T23:27:26.582109Z,refresh,18206,1705205,5,0,1,0,1790721000,2026-09-29T22:30:00Z
2026-09-28T23:27:26.582109Z,refresh,18207,1705206,5,1,1,0,1790721000,2026-09-29T22:30:00Z
2026-09-28T23:27:26.582109Z,refresh,18208,1705207,20,4,1,0,1790721000,2026-09-29T22:30:00Z
2026-09-28T23:27:26.582109Z,refresh,18209,1705208,30,3,1,0,1790721000,2026-09-29T22:30:00Z
2026-09-28T23:27:26.582109Z,refresh,18210,1705209,40,8,1,0,1790721000,2026-09-29T22:30:00Z
2026-09-28T23:27:26.582109Z,refresh,18211,1705210,65,9,1,0,1790721000,2026-09-29T22:30:00Z
2026-09-28T23:27:26.582109Z,refresh,18212,1705211,5,0,1,0,1790721000,2026-09-29T22:30:00Z
2026-09-28T23:27:26.582109Z,refresh,18213,1705212,5,1,1,0,1790721000,2026-09-29T22:30:00Z
2026-09-28T23:27:26.582109Z,refresh,18214,1705213,15,3,1,0,1790721000,2026-09-29T22:30:00Z
2026-09-28T23:27:26.582109Z,refresh,18215,1705214,5,1,1,0,1790721000,2026-09-29T22:30:00Z
2026-09-28T23:27:26.582109Z,refresh,18216,1705215,30,5,1,0,1790721000,2026-09-29T22:30:00Z
2026-09-28T23:27:26.582109Z,refresh,18217,1705216,10,2,1,0,1790721000,2026-09-29T22:30:00Z
2026-09-28T23:27:26.582109Z,refresh,18218,1705217,10,2,1,0,1790721000,2026-09-29T22:30:00Z
2026-09-28T23:27:26.582109Z,refresh,18219,1705218,10,2,1,0,1790721000,2026-09-29T22:30:00Z
2026-09-28T23:27:26.582109Z,refresh,18220,1705219,5,1,1,0,1790721000,2026-09-29T22:30:00Z
2026-09-28T23:27:26.582109Z,refresh,18221,1705220,60,12,1,0,1790721000,2026-09-29T22:30:00Z
2026-09-28T23:27:26.582109Z,refresh,18222,1705221,15,3,1,0,1790721000,2026-09-29T22:30:00Z
2026-09-28T23:27:26.582109Z,refresh,18400,1705222,2050,46,1,0,1790721000,2026-09-29T22:30:00Z
2026-09-28T23:27:26.582109Z,refresh,18401,1705223,105,10,1,0,1790721000,2026-09-29T22:30:00Z
2026-09-28T23:27:26.582109Z,refresh,18402,1705224,25,5,1,0,1790721000,2026-09-29T22:30:00Z
2026-09-28T23:27:26.582109Z,refresh,18403,1705225,10,2,1,0,1790721000,2026-09-29T22:30:00Z
2026-09-28T23:27:26.582109Z,refresh,18404,1705226,105,15,1,0,1790721000,2026-09-29T22:30:00Z
2026-09-28T23:27:26.582109Z,refresh,18405,1705227,45,9,1,0,1790721000,2026-09-29T22:30:00Z
2026-09-28T23:27:26.582109Z,refresh,18406,1705228,55,6,1,0,1790721000,2026-09-29T22:30:00Z
2026-09-28T23:27:26.582109Z,refresh,18407,1705229,5,1,1,0,1790721000,2026-09-29T22:30:00Z
2026-09-28T23:27:26.582109Z,refresh,18408,1705230,55,9,1,0,1790721000,2026-09-29T22:30:00Z
2026-09-28T23:27:26.582109Z,refresh,18409,1705231,55,7,1,0,1790721000,2026-09-29T22:30:00Z
2026-09-28T23:27:26.582109Z,refresh,18410,1705232,40,5,1,0,1790721000,2026-09-29T22:30:00Z
2026-09-28T23:27:26.582109Z,refresh,18411,1705233,105,7,1,0,1790721000,2026-09-29T22:30:00Z
2026-09-28T23:27:26.582109Z,refresh,18412,1705234,55,4,1,0,1790721000,2026-09-29T22:30:00Z
2026-09-28T23:27:26.582109Z,refresh,18413,1705235,10,2,1,0,1790721000,2026-09-29T22:30:00Z
2026-09-28T23:27:26.582109Z,refresh,18414,1705236,205,13,1,0,1790721000,2026-09-29T22:30:00Z
2026-09-28T23:27:26.582109Z,refresh,18415,1705237,55,11,1,0,1790721000,2026-09-29T22:30:00Z
2026-09-28T23:27:26.582109Z,refresh,18416,1705238,15,3,1,0,1790721000,2026-09-29T22:30:00Z
2026-09-28T23:27:26.582109Z,refresh,18417,1705239,155,4,1,0,1790721000,2026-09-29T22:30:00Z
2026-09-28T23:27:26.582109Z,refresh,18418,1705240,100,7,1,0,1790721000,2026-09-29T22:30:00Z
2026-09-28T23:27:26.582109Z,refresh,18419,1705241,10,2,1,0,1790721000,2026-09-29T22:30:00Z
2026-09-28T23:27:26.582109Z,refresh,18420,1705242,5,1,1,0,1790721000,2026-09-29T22:30:00Z
2026-09-28T23:27:26.582109Z,refresh,18421,1705243,55,11,1,0,1790721000,2026-09-29T22:30:00Z
2026-09-28T23:27:26.582109Z,refresh,18422,1705244,5,1,1,0,1790721000,2026-09-29T22:30:00Z
2026-09-28T23:27:26.582109Z,refresh,18423,1705245,10,2,1,0,1790721000,2026-09-29T22:30:00Z
2026-09-28T23:27:26.582109Z,refresh,18424,1705246,200,12,1,0,1790721000,2026-09-29T22:30:00Z
2026-09-28T23:27:26.582109Z,refresh,18425,1705247,5,1,1,0,1790721000,2026-09-29T22:30:00Z
2026-09-28T23:27:26.582109Z,refresh,18426,1705248,60,7,1,0,1790721000,2026-09-29T22:30:00Z
2026-09-28T23:27:26.582109Z,refresh,18427,1705249,5,1,1,0,1790721000,2026-09-29T22:30:00Z
2026-09-28T23:27:26.582109Z,refresh,18428,1705250,10,2,1,0,1790721000,2026-09-29T22:30:00Z
2026-09-28T23:27:26.582109Z,refresh,18429,1705251,25,4,1,0,1790721000,2026-09-29T22:30:00Z
2026-09-28T23:27:26.582109Z,refresh,18430,1705252,90,19,1,0,1790721000,2026-09-29T22:30:00Z
2026-09-28T23:27:26.582109Z,refresh,18431,1705253,10,2,1,0,1790721000,2026-09-29T22:30:00Z
2026-09-28T23:27:26.582109Z,refresh,18432,1705254,35,8,1,0,1790721000,2026-09-29T22:30:00Z
2026-09-28T23:27:26.582109Z,refresh,18433,1705255,20,5,1,0,1790721000,2026-09-29T22:30:00Z
2026-09-28T23:27:26.582109Z,refresh,18434,1705256,30,6,1,0,1790721000,2026-09-29T22:30:00Z
2026-09-28T23:27:26.582109Z,refresh,18435,1705257,35,7,1,0,1790721000,2026-09-29T22:30:00Z
2026-09-28T23:27:26.582109Z,refresh,18436,1705258,15,3,1,0,1790721000,2026-09-29T22:30:00Z
2026-09-28T23:27:26.582109Z,refresh,18437,1705259,10,2,1,0,1790721000,2026-09-29T22:30:00Z
2026-09-28T23:27:26.582109Z,refresh,18438,1705260,5,1,1,0,1790721000,2026-09-29T22:30:00Z
2026-09-28T23:27:26.582109Z,refresh,18439,1705261,110,23,1,0,1790721000,2026-09-29T22:30:00Z
2026-09-28T23:27:26.582109Z,refresh,18440,1705262,55,7,1,0,1790721000,2026-09-29T22:30:00Z
2026-09-28T23:27:26.582109Z,refresh,18441,1705263,105,7,1,0,1790721000,2026-09-29T22:30:00Z
2026-09-28T23:27:26.582109Z,refresh,18442,1705264,5,1,1,0,1790721000,2026-09-29T22:30:00Z
2026-09-28T23:27:26.582109Z,refresh,18443,1705265,25,5,1,0,1790721000,2026-09-29T22:30:00Z
2026-09-28T23:27:26.582109Z,refresh,18444,1705266,15,3,1,0,1790721000,2026-09-29T22:30:00Z
2026-09-28T23:27:26.582109Z,refresh,18445,1705267,5,1,1,0,1790721000,2026-09-29T22:30:00Z
2026-09-28T23:27:26.582109Z,refresh,18446,1705268,30,6,1,0,1790721000,2026-09-29T22:30:00Z
2026-09-28T23:27:26.582109Z,refresh,18447,1705269,10,2,1,0,1790721000,2026-09-29T22:30:00Z
2026-09-28T23:27:26.582109Z,refresh,18448,1705270,10,2,1,0,1790721000,2026-09-29T22:30:00Z
2026-09-28T23:27:26.582109Z,refresh,18449,1705271,10,2,1,0,1790721000,2026-09-29T22:30:00Z
2026-09-28T23:27:26.582109Z,refresh,18450,1705272,10,2,1,0,1790721000,2026-09-29T22:30:00Z
2026-09-28T23:27:26.582109Z,refresh,18451,1705273,106,14,1,0,1790721000,2026-09-29T22:30:00Z
2026-09-28T23:27:26.582109Z,refresh,18452,1705274,10,2,1,0,1790721000,2026-09-29T22:30:00Z
2026-09-28T23:27:26.582109Z,refresh,18453,1705275,105,4,1,0,1790721000,2026-09-29T22:30:00Z
2026-09-28T23:27:26.582109Z,refresh,18454,1705276,15,4,1,0,1790721000,2026-09-29T22:30:00Z
2026-09-28T23:27:26.582109Z,refresh,18455,1705277,30,7,1,0,1790721000,2026-09-29T22:30:00Z
2026-09-28T23:27:26.582109Z,refresh,18456,1705278,10,2,1,0,1790721000,2026-09-29T22:30:00Z
2026-09-28T23:27:26.582109Z,refresh,18457,1705279,5,1,1,0,1790721000,2026-09-29T22:30:00Z
2026-09-28T23:27:26.582109Z,refresh,18458,1705280,25,5,1,0,1790721000,2026-09-29T22:30:00Z
2026-09-28T23:27:26.582109Z,refresh,18459,1705281,15,3,1,0,1790721000,2026-09-29T22:30:00Z
2026-09-28T23:27:26.582109Z,refresh,18460,1705282,5,1,1,0,1790721000,2026-09-29T22:30:00Z
2026-09-28T23:27:26.582109Z,refresh,18461,1705283,5,1,1,0,1790721000,2026-09-29T22:30:00Z
2026-09-28T23:27:26.582109Z,refresh,18462,1705284,20,4,1,0,1790721000,2026-09-29T22:30:00Z
2026-09-28T23:27:26.582109Z,refresh,18463,1705285,110,14,1,0,1790721000,2026-09-29T22:30:00Z
2026-09-28T23:27:26.582109Z,refresh,18464,1705286,5,1,1,0,1790721000,2026-09-29T22:30:00Z
2026-09-28T23:27:26.582109Z,refresh,18465,1705287,55,9,1,0,1790721000,2026-09-29T22:30:00Z
2026-09-28T23:27:26.582109Z,refresh,18466,1705288,10,2,1,0,1790721000,2026-09-29T22:30:00Z
2026-09-28T23:27:26.582109Z,refresh,30-1329,1799843,5,1,1,0,1790722800,2026-09-29T23:00:00Z
2026-09-28T23:27:26.582109Z,refresh,30-1330,1799850,5,1,1,0,1790722800,2026-09-29T23:00:00Z
2026-09-28T23:27:26.582109Z,refresh,30-1331,1799864,20,5,1,0,1790722800,2026-09-29T23:00:00Z
2026-09-28T23:27:26.582109Z,refresh,18467,1705289,5,1,1,0,1790722800,2026-09-29T23:00:00Z
2026-09-28T23:27:26.582109Z,refresh,18468,1705290,5,1,1,0,1790722800,2026-09-29T23:00:00Z
2026-09-28T23:27:26.582109Z,refresh,18469,1705291,5,1,1,0,1790722800,2026-09-29T23:00:00Z
2026-09-28T23:27:26.582109Z,refresh,18470,1705292,5,0,1,0,1790722800,2026-09-29T23:00:00Z
2026-09-28T23:27:26.582109Z,refresh,18471,1705293,5,1,1,0,1790722800,2026-09-29T23:00:00Z
2026-09-28T23:27:26.582109Z,refresh,18472,1705294,5,1,1,0,1790722800,2026-09-29T23:00:00Z
2026-09-28T23:27:26.582109Z,refresh,18473,1705295,20,4,1,0,1790722800,2026-09-29T23:00:00Z
2026-09-28T23:27:26.582109Z,refresh,18474,1705296,10,2,1,0,1790722800,2026-09-29T23:00:00Z
2026-09-28T23:27:26.582109Z,refresh,18475,1705297,10,2,1,0,1790722800,2026-09-29T23:00:00Z
2026-09-28T23:27:26.582109Z,refresh,18476,1705298,5,1,1,0,1790722800,2026-09-29T23:00:00Z
2026-09-28T23:27:26.582109Z,refresh,18477,1705299,5,1,1,0,1790722800,2026-09-29T23:00:00Z
2026-09-28T23:27:26.582109Z,refresh,18478,1705300,5,1,1,0,1790722800,2026-09-29T23:00:00Z
2026-09-28T23:27:26.582109Z,refresh,18479,1705301,5,1,1,0,1790722800,2026-09-29T23:00:00Z
2026-09-28T23:27:26.582109Z,refresh,18480,1705302,15,3,1,0,1790722800,2026-09-29T23:00:00Z
2026-09-28T23:27:26.582109Z,refresh,18481,1705303,25,5,1,0,1790722800,2026-09-29T23:00:00Z
2026-09-28T23:27:26.582109Z,refresh,18482,1705304,15,3,1,0,1790722800,2026-09-29T23:00:00Z
2026-09-28T23:27:26.582109Z,refresh,18483,1705305,15,4,1,0,1790722800,2026-09-29T23:00:00Z
2026-09-28T23:27:26.582109Z,refresh,18484,1705306,5,1,1,0,1790722800,2026-09-29T23:00:00Z
2026-09-28T23:27:26.582109Z,refresh,18485,1705307,10,2,1,0,1790722800,2026-09-29T23:00:00Z
2026-09-28T23:27:26.582109Z,refresh,18486,1705308,10,2,1,0,1790722800,2026-09-29T23:00:00Z
2026-09-28T23:27:26.582109Z,refresh,18487,1705309,25,4,1,0,1790722800,2026-09-29T23:00:00Z
2026-09-28T23:27:26.582109Z,refresh,18488,1705310,5,1,1,0,1790722800,2026-09-29T23:00:00Z
2026-09-28T23:27:26.582109Z,refresh,18489,1705311,25,4,1,0,1790722800,2026-09-29T23:00:00Z
2026-09-28T23:27:26.582109Z,refresh,18490,1705312,55,6,1,0,1790722800,2026-09-29T23:00:00Z
2026-09-28T23:27:26.582109Z,refresh,18491,1705313,65,11,1,0,1790722800,2026-09-29T23:00:00Z
2026-09-28T23:27:26.582109Z,refresh,18492,1705314,5,1,1,0,1790722800,2026-09-29T23:00:00Z
2026-09-28T23:27:26.582109Z,refresh,18493,1705315,10,2,1,0,1790722800,2026-09-29T23:00:00Z
2026-09-28T23:27:26.582109Z,refresh,18494,1705316,10,2,1,0,1790722800,2026-09-29T23:00:00Z
2026-09-28T23:27:26.582109Z,refresh,18495,1705317,5,1,1,0,1790722800,2026-09-29T23:00:00Z
2026-09-28T23:27:26.582109Z,refresh,18496,1705318,50,10,1,0,1790722800,2026-09-29T23:00:00Z
2026-09-28T23:27:26.582109Z,refresh,18497,1705319,10,2,1,0,1790722800,2026-09-29T23:00:00Z
2026-09-28T23:27:26.582109Z,refresh,18498,1705320,10,2,1,0,1790722800,2026-09-29T23:00:00Z
2026-09-28T23:27:26.582109Z,refresh,18499,1705321,10,2,1,0,1790722800,2026-09-29T23:00:00Z
2026-09-28T23:27:26.582109Z,refresh,18500,1705322,10,2,1,0,1790722800,2026-09-29T23:00:00Z
2026-09-28T23:27:26.582109Z,refresh,18501,1705323,5,1,1,0,1790722800,2026-09-29T23:00:00Z
2026-09-28T23:27:26.582109Z,refresh,18502,1705324,10,2,1,0,1790722800,2026-09-29T23:00:00Z
2026-09-28T23:27:26.582109Z,refresh,18503,1705325,25,5,1,0,1790722800,2026-09-29T23:00:00Z
2026-09-28T23:27:26.582109Z,refresh,18504,1705326,10,2,1,0,1790722800,2026-09-29T23:00:00Z
2026-09-28T23:27:26.582109Z,refresh,18505,1705327,15,3,1,0,1790722800,2026-09-29T23:00:00Z
2026-09-28T23:27:26.582109Z,refresh,18506,1705328,10,2,1,0,1790722800,2026-09-29T23:00:00Z
2026-09-28T23:27:26.582109Z,refresh,18507,1705329,10,2,1,0,1790722800,2026-09-29T23:00:00Z
2026-09-28T23:27:26.582109Z,refresh,18508,1705330,5,1,1,0,1790722800,2026-09-29T23:00:00Z
2026-09-28T23:27:26.582109Z,refresh,18509,1705331,10,2,1,0,1790722800,2026-09-29T23:00:00Z
2026-09-28T23:27:26.582109Z,refresh,18510,1705332,15,3,1,0,1790722800,2026-09-29T23:00:00Z
2026-09-28T23:27:26.582109Z,refresh,18511,1705333,10,2,1,0,1790722800,2026-09-29T23:00:00Z
2026-09-28T23:27:26.582109Z,refresh,18512,1705334,40,9,1,0,1790722800,2026-09-29T23:00:00Z
2026-09-28T23:27:26.582109Z,refresh,18513,1705335,10,2,1,0,1790722800,2026-09-29T23:00:00Z
2026-09-28T23:27:26.582109Z,refresh,18514,1705336,35,8,1,0,1790722800,2026-09-29T23:00:00Z
2026-09-28T23:27:26.582109Z,refresh,18515,1705337,20,5,1,0,1790722800,2026-09-29T23:00:00Z
2026-09-28T23:27:26.582109Z,refresh,18516,1705338,5,1,1,0,1790722800,2026-09-29T23:00:00Z
2026-09-28T23:27:26.582109Z,refresh,18517,1705339,20,3,1,0,1790722800,2026-09-29T23:00:00Z
2026-09-28T23:27:26.582109Z,refresh,18518,1705340,5,1,1,0,1790722800,2026-09-29T23:00:00Z
2026-09-28T23:27:26.582109Z,refresh,18519,1705341,80,5,1,0,1790722800,2026-09-29T23:00:00Z
2026-09-28T23:27:26.582109Z,refresh,18520,1705342,25,6,1,0,1790722800,2026-09-29T23:00:00Z
2026-09-28T23:27:26.582109Z,refresh,18521,1705343,5,1,1,0,1790722800,2026-09-29T23:00:00Z
2026-09-28T23:27:26.582109Z,refresh,18522,1705344,30,6,1,0,1790722800,2026-09-29T23:00:00Z
2026-09-28T23:27:26.582109Z,refresh,18523,1705345,10,2,1,0,1790722800,2026-09-29T23:00:00Z
2026-09-28T23:27:26.582109Z,refresh,18524,1705346,50,5,1,0,1790722800,2026-09-29T23:00:00Z
2026-09-28T23:27:26.582109Z,refresh,18525,1705347,25,6,1,0,1790722800,2026-09-29T23:00:00Z
2026-09-28T23:27:26.582109Z,refresh,18526,1705348,5,1,1,0,1790722800,2026-09-29T23:00:00Z
2026-09-28T23:27:26.582109Z,refresh,18527,1705349,15,3,1,0,1790722800,2026-09-29T23:00:00Z
2026-09-28T23:27:26.582109Z,refresh,18528,1705350,20,5,1,0,1790722800,2026-09-29T23:00:00Z
2026-09-28T23:27:26.582109Z,refresh,18529,1705351,40,9,1,0,1790722800,2026-09-29T23:00:00Z
2026-09-28T23:27:26.582109Z,refresh,18530,1705352,5,1,1,0,1790722800,2026-09-29T23:00:00Z
2026-09-28T23:27:26.582109Z,refresh,18531,1705353,5,1,1,0,1790722800,2026-09-29T23:00:00Z
2026-09-28T23:27:26.582109Z,refresh,18532,1705354,35,7,1,0,1790722800,2026-09-29T23:00:00Z
2026-09-28T23:27:26.582109Z,refresh,18533,1705355,25,5,1,0,1790722800,2026-09-29T23:00:00Z
2026-09-28T23:27:26.582109Z,refresh,18534,1705356,10,2,1,0,1790722800,2026-09-29T23:00:00Z
2026-09-28T23:27:26.582109Z,refresh,18535,1705357,20,4,1,0,1790722800,2026-09-29T23:00:00Z
2026-09-28T23:27:26.582109Z,refresh,18536,1705358,5,1,1,0,1790722800,2026-09-29T23:00:00Z
2026-09-28T23:27:26.582109Z,refresh,18537,1705359,5,1,1,0,1790722800,2026-09-29T23:00:00Z
2026-09-28T23:27:26.582109Z,refresh,18538,1705360,5,1,1,0,1790722800,2026-09-29T23:00:00Z
2026-09-28T23:27:26.582109Z,refresh,18539,1705361,5,0,1,0,1790722800,2026-09-29T23:00:00Z
2026-09-28T23:27:26.582109Z,refresh,18540,1705362,5,0,1,0,1790722800,2026-09-29T23:00:00Z
2026-09-28T23:27:26.582109Z,refresh,18541,1705363,245,36,1,0,1790722800,2026-09-29T23:00:00Z
2026-09-28T23:27:26.582109Z,refresh,18542,1705364,10,2,1,0,1790722800,2026-09-29T23:00:00Z
2026-09-28T23:27:26.582109Z,refresh,18543,1705365,105,7,1,0,1790722800,2026-09-29T23:00:00Z
2026-09-28T23:27:26.582109Z,refresh,18544,1705366,105,4,1,0,1790722800,2026-09-29T23:00:00Z
2026-09-28T23:27:26.582109Z,refresh,18545,1705367,35,4,1,0,1790722800,2026-09-29T23:00:00Z
2026-09-28T23:27:26.582109Z,refresh,18546,1705368,5,0,1,0,1790722800,2026-09-29T23:00:00Z
2026-09-28T23:27:26.582109Z,refresh,18547,1705369,5,1,1,0,1790722800,2026-09-29T23:00:00Z
2026-09-28T23:27:26.582109Z,refresh,18548,1705370,5,1,1,0,1790722800,2026-09-29T23:00:00Z
2026-09-28T23:27:26.582109Z,refresh,18549,1705371,5,0,1,0,1790722800,2026-09-29T23:00:00Z
2026-09-28T23:27:26.582109Z,refresh,18550,1705372,375,55,1,0,1790722800,2026-09-29T23:00:00Z
2026-09-28T23:27:26.582109Z,refresh,18551,1705373,30,3,1,0,1790722800,2026-09-29T23:00:00Z
2026-09-28T23:27:26.582109Z,refresh,18552,1705374,5,1,1,0,1790722800,2026-09-29T23:00:00Z
2026-09-28T23:27:26.582109Z,refresh,18553,1705375,5,0,1,0,1790722800,2026-09-29T23:00:00Z
2026-09-28T23:27:26.582109Z,refresh,18554,1705376,310,30,1,0,1790722800,2026-09-29T23:00:00Z
2026-09-28T23:27:26.582109Z,refresh,18555,1705377,70,11,1,0,1790722800,2026-09-29T23:00:00Z
2026-09-28T23:27:26.582109Z,refresh,18556,1705378,5,1,1,0,1790722800,2026-09-29T23:00:00Z
2026-09-28T23:27:26.582109Z,refresh,18557,1705379,10,2,1,0,1790722800,2026-09-29T23:00:00Z
2026-09-28T23:27:26.582109Z,refresh,18558,1705380,5,1,1,0,1790722800,2026-09-29T23:00:00Z
2026-09-28T23:27:26.582109Z,refresh,18559,1705381,10,2,1,0,1790722800,2026-09-29T23:00:00Z
2026-09-28T23:27:26.582109Z,refresh,18560,1705382,30,4,1,0,1790722800,2026-09-29T23:00:00Z
2026-09-28T23:27:26.582109Z,refresh,18561,1705383,5,1,1,0,1790722800,2026-09-29T23:00:00Z
2026-09-28T23:27:26.582109Z,refresh,30-1333,1799925,5,1,1,0,1790724600,2026-09-29T23:30:00Z
2026-09-28T23:27:26.582109Z,refresh,18223,1705434,10,2,1,0,1790724600,2026-09-29T23:30:00Z
2026-09-28T23:27:26.582109Z,refresh,18224,1705435,5,1,1,0,1790724600,2026-09-29T23:30:00Z
2026-09-28T23:27:26.582109Z,refresh,18225,1705436,15,3,1,0,1790724600,2026-09-29T23:30:00Z
2026-09-28T23:27:26.582109Z,refresh,18226,1705437,205,12,1,0,1790724600,2026-09-29T23:30:00Z
2026-09-28T23:27:26.582109Z,refresh,18250,1705438,115,15,1,0,1790724600,2026-09-29T23:30:00Z
2026-09-28T23:27:26.582109Z,refresh,18251,1705439,5,1,1,0,1790724600,2026-09-29T23:30:00Z
2026-09-28T23:27:26.582109Z,refresh,18252,1705440,10,2,1,0,1790724600,2026-09-29T23:30:00Z
2026-09-28T23:27:26.582109Z,refresh,18253,1705441,5,1,1,0,1790724600,2026-09-29T23:30:00Z
2026-09-28T23:27:26.582109Z,refresh,18254,1705442,5,0,1,0,1790724600,2026-09-29T23:30:00Z
2026-09-28T23:27:26.582109Z,refresh,18255,1705443,5,0,1,0,1790724600,2026-09-29T23:30:00Z
2026-09-28T23:27:26.582109Z,refresh,18256,1705444,5,0,1,0,1790724600,2026-09-29T23:30:00Z
2026-09-28T23:27:26.582109Z,refresh,18257,1705445,10,2,1,0,1790724600,2026-09-29T23:30:00Z
2026-09-28T23:27:26.582109Z,refresh,18258,1705446,5,1,1,0,1790724600,2026-09-29T23:30:00Z
2026-09-28T23:27:26.582109Z,refresh,18259,1705447,10,2,1,0,1790724600,2026-09-29T23:30:00Z
2026-09-28T23:27:26.582109Z,refresh,18260,1705448,255,10,1,0,1790724600,2026-09-29T23:30:00Z
2026-09-28T23:27:26.582109Z,refresh,18261,1705449,15,3,1,0,1790724600,2026-09-29T23:30:00Z
2026-09-28T23:27:26.582109Z,refresh,18262,1705450,55,4,1,0,1790724600,2026-09-29T23:30:00Z
2026-09-28T23:27:26.582109Z,refresh,18263,1705451,5,0,1,0,1790724600,2026-09-29T23:30:00Z
2026-09-28T23:27:26.582109Z,refresh,18264,1705452,5,1,1,0,1790724600,2026-09-29T23:30:00Z
2026-09-28T23:27:26.582109Z,refresh,18265,1705453,5,1,1,0,1790724600,2026-09-29T23:30:00Z
2026-09-28T23:27:26.582109Z,refresh,18266,1705454,10,2,1,0,1790724600,2026-09-29T23:30:00Z
2026-09-28T23:27:26.582109Z,refresh,18267,1705455,10,2,1,0,1790724600,2026-09-29T23:30:00Z
2026-09-28T23:27:26.582109Z,refresh,18268,1705456,5,1,1,0,1790724600,2026-09-29T23:30:00Z
2026-09-28T23:27:26.582109Z,refresh,18269,1705457,20,4,1,0,1790724600,2026-09-29T23:30:00Z
2026-09-28T23:27:26.582109Z,refresh,18270,1705458,5,1,1,0,1790724600,2026-09-29T23:30:00Z
2026-09-28T23:27:26.582109Z,refresh,18271,1705459,10,2,1,0,1790724600,2026-09-29T23:30:00Z
2026-09-28T23:27:26.582109Z,refresh,18272,1705460,5,1,1,0,1790724600,2026-09-29T23:30:00Z
2026-09-28T23:27:26.582109Z,refresh,18273,1705461,5,1,1,0,1790724600,2026-09-29T23:30:00Z
2026-09-28T23:27:26.582109Z,refresh,18274,1705462,5,0,1,0,1790724600,2026-09-29T23:30:00Z
2026-09-28T23:27:26.582109Z,refresh,18275,1705463,5,1,1,0,1790724600,2026-09-29T23:30:00Z
2026-09-28T23:27:26.582109Z,refresh,18276,1705464,5,1,1,0,1790724600,2026-09-29T23:30:00Z
2026-09-28T23:27:26.582109Z,refresh,18277,1705465,5,0,1,0,1790724600,2026-09-29T23:30:00Z
2026-09-28T23:27:26.582109Z,refresh,18278,1705466,5,0,1,0,1790724600,2026-09-29T23:30:00Z
2026-09-28T23:27:26.582109Z,refresh,18279,1705467,5,0,1,0,1790724600,2026-09-29T23:30:00Z
2026-09-28T23:27:26.582109Z,refresh,18280,1705468,5,1,1,0,1790724600,2026-09-29T23:30:00Z
2026-09-28T23:27:26.582109Z,refresh,18281,1705469,5,0,1,0,1790724600,2026-09-29T23:30:00Z
2026-09-28T23:27:26.582109Z,refresh,18282,1705470,180,18,1,0,1790724600,2026-09-29T23:30:00Z
2026-09-28T23:27:26.582109Z,refresh,18283,1705471,5,1,1,0,1790724600,2026-09-29T23:30:00Z
2026-09-28T23:27:26.582109Z,refresh,18284,1705472,5,0,1,0,1790724600,2026-09-29T23:30:00Z
2026-09-28T23:27:26.582109Z,refresh,18285,1705473,5,1,1,0,1790724600,2026-09-29T23:30:00Z
2026-09-28T23:27:26.582109Z,refresh,18286,1705474,5,1,1,0,1790724600,2026-09-29T23:30:00Z
2026-09-28T23:27:26.582109Z,refresh,18287,1705475,5,0,1,0,1790724600,2026-09-29T23:30:00Z
2026-09-28T23:27:26.582109Z,refresh,18288,1705476,5,0,1,0,1790724600,2026-09-29T23:30:00Z
2026-09-28T23:27:26.582109Z,refresh,18289,1705477,10,2,1,0,1790724600,2026-09-29T23:30:00Z
2026-09-28T23:27:26.582109Z,refresh,18290,1705478,200,24,1,0,1790724600,2026-09-29T23:30:00Z
2026-09-28T23:27:26.582109Z,refresh,18562,1705384,5,1,1,0,1790724600,2026-09-29T23:30:00Z
2026-09-28T23:27:26.582109Z,refresh,18563,1705385,5,1,1,0,1790724600,2026-09-29T23:30:00Z
2026-09-28T23:27:26.582109Z,refresh,18564,1705386,15,3,1,0,1790724600,2026-09-29T23:30:00Z
2026-09-28T23:27:26.582109Z,refresh,18565,1705387,15,3,1,0,1790724600,2026-09-29T23:30:00Z
2026-09-28T23:27:26.582109Z,refresh,18566,1705388,10,2,1,0,1790724600,2026-09-29T23:30:00Z
2026-09-28T23:27:26.582109Z,refresh,18567,1705389,5,1,1,0,1790724600,2026-09-29T23:30:00Z
2026-09-28T23:27:26.582109Z,refresh,18568,1705390,5,1,1,0,1790724600,2026-09-29T23:30:00Z
2026-09-28T23:27:26.582109Z,refresh,18569,1705391,10,2,1,0,1790724600,2026-09-29T23:30:00Z
2026-09-28T23:27:26.582109Z,refresh,18570,1705392,15,3,1,0,1790724600,2026-09-29T23:30:00Z
2026-09-28T23:27:26.582109Z,refresh,18571,1705393,5,1,1,0,1790724600,2026-09-29T23:30:00Z
2026-09-28T23:27:26.582109Z,refresh,18572,1705394,55,4,1,0,1790724600,2026-09-29T23:30:00Z
2026-09-28T23:27:26.582109Z,refresh,18573,1705395,10,2,1,0,1790724600,2026-09-29T23:30:00Z
2026-09-28T23:27:26.582109Z,refresh,18574,1705396,5,1,1,0,1790724600,2026-09-29T23:30:00Z
2026-09-28T23:27:26.582109Z,refresh,18575,1705397,105,5,1,0,1790724600,2026-09-29T23:30:00Z
2026-09-28T23:27:26.582109Z,refresh,18576,1705398,115,22,1,0,1790724600,2026-09-29T23:30:00Z
2026-09-28T23:27:26.582109Z,refresh,18577,1705399,20,4,1,0,1790724600,2026-09-29T23:30:00Z
2026-09-28T23:27:26.582109Z,refresh,18578,1705400,5,1,1,0,1790724600,2026-09-29T23:30:00Z
2026-09-28T23:27:26.582109Z,refresh,18579,1705401,25,6,1,0,1790724600,2026-09-29T23:30:00Z
2026-09-28T23:27:26.582109Z,refresh,18580,1705402,460,8,1,0,1790724600,2026-09-29T23:30:00Z
2026-09-28T23:27:26.582109Z,refresh,18581,1705403,10,2,1,0,1790724600,2026-09-29T23:30:00Z
2026-09-28T23:27:26.582109Z,refresh,18582,1705404,5,1,1,0,1790724600,2026-09-29T23:30:00Z
2026-09-28T23:27:26.582109Z,refresh,18583,1705405,5,1,1,0,1790724600,2026-09-29T23:30:00Z
2026-09-28T23:27:26.582109Z,refresh,18584,1705406,25,5,1,0,1790724600,2026-09-29T23:30:00Z
2026-09-28T23:27:26.582109Z,refresh,18585,1705407,5,1,1,0,1790724600,2026-09-29T23:30:00Z
2026-09-28T23:27:26.582109Z,refresh,18586,1705408,5,1,1,0,1790724600,2026-09-29T23:30:00Z
2026-09-28T23:27:26.582109Z,refresh,18587,1705409,55,5,1,0,1790724600,2026-09-29T23:30:00Z
2026-09-28T23:27:26.582109Z,refresh,18588,1705410,55,5,1,0,1790724600,2026-09-29T23:30:00Z
2026-09-28T23:27:26.582109Z,refresh,18589,1705411,5,1,1,0,1790724600,2026-09-29T23:30:00Z
2026-09-28T23:27:26.582109Z,refresh,18590,1705412,5,1,1,0,1790724600,2026-09-29T23:30:00Z
2026-09-28T23:27:26.582109Z,refresh,18591,1705413,5,1,1,0,1790724600,2026-09-29T23:30:00Z
2026-09-28T23:27:26.582109Z,refresh,18592,1705414,5,1,1,0,1790724600,2026-09-29T23:30:00Z
2026-09-28T23:27:26.582109Z,refresh,18593,1705415,10,2,1,0,1790724600,2026-09-29T23:30:00Z
2026-09-28T23:27:26.582109Z,refresh,18594,1705416,10,2,1,0,1790724600,2026-09-29T23:30:00Z
2026-09-28T23:27:26.582109Z,refresh,18595,1705417,5,1,1,0,1790724600,2026-09-29T23:30:00Z
2026-09-28T23:27:26.582109Z,refresh,18596,1705418,5,0,1,0,1790724600,2026-09-29T23:30:00Z
2026-09-28T23:27:26.582109Z,refresh,18597,1705419,110,17,1,0,1790724600,2026-09-29T23:30:00Z
2026-09-28T23:27:26.582109Z,refresh,18598,1705420,10,2,1,0,1790724600,2026-09-29T23:30:00Z
2026-09-28T23:27:26.582109Z,refresh,18599,1705421,30,6,1,0,1790724600,2026-09-29T23:30:00Z
2026-09-28T23:27:26.582109Z,refresh,18600,1705422,30,6,1,0,1790724600,2026-09-29T23:30:00Z
2026-09-28T23:27:26.582109Z,refresh,18601,1705423,40,5,1,0,1790724600,2026-09-29T23:30:00Z
2026-09-28T23:27:26.582109Z,refresh,18602,1705424,5,1,1,0,1790724600,2026-09-29T23:30:00Z
2026-09-28T23:27:26.582109Z,refresh,18603,1705425,5,1,1,0,1790724600,2026-09-29T23:30:00Z
2026-09-28T23:27:26.582109Z,refresh,18604,1705426,10,2,1,0,1790724600,2026-09-29T23:30:00Z
2026-09-28T23:27:26.582109Z,refresh,18605,1705427,30,5,1,0,1790724600,2026-09-29T23:30:00Z
2026-09-28T23:27:26.582109Z,refresh,18606,1705428,10,2,1,0,1790724600,2026-09-29T23:30:00Z
2026-09-28T23:27:26.582109Z,refresh,18607,1705429,5,0,1,0,1790724600,2026-09-29T23:30:00Z
2026-09-28T23:27:26.582109Z,refresh,18608,1705430,5,1,1,0,1790724600,2026-09-29T23:30:00Z
2026-09-28T23:27:26.582109Z,refresh,18609,1705431,15,3,1,0,1790724600,2026-09-29T23:30:00Z
2026-09-28T23:27:26.582109Z,refresh,18610,1705432,5,1,1,0,1790724600,2026-09-29T23:30:00Z
2026-09-28T23:27:26.582109Z,refresh,18611,1705433,5,1,1,0,1790724600,2026-09-29T23:30:00Z
2026-09-28T23:27:26.582109Z,refresh,18612,1723322,155,17,1,0,1790724600,2026-09-29T23:30:00Z
2026-09-28T23:27:26.582109Z,refresh,18291,1705479,10,2,1,0,1790726400,2026-09-30T00:00:00Z
2026-09-28T23:27:26.582109Z,refresh,18292,1705480,5,1,1,0,1790726400,2026-09-30T00:00:00Z
2026-09-28T23:27:26.582109Z,refresh,18293,1705481,35,7,1,0,1790726400,2026-09-30T00:00:00Z
2026-09-28T23:27:26.582109Z,refresh,18294,1705482,5,1,1,0,1790726400,2026-09-30T00:00:00Z
2026-09-28T23:27:26.582109Z,refresh,18295,1705483,380,29,1,0,1790726400,2026-09-30T00:00:00Z
2026-09-28T23:27:26.582109Z,refresh,18296,1705484,5,1,1,0,1790726400,2026-09-30T00:00:00Z
2026-09-28T23:27:26.582109Z,refresh,18297,1705485,5,1,1,0,1790726400,2026-09-30T00:00:00Z
2026-09-28T23:27:26.582109Z,refresh,18298,1705486,5,1,1,0,1790726400,2026-09-30T00:00:00Z
2026-09-28T23:27:26.582109Z,refresh,18299,1705487,5,1,1,0,1790726400,2026-09-30T00:00:00Z
2026-09-28T23:27:26.582109Z,refresh,18300,1705488,10,2,1,0,1790726400,2026-09-30T00:00:00Z
2026-09-28T23:27:26.582109Z,refresh,18301,1705489,30,6,1,0,1790726400,2026-09-30T00:00:00Z
2026-09-28T23:27:26.582109Z,refresh,18302,1705490,10,2,1,0,1790726400,2026-09-30T00:00:00Z
2026-09-28T23:27:26.582109Z,refresh,18303,1705491,5,1,1,0,1790726400,2026-09-30T00:00:00Z
2026-09-28T23:27:26.582109Z,refresh,18304,1705492,15,4,1,0,1790726400,2026-09-30T00:00:00Z
2026-09-28T23:27:26.582109Z,refresh,18305,1705493,10,2,1,0,1790726400,2026-09-30T00:00:00Z
2026-09-28T23:27:26.582109Z,refresh,18306,1705494,15,3,1,0,1790726400,2026-09-30T00:00:00Z
2026-09-28T23:27:26.582109Z,refresh,18307,1705495,10,2,1,0,1790726400,2026-09-30T00:00:00Z
2026-09-28T23:27:26.582109Z,refresh,18308,1705496,5,1,1,0,1790726400,2026-09-30T00:00:00Z
2026-09-28T23:27:26.582109Z,refresh,18309,1705497,10,2,1,0,1790726400,2026-09-30T00:00:00Z
2026-09-28T23:27:26.582109Z,refresh,18310,1705498,15,3,1,0,1790726400,2026-09-30T00:00:00Z
2026-09-28T23:27:26.582109Z,refresh,18311,1705499,10,2,1,0,1790726400,2026-09-30T00:00:00Z
2026-09-28T23:27:26.582109Z,refresh,18312,1705500,2000,25,1,0,1790726400,2026-09-30T00:00:00Z
2026-09-28T23:27:26.582109Z,refresh,18313,1705501,15,4,1,0,1790726400,2026-09-30T00:00:00Z
2026-09-28T23:27:26.582109Z,refresh,18314,1705502,5,1,1,0,1790726400,2026-09-30T00:00:00Z
2026-09-28T23:27:26.582109Z,refresh,18315,1705503,40,5,1,0,1790726400,2026-09-30T00:00:00Z
2026-09-28T23:27:26.582109Z,refresh,18316,1705504,15,3,1,0,1790726400,2026-09-30T00:00:00Z
2026-09-28T23:27:26.582109Z,refresh,18317,1705505,5,0,1,0,1790726400,2026-09-30T00:00:00Z
2026-09-28T23:27:26.582109Z,refresh,18318,1705506,5,1,1,0,1790726400,2026-09-30T00:00:00Z
2026-09-28T23:27:26.582109Z,refresh,18319,1705507,10,2,1,0,1790726400,2026-09-30T00:00:00Z
2026-09-28T23:27:26.582109Z,refresh,18320,1705508,5,1,1,0,1790726400,2026-09-30T00:00:00Z
2026-09-28T23:27:26.582109Z,refresh,18321,1705509,5,1,1,0,1790726400,2026-09-30T00:00:00Z
2026-09-28T23:27:26.582109Z,refresh,18322,1705510,5,1,1,0,1790726400,2026-09-30T00:00:00Z
2026-09-28T23:27:26.582109Z,refresh,18323,1705511,15,3,1,0,1790726400,2026-09-30T00:00:00Z
2026-09-28T23:27:26.582109Z,refresh,18324,1705512,10,2,1,0,1790726400,2026-09-30T00:00:00Z
2026-09-28T23:27:26.582109Z,refresh,18325,1705513,50,9,1,0,1790726400,2026-09-30T00:00:00Z
2026-09-28T23:27:26.582109Z,refresh,18326,1705514,50,10,1,0,1790726400,2026-09-30T00:00:00Z
2026-09-28T23:27:26.582109Z,refresh,18327,1705515,15,3,1,0,1790726400,2026-09-30T00:00:00Z
2026-09-28T23:27:26.582109Z,refresh,18328,1705516,775,17,1,0,1790726400,2026-09-30T00:00:00Z
2026-09-28T23:27:26.582109Z,refresh,18329,1705517,1950,29,1,0,1790726400,2026-09-30T00:00:00Z
2026-09-28T23:27:26.582109Z,refresh,18330,1705518,5,1,1,0,1790726400,2026-09-30T00:00:00Z
2026-09-28T23:27:26.582109Z,refresh,18331,1705519,5,1,1,0,1790726400,2026-09-30T00:00:00Z
2026-09-28T23:27:26.582109Z,refresh,18332,1705520,5,1,1,0,1790726400,2026-09-30T00:00:00Z
2026-09-28T23:27:26.582109Z,refresh,18333,1705521,5,1,1,0,1790726400,2026-09-30T00:00:00Z
2026-09-28T23:27:26.582109Z,refresh,18334,1705522,200,30,1,0,1790726400,2026-09-30T00:00:00Z
2026-09-28T23:27:26.582109Z,refresh,18335,1705523,20,4,1,0,1790726400,2026-09-30T00:00:00Z
2026-09-28T23:27:26.582109Z,refresh,18336,1705524,15,3,1,0,1790726400,2026-09-30T00:00:00Z
2026-09-28T23:27:26.582109Z,refresh,18337,1705525,10,2,1,0,1790726400,2026-09-30T00:00:00Z
2026-09-28T23:27:26.582109Z,refresh,18338,1705526,10,2,1,0,1790726400,2026-09-30T00:00:00Z
2026-09-28T23:27:26.582109Z,refresh,18339,1705527,20,4,1,0,1790726400,2026-09-30T00:00:00Z
2026-09-28T23:27:26.582109Z,refresh,18340,1705528,15,3,1,0,1790726400,2026-09-30T00:00:00Z
2026-09-28T23:27:26.582109Z,refresh,18341,1705529,10,2,1,0,1790726400,2026-09-30T00:00:00Z
2026-09-28T23:27:26.582109Z,refresh,18342,1705530,210,37,1,0,1790726400,2026-09-30T00:00:00Z
2026-09-28T23:27:26.582109Z,refresh,18343,1705531,5,1,1,0,1790726400,2026-09-30T00:00:00Z
2026-09-28T23:27:26.582109Z,refresh,18344,1705532,56,4,1,0,1790726400,2026-09-30T00:00:00Z
2026-09-28T23:27:26.582109Z,refresh,18345,1705533,10,2,1,0,1790726400,2026-09-30T00:00:00Z
2026-09-28T23:27:26.582109Z,refresh,18346,1705534,30,6,1,0,1790726400,2026-09-30T00:00:00Z
2026-09-28T23:27:26.582109Z,refresh,18347,1705535,5,1,1,0,1790726400,2026-09-30T00:00:00Z
2026-09-28T23:27:26.582109Z,refresh,18348,1705536,205,6,1,0,1790726400,2026-09-30T00:00:00Z
2026-09-28T23:27:26.582109Z,refresh,18349,1705537,5,1,1,0,1790726400,2026-09-30T00:00:00Z
2026-09-28T23:27:26.582109Z,refresh,18350,1705538,5,1,1,0,1790726400,2026-09-30T00:00:00Z
2026-09-28T23:27:26.582109Z,refresh,18351,1705539,5,1,1,0,1790726400,2026-09-30T00:00:00Z
2026-09-28T23:27:26.582109Z,refresh,18352,1705540,85,17,1,0,1790726400,2026-09-30T00:00:00Z
2026-09-28T23:27:26.582109Z,refresh,18353,1705541,75,15,1,0,1790726400,2026-09-30T00:00:00Z
2026-09-28T23:27:26.582109Z,refresh,18354,1705542,105,4,1,0,1790726400,2026-09-30T00:00:00Z
2026-09-28T23:27:26.582109Z,refresh,18355,1705543,825,14,1,0,1790726400,2026-09-30T00:00:00Z
2026-09-28T23:27:26.582109Z,refresh,18356,1705544,410,8,1,0,1790726400,2026-09-30T00:00:00Z
2026-09-28T23:27:26.582109Z,refresh,18357,1705545,925,33,1,0,1790726400,2026-09-30T00:00:00Z
2026-09-28T23:27:26.582109Z,refresh,18358,1705546,2150,27,1,0,1790726400,2026-09-30T00:00:00Z
2026-09-28T23:27:26.582109Z,refresh,18359,1705547,1125,48,1,0,1790726400,2026-09-30T00:00:00Z
2026-09-28T23:27:26.582109Z,refresh,18360,1705548,2250,87,1,0,1790726400,2026-09-30T00:00:00Z
2026-09-28T23:27:26.582109Z,refresh,18361,1705549,3325,74,1,0,1790726400,2026-09-30T00:00:00Z
2026-09-28T23:27:26.582109Z,refresh,18362,1705550,675,11,1,0,1790726400,2026-09-30T00:00:00Z
2026-09-28T23:27:26.582109Z,refresh,18364,1705551,2550,16,1,0,1790726400,2026-09-30T00:00:00Z
2026-09-28T23:27:26.582109Z,refresh,18365,1705552,8050,20,1,0,1790726400,2026-09-30T00:00:00Z
2026-09-28T23:27:26.582109Z,refresh,18366,1705553,760,4,1,0,1790726400,2026-09-30T00:00:00Z
2026-09-28T23:27:26.582109Z,refresh,18367,1705554,2150,24,1,0,1790726400,2026-09-30T00:00:00Z
2026-09-28T23:27:26.582109Z,refresh,18368,1705555,345,9,1,0,1790726400,2026-09-30T00:00:00Z
2026-09-28T23:27:26.582109Z,refresh,18369,1705556,315,11,1,0,1790726400,2026-09-30T00:00:00Z
2026-09-28T23:27:26.582109Z,refresh,18370,1705557,1275,12,1,0,1790726400,2026-09-30T00:00:00Z
2026-09-28T23:27:26.582109Z,refresh,18371,1705558,1136,11,1,0,1790726400,2026-09-30T00:00:00Z
2026-09-28T23:27:26.582109Z,refresh,18372,1705559,8305,5,1,0,1790726400,2026-09-30T00:00:00Z
2026-09-28T23:27:26.582109Z,refresh,18373,1705560,4150,35,1,0,1790726400,2026-09-30T00:00:00Z
2026-09-28T23:27:26.582109Z,refresh,18374,1705561,1600,15,1,0,1790726400,2026-09-30T00:00:00Z
2026-09-28T23:27:26.582109Z,refresh,18375,1705562,2050,21,1,0,1790726400,2026-09-30T00:00:00Z
2026-09-28T23:27:26.582109Z,refresh,18376,1705563,1000,44,1,0,1790726400,2026-09-30T00:00:00Z
2026-09-28T23:27:26.582109Z,refresh,18377,1705564,875,25,1,0,1790726400,2026-09-30T00:00:00Z
2026-09-28T23:27:26.582109Z,refresh,18378,1705565,2050,80,1,0,1790726400,2026-09-30T00:00:00Z
2026-09-28T23:27:26.582109Z,refresh,18379,1705566,1075,80,1,0,1790726400,2026-09-30T00:00:00Z
2026-09-28T23:27:26.582109Z,refresh,18380,1705567,40250,22,1,0,1790726400,2026-09-30T00:00:00Z
2026-09-28T23:27:26.582109Z,refresh,18381,1705568,12100,61,1,0,1790726400,2026-09-30T00:00:00Z
2026-09-28T23:27:26.582109Z,refresh,18382,1705569,20100,44,1,0,1790726400,2026-09-30T00:00:00Z
2026-09-28T23:27:26.582109Z,refresh,18383,1705570,1025,22,1,0,1790726400,2026-09-30T00:00:00Z
2026-09-28T23:27:26.582109Z,refresh,18384,1705571,3550,19,1,0,1790726400,2026-09-30T00:00:00Z
2026-09-28T23:27:26.582109Z,refresh,18385,1705572,115,12,1,0,1790726400,2026-09-30T00:00:00Z
2026-09-28T23:27:26.582109Z,refresh,18386,1705573,110,14,1,0,1790726400,2026-09-30T00:00:00Z
2026-09-28T23:27:26.582109Z,refresh,18387,1705574,100,8,1,0,1790726400,2026-09-30T00:00:00Z
2026-09-28T23:27:26.582109Z,refresh,18388,1705575,10,2,1,0,1790726400,2026-09-30T00:00:00Z
2026-09-28T23:27:26.582109Z,refresh,18613,1723323,5,1,1,0,1790726400,2026-09-30T00:00:00Z
2026-09-28T23:27:26.582109Z,refresh,18614,1723324,1000,5,1,0,1790726400,2026-09-30T00:00:00Z
2026-09-28T23:27:26.582109Z,refresh,18615,1722853,505,3,1,0,1790726400,2026-09-30T00:00:00Z
2026-09-28T23:27:26.582109Z,refresh,18616,1723069,810,31,1,0,1790726400,2026-09-30T00:00:00Z
2026-09-28T23:27:26.582109Z,refresh,19094,1717855,4050,16,1,0,1790726400,2026-09-30T00:00:00Z
2026-09-29T00:32:44.556409Z,refresh,30-1332,1799881,5,1,1,0,1790719200,2026-09-29T22:00:00Z
2026-09-29T00:32:44.556409Z,refresh,18100,1705100,175,17,1,0,1790719200,2026-09-29T22:00:00Z
2026-09-29T00:32:44.556409Z,refresh,18101,1705101,150,10,1,0,1790719200,2026-09-29T22:00:00Z
2026-09-29T00:32:44.556409Z,refresh,18102,1705102,155,8,1,0,1790719200,2026-09-29T22:00:00Z
2026-09-29T00:32:44.556409Z,refresh,18103,1705103,55,6,1,0,1790719200,2026-09-29T22:00:00Z
2026-09-29T00:32:44.556409Z,refresh,18104,1705104,100,1,1,0,1790719200,2026-09-29T22:00:00Z
2026-09-29T00:32:44.556409Z,refresh,18105,1705105,30,6,1,0,1790719200,2026-09-29T22:00:00Z
2026-09-29T00:32:44.556409Z,refresh,18106,1705106,10,2,1,0,1790719200,2026-09-29T22:00:00Z
2026-09-29T00:32:44.556409Z,refresh,18107,1705107,10,2,1,0,1790719200,2026-09-29T22:00:00Z
2026-09-29T00:32:44.556409Z,refresh,18108,1705108,15,3,1,0,1790719200,2026-09-29T22:00:00Z
2026-09-29T00:32:44.556409Z,refresh,18109,1705109,5,1,1,0,1790719200,2026-09-29T22:00:00Z
2026-09-29T00:32:44.556409Z,refresh,18110,1705110,30,6,1,0,1790719200,2026-09-29T22:00:00Z
2026-09-29T00:32:44.556409Z,refresh,18111,1705111,5,1,1,0,1790719200,2026-09-29T22:00:00Z
2026-09-29T00:32:44.556409Z,refresh,18112,1705112,5,1,1,0,1790719200,2026-09-29T22:00:00Z
2026-09-29T00:32:44.556409Z,refresh,18113,1705113,5,1,1,0,1790719200,2026-09-29T22:00:00Z
2026-09-29T00:32:44.556409Z,refresh,18114,1705114,210,39,1,0,1790719200,2026-09-29T22:00:00Z
2026-09-29T00:32:44.556409Z,refresh,18115,1705115,10,2,1,0,1790719200,2026-09-29T22:00:00Z
2026-09-29T00:32:44.556409Z,refresh,18116,1705116,65,14,1,0,1790719200,2026-09-29T22:00:00Z
2026-09-29T00:32:44.556409Z,refresh,18117,1705117,55,11,1,0,1790719200,2026-09-29T22:00:00Z
2026-09-29T00:32:44.556409Z,refresh,18118,1705118,35,8,1,0,1790719200,2026-09-29T22:00:00Z
2026-09-29T00:32:44.556409Z,refresh,18119,1705119,205,23,1,0,1790719200,2026-09-29T22:00:00Z
2026-09-29T00:32:44.556409Z,refresh,18120,1705120,30,7,1,0,1790719200,2026-09-29T22:00:00Z
2026-09-29T00:32:44.556409Z,refresh,18121,1705121,5,0,1,0,1790719200,2026-09-29T22:00:00Z
2026-09-29T00:32:44.556409Z,refresh,18122,1705122,5,1,1,0,1790719200,2026-09-29T22:00:00Z
2026-09-29T00:32:44.556409Z,refresh,18123,1705123,165,35,1,0,1790719200,2026-09-29T22:00:00Z
2026-09-29T00:32:44.556409Z,refresh,18124,1705124,205,18,1,0,1790719200,2026-09-29T22:00:00Z
2026-09-29T00:32:44.556409Z,refresh,18125,1705125,115,25,1,0,1790719200,2026-09-29T22:00:00Z
2026-09-29T00:32:44.556409Z,refresh,18126,1705126,30,6,1,0,1790719200,2026-09-29T22:00:00Z
2026-09-29T00:32:44.556409Z,refresh,18127,1705127,155,14,1,0,1790719200,2026-09-29T22:00:00Z
2026-09-29T00:32:44.556409Z,refresh,18128,1705128,150,12,1,0,1790719200,2026-09-29T22:00:00Z
2026-09-29T00:32:44.556409Z,refresh,18129,1705129,10,2,1,0,1790719200,2026-09-29T22:00:00Z
2026-09-29T00:32:44.556409Z,refresh,18130,1705130,55,12,1,0,1790719200,2026-09-29T22:00:00Z
2026-09-29T00:32:44.556409Z,refresh,18131,1705131,5,1,1,0,1790719200,2026-09-29T22:00:00Z
2026-09-29T00:32:44.556409Z,refresh,18132,1705132,5,0,1,0,1790719200,2026-09-29T22:00:00Z
2026-09-29T00:32:44.556409Z,refresh,18133,1705133,35,7,1,0,1790719200,2026-09-29T22:00:00Z
2026-09-29T00:32:44.556409Z,refresh,18134,1705134,205,12,1,0,1790719200,2026-09-29T22:00:00Z
2026-09-29T00:32:44.556409Z,refresh,18135,1705135,105,6,1,0,1790719200,2026-09-29T22:00:00Z
2026-09-29T00:32:44.556409Z,refresh,18136,1705136,5,0,1,0,1790719200,2026-09-29T22:00:00Z
2026-09-29T00:32:44.556409Z,refresh,18137,1705137,10,2,1,0,1790719200,2026-09-29T22:00:00Z
2026-09-29T00:32:44.556409Z,refresh,18138,1705138,30,6,1,0,1790719200,2026-09-29T22:00:00Z
2026-09-29T00:32:44.556409Z,refresh,18139,1705139,100,4,1,0,1790719200,2026-09-29T22:00:00Z
2026-09-29T00:32:44.556409Z,refresh,18140,1705140,30,7,1,0,1790719200,2026-09-29T22:00:00Z
2026-09-29T00:32:44.556409Z,refresh,18141,1705141,5,1,1,0,1790719200,2026-09-29T22:00:00Z
2026-09-29T00:32:44.556409Z,refresh,18142,1705142,5,1,1,0,1790719200,2026-09-29T22:00:00Z
2026-09-29T00:32:44.556409Z,refresh,18143,1705143,10,2,1,0,1790719200,2026-09-29T22:00:00Z
2026-09-29T00:32:44.556409Z,refresh,18144,1705144,5,1,1,0,1790719200,2026-09-29T22:00:00Z
2026-09-29T00:32:44.556409Z,refresh,18145,1705145,10,2,1,0,1790719200,2026-09-29T22:00:00Z
2026-09-29T00:32:44.556409Z,refresh,18146,1705146,5,0,1,0,1790719200,2026-09-29T22:00:00Z
2026-09-29T00:32:44.556409Z,refresh,18147,1705147,205,19,1,0,1790719200,2026-09-29T22:00:00Z
2026-09-29T00:32:44.556409Z,refresh,18148,1705148,155,10,1,0,1790719200,2026-09-29T22:00:00Z
2026-09-29T00:32:44.556409Z,refresh,18149,1705149,30,6,1,0,1790719200,2026-09-29T22:00:00Z
2026-09-29T00:32:44.556409Z,refresh,18150,1705150,45,7,1,0,1790719200,2026-09-29T22:00:00Z
2026-09-29T00:32:44.556409Z,refresh,18151,1705151,33,7,1,0,1790719200,2026-09-29T22:00:00Z
2026-09-29T00:32:44.556409Z,refresh,18152,1705152,5,1,1,0,1790719200,2026-09-29T22:00:00Z
2026-09-29T00:32:44.556409Z,refresh,18153,1705153,10,2,1,0,1790719200,2026-09-29T22:00:00Z
2026-09-29T00:32:44.556409Z,refresh,18154,1705154,55,10,1,0,1790719200,2026-09-29T22:00:00Z
2026-09-29T00:32:44.556409Z,refresh,18156,1705155,5,1,1,0,1790719200,2026-09-29T22:00:00Z
2026-09-29T00:32:44.556409Z,refresh,18157,1705156,55,6,1,0,1790719200,2026-09-29T22:00:00Z
2026-09-29T00:32:44.556409Z,refresh,18158,1705157,5,0,1,0,1790719200,2026-09-29T22:00:00Z
2026-09-29T00:32:44.556409Z,refresh,18159,1705158,20,5,1,0,1790719200,2026-09-29T22:00:00Z
2026-09-29T00:32:44.556409Z,refresh,18160,1705159,5,0,1,0,1790719200,2026-09-29T22:00:00Z
2026-09-29T00:32:44.556409Z,refresh,18161,1705160,5,1,1,0,1790719200,2026-09-29T22:00:00Z
2026-09-29T00:32:44.556409Z,refresh,18162,1705161,5,1,1,0,1790719200,2026-09-29T22:00:00Z
2026-09-29T00:32:44.556409Z,refresh,18163,1705162,10,2,1,0,1790719200,2026-09-29T22:00:00Z
2026-09-29T00:32:44.556409Z,refresh,18164,1705163,40,8,1,0,1790719200,2026-09-29T22:00:00Z
2026-09-29T00:32:44.556409Z,refresh,18165,1705164,5,1,1,0,1790719200,2026-09-29T22:00:00Z
2026-09-29T00:32:44.556409Z,refresh,18166,1705165,105,16,1,0,1790719200,2026-09-29T22:00:00Z
2026-09-29T00:32:44.556409Z,refresh,18167,1705166,15,3,1,0,1790719200,2026-09-29T22:00:00Z
2026-09-29T00:32:44.556409Z,refresh,18168,1705167,60,11,1,0,1790719200,2026-09-29T22:00:00Z
2026-09-29T00:32:44.556409Z,refresh,18169,1705168,35,8,1,0,1790719200,2026-09-29T22:00:00Z
2026-09-29T00:32:44.556409Z,refresh,18170,1705169,36,9,1,0,1790719200,2026-09-29T22:00:00Z
2026-09-29T00:32:44.556409Z,refresh,18171,1705170,35,8,1,0,1790719200,2026-09-29T22:00:00Z
2026-09-29T00:32:44.556409Z,refresh,18172,1705171,35,9,1,0,1790719200,2026-09-29T22:00:00Z
2026-09-29T00:32:44.556409Z,refresh,18173,1705172,65,9,1,0,1790719200,2026-09-29T22:00:00Z
2026-09-29T00:32:44.556409Z,refresh,18174,1705173,5,1,1,0,1790719200,2026-09-29T22:00:00Z
2026-09-29T00:32:44.556409Z,refresh,18175,1705174,25,5,1,0,1790719200,2026-09-29T22:00:00Z
2026-09-29T00:32:44.556409Z,refresh,18176,1705175,155,13,1,0,1790719200,2026-09-29T22:00:00Z
2026-09-29T00:32:44.556409Z,refresh,18177,1705176,10,2,1,0,1790719200,2026-09-29T22:00:00Z
2026-09-29T00:32:44.556409Z,refresh,18178,1705177,5,1,1,0,1790719200,2026-09-29T22:00:00Z
2026-09-29T00:32:44.556409Z,refresh,18179,1705178,5,1,1,0,1790719200,2026-09-29T22:00:00Z
2026-09-29T00:32:44.556409Z,refresh,18180,1705179,460,14,1,0,1790719200,2026-09-29T22:00:00Z
2026-09-29T00:32:44.556409Z,refresh,18181,1705180,5,1,1,0,1790719200,2026-09-29T22:00:00Z
2026-09-29T00:32:44.556409Z,refresh,18182,1705181,10,2,1,0,1790719200,2026-09-29T22:00:00Z
2026-09-29T00:32:44.556409Z,refresh,18183,1705182,5,0,1,0,1790719200,2026-09-29T22:00:00Z
2026-09-29T00:32:44.556409Z,refresh,18184,1705183,5,0,1,0,1790719200,2026-09-29T22:00:00Z
2026-09-29T00:32:44.556409Z,refresh,18185,1705184,5,0,1,0,1790719200,2026-09-29T22:00:00Z
2026-09-29T00:32:44.556409Z,refresh,18186,1705185,5,1,1,0,1790719200,2026-09-29T22:00:00Z
2026-09-29T00:32:44.556409Z,refresh,18187,1705186,10,2,1,0,1790719200,2026-09-29T22:00:00Z
2026-09-29T00:32:44.556409Z,refresh,18188,1705187,10,2,1,0,1790719200,2026-09-29T22:00:00Z
2026-09-29T00:32:44.556409Z,refresh,18189,1705188,10,2,1,0,1790719200,2026-09-29T22:00:00Z
2026-09-29T00:32:44.556409Z,refresh,18190,1705189,25,3,1,0,1790719200,2026-09-29T22:00:00Z
2026-09-29T00:32:44.556409Z,refresh,18191,1705190,5,1,1,0,1790719200,2026-09-29T22:00:00Z
2026-09-29T00:32:44.556409Z,refresh,18192,1705191,10,2,1,0,1790719200,2026-09-29T22:00:00Z
2026-09-29T00:32:44.556409Z,refresh,18193,1705192,20,4,1,0,1790719200,2026-09-29T22:00:00Z
2026-09-29T00:32:44.556409Z,refresh,18194,1705193,5,0,1,0,1790719200,2026-09-29T22:00:00Z
2026-09-29T00:32:44.556409Z,refresh,18195,1705194,5,0,1,0,1790721000,2026-09-29T22:30:00Z
2026-09-29T00:32:44.556409Z,refresh,18196,1705195,10,2,1,0,1790721000,2026-09-29T22:30:00Z
2026-09-29T00:32:44.556409Z,refresh,18197,1705196,20,4,1,0,1790721000,2026-09-29T22:30:00Z
2026-09-29T00:32:44.556409Z,refresh,18198,1705197,10,2,1,0,1790721000,2026-09-29T22:30:00Z
2026-09-29T00:32:44.556409Z,refresh,18199,1705198,10,2,1,0,1790721000,2026-09-29T22:30:00Z
2026-09-29T00:32:44.556409Z,refresh,18200,1705199,5,0,1,0,1790721000,2026-09-29T22:30:00Z
2026-09-29T00:32:44.556409Z,refresh,18201,1705200,5,1,1,0,1790721000,2026-09-29T22:30:00Z
2026-09-29T00:32:44.556409Z,refresh,18202,1705201,15,3,1,0,1790721000,2026-09-29T22:30:00Z
2026-09-29T00:32:44.556409Z,refresh,18203,1705202,10,2,1,0,1790721000,2026-09-29T22:30:00Z
2026-09-29T00:32:44.556409Z,refresh,18204,1705203,10,2,1,0,1790721000,2026-09-29T22:30:00Z
2026-09-29T00:32:44.556409Z,refresh,18205,1705204,30,4,1,0,1790721000,2026-09-29T22:30:00Z
2026-09-29T00:32:44.556409Z,refresh,18206,1705205,5,0,1,0,1790721000,2026-09-29T22:30:00Z
2026-09-29T00:32:44.556409Z,refresh,18207,1705206,10,2,1,0,1790721000,2026-09-29T22:30:00Z
2026-09-29T00:32:44.556409Z,refresh,18208,1705207,20,4,1,0,1790721000,2026-09-29T22:30:00Z
2026-09-29T00:32:44.556409Z,refresh,18209,1705208,30,3,1,0,1790721000,2026-09-29T22:30:00Z
2026-09-29T00:32:44.556409Z,refresh,18210,1705209,40,8,1,0,1790721000,2026-09-29T22:30:00Z
2026-09-29T00:32:44.556409Z,refresh,18211,1705210,65,9,1,0,1790721000,2026-09-29T22:30:00Z
2026-09-29T00:32:44.556409Z,refresh,18212,1705211,5,0,1,0,1790721000,2026-09-29T22:30:00Z
2026-09-29T00:32:44.556409Z,refresh,18213,1705212,5,1,1,0,1790721000,2026-09-29T22:30:00Z
2026-09-29T00:32:44.556409Z,refresh,18214,1705213,15,3,1,0,1790721000,2026-09-29T22:30:00Z
2026-09-29T00:32:44.556409Z,refresh,18215,1705214,5,1,1,0,1790721000,2026-09-29T22:30:00Z
2026-09-29T00:32:44.556409Z,refresh,18216,1705215,30,5,1,0,1790721000,2026-09-29T22:30:00Z
2026-09-29T00:32:44.556409Z,refresh,18217,1705216,15,3,1,0,1790721000,2026-09-29T22:30:00Z
2026-09-29T00:32:44.556409Z,refresh,18218,1705217,10,2,1,0,1790721000,2026-09-29T22:30:00Z
2026-09-29T00:32:44.556409Z,refresh,18219,1705218,35,7,1,0,1790721000,2026-09-29T22:30:00Z
2026-09-29T00:32:44.556409Z,refresh,18220,1705219,5,1,1,0,1790721000,2026-09-29T22:30:00Z
2026-09-29T00:32:44.556409Z,refresh,18221,1705220,60,12,1,0,1790721000,2026-09-29T22:30:00Z
2026-09-29T00:32:44.556409Z,refresh,18222,1705221,15,3,1,0,1790721000,2026-09-29T22:30:00Z
2026-09-29T00:32:44.556409Z,refresh,18400,1705222,2050,46,1,0,1790721000,2026-09-29T22:30:00Z
2026-09-29T00:32:44.556409Z,refresh,18401,1705223,105,10,1,0,1790721000,2026-09-29T22:30:00Z
2026-09-29T00:32:44.556409Z,refresh,18402,1705224,25,5,1,0,1790721000,2026-09-29T22:30:00Z
2026-09-29T00:32:44.556409Z,refresh,18403,1705225,10,2,1,0,1790721000,2026-09-29T22:30:00Z
2026-09-29T00:32:44.556409Z,refresh,18404,1705226,105,15,1,0,1790721000,2026-09-29T22:30:00Z
2026-09-29T00:32:44.556409Z,refresh,18405,1705227,70,11,1,0,1790721000,2026-09-29T22:30:00Z
2026-09-29T00:32:44.556409Z,refresh,18406,1705228,55,6,1,0,1790721000,2026-09-29T22:30:00Z
2026-09-29T00:32:44.556409Z,refresh,18407,1705229,5,1,1,0,1790721000,2026-09-29T22:30:00Z
2026-09-29T00:32:44.556409Z,refresh,18408,1705230,55,9,1,0,1790721000,2026-09-29T22:30:00Z
2026-09-29T00:32:44.556409Z,refresh,18409,1705231,55,7,1,0,1790721000,2026-09-29T22:30:00Z
2026-09-29T00:32:44.556409Z,refresh,18410,1705232,40,5,1,0,1790721000,2026-09-29T22:30:00Z
2026-09-29T00:32:44.556409Z,refresh,18411,1705233,105,7,1,0,1790721000,2026-09-29T22:30:00Z
2026-09-29T00:32:44.556409Z,refresh,18412,1705234,55,4,1,0,1790721000,2026-09-29T22:30:00Z
2026-09-29T00:32:44.556409Z,refresh,18413,1705235,10,2,1,0,1790721000,2026-09-29T22:30:00Z
2026-09-29T00:32:44.556409Z,refresh,18414,1705236,205,13,1,0,1790721000,2026-09-29T22:30:00Z
2026-09-29T00:32:44.556409Z,refresh,18415,1705237,55,11,1,0,1790721000,2026-09-29T22:30:00Z
2026-09-29T00:32:44.556409Z,refresh,18416,1705238,15,3,1,0,1790721000,2026-09-29T22:30:00Z
2026-09-29T00:32:44.556409Z,refresh,18417,1705239,155,4,1,0,1790721000,2026-09-29T22:30:00Z
2026-09-29T00:32:44.556409Z,refresh,18418,1705240,100,7,1,0,1790721000,2026-09-29T22:30:00Z
2026-09-29T00:32:44.556409Z,refresh,18419,1705241,15,3,1,0,1790721000,2026-09-29T22:30:00Z
2026-09-29T00:32:44.556409Z,refresh,18420,1705242,5,1,1,0,1790721000,2026-09-29T22:30:00Z
2026-09-29T00:32:44.556409Z,refresh,18421,1705243,105,13,1,0,1790721000,2026-09-29T22:30:00Z
2026-09-29T00:32:44.556409Z,refresh,18422,1705244,5,1,1,0,1790721000,2026-09-29T22:30:00Z
2026-09-29T00:32:44.556409Z,refresh,18423,1705245,15,3,1,0,1790721000,2026-09-29T22:30:00Z
2026-09-29T00:32:44.556409Z,refresh,18424,1705246,205,13,1,0,1790721000,2026-09-29T22:30:00Z
2026-09-29T00:32:44.556409Z,refresh,18425,1705247,5,1,1,0,1790721000,2026-09-29T22:30:00Z
2026-09-29T00:32:44.556409Z,refresh,18426,1705248,60,7,1,0,1790721000,2026-09-29T22:30:00Z
2026-09-29T00:32:44.556409Z,refresh,18427,1705249,10,2,1,0,1790721000,2026-09-29T22:30:00Z
2026-09-29T00:32:44.556409Z,refresh,18428,1705250,10,2,1,0,1790721000,2026-09-29T22:30:00Z
2026-09-29T00:32:44.556409Z,refresh,18429,1705251,25,4,1,0,1790721000,2026-09-29T22:30:00Z
2026-09-29T00:32:44.556409Z,refresh,18430,1705252,90,19,1,0,1790721000,2026-09-29T22:30:00Z
2026-09-29T00:32:44.556409Z,refresh,18431,1705253,10,2,1,0,1790721000,2026-09-29T22:30:00Z
2026-09-29T00:32:44.556409Z,refresh,18432,1705254,35,8,1,0,1790721000,2026-09-29T22:30:00Z
2026-09-29T00:32:44.556409Z,refresh,18433,1705255,20,5,1,0,1790721000,2026-09-29T22:30:00Z
2026-09-29T00:32:44.556409Z,refresh,18434,1705256,30,6,1,0,1790721000,2026-09-29T22:30:00Z
2026-09-29T00:32:44.556409Z,refresh,18435,1705257,55,9,1,0,1790721000,2026-09-29T22:30:00Z
2026-09-29T00:32:44.556409Z,refresh,18436,1705258,15,3,1,0,1790721000,2026-09-29T22:30:00Z
2026-09-29T00:32:44.556409Z,refresh,18437,1705259,10,2,1,0,1790721000,2026-09-29T22:30:00Z
2026-09-29T00:32:44.556409Z,refresh,18438,1705260,5,1,1,0,1790721000,2026-09-29T22:30:00Z
2026-09-29T00:32:44.556409Z,refresh,18439,1705261,115,24,1,0,1790721000,2026-09-29T22:30:00Z
2026-09-29T00:32:44.556409Z,refresh,18440,1705262,55,7,1,0,1790721000,2026-09-29T22:30:00Z
2026-09-29T00:32:44.556409Z,refresh,18441,1705263,105,7,1,0,1790721000,2026-09-29T22:30:00Z
2026-09-29T00:32:44.556409Z,refresh,18442,1705264,5,1,1,0,1790721000,2026-09-29T22:30:00Z
2026-09-29T00:32:44.556409Z,refresh,18443,1705265,30,6,1,0,1790721000,2026-09-29T22:30:00Z
2026-09-29T00:32:44.556409Z,refresh,18444,1705266,15,3,1,0,1790721000,2026-09-29T22:30:00Z
2026-09-29T00:32:44.556409Z,refresh,18445,1705267,5,1,1,0,1790721000,2026-09-29T22:30:00Z
2026-09-29T00:32:44.556409Z,refresh,18446,1705268,30,6,1,0,1790721000,2026-09-29T22:30:00Z
2026-09-29T00:32:44.556409Z,refresh,18447,1705269,10,2,1,0,1790721000,2026-09-29T22:30:00Z
2026-09-29T00:32:44.556409Z,refresh,18448,1705270,10,2,1,0,1790721000,2026-09-29T22:30:00Z
2026-09-29T00:32:44.556409Z,refresh,18449,1705271,10,2,1,0,1790721000,2026-09-29T22:30:00Z
2026-09-29T00:32:44.556409Z,refresh,18450,1705272,10,2,1,0,1790721000,2026-09-29T22:30:00Z
2026-09-29T00:32:44.556409Z,refresh,18451,1705273,111,15,1,0,1790721000,2026-09-29T22:30:00Z
2026-09-29T00:32:44.556409Z,refresh,18452,1705274,10,2,1,0,1790721000,2026-09-29T22:30:00Z
2026-09-29T00:32:44.556409Z,refresh,18453,1705275,105,4,1,0,1790721000,2026-09-29T22:30:00Z
2026-09-29T00:32:44.556409Z,refresh,18454,1705276,20,5,1,0,1790721000,2026-09-29T22:30:00Z
2026-09-29T00:32:44.556409Z,refresh,18455,1705277,30,7,1,0,1790721000,2026-09-29T22:30:00Z
2026-09-29T00:32:44.556409Z,refresh,18456,1705278,10,2,1,0,1790721000,2026-09-29T22:30:00Z
2026-09-29T00:32:44.556409Z,refresh,18457,1705279,5,1,1,0,1790721000,2026-09-29T22:30:00Z
2026-09-29T00:32:44.556409Z,refresh,18458,1705280,25,5,1,0,1790721000,2026-09-29T22:30:00Z
2026-09-29T00:32:44.556409Z,refresh,18459,1705281,15,3,1,0,1790721000,2026-09-29T22:30:00Z
2026-09-29T00:32:44.556409Z,refresh,18460,1705282,5,1,1,0,1790721000,2026-09-29T22:30:00Z
2026-09-29T00:32:44.556409Z,refresh,18461,1705283,5,1,1,0,1790721000,2026-09-29T22:30:00Z
2026-09-29T00:32:44.556409Z,refresh,18462,1705284,20,4,1,0,1790721000,2026-09-29T22:30:00Z
2026-09-29T00:32:44.556409Z,refresh,18463,1705285,170,16,1,0,1790721000,2026-09-29T22:30:00Z
2026-09-29T00:32:44.556409Z,refresh,18464,1705286,5,1,1,0,1790721000,2026-09-29T22:30:00Z
2026-09-29T00:32:44.556409Z,refresh,18465,1705287,55,9,1,0,1790721000,2026-09-29T22:30:00Z
2026-09-29T00:32:44.556409Z,refresh,18466,1705288,10,2,1,0,1790721000,2026-09-29T22:30:00Z
2026-09-29T00:32:44.556409Z,refresh,30-1329,1799843,5,1,1,0,1790722800,2026-09-29T23:00:00Z
2026-09-29T00:32:44.556409Z,refresh,30-1330,1799850,5,1,1,0,1790722800,2026-09-29T23:00:00Z
2026-09-29T00:32:44.556409Z,refresh,30-1331,1799864,20,5,1,0,1790722800,2026-09-29T23:00:00Z
2026-09-29T00:32:44.556409Z,refresh,18467,1705289,5,1,1,0,1790722800,2026-09-29T23:00:00Z
2026-09-29T00:32:44.556409Z,refresh,18468,1705290,5,1,1,0,1790722800,2026-09-29T23:00:00Z
2026-09-29T00:32:44.556409Z,refresh,18469,1705291,5,1,1,0,1790722800,2026-09-29T23:00:00Z
2026-09-29T00:32:44.556409Z,refresh,18470,1705292,5,0,1,0,1790722800,2026-09-29T23:00:00Z
2026-09-29T00:32:44.556409Z,refresh,18471,1705293,5,1,1,0,1790722800,2026-09-29T23:00:00Z
2026-09-29T00:32:44.556409Z,refresh,18472,1705294,5,1,1,0,1790722800,2026-09-29T23:00:00Z
2026-09-29T00:32:44.556409Z,refresh,18473,1705295,20,4,1,0,1790722800,2026-09-29T23:00:00Z
2026-09-29T00:32:44.556409Z,refresh,18474,1705296,10,2,1,0,1790722800,2026-09-29T23:00:00Z
2026-09-29T00:32:44.556409Z,refresh,18475,1705297,10,2,1,0,1790722800,2026-09-29T23:00:00Z
2026-09-29T00:32:44.556409Z,refresh,18476,1705298,10,2,1,0,1790722800,2026-09-29T23:00:00Z
2026-09-29T00:32:44.556409Z,refresh,18477,1705299,5,1,1,0,1790722800,2026-09-29T23:00:00Z
2026-09-29T00:32:44.556409Z,refresh,18478,1705300,5,1,1,0,1790722800,2026-09-29T23:00:00Z
2026-09-29T00:32:44.556409Z,refresh,18479,1705301,5,1,1,0,1790722800,2026-09-29T23:00:00Z
2026-09-29T00:32:44.556409Z,refresh,18480,1705302,15,3,1,0,1790722800,2026-09-29T23:00:00Z
2026-09-29T00:32:44.556409Z,refresh,18481,1705303,25,5,1,0,1790722800,2026-09-29T23:00:00Z
2026-09-29T00:32:44.556409Z,refresh,18482,1705304,25,6,1,0,1790722800,2026-09-29T23:00:00Z
2026-09-29T00:32:44.556409Z,refresh,18483,1705305,20,5,1,0,1790722800,2026-09-29T23:00:00Z
2026-09-29T00:32:44.556409Z,refresh,18484,1705306,5,1,1,0,1790722800,2026-09-29T23:00:00Z
2026-09-29T00:32:44.556409Z,refresh,18485,1705307,10,2,1,0,1790722800,2026-09-29T23:00:00Z
2026-09-29T00:32:44.556409Z,refresh,18486,1705308,10,2,1,0,1790722800,2026-09-29T23:00:00Z
2026-09-29T00:32:44.556409Z,refresh,18487,1705309,25,4,1,0,1790722800,2026-09-29T23:00:00Z
2026-09-29T00:32:44.556409Z,refresh,18488,1705310,5,1,1,0,1790722800,2026-09-29T23:00:00Z
2026-09-29T00:32:44.556409Z,refresh,18489,1705311,25,4,1,0,1790722800,2026-09-29T23:00:00Z
2026-09-29T00:32:44.556409Z,refresh,18490,1705312,55,6,1,0,1790722800,2026-09-29T23:00:00Z
2026-09-29T00:32:44.556409Z,refresh,18491,1705313,65,11,1,0,1790722800,2026-09-29T23:00:00Z
2026-09-29T00:32:44.556409Z,refresh,18492,1705314,5,1,1,0,1790722800,2026-09-29T23:00:00Z
2026-09-29T00:32:44.556409Z,refresh,18493,1705315,10,2,1,0,1790722800,2026-09-29T23:00:00Z
2026-09-29T00:32:44.556409Z,refresh,18494,1705316,10,2,1,0,1790722800,2026-09-29T23:00:00Z
2026-09-29T00:32:44.556409Z,refresh,18495,1705317,5,1,1,0,1790722800,2026-09-29T23:00:00Z
2026-09-29T00:32:44.556409Z,refresh,18496,1705318,50,10,1,0,1790722800,2026-09-29T23:00:00Z
2026-09-29T00:32:44.556409Z,refresh,18497,1705319,10,2,1,0,1790722800,2026-09-29T23:00:00Z
2026-09-29T00:32:44.556409Z,refresh,18498,1705320,10,2,1,0,1790722800,2026-09-29T23:00:00Z
2026-09-29T00:32:44.556409Z,refresh,18499,1705321,10,2,1,0,1790722800,2026-09-29T23:00:00Z
2026-09-29T00:32:44.556409Z,refresh,18500,1705322,10,2,1,0,1790722800,2026-09-29T23:00:00Z
2026-09-29T00:32:44.556409Z,refresh,18501,1705323,5,1,1,0,1790722800,2026-09-29T23:00:00Z
2026-09-29T00:32:44.556409Z,refresh,18502,1705324,10,2,1,0,1790722800,2026-09-29T23:00:00Z
2026-09-29T00:32:44.556409Z,refresh,18503,1705325,25,5,1,0,1790722800,2026-09-29T23:00:00Z
2026-09-29T00:32:44.556409Z,refresh,18504,1705326,10,2,1,0,1790722800,2026-09-29T23:00:00Z
2026-09-29T00:32:44.556409Z,refresh,18505,1705327,15,3,1,0,1790722800,2026-09-29T23:00:00Z
2026-09-29T00:32:44.556409Z,refresh,18506,1705328,10,2,1,0,1790722800,2026-09-29T23:00:00Z
2026-09-29T00:32:44.556409Z,refresh,18507,1705329,10,2,1,0,1790722800,2026-09-29T23:00:00Z
2026-09-29T00:32:44.556409Z,refresh,18508,1705330,5,1,1,0,1790722800,2026-09-29T23:00:00Z
2026-09-29T00:32:44.556409Z,refresh,18509,1705331,10,2,1,0,1790722800,2026-09-29T23:00:00Z
2026-09-29T00:32:44.556409Z,refresh,18510,1705332,15,3,1,0,1790722800,2026-09-29T23:00:00Z
2026-09-29T00:32:44.556409Z,refresh,18511,1705333,30,5,1,0,1790722800,2026-09-29T23:00:00Z
2026-09-29T00:32:44.556409Z,refresh,18512,1705334,40,9,1,0,1790722800,2026-09-29T23:00:00Z
2026-09-29T00:32:44.556409Z,refresh,18513,1705335,10,2,1,0,1790722800,2026-09-29T23:00:00Z
2026-09-29T00:32:44.556409Z,refresh,18514,1705336,35,8,1,0,1790722800,2026-09-29T23:00:00Z
2026-09-29T00:32:44.556409Z,refresh,18515,1705337,20,5,1,0,1790722800,2026-09-29T23:00:00Z
2026-09-29T00:32:44.556409Z,refresh,18516,1705338,5,1,1,0,1790722800,2026-09-29T23:00:00Z
2026-09-29T00:32:44.556409Z,refresh,18517,1705339,20,3,1,0,1790722800,2026-09-29T23:00:00Z
2026-09-29T00:32:44.556409Z,refresh,18518,1705340,5,1,1,0,1790722800,2026-09-29T23:00:00Z
2026-09-29T00:32:44.556409Z,refresh,18519,1705341,80,5,1,0,1790722800,2026-09-29T23:00:00Z
2026-09-29T00:32:44.556409Z,refresh,18520,1705342,30,7,1,0,1790722800,2026-09-29T23:00:00Z
2026-09-29T00:32:44.556409Z,refresh,18521,1705343,5,1,1,0,1790722800,2026-09-29T23:00:00Z
2026-09-29T00:32:44.556409Z,refresh,18522,1705344,30,6,1,0,1790722800,2026-09-29T23:00:00Z
2026-09-29T00:32:44.556409Z,refresh,18523,1705345,15,3,1,0,1790722800,2026-09-29T23:00:00Z
2026-09-29T00:32:44.556409Z,refresh,18524,1705346,50,5,1,0,1790722800,2026-09-29T23:00:00Z
2026-09-29T00:32:44.556409Z,refresh,18525,1705347,30,7,1,0,1790722800,2026-09-29T23:00:00Z
2026-09-29T00:32:44.556409Z,refresh,18526,1705348,5,1,1,0,1790722800,2026-09-29T23:00:00Z
2026-09-29T00:32:44.556409Z,refresh,18527,1705349,20,4,1,0,1790722800,2026-09-29T23:00:00Z
2026-09-29T00:32:44.556409Z,refresh,18528,1705350,20,5,1,0,1790722800,2026-09-29T23:00:00Z
2026-09-29T00:32:44.556409Z,refresh,18529,1705351,50,11,1,0,1790722800,2026-09-29T23:00:00Z
2026-09-29T00:32:44.556409Z,refresh,18530,1705352,5,1,1,0,1790722800,2026-09-29T23:00:00Z
2026-09-29T00:32:44.556409Z,refresh,18531,1705353,5,1,1,0,1790722800,2026-09-29T23:00:00Z
2026-09-29T00:32:44.556409Z,refresh,18532,1705354,35,7,1,0,1790722800,2026-09-29T23:00:00Z
2026-09-29T00:32:44.556409Z,refresh,18533,1705355,25,5,1,0,1790722800,2026-09-29T23:00:00Z
2026-09-29T00:32:44.556409Z,refresh,18534,1705356,10,2,1,0,1790722800,2026-09-29T23:00:00Z
2026-09-29T00:32:44.556409Z,refresh,18535,1705357,20,4,1,0,1790722800,2026-09-29T23:00:00Z
2026-09-29T00:32:44.556409Z,refresh,18536,1705358,5,1,1,0,1790722800,2026-09-29T23:00:00Z
2026-09-29T00:32:44.556409Z,refresh,18537,1705359,5,1,1,0,1790722800,2026-09-29T23:00:00Z
2026-09-29T00:32:44.556409Z,refresh,18538,1705360,5,1,1,0,1790722800,2026-09-29T23:00:00Z
2026-09-29T00:32:44.556409Z,refresh,18539,1705361,5,0,1,0,1790722800,2026-09-29T23:00:00Z
2026-09-29T00:32:44.556409Z,refresh,18540,1705362,5,0,1,0,1790722800,2026-09-29T23:00:00Z
2026-09-29T00:32:44.556409Z,refresh,18541,1705363,305,44,1,0,1790722800,2026-09-29T23:00:00Z
2026-09-29T00:32:44.556409Z,refresh,18542,1705364,10,2,1,0,1790722800,2026-09-29T23:00:00Z
2026-09-29T00:32:44.556409Z,refresh,18543,1705365,155,13,1,0,1790722800,2026-09-29T23:00:00Z
2026-09-29T00:32:44.556409Z,refresh,18544,1705366,155,6,1,0,1790722800,2026-09-29T23:00:00Z
2026-09-29T00:32:44.556409Z,refresh,18545,1705367,105,19,1,0,1790722800,2026-09-29T23:00:00Z
2026-09-29T00:32:44.556409Z,refresh,18546,1705368,5,0,1,0,1790722800,2026-09-29T23:00:00Z
2026-09-29T00:32:44.556409Z,refresh,18547,1705369,5,1,1,0,1790722800,2026-09-29T23:00:00Z
2026-09-29T00:32:44.556409Z,refresh,18548,1705370,5,1,1,0,1790722800,2026-09-29T23:00:00Z
2026-09-29T00:32:44.556409Z,refresh,18549,1705371,5,0,1,0,1790722800,2026-09-29T23:00:00Z
2026-09-29T00:32:44.556409Z,refresh,18550,1705372,375,55,1,0,1790722800,2026-09-29T23:00:00Z
2026-09-29T00:32:44.556409Z,refresh,18551,1705373,30,3,1,0,1790722800,2026-09-29T23:00:00Z
2026-09-29T00:32:44.556409Z,refresh,18552,1705374,5,1,1,0,1790722800,2026-09-29T23:00:00Z
2026-09-29T00:32:44.556409Z,refresh,18553,1705375,5,0,1,0,1790722800,2026-09-29T23:00:00Z
2026-09-29T00:32:44.556409Z,refresh,18554,1705376,310,30,1,0,1790722800,2026-09-29T23:00:00Z
2026-09-29T00:32:44.556409Z,refresh,18555,1705377,70,11,1,0,1790722800,2026-09-29T23:00:00Z
2026-09-29T00:32:44.556409Z,refresh,18556,1705378,5,1,1,0,1790722800,2026-09-29T23:00:00Z
2026-09-29T00:32:44.556409Z,refresh,18557,1705379,15,3,1,0,1790722800,2026-09-29T23:00:00Z
2026-09-29T00:32:44.556409Z,refresh,18558,1705380,5,1,1,0,1790722800,2026-09-29T23:00:00Z
2026-09-29T00:32:44.556409Z,refresh,18559,1705381,10,2,1,0,1790722800,2026-09-29T23:00:00Z
2026-09-29T00:32:44.556409Z,refresh,18560,1705382,30,4,1,0,1790722800,2026-09-29T23:00:00Z
2026-09-29T00:32:44.556409Z,refresh,18561,1705383,10,2,1,0,1790722800,2026-09-29T23:00:00Z
2026-09-29T00:32:44.556409Z,refresh,30-1333,1799925,5,1,1,0,1790724600,2026-09-29T23:30:00Z
2026-09-29T00:32:44.556409Z,refresh,18223,1705434,10,2,1,0,1790724600,2026-09-29T23:30:00Z
2026-09-29T00:32:44.556409Z,refresh,18224,1705435,5,1,1,0,1790724600,2026-09-29T23:30:00Z
2026-09-29T00:32:44.556409Z,refresh,18225,1705436,15,3,1,0,1790724600,2026-09-29T23:30:00Z
2026-09-29T00:32:44.556409Z,refresh,18226,1705437,205,12,1,0,1790724600,2026-09-29T23:30:00Z
2026-09-29T00:32:44.556409Z,refresh,18250,1705438,115,15,1,0,1790724600,2026-09-29T23:30:00Z
2026-09-29T00:32:44.556409Z,refresh,18251,1705439,10,2,1,0,1790724600,2026-09-29T23:30:00Z
2026-09-29T00:32:44.556409Z,refresh,18252,1705440,15,3,1,0,1790724600,2026-09-29T23:30:00Z
2026-09-29T00:32:44.556409Z,refresh,18253,1705441,5,1,1,0,1790724600,2026-09-29T23:30:00Z
2026-09-29T00:32:44.556409Z,refresh,18254,1705442,5,1,1,0,1790724600,2026-09-29T23:30:00Z
2026-09-29T00:32:44.556409Z,refresh,18255,1705443,5,0,1,0,1790724600,2026-09-29T23:30:00Z
2026-09-29T00:32:44.556409Z,refresh,18256,1705444,5,0,1,0,1790724600,2026-09-29T23:30:00Z
2026-09-29T00:32:44.556409Z,refresh,18257,1705445,10,2,1,0,1790724600,2026-09-29T23:30:00Z
2026-09-29T00:32:44.556409Z,refresh,18258,1705446,5,1,1,0,1790724600,2026-09-29T23:30:00Z
2026-09-29T00:32:44.556409Z,refresh,18259,1705447,55,12,1,0,1790724600,2026-09-29T23:30:00Z
2026-09-29T00:32:44.556409Z,refresh,18260,1705448,310,12,1,0,1790724600,2026-09-29T23:30:00Z
2026-09-29T00:32:44.556409Z,refresh,18261,1705449,15,3,1,0,1790724600,2026-09-29T23:30:00Z
2026-09-29T00:32:44.556409Z,refresh,18262,1705450,105,6,1,0,1790724600,2026-09-29T23:30:00Z
2026-09-29T00:32:44.556409Z,refresh,18263,1705451,5,0,1,0,1790724600,2026-09-29T23:30:00Z
2026-09-29T00:32:44.556409Z,refresh,18264,1705452,5,1,1,0,1790724600,2026-09-29T23:30:00Z
2026-09-29T00:32:44.556409Z,refresh,18265,1705453,5,1,1,0,1790724600,2026-09-29T23:30:00Z
2026-09-29T00:32:44.556409Z,refresh,18266,1705454,10,2,1,0,1790724600,2026-09-29T23:30:00Z
2026-09-29T00:32:44.556409Z,refresh,18267,1705455,10,2,1,0,1790724600,2026-09-29T23:30:00Z
2026-09-29T00:32:44.556409Z,refresh,18268,1705456,5,1,1,0,1790724600,2026-09-29T23:30:00Z
2026-09-29T00:32:44.556409Z,refresh,18269,1705457,20,4,1,0,1790724600,2026-09-29T23:30:00Z
2026-09-29T00:32:44.556409Z,refresh,18270,1705458,5,1,1,0,1790724600,2026-09-29T23:30:00Z
2026-09-29T00:32:44.556409Z,refresh,18271,1705459,10,2,1,0,1790724600,2026-09-29T23:30:00Z
2026-09-29T00:32:44.556409Z,refresh,18272,1705460,5,1,1,0,1790724600,2026-09-29T23:30:00Z
2026-09-29T00:32:44.556409Z,refresh,18273,1705461,5,1,1,0,1790724600,2026-09-29T23:30:00Z
2026-09-29T00:32:44.556409Z,refresh,18274,1705462,5,0,1,0,1790724600,2026-09-29T23:30:00Z
2026-09-29T00:32:44.556409Z,refresh,18275,1705463,5,1,1,0,1790724600,2026-09-29T23:30:00Z
2026-09-29T00:32:44.556409Z,refresh,18276,1705464,5,1,1,0,1790724600,2026-09-29T23:30:00Z
2026-09-29T00:32:44.556409Z,refresh,18277,1705465,5,0,1,0,1790724600,2026-09-29T23:30:00Z
2026-09-29T00:32:44.556409Z,refresh,18278,1705466,5,0,1,0,1790724600,2026-09-29T23:30:00Z
2026-09-29T00:32:44.556409Z,refresh,18279,1705467,5,0,1,0,1790724600,2026-09-29T23:30:00Z
2026-09-29T00:32:44.556409Z,refresh,18280,1705468,5,1,1,0,1790724600,2026-09-29T23:30:00Z
2026-09-29T00:32:44.556409Z,refresh,18281,1705469,5,0,1,0,1790724600,2026-09-29T23:30:00Z
2026-09-29T00:32:44.556409Z,refresh,18282,1705470,180,18,1,0,1790724600,2026-09-29T23:30:00Z
2026-09-29T00:32:44.556409Z,refresh,18283,1705471,5,1,1,0,1790724600,2026-09-29T23:30:00Z
2026-09-29T00:32:44.556409Z,refresh,18284,1705472,5,0,1,0,1790724600,2026-09-29T23:30:00Z
2026-09-29T00:32:44.556409Z,refresh,18285,1705473,5,1,1,0,1790724600,2026-09-29T23:30:00Z
2026-09-29T00:32:44.556409Z,refresh,18286,1705474,5,1,1,0,1790724600,2026-09-29T23:30:00Z
2026-09-29T00:32:44.556409Z,refresh,18287,1705475,5,0,1,0,1790724600,2026-09-29T23:30:00Z
2026-09-29T00:32:44.556409Z,refresh,18288,1705476,5,0,1,0,1790724600,2026-09-29T23:30:00Z
2026-09-29T00:32:44.556409Z,refresh,18289,1705477,10,2,1,0,1790724600,2026-09-29T23:30:00Z
2026-09-29T00:32:44.556409Z,refresh,18290,1705478,200,24,1,0,1790724600,2026-09-29T23:30:00Z
2026-09-29T00:32:44.556409Z,refresh,18562,1705384,5,1,1,0,1790724600,2026-09-29T23:30:00Z
2026-09-29T00:32:44.556409Z,refresh,18563,1705385,5,1,1,0,1790724600,2026-09-29T23:30:00Z
2026-09-29T00:32:44.556409Z,refresh,18564,1705386,15,3,1,0,1790724600,2026-09-29T23:30:00Z
2026-09-29T00:32:44.556409Z,refresh,18565,1705387,15,3,1,0,1790724600,2026-09-29T23:30:00Z
2026-09-29T00:32:44.556409Z,refresh,18566,1705388,10,2,1,0,1790724600,2026-09-29T23:30:00Z
2026-09-29T00:32:44.556409Z,refresh,18567,1705389,5,1,1,0,1790724600,2026-09-29T23:30:00Z
2026-09-29T00:32:44.556409Z,refresh,18568,1705390,5,1,1,0,1790724600,2026-09-29T23:30:00Z
2026-09-29T00:32:44.556409Z,refresh,18569,1705391,10,2,1,0,1790724600,2026-09-29T23:30:00Z
2026-09-29T00:32:44.556409Z,refresh,18570,1705392,15,3,1,0,1790724600,2026-09-29T23:30:00Z
2026-09-29T00:32:44.556409Z,refresh,18571,1705393,5,1,1,0,1790724600,2026-09-29T23:30:00Z
2026-09-29T00:32:44.556409Z,refresh,18572,1705394,100,14,1,0,1790724600,2026-09-29T23:30:00Z
2026-09-29T00:32:44.556409Z,refresh,18573,1705395,10,2,1,0,1790724600,2026-09-29T23:30:00Z
2026-09-29T00:32:44.556409Z,refresh,18574,1705396,5,1,1,0,1790724600,2026-09-29T23:30:00Z
2026-09-29T00:32:44.556409Z,refresh,18575,1705397,110,6,1,0,1790724600,2026-09-29T23:30:00Z
2026-09-29T00:32:44.556409Z,refresh,18576,1705398,115,22,1,0,1790724600,2026-09-29T23:30:00Z
2026-09-29T00:32:44.556409Z,refresh,18577,1705399,20,4,1,0,1790724600,2026-09-29T23:30:00Z
2026-09-29T00:32:44.556409Z,refresh,18578,1705400,5,1,1,0,1790724600,2026-09-29T23:30:00Z
2026-09-29T00:32:44.556409Z,refresh,18579,1705401,35,8,1,0,1790724600,2026-09-29T23:30:00Z
2026-09-29T00:32:44.556409Z,refresh,18580,1705402,460,8,1,0,1790724600,2026-09-29T23:30:00Z
2026-09-29T00:32:44.556409Z,refresh,18581,1705403,10,2,1,0,1790724600,2026-09-29T23:30:00Z
2026-09-29T00:32:44.556409Z,refresh,18582,1705404,5,1,1,0,1790724600,2026-09-29T23:30:00Z
2026-09-29T00:32:44.556409Z,refresh,18583,1705405,5,1,1,0,1790724600,2026-09-29T23:30:00Z
2026-09-29T00:32:44.556409Z,refresh,18584,1705406,25,5,1,0,1790724600,2026-09-29T23:30:00Z
2026-09-29T00:32:44.556409Z,refresh,18585,1705407,5,1,1,0,1790724600,2026-09-29T23:30:00Z
2026-09-29T00:32:44.556409Z,refresh,18586,1705408,5,1,1,0,1790724600,2026-09-29T23:30:00Z
2026-09-29T00:32:44.556409Z,refresh,18587,1705409,55,5,1,0,1790724600,2026-09-29T23:30:00Z
2026-09-29T00:32:44.556409Z,refresh,18588,1705410,70,8,1,0,1790724600,2026-09-29T23:30:00Z
2026-09-29T00:32:44.556409Z,refresh,18589,1705411,5,1,1,0,1790724600,2026-09-29T23:30:00Z
2026-09-29T00:32:44.556409Z,refresh,18590,1705412,5,1,1,0,1790724600,2026-09-29T23:30:00Z
2026-09-29T00:32:44.556409Z,refresh,18591,1705413,5,1,1,0,1790724600,2026-09-29T23:30:00Z
2026-09-29T00:32:44.556409Z,refresh,18592,1705414,5,1,1,0,1790724600,2026-09-29T23:30:00Z
2026-09-29T00:32:44.556409Z,refresh,18593,1705415,10,2,1,0,1790724600,2026-09-29T23:30:00Z
2026-09-29T00:32:44.556409Z,refresh,18594,1705416,10,2,1,0,1790724600,2026-09-29T23:30:00Z
2026-09-29T00:32:44.556409Z,refresh,18595,1705417,5,1,1,0,1790724600,2026-09-29T23:30:00Z
2026-09-29T00:32:44.556409Z,refresh,18596,1705418,5,0,1,0,1790724600,2026-09-29T23:30:00Z
2026-09-29T00:32:44.556409Z,refresh,18597,1705419,135,19,1,0,1790724600,2026-09-29T23:30:00Z
2026-09-29T00:32:44.556409Z,refresh,18598,1705420,10,2,1,0,1790724600,2026-09-29T23:30:00Z
2026-09-29T00:32:44.556409Z,refresh,18599,1705421,30,6,1,0,1790724600,2026-09-29T23:30:00Z
2026-09-29T00:32:44.556409Z,refresh,18600,1705422,30,6,1,0,1790724600,2026-09-29T23:30:00Z
2026-09-29T00:32:44.556409Z,refresh,18601,1705423,110,19,1,0,1790724600,2026-09-29T23:30:00Z
2026-09-29T00:32:44.556409Z,refresh,18602,1705424,5,1,1,0,1790724600,2026-09-29T23:30:00Z
2026-09-29T00:32:44.556409Z,refresh,18603,1705425,5,1,1,0,1790724600,2026-09-29T23:30:00Z
2026-09-29T00:32:44.556409Z,refresh,18604,1705426,10,2,1,0,1790724600,2026-09-29T23:30:00Z
2026-09-29T00:32:44.556409Z,refresh,18605,1705427,30,5,1,0,1790724600,2026-09-29T23:30:00Z
2026-09-29T00:32:44.556409Z,refresh,18606,1705428,10,2,1,0,1790724600,2026-09-29T23:30:00Z
2026-09-29T00:32:44.556409Z,refresh,18607,1705429,5,0,1,0,1790724600,2026-09-29T23:30:00Z
2026-09-29T00:32:44.556409Z,refresh,18608,1705430,5,1,1,0,1790724600,2026-09-29T23:30:00Z
2026-09-29T00:32:44.556409Z,refresh,18609,1705431,15,3,1,0,1790724600,2026-09-29T23:30:00Z
2026-09-29T00:32:44.556409Z,refresh,18610,1705432,5,1,1,0,1790724600,2026-09-29T23:30:00Z
2026-09-29T00:32:44.556409Z,refresh,18611,1705433,5,1,1,0,1790724600,2026-09-29T23:30:00Z
2026-09-29T00:32:44.556409Z,refresh,18612,1723322,155,17,1,0,1790724600,2026-09-29T23:30:00Z
2026-09-29T00:32:44.556409Z,refresh,18291,1705479,10,2,1,0,1790726400,2026-09-30T00:00:00Z
2026-09-29T00:32:44.556409Z,refresh,18292,1705480,5,1,1,0,1790726400,2026-09-30T00:00:00Z
2026-09-29T00:32:44.556409Z,refresh,18293,1705481,35,7,1,0,1790726400,2026-09-30T00:00:00Z
2026-09-29T00:32:44.556409Z,refresh,18294,1705482,5,1,1,0,1790726400,2026-09-30T00:00:00Z
2026-09-29T00:32:44.556409Z,refresh,18295,1705483,390,30,1,0,1790726400,2026-09-30T00:00:00Z
2026-09-29T00:32:44.556409Z,refresh,18296,1705484,5,1,1,0,1790726400,2026-09-30T00:00:00Z
2026-09-29T00:32:44.556409Z,refresh,18297,1705485,5,1,1,0,1790726400,2026-09-30T00:00:00Z
2026-09-29T00:32:44.556409Z,refresh,18298,1705486,5,1,1,0,1790726400,2026-09-30T00:00:00Z
2026-09-29T00:32:44.556409Z,refresh,18299,1705487,5,1,1,0,1790726400,2026-09-30T00:00:00Z
2026-09-29T00:32:44.556409Z,refresh,18300,1705488,10,2,1,0,1790726400,2026-09-30T00:00:00Z
2026-09-29T00:32:44.556409Z,refresh,18301,1705489,30,6,1,0,1790726400,2026-09-30T00:00:00Z
2026-09-29T00:32:44.556409Z,refresh,18302,1705490,10,2,1,0,1790726400,2026-09-30T00:00:00Z
2026-09-29T00:32:44.556409Z,refresh,18303,1705491,5,1,1,0,1790726400,2026-09-30T00:00:00Z
2026-09-29T00:32:44.556409Z,refresh,18304,1705492,15,4,1,0,1790726400,2026-09-30T00:00:00Z
2026-09-29T00:32:44.556409Z,refresh,18305,1705493,10,2,1,0,1790726400,2026-09-30T00:00:00Z
2026-09-29T00:32:44.556409Z,refresh,18306,1705494,15,3,1,0,1790726400,2026-09-30T00:00:00Z
2026-09-29T00:32:44.556409Z,refresh,18307,1705495,10,2,1,0,1790726400,2026-09-30T00:00:00Z
2026-09-29T00:32:44.556409Z,refresh,18308,1705496,5,1,1,0,1790726400,2026-09-30T00:00:00Z
2026-09-29T00:32:44.556409Z,refresh,18309,1705497,10,2,1,0,1790726400,2026-09-30T00:00:00Z
2026-09-29T00:32:44.556409Z,refresh,18310,1705498,15,3,1,0,1790726400,2026-09-30T00:00:00Z
2026-09-29T00:32:44.556409Z,refresh,18311,1705499,10,2,1,0,1790726400,2026-09-30T00:00:00Z
2026-09-29T00:32:44.556409Z,refresh,18312,1705500,2000,25,1,0,1790726400,2026-09-30T00:00:00Z
2026-09-29T00:32:44.556409Z,refresh,18313,1705501,15,4,1,0,1790726400,2026-09-30T00:00:00Z
2026-09-29T00:32:44.556409Z,refresh,18314,1705502,5,1,1,0,1790726400,2026-09-30T00:00:00Z
2026-09-29T00:32:44.556409Z,refresh,18315,1705503,40,5,1,0,1790726400,2026-09-30T00:00:00Z
2026-09-29T00:32:44.556409Z,refresh,18316,1705504,15,3,1,0,1790726400,2026-09-30T00:00:00Z
2026-09-29T00:32:44.556409Z,refresh,18317,1705505,5,0,1,0,1790726400,2026-09-30T00:00:00Z
2026-09-29T00:32:44.556409Z,refresh,18318,1705506,5,1,1,0,1790726400,2026-09-30T00:00:00Z
2026-09-29T00:32:44.556409Z,refresh,18319,1705507,10,2,1,0,1790726400,2026-09-30T00:00:00Z
2026-09-29T00:32:44.556409Z,refresh,18320,1705508,5,1,1,0,1790726400,2026-09-30T00:00:00Z
2026-09-29T00:32:44.556409Z,refresh,18321,1705509,5,1,1,0,1790726400,2026-09-30T00:00:00Z
2026-09-29T00:32:44.556409Z,refresh,18322,1705510,5,1,1,0,1790726400,2026-09-30T00:00:00Z
2026-09-29T00:32:44.556409Z,refresh,18323,1705511,15,3,1,0,1790726400,2026-09-30T00:00:00Z
2026-09-29T00:32:44.556409Z,refresh,18324,1705512,10,2,1,0,1790726400,2026-09-30T00:00:00Z
2026-09-29T00:32:44.556409Z,refresh,18325,1705513,50,9,1,0,1790726400,2026-09-30T00:00:00Z
2026-09-29T00:32:44.556409Z,refresh,18326,1705514,50,10,1,0,1790726400,2026-09-30T00:00:00Z
2026-09-29T00:32:44.556409Z,refresh,18327,1705515,15,3,1,0,1790726400,2026-09-30T00:00:00Z
2026-09-29T00:32:44.556409Z,refresh,18328,1705516,775,17,1,0,1790726400,2026-09-30T00:00:00Z
2026-09-29T00:32:44.556409Z,refresh,18329,1705517,1950,29,1,0,1790726400,2026-09-30T00:00:00Z
2026-09-29T00:32:44.556409Z,refresh,18330,1705518,5,1,1,0,1790726400,2026-09-30T00:00:00Z
2026-09-29T00:32:44.556409Z,refresh,18331,1705519,5,1,1,0,1790726400,2026-09-30T00:00:00Z
2026-09-29T00:32:44.556409Z,refresh,18332,1705520,5,1,1,0,1790726400,2026-09-30T00:00:00Z
2026-09-29T00:32:44.556409Z,refresh,18333,1705521,5,1,1,0,1790726400,2026-09-30T00:00:00Z
2026-09-29T00:32:44.556409Z,refresh,18334,1705522,200,30,1,0,1790726400,2026-09-30T00:00:00Z
2026-09-29T00:32:44.556409Z,refresh,18335,1705523,20,4,1,0,1790726400,2026-09-30T00:00:00Z
2026-09-29T00:32:44.556409Z,refresh,18336,1705524,15,3,1,0,1790726400,2026-09-30T00:00:00Z
2026-09-29T00:32:44.556409Z,refresh,18337,1705525,10,2,1,0,1790726400,2026-09-30T00:00:00Z
2026-09-29T00:32:44.556409Z,refresh,18338,1705526,10,2,1,0,1790726400,2026-09-30T00:00:00Z
2026-09-29T00:32:44.556409Z,refresh,18339,1705527,20,4,1,0,1790726400,2026-09-30T00:00:00Z
2026-09-29T00:32:44.556409Z,refresh,18340,1705528,15,3,1,0,1790726400,2026-09-30T00:00:00Z
2026-09-29T00:32:44.556409Z,refresh,18341,1705529,30,4,1,0,1790726400,2026-09-30T00:00:00Z
2026-09-29T00:32:44.556409Z,refresh,18342,1705530,210,37,1,0,1790726400,2026-09-30T00:00:00Z
2026-09-29T00:32:44.556409Z,refresh,18343,1705531,5,1,1,0,1790726400,2026-09-30T00:00:00Z
2026-09-29T00:32:44.556409Z,refresh,18344,1705532,76,8,1,0,1790726400,2026-09-30T00:00:00Z
2026-09-29T00:32:44.556409Z,refresh,18345,1705533,10,2,1,0,1790726400,2026-09-30T00:00:00Z
2026-09-29T00:32:44.556409Z,refresh,18346,1705534,30,6,1,0,1790726400,2026-09-30T00:00:00Z
2026-09-29T00:32:44.556409Z,refresh,18347,1705535,5,1,1,0,1790726400,2026-09-30T00:00:00Z
2026-09-29T00:32:44.556409Z,refresh,18348,1705536,205,6,1,0,1790726400,2026-09-30T00:00:00Z
2026-09-29T00:32:44.556409Z,refresh,18349,1705537,5,1,1,0,1790726400,2026-09-30T00:00:00Z
2026-09-29T00:32:44.556409Z,refresh,18350,1705538,5,1,1,0,1790726400,2026-09-30T00:00:00Z
2026-09-29T00:32:44.556409Z,refresh,18351,1705539,5,1,1,0,1790726400,2026-09-30T00:00:00Z
2026-09-29T00:32:44.556409Z,refresh,18352,1705540,85,17,1,0,1790726400,2026-09-30T00:00:00Z
2026-09-29T00:32:44.556409Z,refresh,18353,1705541,105,21,1,0,1790726400,2026-09-30T00:00:00Z
2026-09-29T00:32:44.556409Z,refresh,18354,1705542,105,4,1,0,1790726400,2026-09-30T00:00:00Z
2026-09-29T00:32:44.556409Z,refresh,18355,1705543,825,14,1,0,1790726400,2026-09-30T00:00:00Z
2026-09-29T00:32:44.556409Z,refresh,18356,1705544,410,8,1,0,1790726400,2026-09-30T00:00:00Z
2026-09-29T00:32:44.556409Z,refresh,18357,1705545,1625,49,1,0,1790726400,2026-09-30T00:00:00Z
2026-09-29T00:32:44.556409Z,refresh,18358,1705546,2150,27,1,0,1790726400,2026-09-30T00:00:00Z
2026-09-29T00:32:44.556409Z,refresh,18359,1705547,1125,48,1,0,1790726400,2026-09-30T00:00:00Z
2026-09-29T00:32:44.556409Z,refresh,18360,1705548,2250,87,1,0,1790726400,2026-09-30T00:00:00Z
2026-09-29T00:32:44.556409Z,refresh,18361,1705549,3325,74,1,0,1790726400,2026-09-30T00:00:00Z
2026-09-29T00:32:44.556409Z,refresh,18362,1705550,675,11,1,0,1790726400,2026-09-30T00:00:00Z
2026-09-29T00:32:44.556409Z,refresh,18364,1705551,2550,16,1,0,1790726400,2026-09-30T00:00:00Z
2026-09-29T00:32:44.556409Z,refresh,18365,1705552,8050,20,1,0,1790726400,2026-09-30T00:00:00Z
2026-09-29T00:32:44.556409Z,refresh,18366,1705553,760,4,1,0,1790726400,2026-09-30T00:00:00Z
2026-09-29T00:32:44.556409Z,refresh,18367,1705554,2150,24,1,0,1790726400,2026-09-30T00:00:00Z
2026-09-29T00:32:44.556409Z,refresh,18368,1705555,345,9,1,0,1790726400,2026-09-30T00:00:00Z
2026-09-29T00:32:44.556409Z,refresh,18369,1705556,460,17,1,0,1790726400,2026-09-30T00:00:00Z
2026-09-29T00:32:44.556409Z,refresh,18370,1705557,1275,12,1,0,1790726400,2026-09-30T00:00:00Z
2026-09-29T00:32:44.556409Z,refresh,18371,1705558,1550,20,1,0,1790726400,2026-09-30T00:00:00Z
2026-09-29T00:32:44.556409Z,refresh,18372,1705559,8305,5,1,0,1790726400,2026-09-30T00:00:00Z
2026-09-29T00:32:44.556409Z,refresh,18373,1705560,4150,35,1,0,1790726400,2026-09-30T00:00:00Z
2026-09-29T00:32:44.556409Z,refresh,18374,1705561,1600,15,1,0,1790726400,2026-09-30T00:00:00Z
2026-09-29T00:32:44.556409Z,refresh,18375,1705562,2050,21,1,0,1790726400,2026-09-30T00:00:00Z
2026-09-29T00:32:44.556409Z,refresh,18376,1705563,1000,44,1,0,1790726400,2026-09-30T00:00:00Z
2026-09-29T00:32:44.556409Z,refresh,18377,1705564,875,25,1,0,1790726400,2026-09-30T00:00:00Z
2026-09-29T00:32:44.556409Z,refresh,18378,1705565,2050,80,1,0,1790726400,2026-09-30T00:00:00Z
2026-09-29T00:32:44.556409Z,refresh,18379,1705566,1075,80,1,0,1790726400,2026-09-30T00:00:00Z
2026-09-29T00:32:44.556409Z,refresh,18380,1705567,40250,22,1,0,1790726400,2026-09-30T00:00:00Z
2026-09-29T00:32:44.556409Z,refresh,18381,1705568,12100,61,1,0,1790726400,2026-09-30T00:00:00Z
2026-09-29T00:32:44.556409Z,refresh,18382,1705569,22100,54,1,0,1790726400,2026-09-30T00:00:00Z
2026-09-29T00:32:44.556409Z,refresh,18383,1705570,1025,22,1,0,1790726400,2026-09-30T00:00:00Z
2026-09-29T00:32:44.556409Z,refresh,18384,1705571,3550,19,1,0,1790726400,2026-09-30T00:00:00Z
2026-09-29T00:32:44.556409Z,refresh,18385,1705572,115,12,1,0,1790726400,2026-09-30T00:00:00Z
2026-09-29T00:32:44.556409Z,refresh,18386,1705573,110,14,1,0,1790726400,2026-09-30T00:00:00Z
2026-09-29T00:32:44.556409Z,refresh,18387,1705574,100,8,1,0,1790726400,2026-09-30T00:00:00Z
2026-09-29T00:32:44.556409Z,refresh,18388,1705575,10,2,1,0,1790726400,2026-09-30T00:00:00Z
2026-09-29T00:32:44.556409Z,refresh,18613,1723323,5,1,1,0,1790726400,2026-09-30T00:00:00Z
2026-09-29T00:32:44.556409Z,refresh,18614,1723324,1000,5,1,0,1790726400,2026-09-30T00:00:00Z
2026-09-29T00:32:44.556409Z,refresh,18615,1722853,505,3,1,0,1790726400,2026-09-30T00:00:00Z
2026-09-29T00:32:44.556409Z,refresh,18616,1723069,810,31,1,0,1790726400,2026-09-30T00:00:00Z
2026-09-29T00:32:44.556409Z,refresh,19094,1717855,4050,16,1,0,1790726400,2026-09-30T00:00:00Z
